,MXRF11,KNRI11,HGLG11,XPML11,VISC11,HGBS11,KNCR11,HFOF11,RECR11,IRDM11,XPLG11,BTLG11,VILG11,HGRE11,KNIP11,MCCI11,RBRR11,RBRF11,VGIP11,HSML11,RBRP11,GGRC11,HGRU11,BRCO11,TRXF11,VINO11,JSRE11,BRCR11,RCRB11,ALZR11,PVBI11,HGCR11,DEVA11,CPTS11,VRTA11,KFOF11,RBVA11,VGHF11,HCTR11,RZTR11,TGAR11,MFII11,RBRY11,RECT11,SDIL11,LVBI11,HGFF11,VCJR11,KNSC11,VGIR11,BTRA11,MORE11,BLMG11,VTLT11,OUJP11,AFHI11,PORD11,HGPO11,NEWL11,XPCI11,VSLH11,GARE11
2022-03-02,5.384843826293945,93.91322326660156,112.31328582763672,8.028505325317383,67.30520629882812,11.114002227783203,57.38217544555664,4.855654716491699,66.31798553466797,61.23652648925781,65.7217025756836,68.49618530273438,70.12041473388672,89.08673858642578,61.29998016357422,58.52169418334961,61.065773010253906,4.665223598480225,58.89542007446289,50.03148651123047,45.817832946777344,6.621734619140625,75.11178588867188,67.55706024169922,61.93501663208008,6.218211650848389,53.74425506591797,44.6106071472168,91.51966094970703,7.044098377227783,,60.841365814208984,,5.253619194030762,62.342044830322266,46.12914276123047,5.707480430603027,,66.2934341430664,,67.51382446289062,56.537071228027344,57.91691207885742,44.48617935180664,76.45677185058594,67.45994567871094,45.30846405029297,55.93717575073242,5.612202167510986,5.337331295013428,,,,55.92001724243164,47.085025787353516,,5.133094310760498,64.21727752685547,64.40836334228516,54.78041458129883,,
2022-03-03,5.378944396972656,93.53544616699219,112.12374877929688,8.003793716430664,67.83943939208984,11.2176513671875,57.47473907470703,4.849910736083984,67.25157165527344,60.76518249511719,66.57282257080078,68.69647979736328,69.23507690429688,87.26162719726562,61.23825454711914,58.562774658203125,61.60844421386719,4.687398433685303,59.2310905456543,50.11031723022461,45.61266326904297,6.582350730895996,75.49551391601562,68.03329467773438,62.13944625854492,6.566736698150635,53.56059265136719,44.47489929199219,91.55591583251953,6.993066787719727,,61.08150863647461,,5.253619194030762,64.22577667236328,48.25759506225586,5.703788757324219,,65.68060302734375,,67.51382446289062,56.70935821533203,58.066410064697266,44.74362564086914,76.2925033569336,67.92117309570312,45.84815979003906,56.33900833129883,5.617586135864258,5.361529350280762,,,,55.85878372192383,47.085025787353516,,5.252828121185303,63.731807708740234,63.64167022705078,56.52263259887695,,
2022-03-04,5.378944396972656,94.06290435791016,111.0546646118164,7.990561485290527,68.29829406738281,11.2454252243042,57.62511444091797,4.853741645812988,67.08487701416016,61.44099044799805,66.75130462646484,68.63639831542969,68.5918197631836,86.8621597290039,61.2197265625,58.70954513549805,62.06576156616211,4.695226669311523,59.46076965332031,49.919776916503906,45.54429244995117,6.575999736785889,75.73110961914062,67.9040298461914,62.034149169921875,6.307643890380859,53.44755554199219,44.5976676940918,91.94752502441406,6.937625408172607,,60.88822937011719,,5.253619194030762,62.96995162963867,47.08348846435547,5.6964030265808105,,65.44078826904297,,67.51382446289062,56.537071228027344,58.02765655517578,44.88884353637695,76.07637786865234,68.68526458740234,45.616886138916016,56.019935607910156,5.635534763336182,5.358840465545654,,,,56.52025604248047,47.565975189208984,,5.233513355255127,64.4786605834961,63.62910461425781,55.8605842590332,,
2022-03-07,5.349453449249268,93.54969787597656,110.16146850585938,7.959672927856445,67.63395690917969,11.093002319335938,57.642486572265625,4.840338230133057,66.85814666748047,61.04912567138672,67.26610565185547,69.6978988647461,68.16992950439453,83.68025970458984,61.0283088684082,59.26729202270508,61.480411529541016,4.6639204025268555,59.1545524597168,49.919776916503906,45.18184280395508,6.580446720123291,74.73483276367188,67.35975646972656,62.00936508178711,6.319481372833252,53.46874237060547,43.938594818115234,91.51966094970703,6.921875953674316,,60.858943939208984,,5.253619194030762,62.336055755615234,46.87002182006836,5.685940742492676,,65.16901397705078,,67.51382446289062,56.133216857910156,58.087608337402344,44.598388671875,75.83433532714844,68.1483383178711,45.50121307373047,56.01401901245117,5.639124870300293,5.366369724273682,,,,55.95063018798828,47.63996887207031,,5.173373699188232,64.22972106933594,64.4020767211914,55.45986557006836,,
2022-03-08,5.3671488761901855,93.08643341064453,109.11941528320312,7.955261707305908,67.53121185302734,11.156004905700684,57.816001892089844,4.830129146575928,66.91814422607422,60.7935905456543,67.26610565185547,69.71125793457031,68.46733093261719,85.60868072509766,60.75663757324219,59.108760833740234,61.58407211303711,4.634571075439453,59.37242889404297,49.30868148803711,44.860443115234375,6.578539848327637,74.3780288696289,67.35298919677734,62.1270637512207,6.195854187011719,53.34865951538086,43.42812728881836,89.28621673583984,6.917466640472412,,60.93508529663086,,5.253619194030762,62.49155044555664,46.59377670288086,5.661327838897705,,65.21163177490234,,67.51382446289062,56.397037506103516,58.02106475830078,44.01749038696289,75.09949493408203,67.32916259765625,45.571895599365234,56.8117561340332,5.621178150177002,5.352926254272461,,,,55.95063018798828,48.23189926147461,,5.132542610168457,63.59989929199219,62.88125228881836,55.512149810791016,,
2022-03-09,5.373045921325684,92.8725814819336,109.28180694580078,7.937614440917969,66.50385284423828,11.095714569091797,58.14573669433594,4.817366123199463,66.23130798339844,61.219505310058594,67.86326599121094,68.60734558105469,67.87252044677734,84.99571990966797,60.94187545776367,58.920902252197266,61.94380569458008,4.64435338973999,59.46076965332031,49.18382263183594,43.636348724365234,6.566473484039307,73.73180389404297,66.35969543457031,62.11466979980469,6.256353378295898,52.72700500488281,43.40873718261719,89.32975769042969,6.8714776039123535,,60.976097106933594,,5.253619194030762,62.198509216308594,46.179378509521484,5.653327465057373,,64.2311019897461,,67.51382446289062,56.025535583496094,58.09868621826172,43.37714385986328,75.49716186523438,67.08824920654297,45.76465606689453,56.33309555053711,5.628356456756592,5.39002799987793,,,,56.060890197753906,47.650543212890625,,5.24730920791626,63.98079299926758,63.704532623291016,55.169517517089844,,
2022-03-10,5.390740871429443,92.73004913330078,108.97724914550781,8.043506622314453,66.51071166992188,11.089614868164062,57.97219467163086,4.811622142791748,66.19132232666016,61.05481719970703,69.256591796875,68.75458526611328,68.42585754394531,86.36626434326172,60.91101837158203,59.296634674072266,62.797454833984375,4.637832164764404,59.4666633605957,49.20354080200195,43.19185256958008,6.511212348937988,73.38847351074219,66.18956756591797,61.749202728271484,6.219527244567871,52.31023025512695,43.26011657714844,88.11880493164062,6.86643648147583,,61.05224609375,,5.253619194030762,62.4377326965332,46.179378509521484,5.628713607788086,,63.980628967285156,,67.51382446289062,56.009361267089844,58.143035888671875,42.967872619628906,75.10812377929688,67.11578369140625,45.72608947753906,56.90040588378906,5.636134147644043,5.413149833679199,,,,55.84653854370117,47.671688079833984,,5.20979118347168,63.98575210571289,62.95038986206055,56.03480911254883,,
2022-03-11,5.3435564041137695,93.2289810180664,109.28180694580078,8.006441116333008,66.64768981933594,11.145843505859375,57.52678298950195,4.779715538024902,66.09127044677734,60.59483337402344,69.70963287353516,68.94196319580078,68.75090789794922,83.34966278076172,60.849266052246094,58.8563117980957,61.64503479003906,4.565436840057373,59.46076965332031,48.95384216308594,43.246559143066406,6.511212348937988,73.30774688720703,65.6045150756836,61.63766860961914,6.219527244567871,52.35966873168945,42.70443344116211,89.1049575805664,6.901088237762451,,61.52668380737305,,5.253619194030762,61.89353561401367,46.77584457397461,5.644712448120117,,63.5223274230957,,67.51382446289062,55.96091079711914,57.87697219848633,42.406742095947266,75.01304626464844,67.06759643554688,44.80089569091797,57.2017707824707,5.595448970794678,5.430355548858643,,,,56.14049530029297,47.618839263916016,,5.186615467071533,64.21977996826172,62.88125228881836,56.02898025512695,,
2022-03-14,5.3199639320373535,93.01512145996094,108.80812072753906,7.924374580383301,66.2641372680664,10.975128173828125,57.26069641113281,4.779078006744385,65.91790008544922,59.86224365234375,68.91342163085938,68.92192840576172,67.81719207763672,82.64713287353516,60.58377456665039,58.02851867675781,61.065773010253906,4.536087512969971,57.94731521606445,48.46101379394531,42.77470779418945,6.497872829437256,72.82977294921875,65.78820037841797,61.32793426513672,6.220843315124512,51.66032409667969,42.652740478515625,89.61981201171875,6.913686752319336,,61.32170104980469,,5.253619194030762,60.73941421508789,46.39285659790039,5.609021186828613,,63.25585174560547,,67.51382446289062,55.75630569458008,58.087608337402344,42.18232345581055,74.33872985839844,67.65959930419922,43.76005935668945,56.75855255126953,5.594849586486816,5.348624229431152,,,,56.471256256103516,47.470855712890625,,5.131990909576416,63.731807708740234,63.717079162597656,54.861724853515625,,
2022-03-15,5.349453449249268,93.08643341064453,108.94345092773438,7.961435794830322,66.62027740478516,11.08622932434082,57.83913040161133,4.766313552856445,65.98456573486328,60.33927917480469,68.84480285644531,69.03569030761719,68.05928802490234,83.37032318115234,60.41704177856445,58.38664627075195,61.443843841552734,4.531521320343018,58.35363006591797,48.428157806396484,43.31494903564453,6.516293525695801,73.20674896240234,64.97181701660156,61.59432601928711,6.237940311431885,51.7380256652832,42.87888717651367,88.35807037353516,6.948336124420166,,61.063961029052734,,5.253619194030762,61.534751892089844,45.99729537963867,5.631791114807129,,62.89881896972656,,67.51382446289062,55.99860382080078,57.69960021972656,41.773040771484375,74.53755950927734,66.98495483398438,44.07489013671875,56.90630340576172,5.621178150177002,5.429819583892822,,55.88991165161133,,56.47739028930664,47.893653869628906,,5.129783630371094,63.76170349121094,63.013221740722656,54.8501091003418,,
2022-03-16,5.355353832244873,93.01512145996094,108.74723052978516,7.974674701690674,67.1202621459961,10.998164176940918,57.6713981628418,4.760571479797363,66.01123809814453,60.935550689697266,69.77826690673828,69.1159896850586,69.16594696044922,82.722900390625,60.71957778930664,58.034385681152344,60.79140853881836,4.472823619842529,58.41843032836914,48.78956985473633,43.246559143066406,6.455951690673828,73.20674896240234,65.44123840332031,61.42086410522461,6.265559196472168,52.062965393066406,42.865966796875,90.2724380493164,6.945817947387695,,60.741790771484375,,5.253619194030762,61.708152770996094,45.83405303955078,5.632404804229736,,62.35527420043945,,67.51382446289062,55.94478225708008,57.67190170288086,42.142704010009766,73.57799530029297,67.63892364501953,44.04275894165039,57.29039764404297,5.612202167510986,5.423902988433838,,55.08688735961914,,56.69175338745117,48.30062484741211,,5.159027576446533,64.47370147705078,63.46570587158203,54.78041458129883,,
2022-03-17,5.349453449249268,92.65877532958984,108.86227416992188,7.965851306915283,66.64768981933594,10.94126033782959,57.648277282714844,4.740788459777832,65.81786346435547,60.75951385498047,69.256591796875,69.53762817382812,68.73018646240234,83.1017074584961,60.880123138427734,58.421878814697266,61.7730712890625,4.455865859985352,58.84244155883789,47.63964080810547,43.732086181640625,6.45658540725708,73.36832427978516,65.08065032958984,61.36509704589844,6.2090044021606445,51.7380256652832,42.80780792236328,88.94544219970703,6.917466640472412,,60.88237762451172,,5.253619194030762,61.05630874633789,45.695919036865234,5.648404598236084,,61.497283935546875,,67.51382446289062,55.697078704833984,58.752716064453125,42.18232345581055,73.61253356933594,67.84542846679688,44.235496520996094,56.46311950683594,5.6594696044921875,5.412219524383545,,54.83451843261719,,57.23687744140625,48.305912017822266,,5.1341986656188965,64.3567123413086,63.472007751464844,54.87914276123047,,
2022-03-18,5.355353832244873,101.92461395263672,108.94345092773438,7.9949727058410645,66.50385284423828,10.974452018737793,57.84492874145508,4.722282409667969,66.06461334228516,57.64173126220703,68.61827087402344,69.13607025146484,68.4189224243164,84.98881530761719,61.12711715698242,58.539276123046875,61.76700973510742,4.434995174407959,58.71286392211914,48.099605560302734,44.26549530029297,6.445789337158203,73.51640319824219,65.29154968261719,60.931461334228516,6.232677936553955,52.15481185913086,42.85950469970703,89.39501953125,6.939517021179199,,61.49154281616211,,5.253619194030762,61.54671096801758,46.041263580322266,5.713632106781006,,62.216705322265625,,67.51382446289062,55.19094467163086,58.46449661254883,42.19552230834961,74.32141876220703,67.46684265136719,44.94866943359375,56.71128463745117,5.680408954620361,5.442512035369873,,54.41387939453125,,56.171142578125,47.90422439575195,,5.131438255310059,64.7276382446289,63.3211784362793,55.40177917480469,,
2022-03-21,5.331759929656982,96.54330444335938,108.80812072753906,8.022506713867188,66.57235717773438,11.105199813842773,58.093666076660156,4.7152628898620605,66.18463134765625,59.5328483581543,66.42181396484375,69.13607025146484,67.47827911376953,85.01634216308594,61.71986770629883,58.70954513549805,61.675514221191406,4.423256874084473,58.583316802978516,48.158748626708984,44.443294525146484,6.553134918212891,74.08187103271484,66.18956756591797,61.265995025634766,6.21295166015625,51.4625358581543,42.74320983886719,89.46754455566406,7.022667407989502,,61.274845123291016,,5.253619194030762,61.773956298828125,45.695919036865234,5.778247356414795,,63.13862991333008,,67.51382446289062,55.35247039794922,58.32593536376953,41.95126724243164,74.77098083496094,68.03820037841797,44.19053268432617,56.72903060913086,5.682802677154541,5.420874118804932,,54.444480895996094,,56.90612030029297,48.95067596435547,,5.147439479827881,64.7276382446289,63.453147888183594,55.576011657714844,,
2022-03-22,5.361251354217529,96.90679168701172,109.07201385498047,8.078496932983398,66.66138458251953,11.137035369873047,57.902774810791016,4.70313835144043,66.4446792602539,60.958274841308594,67.4788818359375,69.08922576904297,68.16300964355469,86.09078979492188,62.0779914855957,58.70954513549805,61.49870300292969,4.418038845062256,58.49497985839844,49.177242279052734,43.9714469909668,6.599499702453613,74.25015258789062,66.14197540283203,61.513797760009766,6.207691669464111,51.34242630004883,42.7755012512207,89.03971862792969,7.0981574058532715,,61.32170104980469,,5.253619194030762,61.65434646606445,46.662818908691406,5.809629917144775,,63.788795471191406,,67.51382446289062,55.69169235229492,58.24832534790039,41.740028381347656,74.23497772216797,68.42369842529297,44.04275894165039,57.11903381347656,5.67801570892334,5.411138534545898,,54.360355377197266,,56.532508850097656,48.51201248168945,,5.130887985229492,63.731807708740234,63.472007751464844,55.17532730102539,,
2022-03-23,5.355353832244873,97.12774658203125,109.11941528320312,8.087386131286621,66.6340103149414,11.178361892700195,58.278770446777344,4.678249835968018,66.61807250976562,61.957801818847656,67.27294921875,69.2364501953125,68.12152099609375,85.40203094482422,62.35582733154297,58.76826858520508,61.58407211303711,4.413471698760986,58.889549255371094,48.848690032958984,43.88936996459961,6.577271938323975,74.00109100341797,65.69975280761719,61.11113357543945,6.341841220855713,51.21525955200195,42.69797134399414,89.5545654296875,7.089276313781738,,61.38026428222656,,5.253619194030762,61.49885940551758,46.02241516113281,5.89393424987793,,63.53832244873047,,67.51382446289062,55.68092727661133,57.9989013671875,41.87865447998047,75.22916412353516,67.73529815673828,44.203399658203125,58.413177490234375,5.69536828994751,5.434937477111816,,54.146217346191406,,56.740760803222656,48.48557662963867,,5.134748935699463,64.22724151611328,64.10044860839844,55.73283386230469,,
2022-03-24,5.355353832244873,97.12774658203125,109.48480224609375,8.09893798828125,66.45590209960938,11.177680969238281,57.97219467163086,4.7439775466918945,66.53138732910156,61.38419723510742,67.7808837890625,69.56439971923828,68.0661849975586,84.85107421875,62.312599182128906,58.32794189453125,61.803592681884766,4.434995174407959,58.512657165527344,49.28239059448242,43.465396881103516,6.600137233734131,73.85298156738281,65.5841064453125,61.265995025634766,6.266872882843018,50.840877532958984,42.45242691040039,89.05420684814453,7.070243835449219,,61.755130767822266,,5.253619194030762,61.47496032714844,46.210750579833984,5.935163497924805,,63.20256042480469,,67.51382446289062,55.83706283569336,58.198455810546875,41.8060417175293,75.35883331298828,67.52880096435547,44.910118103027344,57.90499496459961,5.765369415283203,5.431151866912842,,54.83451843261719,,56.68560791015625,48.09450149536133,,5.135852813720703,63.48535919189453,64.08158111572266,55.320499420166016,,
2022-03-25,5.396638870239258,97.26319122314453,110.80431365966797,8.15315055847168,66.50385284423828,11.502849578857422,58.56220245361328,4.750997543334961,66.498046875,61.412593841552734,67.4582748413086,69.83212280273438,68.22528839111328,85.05769348144531,62.42989730834961,58.52169418334961,61.681617736816406,4.519782543182373,58.77763366699219,50.39945602416992,45.127132415771484,6.610936164855957,75.44165802001953,65.8630142211914,61.20404815673828,6.29712438583374,51.187007904052734,42.79490280151367,89.31526184082031,7.051214694976807,,62.001163482666016,,5.253619194030762,61.87561798095703,47.70509719848633,6.037929534912109,,63.38377380371094,,67.51382446289062,55.85321807861328,58.43123245239258,41.75984573364258,76.94086456298828,68.42369842529297,45.55904006958008,57.43812561035156,5.809045791625977,5.422496318817139,,55.063941955566406,,57.267494201660156,48.02048873901367,,5.162889003753662,64.40898132324219,64.08158111572266,55.512149810791016,,
2022-03-28,5.384843826293945,97.36297607421875,110.29682159423828,8.180702209472656,66.88740539550781,11.67559814453125,58.782020568847656,4.779078006744385,66.55140686035156,61.19112014770508,67.21117401123047,69.60457611083984,67.96243286132812,84.70645904541016,62.491668701171875,58.416011810302734,61.58407211303711,4.5660881996154785,58.47731018066406,51.34567642211914,43.99197006225586,6.666195869445801,75.5291519165039,65.88343048095703,61.69961929321289,6.303699970245361,51.20820236206055,42.70443344116211,90.64224243164062,7.042333126068115,,61.78441619873047,,5.253619194030762,62.25233840942383,47.811824798583984,6.016391277313232,,62.06751251220703,,67.51382446289062,55.858604431152344,58.420143127441406,41.442970275878906,77.76214599609375,68.03820037841797,45.77750015258789,57.68632888793945,5.7946882247924805,5.419251918792725,,55.13276290893555,,57.34098815917969,48.110355377197266,,5.1457839012146,64.22972106933594,64.03130340576172,55.39018630981445,,
2022-03-29,5.390740871429443,97.64808654785156,110.49980926513672,8.41087818145752,67.14767456054688,12.126091957092285,59.11752700805664,4.784183025360107,66.87816619873047,61.957801818847656,66.85425567626953,68.72111511230469,68.09386444091797,84.88550567626953,62.90534591674805,58.46883010864258,61.998695373535156,4.598046779632568,58.50677490234375,52.88985824584961,44.06033706665039,6.713197708129883,75.32723236083984,66.25761413574219,61.718223571777344,6.261612415313721,51.575531005859375,42.78843688964844,90.2796859741211,7.039797782897949,,61.995296478271484,,5.253619194030762,62.41979217529297,48.094356536865234,6.063774108886719,,62.29663848876953,,67.51382446289062,55.98244094848633,58.33701705932617,42.142704010009766,78.78227996826172,69.31852722167969,46.445682525634766,57.76315689086914,5.797680854797363,5.417628765106201,,54.89570236206055,,58.79258728027344,48.09450149536133,,5.19985818862915,64.22225952148438,64.02501678466797,55.49323654174805,,
2022-03-30,5.4320268630981445,97.8547592163086,110.97343444824219,8.393998146057129,67.81886291503906,12.078670501708984,58.53907012939453,4.795031547546387,67.35160064697266,62.037288665771484,67.06016540527344,68.26599884033203,68.43278503417969,86.5040054321289,63.102928161621094,58.24574661254883,62.48038864135742,4.6639204025268555,59.0073127746582,52.65328598022461,44.244972229003906,6.716373920440674,75.46183776855469,67.34619140625,61.916439056396484,6.470727920532227,51.99233627319336,43.2730598449707,91.55591583251953,7.061997413635254,,62.65718078613281,,5.253619194030762,62.348052978515625,48.33921813964844,6.026234149932861,,62.8721923828125,,67.51382446289062,56.267845153808594,58.40353012084961,42.6510009765625,79.36151123046875,69.54570007324219,46.06661605834961,57.70405960083008,5.817424774169922,5.453873157501221,,55.063941955566406,,58.6578254699707,48.327022552490234,,5.163994312286377,64.7276382446289,63.409141540527344,56.04496765136719,,
2022-03-31,5.461514472961426,97.79061126708984,110.63512420654297,8.521968841552734,68.40787506103516,12.227031707763672,58.60270309448242,4.848635196685791,67.73841857910156,62.06568908691406,67.08074951171875,69.06912994384766,68.88926696777344,87.16521453857422,62.86213684082031,58.239864349365234,62.48649215698242,4.701095104217529,58.76588439941406,53.389244079589844,44.29969024658203,6.8008503913879395,75.3810806274414,67.52305603027344,62.1518440246582,6.577259063720703,51.63914489746094,43.60905075073242,92.92644500732422,7.191414833068848,,62.67475509643555,,5.253619194030762,62.59918975830078,48.188541412353516,6.138233184814453,,62.93614196777344,,67.51382446289062,56.44015121459961,58.19290542602539,44.03067398071289,79.45658874511719,68.9537124633789,46.06661605834961,57.35540008544922,5.8078508377075195,5.445218086242676,,55.063941955566406,,58.60884475708008,48.924251556396484,,5.234067916870117,64.29695129394531,63.34629440307617,56.3934440612793,,
2022-04-01,5.485106945037842,98.670654296875,111.11880493164062,8.74326229095459,68.39419555664062,12.262482643127441,58.710289001464844,4.872434616088867,68.05180358886719,62.20765686035156,66.99093627929688,69.60457611083984,68.57799530029297,88.34243774414062,63.60675811767578,58.99723434448242,61.82185745239258,4.826319217681885,59.47254943847656,53.7136344909668,45.017730712890625,6.827528953552246,77.39637756347656,67.7831039428711,62.57277297973633,6.473358631134033,51.27647018432617,44.25520324707031,97.66885375976562,7.327171325683594,,62.94095230102539,,5.253619194030762,62.70197296142578,48.49259948730469,6.148170471191406,,63.37842559814453,,68.22516632080078,56.563392639160156,58.420143127441406,44.6776008605957,80.26728820800781,69.20840454101562,46.0147819519043,57.815792083740234,5.831910133361816,5.461987495422363,,55.063941955566406,,58.04658508300781,49.11717987060547,,5.216739654541016,64.44210052490234,62.58484649658203,56.88117599487305,,
2022-04-04,5.573576927185059,98.86424255371094,111.520751953125,8.816137313842773,69.14070892333984,12.320433616638184,59.294456481933594,4.864715099334717,68.06514739990234,62.31556701660156,66.81126403808594,69.5175552368164,68.45350646972656,87.9477310180664,63.763187408447266,59.061824798583984,61.90113067626953,4.842624664306641,59.43720245361328,53.62096405029297,45.13398742675781,6.980592727661133,77.40315246582031,67.67355346679688,62.40416717529297,6.556214809417725,51.74579620361328,45.38597869873047,97.16850280761719,7.294188022613525,,62.66292953491211,,5.253619194030762,62.76246643066406,47.66908264160156,6.176118850708008,,63.63954544067383,,68.22516632080078,56.29660415649414,58.658485412597656,43.56857681274414,80.67698669433594,68.83670043945312,46.63045883178711,58.730552673339844,5.771382808685303,5.455495357513428,,54.933937072753906,,58.23813247680664,48.98322296142578,,5.139604568481445,64.10924530029297,62.078102111816406,57.58631896972656,,
2022-04-05,5.485106945037842,98.2332992553711,111.72509765625,8.727265357971191,69.82562255859375,12.242709159851074,59.32366180419922,4.878866672515869,68.1851806640625,62.326908111572266,66.33441925048828,68.61404418945312,69.49794006347656,87.67765045166016,63.86333084106445,59.12638854980469,62.24869918823242,4.817187309265137,59.50788879394531,53.69377136230469,45.23656463623047,6.897980213165283,76.65048217773438,68.07068634033203,62.110660552978516,6.566736698150635,51.952003479003906,45.18566131591797,96.89293670654297,7.293552875518799,,63.828277587890625,,5.253619194030762,62.780582427978516,47.67543411254883,6.085441589355469,,63.96464538574219,,68.22516632080078,56.323822021484375,58.53654479980469,42.94807052612305,80.32830047607422,68.38236999511719,47.13596725463867,57.88154220581055,5.718722343444824,5.4636101722717285,,54.7503776550293,,59.6097526550293,48.6723747253418,,5.175937652587891,64.3094482421875,61.191246032714844,57.55693054199219,,
2022-04-06,5.520498275756836,97.11481475830078,113.42829895019531,8.737931251525879,70.03793334960938,12.180665016174316,59.236045837402344,4.885298728942871,67.54500579833984,62.230350494384766,66.03034210205078,69.70497131347656,69.54631805419922,85.87020874023438,63.293888092041016,58.76826858520508,62.132843017578125,4.861537456512451,59.590328216552734,53.918846130371094,44.92882537841797,6.845463752746582,77.91171264648438,68.28292083740234,61.81719970703125,6.678527355194092,52.506649017333984,45.32136154174805,97.32803344726562,7.352550506591797,,63.29588317871094,,5.253619194030762,62.79267120361328,48.27723693847656,6.144442558288574,,63.788795471191406,,68.22516632080078,56.55250549316406,58.503292083740234,43.56857681274414,80.36317443847656,68.1483383178711,47.3498420715332,57.977203369140625,5.713881015777588,5.4636101722717285,,54.97980880737305,,59.3070182800293,48.47945022583008,,5.170346260070801,64.32198333740234,60.67182922363281,57.039852142333984,,
2022-04-07,5.544087886810303,97.150634765625,113.63262939453125,8.71126937866211,70.40095520019531,11.918182373046875,59.148399353027344,4.911027908325195,67.95178985595703,62.41209411621094,66.1340103149414,69.2766342163086,69.72615814208984,87.31060791015625,63.23758316040039,58.8563117980957,62.4194221496582,4.891539096832275,59.5667724609375,53.75996398925781,44.31336212158203,6.940242290496826,77.19972229003906,68.42671203613281,62.05447769165039,6.8245134353637695,52.748409271240234,45.84474182128906,95.07001495361328,7.185705661773682,,63.36094665527344,,5.253619194030762,62.76246643066406,48.30256652832031,6.145686626434326,,63.596946716308594,,68.22516632080078,56.6069450378418,58.53101348876953,43.56857681274414,80.03192901611328,68.478759765625,46.831356048583984,58.09680938720703,5.7066168785095215,5.455495357513428,,54.949222564697266,,58.98573303222656,49.13862609863281,,5.217299461364746,64.31696319580078,60.627506256103516,57.55693054199219,,
2022-04-08,5.573576927185059,97.15782165527344,113.45551300048828,8.785033226013184,70.51052856445312,11.94272518157959,59.609920501708984,4.888514518737793,67.33236694335938,62.54839324951172,66.25149536132812,69.08251190185547,70.1135025024414,87.21369171142578,63.4691047668457,58.991363525390625,62.474273681640625,4.871972560882568,59.7611198425293,53.75334930419922,44.87849044799805,6.942166328430176,77.51844024658203,68.46775817871094,62.12941360473633,6.836349010467529,52.421329498291016,45.93584442138672,92.51335906982422,7.224401950836182,,63.508846282958984,,5.253619194030762,62.88337707519531,48.35956573486328,6.127674579620361,,62.982208251953125,,68.22516632080078,56.49262619018555,58.719459533691406,43.12619400024414,80.76414489746094,68.1139144897461,46.77952194213867,58.44356918334961,5.717511177062988,5.487951755523682,,54.84215545654297,,59.31317138671875,48.817073822021484,,5.2133870124816895,64.04167175292969,60.74785614013672,56.73428726196289,,
2022-04-11,5.59716796875,96.57707214355469,113.82337188720703,8.689937591552734,69.51744842529297,11.931138038635254,59.054954528808594,4.875007629394531,67.18480682373047,63.33207702636719,66.43807220458984,69.5911636352539,70.20340728759766,87.46295928955078,63.700626373291016,58.73889923095703,62.559661865234375,4.892192840576172,59.73164749145508,53.85264205932617,45.0369758605957,7.0119733810424805,77.22684478759766,68.54995727539062,62.316749572753906,6.733765602111816,53.03996276855469,46.007442474365234,93.59864044189453,7.3430352210998535,,63.508846282958984,,5.253619194030762,62.59314727783203,48.448265075683594,6.1189775466918945,,62.33512878417969,,68.22516632080078,56.18768310546875,58.625240325927734,42.595001220703125,80.19754028320312,68.1827392578125,47.200775146484375,58.46152114868164,5.695116996765137,5.490657806396484,,54.86509323120117,,59.93102264404297,48.90280532836914,,5.236863136291504,64.1893310546875,59.89902114868164,56.704872131347656,,
2022-04-12,5.608964443206787,97.02877807617188,113.42144012451172,8.837467193603516,70.0584945678711,11.869095802307129,59.57488250732422,4.872434616088867,67.28599548339844,63.71200942993164,66.61083984375,69.69824981689453,70.24491119384766,88.9172134399414,63.544189453125,59.044189453125,62.71389389038086,4.8619489669799805,59.29584884643555,54.24982452392578,45.367801666259766,7.017735481262207,76.62336730957031,68.01588439941406,61.76102066040039,6.621974945068359,53.85771942138672,46.0334587097168,94.69123077392578,7.344935417175293,,63.46152877807617,,5.253619194030762,62.46012878417969,48.7650032043457,6.087303161621094,,61.9846305847168,,68.22516632080078,56.274810791015625,59.13573455810547,42.262996673583984,80.78158569335938,68.23094940185547,47.31095886230469,58.19841003417969,5.700565814971924,5.490657806396484,,54.80392074584961,,58.98573303222656,49.01000213623047,,5.2547502517700195,64.09423828125,60.310787200927734,57.304256439208984,,
2022-04-13,5.662045955657959,97.68121337890625,111.95150756835938,8.836581230163574,70.3119125366211,11.947500228881836,59.5865478515625,4.8563551902771,67.27923583984375,63.166751861572266,66.9632797241211,69.24984741210938,69.99591827392578,88.64024353027344,63.694374084472656,59.59566879272461,62.6213493347168,4.848799705505371,59.66017150878906,54.95816421508789,45.00941467285156,7.004927635192871,75.8774642944336,67.98851013183594,62.00454330444336,6.416804313659668,54.263031005859375,45.55190658569336,93.467529296875,7.358892440795898,,63.29588317871094,,5.310439109802246,62.3875846862793,49.44282913208008,6.094757080078125,,59.935543060302734,,68.22516632080078,56.0297737121582,59.029136657714844,42.063804626464844,80.8862075805664,68.31356048583984,47.31095886230469,58.02507019042969,5.704801082611084,5.498406887054443,,54.61272430419922,,58.392601013183594,49.81389236450195,,5.250277519226074,64.3695297241211,60.082725524902344,57.05744934082031,,
2022-04-14,5.7151288986206055,98.55594635009766,112.33509826660156,8.891678810119629,71.15433502197266,12.006132125854492,59.732601165771484,4.8563551902771,67.25897216796875,62.627193450927734,67.78562927246094,69.4372329711914,70.0304946899414,90.71080780029297,63.6380500793457,59.59566879272461,62.46710205078125,4.842225551605225,59.952796936035156,55.19648361206055,46.387752532958984,7.043992519378662,76.41317749023438,68.29662322998047,62.05447769165039,6.7653303146362305,54.86033630371094,45.83172607421875,93.2271728515625,7.32844352722168,,62.34347152709961,,5.310439109802246,62.16988754272461,49.20842361450195,6.120843410491943,,56.72712326049805,,68.22516632080078,56.29660415649414,59.06280517578125,42.49540328979492,80.9384994506836,67.96245574951172,48.04330062866211,58.712608337402344,5.702380180358887,5.576683044433594,,54.82897186279297,,57.21247482299805,50.76784133911133,,5.24971866607666,64.19184112548828,61.63468551635742,56.863529205322266,,
2022-04-18,5.709230422973633,98.36951446533203,112.34199523925781,8.946236610412598,71.6269302368164,12.01636028289795,59.76182174682617,4.871791362762451,67.13082122802734,62.3115119934082,67.9307632446289,69.71916198730469,69.78840637207031,90.92549133300781,63.857078552246094,59.95148468017578,62.74476623535156,4.794887542724609,59.8333625793457,55.07070541381836,46.51870346069336,7.076654434204102,77.16583251953125,67.85157775878906,62.066951751708984,6.716668128967285,54.75367736816406,45.61045837402344,93.8973159790039,7.408199787139893,,62.704341888427734,,5.310439109802246,62.073143005371094,49.537837982177734,6.108421325683594,,52.57505416870117,,68.22516632080078,55.73575973510742,58.85517120361328,42.163414001464844,80.77288818359375,68.83670043945312,48.678428649902344,58.724586486816406,5.687855243682861,5.5421977043151855,,54.296058654785156,,57.02716064453125,50.440914154052734,,5.234626293182373,63.81645202636719,60.792213439941406,56.96931838989258,,
2022-04-19,5.726925849914551,98.06124877929688,111.44462585449219,8.91671371459961,70.6954345703125,12.033405303955078,59.09001541137695,4.862785816192627,67.35343170166016,61.99007797241211,68.40760803222656,69.63827514648438,69.51173400878906,90.5792465209961,63.91337966918945,59.678707122802734,62.898990631103516,4.868524074554443,59.44516372680664,55.017765045166016,46.608280181884766,7.035023212432861,77.10478973388672,68.10491180419922,62.091949462890625,6.691677570343018,54.895904541015625,45.59745788574219,93.8681640625,7.3839287757873535,,62.81080627441406,,5.310439109802246,61.87965774536133,50.025634765625,6.158107280731201,,56.51145553588867,,68.22516632080078,55.926326751708984,59.07400894165039,41.519317626953125,80.58981323242188,68.83670043945312,48.54233932495117,58.6528205871582,5.691484451293945,5.556429386138916,,54.31922912597656,,57.45963668823242,50.81069564819336,,5.24692440032959,64.4145736694336,61.33062744140625,56.99869918823242,,
2022-04-20,5.732822895050049,97.5951919555664,111.54737091064453,8.919398307800293,71.49678039550781,12.033405303955078,59.09001541137695,4.885298728942871,67.44113159179688,61.875274658203125,68.26245880126953,69.2271728515625,69.45640563964844,90.08756256103516,63.7819709777832,59.59566879272461,62.74476623535156,4.873783111572266,59.86320877075195,55.35536193847656,46.20857238769531,7.108676433563232,77.50487518310547,68.60472106933594,62.18561935424805,6.631180286407471,54.6114616394043,45.48683547973633,93.380126953125,7.316873550415039,,63.13617706298828,,5.310439109802246,61.43223190307617,50.80479049682617,6.1183576583862305,,58.0751953125,,68.22516632080078,55.98078155517578,59.07400894165039,41.7650146484375,80.44161224365234,68.83670043945312,49.2552490234375,58.5930290222168,5.689065933227539,5.539461612701416,,54.21883010864258,,57.28663635253906,50.8213996887207,,5.254189491271973,64.06670379638672,61.387672424316406,57.0222053527832,,
2022-04-22,5.780004978179932,97.86046600341797,111.65693664550781,8.940869331359863,71.60638427734375,12.135673522949219,59.411312103271484,4.950908660888672,67.4478759765625,62.076171875,68.20719146728516,69.40240478515625,69.85757446289062,90.78697967529297,63.8070182800293,59.59566879272461,62.36840057373047,4.809351921081543,59.540740966796875,55.37522888183594,46.86326599121094,7.070893287658691,77.97953033447266,68.37193298339844,62.316749572753906,6.69431209564209,54.81767272949219,45.53890609741211,93.65691375732422,7.423524379730225,,62.781246185302734,,5.310439109802246,61.371768951416016,51.2862434387207,6.127051830291748,,57.42811965942383,,68.22516632080078,55.90454864501953,58.14250183105469,41.83140563964844,80.67698669433594,68.43054962158203,49.0543212890625,58.86807632446289,5.689669609069824,5.555335521697998,,54.635887145996094,,57.280460357666016,50.68207550048828,,5.254189491271973,63.83395004272461,61.63468551635742,57.198486328125,,
2022-04-25,5.780004978179932,98.03970336914062,111.58162689208984,8.929239273071289,70.1954574584961,12.145899772644043,59.5865478515625,4.888514518737793,67.41416931152344,61.49647521972656,68.4006576538086,68.6139144897461,68.93075561523438,90.40608978271484,63.82578659057617,59.47707748413086,62.31904983520508,4.810666561126709,59.540740966796875,54.91843032836914,47.207862854003906,7.045912742614746,77.94561767578125,68.55680084228516,62.36046600341797,6.731135368347168,54.952796936035156,45.447784423828125,89.99309539794922,7.4375715255737305,,62.35532760620117,,5.310439109802246,61.885711669921875,50.6781005859375,6.136368751525879,,56.71095657348633,,68.22516632080078,55.92088317871094,58.27716064453125,42.090362548828125,80.40675354003906,68.1827392578125,48.60065841674805,58.8919677734375,5.689065933227539,5.543840408325195,,54.51231384277344,,57.5646858215332,50.79462432861328,,5.261457920074463,63.83647537231445,61.36866760253906,56.99281311035156,,
2022-04-26,5.791802406311035,97.79595947265625,111.58844757080078,8.990967750549316,71.40774536132812,12.124761581420898,59.49892807006836,4.8563551902771,67.31973266601562,61.38737869262695,68.20719146728516,69.17328643798828,68.9238510131836,89.85901641845703,63.83827209472656,59.4355583190918,62.01055908203125,4.826445579528809,59.55950164794922,53.62096405029297,46.55314636230469,7.079859733581543,77.30821990966797,68.81012725830078,62.37919998168945,6.703516006469727,54.81056594848633,45.20051956176758,93.81715393066406,7.348167419433594,,61.5212287902832,,5.310439109802246,61.795021057128906,50.36769104003906,6.1301589012146,,56.78644561767578,,68.22516632080078,56.258460998535156,58.78221130371094,41.8646125793457,80.19754028320312,68.41679382324219,49.49502944946289,58.880027770996094,5.686643600463867,5.502240180969238,,54.36557388305664,,55.32807159423828,51.38949203491211,,5.247482776641846,63.89152908325195,61.438323974609375,57.08685302734375,,
2022-04-27,5.815393924713135,98.11857604980469,111.73233795166016,9.004385948181152,71.43512725830078,12.150671005249023,59.5865478515625,4.8563551902771,67.4546127319336,60.62400817871094,67.8409423828125,68.95760345458984,69.02757263183594,88.64714813232422,63.71312713623047,59.204280853271484,61.88099670410156,4.843538761138916,59.192501068115234,53.60771560668945,46.346405029296875,7.089461803436279,78.08123016357422,68.9949722290039,62.316749572753906,6.69431209564209,54.967018127441406,45.38273239135742,93.87543487548828,7.376267433166504,,62.11277770996094,,5.310439109802246,61.885711669921875,50.36137390136719,6.1301589012146,,57.02369689941406,,68.22516632080078,56.084232330322266,58.79904556274414,41.857975006103516,77.67828369140625,68.45811462402344,48.80158233642578,57.95331573486328,5.719327926635742,5.538367748260498,,54.21883010864258,,55.90885543823242,50.440914154052734,,5.238539695739746,63.9991340637207,60.564144134521484,56.88117599487305,,
2022-04-28,5.838985919952393,97.22235107421875,111.86247253417969,8.84782886505127,70.66803741455078,12.126126289367676,59.58071517944336,4.8615007400512695,67.4478759765625,60.9569206237793,67.72348022460938,69.28113555908203,69.85757446289062,88.37706756591797,64.01976776123047,59.33476257324219,62.004432678222656,4.888905048370361,59.54145050048828,53.58784866333008,47.001102447509766,7.0055670738220215,78.33890533447266,69.18671417236328,62.223079681396484,6.721930027008057,55.17323684692383,45.23305130004883,93.12518310546875,7.344972610473633,,61.92942428588867,,5.310439109802246,61.73452377319336,49.87358856201172,6.146306991577148,,57.358028411865234,,68.22516632080078,56.410919189453125,58.77660369873047,42.196598052978516,78.0269775390625,68.83670043945312,48.86637496948242,58.312034606933594,5.708433628082275,5.547672748565674,,54.558650970458984,,55.9335823059082,50.84822082519531,,5.240217685699463,64.89507293701172,62.192115783691406,57.05744934082031,,
2022-04-29,5.86847448348999,98.1544418334961,112.35566711425781,8.879141807556152,70.54479217529297,12.128852844238281,59.57488250732422,4.881438732147217,67.79188537597656,61.25538635253906,67.68888092041016,69.4091567993164,70.00283813476562,88.64714813232422,64.05729675292969,59.239871978759766,62.28202438354492,4.930981636047363,59.553470611572266,53.45543670654297,46.856388092041016,7.025418281555176,78.3185806274414,69.40579223632812,62.39168930053711,6.735080242156982,55.09502029418945,45.35669708251953,92.5060806274414,7.410750865936279,,62.58601760864258,,5.310439109802246,61.97639846801758,50.74144744873047,6.158107280731201,,57.82180404663086,,68.22516632080078,56.56885528564453,58.81586837768555,42.64811706542969,79.3171157836914,68.63704681396484,49.04137420654297,59.08930206298828,5.732038974761963,5.560809135437012,,55.14563751220703,,57.26811599731445,51.266231536865234,,5.294994354248047,64.8675537109375,63.33868408203125,56.82827377319336,,
2022-05-02,5.731207847595215,96.45002746582031,111.99015808105469,8.919398307800293,70.11722564697266,12.11855411529541,59.26485061645508,4.862638473510742,67.7581558227539,60.830631256103516,67.20881652832031,69.08566284179688,69.29939270019531,88.15941619873047,64.08910369873047,59.19837188720703,62.553504943847656,4.791600227355957,59.439170837402344,52.22159957885742,44.79578399658203,7.02414083480835,77.71219635009766,69.26788330078125,62.595672607421875,6.618569850921631,55.030609130859375,45.428260803222656,90.65591430664062,7.404369354248047,,61.82088088989258,,5.310439109802246,61.78059768676758,51.11201477050781,6.180675983428955,,56.581539154052734,,69.04141998291016,56.044097900390625,58.75415802001953,42.22980880737305,78.85999298095703,68.65020751953125,48.47940444946289,59.7691764831543,5.685322284698486,5.531252384185791,,54.45052719116211,,57.57358932495117,51.28253936767578,,5.275703430175781,64.65370178222656,61.06411361694336,57.821720123291016,,
2022-05-03,5.737172603607178,95.94506072998047,111.75569915771484,8.889877319335938,70.41375732421875,12.122674942016602,59.16460418701172,4.862638473510742,67.9200668334961,60.55509567260742,66.79139709472656,68.82957458496094,69.1113510131836,88.02701568603516,64.082763671875,59.25172424316406,62.769439697265625,4.789626598358154,59.481292724609375,51.734745025634766,44.141075134277344,6.961504936218262,78.05364990234375,69.16454315185547,62.60823440551758,6.643727779388428,54.39371109008789,45.08989715576172,91.04927825927734,7.408199787139893,,61.934452056884766,,5.310439109802246,61.65215301513672,51.36756134033203,6.134284019470215,,56.98595428466797,,69.04141998291016,55.884490966796875,58.512847900390625,42.1368408203125,79.06217193603516,68.53231048583984,48.015438079833984,59.27139663696289,5.690223693847656,5.515923976898193,,54.06434631347656,,57.56111526489258,50.69576644897461,,5.290454387664795,64.5002670288086,62.01555633544922,57.821720123291016,,
2022-05-04,5.74313497543335,96.30574035644531,111.68672180175781,8.899720191955566,70.32410430908203,12.142578125,59.429996490478516,4.797802448272705,67.44113159179688,60.51494216918945,66.5548095703125,69.33502197265625,69.29939270019531,87.48356628417969,64.24820709228516,59.18057632446289,62.775596618652344,4.831705570220947,59.28878402709961,51.828102111816406,43.86540603637695,6.869813442230225,78.32679748535156,69.2748031616211,62.75304412841797,6.594738006591797,53.79973602294922,44.82958984375,90.553955078125,7.3513617515563965,,62.12574768066406,,5.310439109802246,61.058692932128906,50.977840423583984,6.080998420715332,,56.78644561767578,,69.04141998291016,55.3341178894043,58.726104736328125,41.5990104675293,78.58749389648438,68.34504699707031,47.799827575683594,58.77363204956055,5.694512367248535,5.528514385223389,,54.21110916137695,,57.199520111083984,50.52733612060547,,5.256412029266357,63.77824020385742,60.910888671875,57.73250198364258,,
2022-05-05,5.772952556610107,96.69530487060547,111.72114562988281,8.714532852172852,68.4829330444336,12.148758888244629,59.5656623840332,4.755011558532715,67.71097564697266,60.830631256103516,66.03302764892578,68.89696502685547,68.53326416015625,89.18365478515625,64.26729583740234,59.281402587890625,63.20130157470703,4.789626598358154,58.95787811279297,51.80144119262695,43.14178466796875,6.8388166427612305,78.59996032714844,68.4480209350586,62.488651275634766,6.523245334625244,52.311279296875,44.64738082885742,91.33332061767578,7.401813507080078,,62.31703567504883,,5.310439109802246,61.15656661987305,50.50504684448242,6.0038886070251465,,56.83496856689453,,69.04141998291016,55.031402587890625,58.70928192138672,41.46621322631836,77.79635620117188,67.90814971923828,49.15898513793945,58.931453704833984,5.731270790100098,5.473775863647461,,54.272884368896484,,56.61349868774414,50.853309631347656,,5.277402877807617,63.878883361816406,61.938926696777344,57.554039001464844,,
2022-05-06,5.74313497543335,95.80077362060547,111.60401153564453,8.624176979064941,68.97941589355469,12.121988296508789,59.58332061767578,4.690175533294678,67.46812438964844,60.842124938964844,65.6434097290039,69.06543731689453,68.67255401611328,89.06522369384766,64.04460906982422,59.239871978759766,63.01618957519531,4.779764652252197,58.84357833862305,51.52798843383789,43.28651428222656,6.9130754470825195,77.91707611083984,68.65471649169922,62.243194580078125,6.525889873504639,52.59751892089844,44.25043869018555,90.6380615234375,7.427358150482178,,62.173580169677734,,5.310439109802246,61.17493438720703,50.05144119262695,5.955616474151611,,57.142333984375,,69.04141998291016,55.031402587890625,58.75415802001953,41.43301773071289,77.13705444335938,67.3533706665039,48.35524368286133,59.089290618896484,5.6920623779296875,5.523041725158691,,54.06434631347656,,57.35541534423828,50.90764617919922,,5.27343225479126,64.2109375,61.938926696777344,57.10786819458008,,
2022-05-09,5.7789177894592285,95.58433532714844,111.54188537597656,8.588387489318848,68.99321746826172,12.128852844238281,59.654109954833984,4.671374320983887,67.17170715332031,60.761749267578125,65.40686798095703,69.40240478515625,68.49845886230469,88.80738830566406,64.16545867919922,59.18057632446289,62.80028533935547,4.710073471069336,60.08890914916992,51.54133224487305,43.00190734863281,6.847860813140869,77.86245727539062,68.379150390625,61.966243743896484,6.381576061248779,52.397151947021484,43.60798263549805,89.00592041015625,7.31367826461792,,62.31703567504883,,5.310439109802246,60.53864288330078,49.131412506103516,5.862834930419922,,56.961402893066406,,69.04141998291016,54.403987884521484,58.5577507019043,40.35985565185547,76.25800323486328,67.08980560302734,47.40120315551758,58.03911590576172,5.667557239532471,5.525778293609619,,53.67046356201172,,56.72572708129883,50.87506103515625,,5.273999214172363,63.270057678222656,61.938926696777344,56.84018325805664,,
2022-05-10,5.7610273361206055,95.10820007324219,111.72114562988281,8.534708976745605,69.0276870727539,11.943520545959473,59.54206848144531,4.658406734466553,67.08990478515625,60.842124938964844,65.39989471435547,69.71916198730469,67.80894470214844,90.4308090209961,64.20366668701172,59.27545166015625,63.76272201538086,4.717964172363281,59.92045974731445,51.561336517333984,43.31427001953125,6.772953987121582,77.84879302978516,68.193115234375,62.048095703125,6.339211940765381,52.47586441040039,44.03409957885742,87.96662139892578,7.353274822235107,,62.65775680541992,,5.310439109802246,60.58760070800781,49.195316314697266,5.883523941040039,,56.15540313720703,,69.04141998291016,54.08477783203125,58.72048568725586,40.119354248046875,76.38985443115234,67.47818756103516,46.5059814453125,58.32442092895508,5.673069477081299,5.479251384735107,,52.87495040893555,,56.39531707763672,50.71207046508789,,5.274567127227783,63.19458770751953,62.23905563354492,56.536800384521484,,
2022-05-11,5.6954240798950195,95.07936096191406,112.23846435546875,8.527552604675293,69.03453826904297,11.504222869873047,59.2707633972168,4.633769989013672,67.08990478515625,60.232730865478516,65.50423431396484,69.44961547851562,67.76712799072266,90.305419921875,64.20366668701172,59.35847854614258,62.951263427734375,4.568124771118164,59.84225082397461,51.554664611816406,43.66828918457031,6.785223484039307,77.84879302978516,66.91853332519531,62.21172332763672,6.429240703582764,54.536842346191406,44.86009979248047,88.5740966796875,7.406922817230225,,62.58602523803711,,5.933783054351807,60.53252029418945,49.15057373046875,5.856565952301025,,56.39665985107422,,69.04141998291016,53.688533782958984,58.7430534362793,39.87215805053711,76.21403503417969,67.80414581298828,46.434104919433594,58.27585983276367,5.636310577392578,5.4825334548950195,,52.519657135009766,,53.77691650390625,50.82615661621094,,5.254141807556152,62.90528106689453,61.5302734375,56.792579650878906,,
2022-05-12,5.582114219665527,94.15599822998047,111.87294006347656,8.540975570678711,69.04147338867188,11.801433563232422,59.39461135864258,4.596813201904297,66.56489562988281,59.25102233886719,65.39989471435547,68.80937957763672,68.18502807617188,89.46932220458984,64.2354507446289,58.60375213623047,63.138526916503906,4.580721855163574,59.40245819091797,51.487979888916016,43.77933883666992,6.790389537811279,77.9922103881836,67.57302856445312,62.29986572265625,6.341860294342041,53.814048767089844,44.89288330078125,88.0910415649414,7.357109069824219,,62.00020217895508,,5.996776103973389,60.56922912597656,49.188926696777344,5.844654560089111,,55.68937301635742,,69.04141998291016,52.94552230834961,58.41367721557617,39.45124053955078,76.28438568115234,67.67928314208984,46.074703216552734,58.8768196105957,5.602616310119629,5.477083206176758,,52.365196228027344,,55.62849044799805,50.73921585083008,,5.218395709991455,62.89521789550781,61.504730224609375,56.81045150756836,,
2022-05-13,5.62385892868042,94.75475311279297,112.65908813476562,8.767313957214355,68.96562194824219,11.953130722045898,59.388702392578125,4.619505882263184,67.30126190185547,59.68669891357422,65.56687927246094,69.74612426757812,68.43574523925781,89.57382202148438,64.32453155517578,58.909236907958984,63.42720031738281,4.614534854888916,59.31081008911133,51.68804931640625,43.42533874511719,6.872395992279053,78.53165435791016,68.41356658935547,62.18655776977539,6.336563587188721,54.03590774536133,44.89288330078125,88.47891998291016,7.389039516448975,,62.167579650878906,,5.996776103973389,60.56922912597656,49.28474807739258,5.874743938446045,,56.86269760131836,,69.04141998291016,53.000545501708984,58.70330047607422,40.13939666748047,77.2689208984375,68.12315368652344,46.38182830810547,60.606876373291016,5.695736408233643,5.502565860748291,,52.50566101074219,,56.10853958129883,50.831573486328125,,5.308043956756592,64.22603607177734,63.72047805786133,56.70931625366211,,
2022-05-16,5.677532196044922,94.52387237548828,112.47286987304688,8.75031566619873,69.09664916992188,11.854976654052734,59.11153030395508,4.570230484008789,67.47852325439453,59.34397506713867,65.58772277832031,70.23361206054688,68.2407455444336,90.00581359863281,65.08810424804688,58.6097412109375,63.42095184326172,4.522377014160156,59.36579513549805,51.76142501831055,42.73812484741211,6.79297399520874,78.53165435791016,68.193115234375,62.123634338378906,6.1909260749816895,55.066375732421875,44.59131622314453,87.99589538574219,7.408199787139893,,62.40668869018555,,5.996776103973389,60.56922912597656,48.88225555419922,5.8396406173706055,,57.378108978271484,,69.04141998291016,52.879478454589844,58.52724838256836,40.039180755615234,76.75027465820312,68.17169952392578,46.349159240722656,59.550636291503906,5.684708595275879,5.443293571472168,,52.326171875,,56.58856964111328,50.71747970581055,,5.315988063812256,63.898990631103516,61.21738052368164,55.95976638793945,,
2022-05-17,5.689460277557373,94.53112030029297,112.34191131591797,8.776259422302246,69.13111114501953,11.977845191955566,59.32973098754883,4.622746467590332,67.580810546875,59.460166931152344,66.5757064819336,69.29029846191406,68.198974609375,89.59471130371094,65.12628936767578,58.69361114501953,63.17024230957031,4.591992378234863,59.542945861816406,52.681800842285156,43.043548583984375,6.823320388793945,78.53165435791016,68.19999694824219,61.99772262573242,6.335238456726074,55.0806884765625,44.25042724609375,89.86222839355469,7.432467460632324,,63.29139709472656,,5.996776103973389,60.53864288330078,49.0611457824707,5.8108015060424805,,57.70159912109375,,69.04141998291016,52.50522994995117,58.777122497558594,40.0859375,77.00521850585938,68.17860412597656,47.01567077636719,59.22283172607422,5.6920623779296875,5.42888879776001,,52.575904846191406,,55.68461227416992,51.04890441894531,,5.333010673522949,64.32666015625,59.320892333984375,55.287567138671875,,
2022-05-18,5.713315963745117,94.65376281738281,112.27291107177734,8.713634490966797,68.9587173461914,11.977845191955566,59.5125617980957,4.655165195465088,67.74441528320312,59.65764236450195,66.6522445678711,69.22919464111328,68.198974609375,89.19759368896484,64.82723236083984,58.63970184326172,63.17024230957031,4.566134452819824,59.73843765258789,52.82185363769531,43.02968978881836,6.780059814453125,78.70240783691406,68.2068862915039,62.236907958984375,6.3193511962890625,55.0806884765625,44.31598663330078,88.55943298339844,7.430552005767822,,63.351165771484375,,5.996776103973389,60.8200569152832,48.05806350708008,5.817070007324219,,58.260841369628906,,69.04141998291016,52.56025695800781,58.66922378540039,40.0124626159668,77.06672668457031,67.7417221069336,46.296871185302734,59.14997482299805,5.687159538269043,5.440520286560059,,52.36518096923828,,56.03995132446289,50.90764617919922,,5.3335771560668945,64.27635192871094,59.320892333984375,55.6801872253418,,
2022-05-19,5.7610273361206055,94.77638244628906,112.0177230834961,8.810015678405762,68.81393432617188,12.126794815063477,59.860504150390625,4.68369197845459,67.81262969970703,59.39624786376953,66.77748107910156,68.81522369384766,67.9969711303711,88.60533142089844,64.7508773803711,58.43606185913086,62.6751708984375,4.596632957458496,60.15375900268555,52.074886322021484,43.03661346435547,6.729045391082764,78.39508819580078,68.193115234375,62.236907958984375,6.311408996582031,55.04493713378906,44.152095794677734,88.09835052490234,7.4326653480529785,,63.05228042602539,,5.996776103973389,61.18107223510742,48.396671295166016,5.899196624755859,,58.365013122558594,,69.04141998291016,52.54376220703125,58.66353988647461,40.039180755615234,77.2601318359375,68.58087158203125,46.73469161987305,59.16214370727539,5.684708595275879,5.439414024353027,,52.61491394042969,,56.09606170654297,50.63599395751953,,5.3086113929748535,64.5027847290039,59.320892333984375,56.13227081298828,,
2022-05-20,5.7610273361206055,94.3291015625,112.27291107177734,8.744251251220703,69.22076416015625,12.080120086669922,59.59513473510742,4.700549602508545,67.63534545898438,59.6518440246582,66.38089752197266,69.03236389160156,68.39396667480469,89.30907440185547,64.74451446533203,58.879302978515625,63.295597076416016,4.625805854797363,60.25761032104492,51.908145904541016,42.752017974853516,6.74131441116333,78.7979965209961,68.68916320800781,62.243194580078125,6.286251068115234,55.04493713378906,44.35532760620117,88.55943298339844,7.421091079711914,,62.944679260253906,,5.996776103973389,61.08928298950195,48.435028076171875,5.840267181396484,,59.10519027709961,,69.04141998291016,52.59879684448242,58.66353988647461,39.64499282836914,77.95458984375,69.35065460205078,46.375282287597656,59.16817855834961,5.701251983642578,5.441075325012207,,52.770999908447266,,55.859161376953125,51.559608459472656,,5.3335771560668945,64.15056610107422,60.016910552978516,56.1917610168457,,
2022-05-23,5.79084587097168,95.22364044189453,112.0660629272461,8.720829010009766,69.75175476074219,12.21602725982666,59.81332015991211,4.677857875823975,67.95579528808594,60.01780319213867,66.40872955322266,69.1206283569336,68.95112609863281,89.6644058227539,64.86542510986328,58.73554992675781,63.25172805786133,4.706692695617676,60.76459884643555,51.79475784301758,42.71036911010742,6.7690815925598145,79.21456146240234,68.88894653320312,62.05437088012695,6.222701072692871,54.98767852783203,44.2832145690918,88.55943298339844,7.451310634613037,,63.21966552734375,,5.996776103973389,61.13824462890625,48.55640411376953,5.816442489624023,,59.37934494018555,,69.04141998291016,52.813446044921875,58.70895767211914,39.23078536987305,78.8687973022461,69.35759735107422,46.852317810058594,59.7266960144043,5.688385963439941,5.439968585968018,,53.02853012084961,,56.38908004760742,51.5976448059082,,5.339250564575195,64.15308380126953,59.378360748291016,56.64385223388672,,
2022-05-24,5.868373394012451,95.35347747802734,111.79014587402344,8.720829010009766,68.92424011230469,12.149446487426758,59.5538444519043,4.732967376708984,68.03763580322266,59.9190559387207,66.58264923095703,69.41922760009766,68.97201538085938,89.74105834960938,64.90359497070312,58.46001434326172,63.04490280151367,4.658292770385742,60.385887145996094,51.6813850402832,42.76589584350586,6.773600101470947,79.14627075195312,69.4814682006836,61.9851188659668,6.364367961883545,55.746192932128906,43.791542053222656,88.72046661376953,7.455167293548584,,63.09413146972656,,5.996776103973389,61.070919036865234,49.195316314697266,5.790113925933838,,60.19628143310547,,69.04141998291016,53.000545501708984,59.12357711791992,39.05038833618164,78.71058654785156,69.30904388427734,47.257450103759766,59.82382583618164,5.708601474761963,5.478744983673096,,52.856849670410156,,56.445167541503906,51.038028717041016,,5.348897457122803,64.70402526855469,59.940284729003906,56.72120666503906,,
2022-05-25,5.856447219848633,95.22364044189453,111.79707336425781,8.700105667114258,68.81393432617188,12.179648399353027,59.67771911621094,4.732967376708984,67.90806579589844,59.83772659301758,66.10955810546875,69.22241973876953,68.7561264038086,89.28815460205078,65.22172546386719,58.46001434326172,63.17024230957031,4.707355976104736,60.41032791137695,51.68804931640625,42.8838996887207,6.876917362213135,78.75699615478516,69.5228042602539,61.4312629699707,6.275659561157227,55.41704559326172,43.80463790893555,90.33063507080078,7.419164180755615,,62.944679260253906,,5.996776103973389,61.10761642456055,49.5147590637207,5.790740966796875,,60.75007247924805,,69.04141998291016,53.435359954833984,58.73169708251953,38.8562126159668,79.11492156982422,69.39225006103516,47.13982391357422,59.74489212036133,5.714729309082031,5.433874607086182,,52.856849670410156,,56.607269287109375,51.608516693115234,,5.3619465827941895,64.532958984375,59.70403289794922,56.48325729370117,,
2022-05-26,5.850483417510986,95.0072250366211,112.92803192138672,8.671276092529297,68.8345947265625,12.183764457702637,59.73077392578125,4.797153472900391,68.04443359375,59.948097229003906,65.57381439208984,69.25634765625,68.60291290283203,88.18033599853516,65.82622528076172,58.51393508911133,63.295597076416016,4.700725555419922,60.46528625488281,51.554664611816406,42.75895690917969,6.84140157699585,79.09846496582031,68.8958740234375,62.111026763916016,6.251831531524658,55.63886642456055,43.62109375,89.65730285644531,7.425593852996826,,62.51429748535156,,5.996776103973389,60.752777099609375,49.12503433227539,5.780083656311035,,60.73907470703125,,69.04141998291016,53.44084548950195,58.737361907958984,38.755889892578125,79.81817626953125,69.86383819580078,47.69525909423828,60.01198959350586,5.698186874389648,5.445508003234863,,53.05194854736328,,56.59479904174805,51.559608459472656,,5.407338619232178,64.65621948242188,59.812583923339844,56.24532699584961,,
2022-05-27,5.868373394012451,94.88458251953125,113.865966796875,8.743348121643066,69.64830017089844,12.21328067779541,59.88999557495117,4.747879981994629,68.17396545410156,60.75553512573242,65.67820739746094,69.561767578125,68.81182861328125,89.49717712402344,65.73714447021484,58.64570617675781,63.79695129394531,4.757082462310791,60.71570587158203,52.79515075683594,42.6756591796875,6.988624095916748,79.1803970336914,68.71671295166016,62.18655776977539,6.318027496337891,55.3096809387207,43.65386962890625,91.01130676269531,7.425593852996826,,62.65775680541992,,5.996776103973389,60.96080017089844,49.41252517700195,5.838385581970215,,61.72600555419922,,69.04141998291016,53.88115692138672,58.7828254699707,38.9230842590332,80.2928695678711,69.86383819580078,48.15921401977539,59.87238311767578,5.72452974319458,5.441629886627197,,53.66846466064453,,56.45142364501953,51.831268310546875,,5.4578399658203125,64.66124725341797,60.438350677490234,56.8580436706543,,
2022-05-30,5.898193836212158,95.52660369873047,113.34182739257812,8.900110244750977,69.84827423095703,12.285354614257812,59.85462188720703,4.70379114151001,68.69214630126953,60.877525329589844,66.30436706542969,69.59567260742188,68.93025970458984,90.54226684570312,65.83258056640625,58.537864685058594,63.76561737060547,4.688791275024414,60.71570587158203,53.02195739746094,43.147682189941406,7.012518882751465,80.55985260009766,68.7442398071289,62.06066131591797,6.299490451812744,55.553009033203125,43.942317962646484,91.09913635253906,7.405660629272461,,63.064239501953125,,5.996776103973389,61.052547454833984,50.40919876098633,5.855311393737793,,61.90693283081055,,69.04141998291016,54.89383316040039,59.20880126953125,38.9832763671875,80.3631820678711,69.8499984741211,47.407745361328125,59.4353141784668,5.715954780578613,5.4477219581604,,53.60603332519531,,56.27062225341797,51.711753845214844,,5.464081764221191,64.50527954101562,60.47028350830078,56.41781234741211,,
2022-05-31,5.91011905670166,95.65650177001953,113.85908508300781,8.847857475280762,69.99312591552734,12.325163841247559,60.45029830932617,4.749176502227783,68.65806579589844,60.877525329589844,66.41567993164062,69.22241973876953,69.1252670288086,91.20419311523438,65.53990936279297,58.591793060302734,63.60893630981445,4.760395050048828,61.057796478271484,53.695526123046875,42.96720886230469,7.048029899597168,80.8534927368164,68.79939270019531,62.18655776977539,6.484846115112305,55.674644470214844,44.36186981201172,90.40385437011719,7.406306266784668,,63.375083923339844,,5.996776103973389,61.144325256347656,50.907554626464844,5.813309192657471,,62.65808868408203,,69.04141998291016,54.046260833740234,59.20880126953125,39.257476806640625,80.53900146484375,70.87637329101562,47.93704605102539,59.55672073364258,5.769254684448242,5.4493842124938965,,53.949405670166016,,57.94140625,51.613956451416016,,5.476563930511475,65.40841674804688,60.642704010009766,56.39399719238281,,
2022-06-01,5.861772537231445,95.9739761352539,112.88021087646484,8.690200805664062,69.62506866455078,12.220792770385742,60.16639709472656,4.754405975341797,68.8489761352539,61.34225082397461,67.41072845458984,69.358154296875,68.7675552368164,91.09207153320312,65.79225158691406,59.43035125732422,62.43075942993164,4.773657321929932,61.07002639770508,54.233238220214844,44.077823638916016,7.049322605133057,81.44622039794922,68.54962921142578,62.3286018371582,6.530177116394043,55.883487701416016,44.41432571411133,92.95084381103516,7.451310634613037,,63.18168640136719,,5.996776103973389,61.305416107177734,49.98607635498047,5.819640636444092,,62.97061538696289,,69.91975402832031,53.599098205566406,58.81122970581055,39.083587646484375,80.7074203491211,69.8557357788086,47.396644592285156,59.48872375488281,5.7790141105651855,5.448833465576172,,53.58262634277344,,57.24317169189453,51.86761474609375,,5.409698963165283,65.56520080566406,60.40951919555664,56.57481002807617,,
2022-06-02,5.879865646362305,95.82875061035156,112.5191879272461,8.833441734313965,69.94450378417969,12.231851577758789,59.95181655883789,4.687073230743408,69.2648696899414,61.388729095458984,68.46182250976562,69.45995330810547,68.29755401611328,90.99392700195312,65.57874298095703,59.65793991088867,63.326942443847656,4.786917209625244,61.84575271606445,53.5812873840332,44.168060302734375,7.01122522354126,81.39810180664062,68.48028564453125,62.265106201171875,6.5328450202941895,55.638648986816406,44.54543685913086,92.48973083496094,7.44938325881958,,63.2481575012207,,5.996776103973389,61.51607894897461,50.1987190246582,5.810142993927002,,63.4366569519043,,69.91975402832031,53.02580642700195,58.89641189575195,39.351104736328125,80.51241302490234,69.91162109375,46.988067626953125,59.946083068847656,5.742341995239258,5.463788986206055,,53.58262634277344,,56.29961013793945,51.86761474609375,,5.395288944244385,65.77002716064453,60.63493728637695,57.31000518798828,,
2022-06-03,5.855742931365967,96.14817810058594,113.0745620727539,8.84425163269043,70.8124771118164,12.185538291931152,60.071044921875,4.667461395263672,69.59211730957031,61.777896881103516,68.58793640136719,69.14778900146484,69.02005004882812,91.99625396728516,65.611083984375,59.36445236206055,63.402122497558594,4.839294910430908,61.88238525390625,53.76276397705078,43.98065948486328,6.97377347946167,81.48062133789062,68.2861099243164,62.227020263671875,6.5635085105896,56.351593017578125,44.899436950683594,91.79444122314453,7.432023048400879,,62.84931182861328,,5.996776103973389,61.584259033203125,49.71542739868164,5.793679714202881,,63.76564407348633,,69.91975402832031,53.02580642700195,58.7828254699707,39.491554260253906,79.77667999267578,69.42961883544922,46.79035949707031,60.05116271972656,5.755395889282227,5.484283924102783,,52.91148376464844,,56.588958740234375,51.58637619018555,,5.42295503616333,65.66130828857422,60.16482162475586,57.31000518798828,,
2022-06-06,5.861772537231445,96.91773223876953,112.74824523925781,8.868577003479004,71.03466033935547,12.112269401550293,59.89822006225586,4.640659809112549,69.54439544677734,61.74885559082031,68.16754913330078,69.14778900146484,69.12527465820312,93.0265884399414,65.64340209960938,59.328521728515625,63.8596305847168,4.8399577140808105,61.66250228881836,53.50064468383789,44.73031234741211,6.903391361236572,81.20556640625,68.3415756225586,62.58884048461914,6.475515365600586,56.52444076538086,44.44709014892578,92.482421875,7.3838043212890625,,62.788883209228516,,5.996776103973389,61.584259033203125,49.683204650878906,5.762020587921143,,63.727256774902344,,69.91975402832031,53.39316940307617,58.23190689086914,39.42466735839844,79.77667999267578,69.03843688964844,47.660240173339844,60.15005874633789,5.760987281799316,5.459356307983398,,52.29495620727539,,56.582664489746094,52.1102409362793,,5.438518524169922,64.70792388916016,60.403114318847656,57.31000518798828,,
2022-06-07,5.843681812286377,96.40956115722656,112.78299713134766,8.942450523376465,71.31242370605469,12.091532707214355,59.933963775634766,4.657001972198486,69.54439544677734,61.63270950317383,67.6559829711914,69.22241973876953,69.2585220336914,92.00325775146484,65.4104995727539,59.22071838378906,63.27680587768555,4.7935471534729,61.387630462646484,53.090641021728516,43.95287322998047,6.874980926513672,81.19869995117188,68.5427017211914,62.79835891723633,6.426185131072998,57.15816116333008,44.05376052856445,94.43656921386719,7.3934478759765625,,62.66800308227539,,5.996776103973389,61.29922103881836,49.683204650878906,5.7499895095825195,,63.025447845458984,,69.91975402832031,53.187225341796875,57.92521667480469,39.45811080932617,79.51075744628906,70.0303726196289,48.04246520996094,60.04496765136719,5.731775760650635,5.495364189147949,,52.01401901245117,,56.230411529541016,51.834510803222656,,5.4644575119018555,64.43480682373047,62.44443130493164,57.42451095581055,,
2022-06-08,5.8316216468811035,96.6999282836914,112.6996078491211,8.919029235839844,71.38185119628906,12.10673999786377,60.55378723144531,4.641313076019287,68.91638946533203,61.661720275878906,67.29161071777344,69.20885467529297,69.53912353515625,92.73922729492188,65.3781509399414,59.17878341674805,63.15773391723633,4.740506649017334,61.11273956298828,53.083927154541016,43.603328704833984,6.898224830627441,80.9305191040039,68.98651123046875,62.40475082397461,6.332859992980957,57.25178146362305,43.592044830322266,97.24813842773438,7.438453674316406,,62.84325408935547,,5.996776103973389,61.144325256347656,48.98725509643555,5.774683952331543,,63.06439971923828,,69.91975402832031,53.7605094909668,57.71505355834961,39.049983978271484,79.6969223022461,70.51239013671875,47.77229690551758,60.53942108154297,5.744827747344971,5.472651958465576,,51.967185974121094,,56.14863586425781,51.82898712158203,,5.475407123565674,64.60931396484375,61.066383361816406,57.334136962890625,,
2022-06-09,5.813526630401611,96.03204345703125,112.26229858398438,8.887496948242188,70.88188934326172,12.086004257202148,60.55378723144531,4.667461395263672,69.00608825683594,61.400333404541016,67.22154235839844,69.08668518066406,69.3847885131836,91.82102966308594,65.33932495117188,59.21472930908203,63.107574462890625,4.816751956939697,61.27157211303711,52.532798767089844,42.89723587036133,6.896286487579346,80.79301452636719,68.65365600585938,62.40475082397461,6.319528579711914,57.59743881225586,43.40736389160156,98.63182830810547,7.401163101196289,,62.75865936279297,,5.996776103973389,61.026615142822266,49.13547134399414,5.771518230438232,,62.45187759399414,,69.91975402832031,53.26514434814453,58.20921325683594,39.22502899169922,79.62600708007812,69.5064697265625,47.64707946777344,60.81138229370117,5.7367472648620605,5.4820685386657715,,51.818904876708984,,56.28703689575195,51.45404052734375,,5.481173038482666,64.60931396484375,61.6588020324707,57.008731842041016,,
2022-06-10,5.813526630401611,96.50393676757812,113.17174530029297,8.765874862670898,70.201416015625,12.081857681274414,60.55378723144531,4.647851943969727,69.08200073242188,60.601505279541016,66.77305603027344,68.84917449951172,69.49000549316406,92.10140228271484,65.33932495117188,59.005069732666016,63.380306243896484,4.749898910522461,61.253273010253906,52.30425262451172,42.785362243652344,6.952464580535889,81.30872344970703,68.65365600585938,62.4365119934082,6.330192565917969,57.467830657958984,43.06437683105469,96.40171813964844,7.409519672393799,,62.84931182861328,,5.996776103973389,61.026615142822266,48.49106216430664,5.761384010314941,,62.08991622924805,,69.91975402832031,53.176090240478516,58.18602752685547,38.80765914916992,79.77667999267578,69.5064697265625,46.935333251953125,61.05860900878906,5.738613128662109,5.494809627532959,,52.287147521972656,,56.29961013793945,51.393375396728516,,5.516335964202881,64.99116516113281,61.162960052490234,57.30398178100586,,
2022-06-13,5.759252071380615,95.64728546142578,112.47055053710938,8.662266731262207,69.78478240966797,11.889006614685059,60.48227310180664,4.666808605194092,68.83358001708984,59.636512756347656,66.6048812866211,68.79487609863281,68.91484832763672,91.0009536743164,65.6240005493164,58.3084716796875,63.47545623779297,4.731847763061523,60.79943084716797,52.42525100708008,42.08626174926758,6.909847259521484,80.98554992675781,68.44560241699219,62.455543518066406,6.266197681427002,57.55424499511719,42.741188049316406,96.41643524169922,7.3934478759765625,,62.873512268066406,,6.062825679779053,61.03280258178711,48.8841438293457,5.761384010314941,,61.254615783691406,,69.91975402832031,53.125999450683594,58.03656768798828,38.7470703125,79.67030334472656,69.4156265258789,46.5794677734375,60.638336181640625,5.7529072761535645,5.496542930603027,,52.216915130615234,,56.047977447509766,51.47607421875,,5.50941801071167,63.88606262207031,60.86029815673828,57.099090576171875,,
2022-06-14,5.783374786376953,95.16085815429688,113.24119567871094,8.777584075927734,70.68052673339844,11.951215744018555,60.01738357543945,4.660271167755127,68.5230484008789,59.75419616699219,66.22649383544922,68.8355712890625,68.92184448242188,90.34911346435547,65.70165252685547,58.338783264160156,63.7798957824707,4.698421478271484,60.73106002807617,52.07575225830078,42.701480865478516,6.89951753616333,81.10245513916016,68.14044952392578,62.46824264526367,6.227534770965576,57.32377624511719,42.54330825805664,94.93704986572266,7.3934478759765625,,62.788883209228516,,6.062825679779053,61.00803756713867,47.762908935546875,5.750624179840088,,61.60544967651367,,69.91975402832031,53.187225341796875,58.01353073120117,38.80765914916992,78.89027404785156,68.80789184570312,46.82329177856445,61.064796447753906,5.753528594970703,5.4886884689331055,,52.45351028442383,,56.834285736083984,51.470577239990234,,5.579164505004883,63.853172302246094,60.39662551879883,56.9544792175293,,
2022-06-15,5.783374786376953,95.56742095947266,113.42865753173828,8.804611206054688,70.34028625488281,12.013426780700684,60.24983596801758,4.655041217803955,68.97852325439453,60.23671340942383,66.25450897216797,69.052734375,68.31861877441406,89.7182388305664,65.611083984375,58.217613220214844,63.36127853393555,4.679703712463379,61.07917785644531,51.95476150512695,42.29599380493164,6.900805473327637,80.44918823242188,68.32771301269531,62.79835891723633,6.208866596221924,57.12935256958008,41.8177604675293,96.70346069335938,7.437809467315674,,62.788883209228516,,6.062825679779053,61.50370407104492,47.85310745239258,5.771518230438232,,62.4351692199707,,69.91975402832031,53.09817123413086,57.835323333740234,38.699947357177734,79.13848114013672,69.4156265258789,46.75739669799805,61.145118713378906,5.7647175788879395,5.466235637664795,,52.16960525512695,,56.73994064331055,51.409915924072266,,5.591269493103027,64.3362045288086,60.332252502441406,57.03883361816406,,
2022-06-17,5.813526630401611,95.82875061035156,108.93672180175781,8.729840278625488,70.201416015625,12.013426780700684,60.1366081237793,4.641313076019287,68.99919128417969,61.29587173461914,67.27056884765625,69.40701293945312,68.2414779663086,90.7766342163086,64.95761108398438,58.44779586791992,63.42472457885742,4.673687934875488,61.390010833740234,52.405094146728516,41.17741775512695,6.9608588218688965,80.744873046875,68.09194946289062,62.79835891723633,6.158205509185791,56.7548713684082,42.787357330322266,95.64363098144531,7.425593852996826,,63.030609130859375,,6.062825679779053,61.33019256591797,49.38031768798828,5.747455596923828,,62.4351692199707,,69.91975402832031,53.04250717163086,58.237770080566406,38.720149993896484,79.12960815429688,69.51343536376953,46.66512680053711,61.37998962402344,5.7647175788879395,5.449959754943848,,51.302066802978516,,56.60781478881836,51.779361724853516,,5.625856399536133,64.73827362060547,60.33869934082031,56.864070892333984,,
2022-06-20,5.813526630401611,95.1826400756836,112.33167266845703,8.746152877807617,70.47918701171875,12.089460372924805,60.40479278564453,4.641313076019287,69.00608825683594,60.68389129638672,67.06036376953125,69.02427673339844,68.1011734008789,91.0009536743164,65.76632690429688,59.21708297729492,63.41836166381836,4.673018932342529,61.763031005859375,52.6739387512207,41.04458999633789,7.000892639160156,81.32933807373047,68.9310302734375,62.84280014038086,6.19820499420166,56.89169692993164,42.312461853027344,94.87081909179688,7.4500579833984375,,62.84325408935547,,6.062825679779053,61.02042007446289,48.6972770690918,5.7556891441345215,,62.813873291015625,,69.91975402832031,53.47108459472656,58.46776580810547,38.538394927978516,78.67753601074219,69.57630157470703,47.58116149902344,61.497432708740234,5.800766944885254,5.508330345153809,,51.294185638427734,,57.167686462402344,51.9778938293457,,5.616057395935059,64.48538208007812,59.88792037963867,57.02076721191406,,
2022-06-21,5.849710941314697,95.14634704589844,112.9981918334961,8.771553993225098,70.60417175292969,12.086004257202148,60.37501525878906,4.6583099365234375,69.20620727539062,61.12522506713867,66.85014343261719,68.92173767089844,67.61723327636719,91.407470703125,65.97337341308594,59.35036087036133,63.40565490722656,4.686387538909912,61.576507568359375,52.55967712402344,40.83485794067383,7.083545684814453,80.9717788696289,68.65365600585938,62.538063049316406,6.067546844482422,56.39480209350586,42.41139602661133,95.21675872802734,7.4500579833984375,,63.121273040771484,,6.062825679779053,61.193912506103516,48.16885757446289,5.751888275146484,,62.975318908691406,,69.91975402832031,53.715980529785156,58.565513610839844,38.76725769042969,78.1191177368164,69.47154235839844,47.271427154541016,61.65196228027344,5.811954975128174,5.505526542663574,,51.34938430786133,,56.55123519897461,53.378517150878906,,5.592422962188721,64.57894897460938,59.88792037963867,56.406089782714844,,
2022-06-22,5.855742931365967,95.18990325927734,113.16482543945312,8.73798656463623,70.6249771118164,12.087384223937988,60.43460464477539,4.647851943969727,69.30973052978516,61.31350326538086,66.92021942138672,68.72355651855469,67.19636535644531,91.82102966308594,66.14160919189453,58.75672912597656,63.80523681640625,4.623546600341797,61.51434326171875,52.384910583496094,40.757957458496094,6.986688613891602,80.80673217773438,68.133544921875,62.538063049316406,6.050214767456055,56.625247955322266,42.22011947631836,94.57643127441406,7.450705051422119,,62.84931182861328,,6.062825679779053,60.71065902709961,48.523292541503906,5.741125583648682,,62.84169387817383,,69.91975402832031,53.7605094909668,58.421756744384766,38.79420471191406,78.1102294921875,69.5413818359375,46.361995697021484,61.73228454589844,5.798900604248047,5.5088911056518555,,51.294185638427734,,56.55123519897461,53.1579475402832,,5.624701499938965,64.99116516113281,59.88792037963867,56.49648666381836,,
2022-06-23,5.819559097290039,95.211669921875,112.7690658569336,8.728006362915039,70.7777328491211,11.95605182647705,60.37501525878906,4.664194107055664,69.24760437011719,60.607421875,66.25450897216797,68.68936157226562,66.64925384521484,92.51494598388672,65.86339569091797,58.696163177490234,63.96382141113281,4.646276950836182,61.56410217285156,52.36475372314453,40.45734786987305,6.964086532592773,80.64173889160156,68.02951049804688,62.65871810913086,5.991550445556641,56.7836799621582,42.09479522705078,95.45227813720703,7.4435882568359375,,63.09105682373047,,6.062825679779053,60.68586349487305,48.26552200317383,5.698071002960205,,63.06439971923828,,69.91975402832031,53.749366760253906,57.66282653808594,38.80093002319336,77.9684066772461,69.57630157470703,46.56627655029297,61.738487243652344,5.783986568450928,5.5173115730285645,,51.37303924560547,,56.48831558227539,52.41904067993164,,5.595882415771484,65.21117401123047,59.69475555419922,56.30360794067383,,
2022-06-24,5.795438289642334,95.10277557373047,112.86624908447266,8.68173599243164,70.8055419921875,11.862049102783203,60.31537628173828,4.634123802185059,69.26831817626953,60.542686462402344,66.55581665039062,68.34762573242188,66.35462951660156,91.9892578125,65.9927978515625,59.0595817565918,63.919437408447266,4.654969692230225,61.57030487060547,52.41853332519531,40.499290466308594,6.9085540771484375,80.44232177734375,67.93244171142578,62.74485778808594,5.9822187423706055,56.74768829345703,42.04202651977539,94.72364044189453,7.42351770401001,,63.09105682373047,,6.062825679779053,60.71065902709961,49.283687591552734,5.670841217041016,,63.06439971923828,,69.91975402832031,53.48777389526367,57.95030975341797,38.64608383178711,78.04820251464844,68.52845764160156,46.46083450317383,61.800270080566406,5.773419380187988,5.506087779998779,,51.26263427734375,,56.60781478881836,52.49623489379883,,5.612598419189453,64.89252471923828,59.75913619995117,55.7552375793457,,
2022-06-27,5.789405345916748,95.18990325927734,113.0259780883789,8.686272621154785,70.13196563720703,11.864814758300781,60.2438850402832,4.62235689163208,69.17172241210938,60.36614990234375,66.40167236328125,68.34762573242188,66.35462951660156,92.38174438476562,65.8828125,59.32007598876953,63.90040588378906,4.620203971862793,61.868690490722656,52.42525100708008,40.499290466308594,6.909201622009277,80.25668334960938,68.09194946289062,62.630531311035156,5.9382243156433105,56.53162384033203,41.71223831176758,93.5901870727539,7.4998979568481445,,62.97018051147461,,6.062825679779053,60.68586349487305,48.845497131347656,5.690469741821289,,63.04214096069336,,69.91975402832031,53.41542053222656,57.841068267822266,38.93556594848633,78.0038833618164,68.15825653076172,47.38347244262695,62.73354721069336,5.791443347930908,5.511699676513672,,51.34150695800781,,56.65816116333008,52.41352081298828,,5.5509209632873535,64.73827362060547,59.88792037963867,56.327728271484375,,
2022-06-28,5.783374786376953,95.16813659667969,112.68577575683594,8.65995979309082,69.82646179199219,11.787396430969238,60.59550476074219,4.612552165985107,68.73005676269531,59.966033935546875,65.86911010742188,68.48432159423828,66.35462951660156,91.72991943359375,65.89575958251953,59.39278793334961,63.93209457397461,4.53062105178833,61.358943939208984,52.116058349609375,40.604148864746094,6.957629203796387,80.39421844482422,67.81454467773438,62.465423583984375,5.9168901443481445,56.3371696472168,41.408817291259766,93.65641784667969,7.592455863952637,,62.84931182861328,,6.062825679779053,60.481422424316406,48.839054107666016,5.679707050323486,,62.91963577270508,,69.91975402832031,53.125999450683594,57.754798889160156,38.63262939453125,77.86205291748047,68.61927032470703,46.59264373779297,62.4368896484375,5.795792102813721,5.496542930603027,,51.38093185424805,,56.356204986572266,52.1102409362793,,5.585508346557617,65.68656158447266,59.05078887939453,55.88178634643555,,
2022-06-29,5.795438289642334,95.10277557373047,113.16482543945312,8.622758865356445,70.16668701171875,11.819881439208984,60.702816009521484,4.585750579833984,69.14408111572266,60.01311111450195,65.60282897949219,68.27928161621094,66.38970947265625,90.62944030761719,65.76632690429688,59.24736785888672,63.95748519897461,4.543992042541504,60.92377471923828,52.00181198120117,40.2895622253418,6.925346851348877,80.68988037109375,67.89083862304688,62.50352096557617,5.879560947418213,55.667457580566406,40.894344329833984,92.75114440917969,7.543911457061768,,63.743709564208984,,6.062825679779053,60.51859664916992,49.13547134399414,5.684139251708984,,62.93635177612305,,69.91975402832031,52.93119812011719,58.531028747558594,38.57204818725586,77.82656860351562,68.65422821044922,47.22531509399414,62.51723861694336,5.831842422485352,5.509454250335693,,51.01027297973633,,56.60781478881836,52.5238037109375,,5.579741954803467,65.36543273925781,59.54018783569336,56.562782287597656,,
2022-06-30,5.837649822235107,95.45125579833984,114.15065002441406,8.591917037963867,70.13196563720703,11.97471809387207,60.768348693847656,4.576597690582275,69.00608825683594,59.96013259887695,65.63787841796875,68.34762573242188,66.99295043945312,90.89578247070312,65.4687271118164,59.24130630493164,63.93209457397461,4.539980411529541,61.166221618652344,52.41853332519531,40.05885314941406,7.051260948181152,81.61125183105469,68.33464813232422,62.48446273803711,5.8835601806640625,54.60881805419922,40.82179260253906,92.86891174316406,7.540674209594727,,63.743709564208984,,6.062825679779053,60.592918395996094,48.92280960083008,5.736060619354248,,63.23148727416992,,69.91975402832031,52.95901870727539,57.99055099487305,38.63936996459961,77.8443374633789,68.78693389892578,46.92873001098633,62.60376739501953,5.847381114959717,5.5004730224609375,,51.10490798950195,,56.59526062011719,53.257225036621094,,5.6183624267578125,65.69417572021484,59.88792037963867,56.966529846191406,,
2022-07-01,5.837555885314941,95.44197082519531,113.9168472290039,8.53929328918457,70.0550537109375,11.850988388061523,60.457576751708984,4.516596794128418,68.90950775146484,60.030738830566406,65.82142639160156,67.86238861083984,67.09894561767578,92.07344055175781,64.9499282836914,59.24736785888672,62.872928619384766,4.605496406555176,60.58806228637695,52.28299331665039,40.862831115722656,7.099044322967529,81.66570281982422,68.65601348876953,62.845394134521484,5.99910831451416,56.377410888671875,39.92475891113281,94.7972183227539,7.521255970001221,,63.53586196899414,,6.062825679779053,60.18402099609375,48.42850112915039,5.698239803314209,,63.203643798828125,,70.83277130126953,53.311851501464844,58.8702278137207,38.558589935302734,77.91584777832031,71.6086196899414,46.463375091552734,61.04477310180664,5.77239990234375,5.535834312438965,,51.39671325683594,,56.58891296386719,52.921241760253906,,5.589610576629639,65.384033203125,59.88505935668945,56.78370666503906,,
2022-07-04,5.843648910522461,95.68309783935547,114.34906005859375,8.437677383422852,69.68446350097656,11.756980895996094,60.638179779052734,4.516596794128418,69.3373031616211,61.025177001953125,65.9414291381836,67.99906158447266,67.20492553710938,92.37665557861328,64.55587005615234,59.332191467285156,63.2978515625,4.591458797454834,60.70616912841797,52.35753631591797,41.4990234375,7.053452968597412,81.86712646484375,68.90065002441406,62.800445556640625,5.9386467933654785,56.15273666381836,39.56857681274414,94.8045883178711,7.556210517883301,,63.548118591308594,,6.062825679779053,59.84944152832031,48.38948440551758,5.777082920074463,,63.58786392211914,,70.83277130126953,53.29497528076172,58.09403991699219,38.585514068603516,77.56713104248047,70.24314880371094,46.72929382324219,60.51259994506836,5.781203746795654,5.576245307922363,,51.34938430786133,,56.23336410522461,52.84284210205078,,5.585503101348877,65.33067321777344,59.93096160888672,56.789794921875,,
2022-07-05,5.813180446624756,95.09126281738281,114.69619750976562,8.380520820617676,69.57262420654297,11.833706855773926,60.782752990722656,4.516596794128418,69.6961669921875,60.99575424194336,66.16029357910156,67.5889892578125,66.78799438476562,91.17787170410156,63.899173736572266,59.1080322265625,63.69742202758789,4.612183570861816,61.59515380859375,51.035892486572266,40.757957458496094,7.039125919342041,82.0199203491211,67.97807312011719,62.78117370605469,5.867437839508057,55.957008361816406,39.00133514404297,94.23047637939453,7.545205593109131,,63.273006439208984,,6.062825679779053,59.40958786010742,48.3309440612793,5.706576347351074,,63.7604866027832,,70.83277130126953,53.01340103149414,58.38728713989258,37.972938537597656,78.14833068847656,68.77914428710938,46.65617370605469,60.813114166259766,5.766112327575684,5.602626323699951,,51.2153205871582,,55.74449157714844,52.719661712646484,,5.587849140167236,65.57723999023438,60.07529067993164,56.978694915771484,,
2022-07-06,5.837555885314941,95.15702819824219,114.50491333007812,8.375986099243164,69.49567413330078,11.965038299560547,60.698429107666016,4.516596794128418,69.75138092041016,61.19581985473633,66.36505889892578,66.42023468017578,66.6042709350586,91.23426818847656,64.61499786376953,58.93842697143555,63.81794738769531,4.5526838302612305,61.98060989379883,51.44253921508789,40.40840148925781,7.001351356506348,81.78376770019531,68.84473419189453,63.03156661987305,5.944024085998535,55.957008361816406,39.12665939331055,95.34925079345703,7.56009578704834,,63.41971969604492,,6.062825679779053,59.41576385498047,48.272430419921875,5.743751525878906,,63.82732009887695,,70.83277130126953,52.985267639160156,58.370025634765625,38.551849365234375,77.74595642089844,69.35633850097656,46.629573822021484,60.80061340332031,5.834023952484131,5.637986183166504,,51.14434051513672,,55.7825813293457,53.016414642333984,,5.66940975189209,66.09327697753906,60.35075378417969,57.17373275756836,,
2022-07-07,5.86802339553833,95.39813995361328,114.70325469970703,8.301584243774414,69.85227966308594,11.98162841796875,61.03565979003906,4.525827407836914,69.21309661865234,62.06080627441406,66.5062484741211,66.50225067138672,66.42760467529297,90.670166015625,64.45738220214844,59.22312545776367,63.6022834777832,4.612850189208984,62.22926712036133,51.82206726074219,40.177703857421875,6.942083835601807,81.65180969238281,68.5232162475586,62.90959548950195,5.953425407409668,55.8048210144043,39.238792419433594,92.74376678466797,7.546499729156494,,63.57254409790039,,6.062825679779053,59.558258056640625,48.21388626098633,5.749520778656006,,63.487606048583984,,70.83277130126953,52.86137771606445,58.35852813720703,38.20853805541992,80.2942886352539,69.10995483398438,46.237342834472656,60.84440994262695,5.847855091094971,5.612729072570801,,51.3336181640625,,55.871463775634766,52.80364227294922,,5.691708087921143,66.7287826538086,61.00010299682617,57.19199752807617,,
2022-07-08,5.92286491394043,95.20087432861328,114.77416229248047,8.36056137084961,70.39068603515625,11.817809104919434,60.99348831176758,4.5324201583862305,68.64639282226562,62.05491256713867,67.593505859375,67.05585479736328,65.84104919433594,89.21751403808594,63.80067443847656,59.60477828979492,63.488121032714844,4.612850189208984,61.85625457763672,52.69640350341797,39.63513946533203,6.890634536743164,82.0963134765625,68.49525451660156,62.973777770996094,5.901026725769043,56.10197830200195,39.70368957519531,92.5217056274414,7.5730366706848145,,63.75592041015625,,6.062825679779053,59.47774124145508,48.38948440551758,5.767465114593506,,62.96284866333008,,70.83277130126953,52.57421875,58.473541259765625,37.89253616333008,79.33755493164062,68.96214294433594,46.27722930908203,60.737972259521484,5.835279941558838,5.658752918243408,,51.317840576171875,,56.366676330566406,52.719661712646484,,5.691708087921143,66.1949691772461,61.1903190612793,57.28343963623047,,
2022-07-11,5.904583930969238,94.98168182373047,115.09297943115234,8.410462379455566,70.27182006835938,11.888315200805664,60.96940231323242,4.516596794128418,67.9993667602539,61.78426742553711,67.56529235839844,66.9465103149414,65.5089340209961,89.3091812133789,63.616783142089844,59.647159576416016,63.488121032714844,4.596137046813965,61.43975067138672,52.8658561706543,38.3104362487793,6.87760591506958,81.9435043334961,68.80978393554688,62.92240905761719,5.817723751068115,56.18171691894531,39.590782165527344,96.1932601928711,7.556857585906982,,63.5419807434082,,6.062825679779053,59.17414855957031,48.05126953125,5.750161170959473,,62.635562896728516,,70.83277130126953,52.56296157836914,58.30679702758789,37.9467658996582,78.64012145996094,69.5111312866211,46.157562255859375,60.29972839355469,5.77239990234375,5.662680149078369,,51.10490798950195,,56.18891906738281,51.85172653198242,,5.654154300689697,66.26104736328125,61.13128662109375,56.91166305541992,,
2022-07-12,5.8984904289245605,94.90860748291016,115.27008056640625,8.41862964630127,69.90123748779297,11.906286239624023,61.05973434448242,4.49615478515625,67.90196228027344,61.83015441894531,67.56529235839844,66.809814453125,64.99303436279297,87.35586547851562,63.70215606689453,59.483619689941406,63.5883674621582,4.580604076385498,61.34651565551758,52.8658561706543,37.2746467590332,6.740837574005127,81.8879623413086,68.9285888671875,62.87748336791992,5.758606433868408,55.10169982910156,39.318485260009766,92.75117492675781,7.578867435455322,,63.389156341552734,,6.062825679779053,59.16796875,47.7520866394043,5.768749237060547,,62.635562896728516,,70.83277130126953,52.57985305786133,58.889888763427734,38.02130126953125,77.80855560302734,68.94107055664062,46.416831970214844,59.47952651977539,5.773028373718262,5.607676029205322,,51.7121696472168,,56.4873161315918,52.30527877807617,,5.630097389221191,66.34493255615234,61.32806396484375,56.99088668823242,,
2022-07-13,5.910677433013916,95.25933074951172,114.90872955322266,8.40501594543457,70.27182006835938,11.833706855773926,61.15004348754883,4.4954962730407715,67.48453521728516,62.12801742553711,67.63587951660156,66.48175048828125,65.16262817382812,85.12757110595703,63.045413970947266,59.293701171875,63.6525993347168,4.5657429695129395,60.04085922241211,52.36431884765625,37.507179260253906,6.609926700592041,81.85323333740234,68.42538452148438,63.23055648803711,5.6806793212890625,55.56562423706055,39.11259078979492,92.76598358154297,7.5665669441223145,,62.96126937866211,,6.1283955574035645,59.17414855957031,47.622013092041016,5.766827583312988,,62.35340118408203,,70.83277130126953,52.01678466796875,59.006500244140625,38.26530075073242,78.30929565429688,68.88475036621094,46.2041015625,59.060035705566406,5.774916648864746,5.6168599128723145,,51.27840805053711,,56.49365234375,51.913333892822266,,5.598412036895752,67.35668182373047,61.40676498413086,56.875099182128906,,
2022-07-14,5.904583930969238,95.36892700195312,115.6030502319336,8.48032283782959,70.60746765136719,11.922876358032227,61.11992645263672,4.49285888671875,67.769775390625,61.95525360107422,67.62881469726562,66.7072982788086,64.66092681884766,85.64231872558594,63.12422561645508,59.054786682128906,63.55622863769531,4.5779008865356445,59.794857025146484,52.472747802734375,37.48604202270508,6.688733100891113,81.64485168457031,69.44580078125,63.15351104736328,5.652465343475342,55.079978942871094,38.85357666015625,92.54389953613281,7.473999977111816,,62.95513916015625,,6.1283955574035645,59.43437194824219,47.41389465332031,5.736700534820557,,62.60734939575195,,70.83277130126953,52.377132415771484,59.210594177246094,38.08906173706055,77.98737335205078,68.20201110839844,46.39690017700195,59.79883575439453,5.7988104820251465,5.621403217315674,,51.41941833496094,,56.373023986816406,52.0421142578125,,5.606627464294434,66.27884674072266,61.400230407714844,57.17980194091797,,
2022-07-15,5.8984904289245605,96.7352066040039,115.86519622802734,8.455824851989746,70.4326400756836,11.944303512573242,61.07175064086914,4.490880489349365,68.00633239746094,61.990970611572266,67.777099609375,66.97383880615234,64.65383911132812,85.83273315429688,63.130821228027344,58.80978012084961,63.40205383300781,4.56979513168335,59.731781005859375,52.70995330810547,37.20418167114258,6.657471179962158,81.5823745727539,68.49525451660156,63.166343688964844,5.544976711273193,54.17394256591797,38.38865661621094,92.52911376953125,7.477297306060791,,63.26693344116211,,6.1283955574035645,59.47774124145508,47.80411911010742,5.730291366577148,,63.25626754760742,,70.83277130126953,52.02803039550781,59.20476531982422,38.360164642333984,78.3271713256836,68.86363983154297,46.83566665649414,59.241607666015625,5.769886493682861,5.622537612915039,,51.71512222290039,,57.128562927246094,52.04770278930664,,5.591958522796631,67.35413360595703,61.45924758911133,56.33884811401367,,
2022-07-18,5.910677433013916,96.99091339111328,116.82872772216797,8.43677043914795,69.92919921875,12.04660415649414,61.29458236694336,4.49022102355957,67.88108825683594,61.663352966308594,67.57939147949219,67.12411499023438,64.03195190429688,85.9596176147461,63.373775482177734,59.14057922363281,62.695457458496094,4.627890586853027,60.04713439941406,52.57439422607422,36.66162109375,6.68808126449585,81.76295471191406,67.58663177490234,63.15994644165039,5.527509689331055,54.021728515625,37.6248664855957,93.01026916503906,7.468733310699463,,62.949066162109375,,6.1283955574035645,59.41576385498047,47.75859832763672,5.701446533203125,,63.62871551513672,,70.83277130126953,52.196956634521484,59.863616943359375,38.15685272216797,78.08573150634766,68.49059295654297,46.17085647583008,60.09309768676758,5.784977436065674,5.624243259429932,,51.94688034057617,,56.912723541259766,52.495662689208984,,5.654741287231445,65.83906555175781,61.964290618896484,56.58870315551758,,
2022-07-19,5.855837821960449,97.24662017822266,116.99873352050781,8.498909950256348,69.91520690917969,12.268486022949219,61.28855514526367,4.4968156814575195,67.83240509033203,61.55013656616211,67.69941711425781,67.51013946533203,64.05317687988281,86.30519104003906,63.242431640625,59.53876876831055,62.41279220581055,4.69071102142334,60.47606658935547,52.459190368652344,36.61228942871094,6.738229274749756,82.42970275878906,67.79630279541016,63.03156661987305,5.524822235107422,54.608829498291016,36.70167922973633,93.25454711914062,7.36530065536499,,63.07130432128906,,6.1283955574035645,59.47774124145508,47.64802932739258,5.687986850738525,,63.83747863769531,,70.83277130126953,52.270164489746094,59.76451110839844,38.1703987121582,79.52531433105469,68.3076171875,46.78912353515625,60.02424621582031,5.797553062438965,5.651505947113037,,51.77106475830078,,57.03969192504883,53.45878601074219,,5.677624225616455,65.81365203857422,61.91838836669922,56.9482307434082,,
2022-07-20,5.904583930969238,97.6192626953125,117.15461730957031,8.606769561767578,70.06906127929688,12.303739547729492,61.421024322509766,4.4968156814575195,67.92976379394531,61.46673583984375,68.02417755126953,67.54459381103516,64.56905364990234,87.9693374633789,63.058563232421875,59.8511848449707,62.86888122558594,4.646127700805664,60.77882766723633,52.24907684326172,37.97927474975586,6.745392799377441,82.49223327636719,68.28560638427734,62.92240905761719,5.558411598205566,54.15217590332031,36.76145553588867,94.3500747680664,7.36530065536499,,63.57254409790039,,6.1283955574035645,59.42198181152344,47.49192428588867,5.750161170959473,,64.0462646484375,,70.83277130126953,52.08433532714844,59.93941116333008,37.93320846557617,79.21236419677734,68.14569854736328,47.693260192871094,59.542118072509766,5.796925067901611,5.660595417022705,,51.627220153808594,,57.128562927246094,53.05561828613281,,5.691122531890869,65.76282501220703,61.91838836669922,56.9482307434082,,
2022-07-21,5.904583930969238,97.29047393798828,116.58783721923828,8.67897891998291,69.92919921875,12.269176483154297,61.390907287597656,4.502748489379883,67.90196228027344,61.651424407958984,67.777099609375,68.46815490722656,65.42413330078125,89.08353424072266,62.91408920288086,59.72865295410156,62.888160705566406,4.643425464630127,61.19511413574219,52.51342010498047,38.331581115722656,6.7655839920043945,82.59640502929688,68.00598907470703,63.06365203857422,5.618873596191406,54.30439376831055,36.8145866394043,91.92210388183594,7.3883585929870605,,62.96126937866211,,6.1283955574035645,59.29805374145508,47.316341400146484,5.730291366577148,,64.10270690917969,,70.83277130126953,52.14628982543945,59.93941116333008,37.75020980834961,78.68482208251953,68.59615325927734,47.2411994934082,59.39814376831055,5.778689861297607,5.660595417022705,,51.63520812988281,,57.103172302246094,52.70287322998047,,5.6799726486206055,66.11869049072266,61.859344482421875,56.710575103759766,,
2022-07-22,5.91677188873291,97.23933410644531,117.66475677490234,8.680808067321777,70.11800384521484,12.269866943359375,61.32468032836914,4.499453067779541,67.769775390625,61.52035140991211,67.3252182006836,68.19934844970703,65.43826293945312,89.13288116455078,62.85497283935547,59.72865295410156,63.74250411987305,4.639373302459717,61.37803268432617,52.73030471801758,39.35329055786133,6.77340030670166,82.99230194091797,68.3484878540039,63.025123596191406,5.687397480010986,54.17394256591797,36.52236557006836,91.16707611083984,7.477297306060791,,63.230255126953125,,6.1283955574035645,58.957298278808594,46.8675537109375,5.738623142242432,,64.17041015625,,70.83277130126953,52.28142547607422,59.90444564819336,38.04840850830078,78.33610534667969,68.97626495361328,46.888851165771484,59.736236572265625,5.784977436065674,5.651505947113037,,51.906925201416016,,56.969852447509766,52.719661712646484,,5.694643974304199,65.58740997314453,61.15098571777344,56.37541198730469,,
2022-07-25,5.953331470489502,97.9041976928711,118.4794921875,8.76581859588623,70.48158264160156,12.310648918151855,61.421024322509766,4.548903942108154,67.15755462646484,60.87697982788086,66.8592758178711,67.76512908935547,65.63611602783203,89.40792083740234,63.11111831665039,59.33045196533203,63.2928581237793,4.644777297973633,60.88603973388672,52.85907745361328,37.52126693725586,6.79945182800293,82.96450805664062,68.85169219970703,62.93527603149414,5.858032703399658,54.17394256591797,36.66183090209961,92.04056549072266,7.437768459320068,,63.554229736328125,,6.1283955574035645,59.403358459472656,47.14723205566406,5.762341499328613,,63.5948486328125,,70.83277130126953,52.365882873535156,59.82865905761719,38.19074630737305,77.69232940673828,69.49003601074219,46.86890411376953,59.41691589355469,5.77239990234375,5.66343355178833,,51.49135208129883,,56.646053314208984,52.58527755737305,,5.697575092315674,64.88835144042969,61.5904426574707,56.21086120605469,,
2022-07-26,5.977705478668213,98.18184661865234,117.6009750366211,8.71737289428711,70.1669692993164,12.317561149597168,61.42706298828125,4.566708087921143,67.13666534423828,61.008060455322266,66.71100616455078,68.30274963378906,65.64320373535156,88.3642578125,63.05200958251953,59.428497314453125,63.434165954589844,4.654233932495117,60.94281005859375,52.8658561706543,36.49956130981445,6.838529109954834,82.99922943115234,68.64202880859375,63.08290481567383,5.9359612464904785,54.48558807373047,36.76145553588867,91.23370361328125,7.442380428314209,,63.32191467285156,,6.1283955574035645,59.46533203125,47.68706130981445,5.760415077209473,,63.53278732299805,,70.83277130126953,52.91767883300781,60.11433792114258,39.14634323120117,78.23773193359375,70.08129119873047,47.52042007446289,58.86593246459961,5.784977436065674,5.679906845092773,,51.51533126831055,,56.50636291503906,52.74205017089844,,5.7034454345703125,64.61634826660156,61.656028747558594,56.53993606567383,,
2022-07-27,5.983799934387207,98.1599349975586,118.70618438720703,8.67897891998291,70.31378936767578,12.499350547790527,61.5836181640625,4.5693440437316895,66.9975357055664,61.168880462646484,67.49466705322266,68.23380279541016,65.22624969482422,87.52508544921875,63.242431640625,59.33045196533203,63.53053283691406,4.621133327484131,60.93651580810547,52.5269660949707,35.65401077270508,6.84048318862915,82.98534393310547,68.49525451660156,64.51441192626953,5.930584907531738,54.36238479614258,36.66183090209961,90.75253295898438,7.444355010986328,,63.3096809387207,,6.1283955574035645,59.29185485839844,48.12934494018555,5.749520778656006,,63.4707145690918,,70.83277130126953,52.90644454956055,60.4000358581543,38.590606689453125,78.69375610351562,70.02493286132812,47.527069091796875,58.471473693847656,5.781203746795654,5.679906845092773,,51.539302825927734,,56.50636291503906,52.7364501953125,,5.713420391082764,64.3163833618164,61.656028747558594,56.78370666503906,,
2022-07-28,5.971611976623535,99.36544036865234,119.29421997070312,8.710060119628906,70.54452514648438,12.557417869567871,61.71607971191406,4.568685054779053,66.64966583251953,61.276123046875,68.43367767333984,68.0477066040039,66.0389404296875,86.64364624023438,63.629905700683594,59.57551193237305,63.34424591064453,4.64072322845459,60.93651580810547,52.723506927490234,35.37215042114258,6.841132164001465,82.92977905273438,69.19419860839844,65.82396697998047,5.934616565704346,54.7900390625,37.05368423461914,91.3817367553711,7.509575843811035,,63.02850341796875,,6.1283955574035645,59.27326965332031,48.695167541503906,5.762341499328613,,63.50457000732422,,70.83277130126953,52.900794982910156,60.219303131103516,38.699039459228516,78.6758804321289,69.29297637939453,47.67332458496094,58.327510833740234,5.73781681060791,5.66343355178833,,51.94688034057617,,56.4873161315918,52.91002655029297,,5.728087425231934,64.25282287597656,61.715049743652344,56.79587936401367,,
2022-07-29,5.9959869384765625,99.80384063720703,119.47843933105469,8.741135597229004,70.89414978027344,12.600959777832031,61.69804382324219,4.6155009269714355,67.40800476074219,61.22611618041992,68.892578125,69.02642059326172,66.72440338134766,86.81997680664062,64.09617614746094,59.70416259765625,63.15152359008789,4.6515326499938965,61.11309814453125,53.02173614501953,35.93585968017578,6.87760591506958,83.03397369384766,69.88610076904297,66.24764251708984,5.931929111480713,55.3264274597168,37.757694244384766,92.5217056274414,7.477297306060791,,63.21800994873047,,6.1283955574035645,59.16796875,48.64314651489258,5.806568145751953,,63.70771408081055,,70.83277130126953,52.87264633178711,60.260093688964844,39.2886848449707,79.17659759521484,70.3698501586914,47.26777648925781,58.78456497192383,5.7353010177612305,5.706603527069092,,53.017791748046875,,56.538124084472656,53.48119354248047,,5.785592555999756,64.56803131103516,61.91838836669922,57.03965759277344,,
2022-08-01,6.0390520095825195,102.22888946533203,118.60130310058594,8.464178085327148,69.29569244384766,12.600958824157715,61.554447174072266,4.591550350189209,66.92098999023438,60.79599380493164,68.1386489868164,69.92241668701172,66.78138732910156,88.70764923095703,63.06066131591797,59.544883728027344,62.37425994873047,4.731241703033447,60.236385345458984,53.43864822387695,35.266456604003906,6.8756513595581055,83.58787536621094,69.62571716308594,65.99765014648438,5.781633377075195,54.35615539550781,38.68752670288086,89.64221954345703,7.474662780761719,,63.57670593261719,,6.1283955574035645,58.41581726074219,48.16385269165039,5.798140048980713,,63.679508209228516,,71.7636947631836,52.5231819152832,59.980228424072266,39.90542221069336,79.34795379638672,70.89379119873047,47.41539764404297,57.86060333251953,5.571944713592529,5.679906845092773,,52.75407028198242,,56.512481689453125,52.48722457885742,,5.767719268798828,63.92875671386719,62.44664764404297,56.94724655151367,,
2022-08-02,6.0452189445495605,102.1332778930664,118.64408111572266,8.53638744354248,71.79544067382812,12.60513973236084,61.51185607910156,4.590219497680664,67.19931030273438,60.75419235229492,68.14575958251953,69.60538482666016,66.58910369873047,88.11862182617188,62.92790222167969,59.86954879760742,63.05517578125,4.791361331939697,60.425628662109375,53.0354118347168,38.04268264770508,6.874336242675781,83.18925476074219,70.2940444946289,66.02354431152344,5.620504856109619,54.815738677978516,38.773868560791016,89.96049499511719,7.3883585929870605,,63.58290481567383,,6.1283955574035645,58.74798583984375,48.577476501464844,5.80008602142334,,63.65128707885742,,71.7636947631836,52.2952880859375,59.869441986083984,39.979976654052734,79.34795379638672,71.82980346679688,47.38185501098633,58.430152893066406,5.5954461097717285,5.7054667472839355,,53.145660400390625,,55.88442611694336,52.3111457824707,,5.7528204917907715,63.90319061279297,62.91016387939453,57.0150032043457,,
2022-08-03,6.063726902008057,101.86846160888672,118.8794174194336,8.709146499633789,71.50674438476562,12.591217994689941,61.33543395996094,4.590219497680664,67.70716094970703,60.79002380371094,67.56962585449219,69.7225341796875,66.93804168701172,87.91281127929688,62.403507232666016,59.88179016113281,63.08728790283203,4.7717719078063965,60.413002014160156,53.14476013183594,38.232933044433594,6.8441338539123535,83.18925476074219,69.90007019042969,66.27593994140625,5.646231651306152,54.75739669799805,38.22926330566406,90.17517852783203,7.37716007232666,,63.68185806274414,,6.1283955574035645,59.00497817993164,48.570926666259766,5.736569881439209,,63.617435455322266,,71.7636947631836,52.75676345825195,59.811126708984375,40.05453109741211,79.1585464477539,71.61705017089844,47.73744583129883,57.60747146606445,5.596079349517822,5.736135482788086,,53.537261962890625,,55.69857406616211,52.29978942871094,,5.782614231109619,63.869964599609375,62.71152877807617,56.74391555786133,,
2022-08-04,6.051388263702393,101.8243637084961,119.47132110595703,8.7749605178833,71.6475830078125,12.649697303771973,61.89507293701172,4.576915740966797,67.60281372070312,61.16640090942383,67.9110336303711,69.0608901977539,67.18724822998047,88.35282135009766,61.7463493347168,59.87568283081055,63.3121223449707,4.796090126037598,60.608524322509766,53.32243728637695,38.04973220825195,6.846102237701416,83.21722412109375,70.3503189086914,65.99765014648438,5.9359917640686035,55.14402389526367,38.36873245239258,90.71553802490234,7.387042045593262,,63.65711975097656,,6.1283955574035645,59.33091735839844,48.43305206298828,5.7812910079956055,,63.58357238769531,,71.7636947631836,52.66560745239258,59.75285339355469,40.36628341674805,79.27580261230469,71.74472045898438,47.53615188598633,57.46190643310547,5.652607440948486,5.7599921226501465,,53.30550003051758,,55.84596633911133,53.16312789916992,,5.7754621505737305,64.44019317626953,62.71152877807617,56.70694351196289,,
2022-08-05,6.051388263702393,102.23624420166016,119.87063598632812,8.849909782409668,72.08415222167969,12.737414360046387,61.60310363769531,4.601528644561768,67.17144775390625,61.052894592285156,68.38046264648438,69.19184112548828,67.08758544921875,89.62311553955078,61.26177978515625,59.95532989501953,63.08728790283203,4.763664722442627,60.425628662109375,53.51380920410156,38.50069808959961,6.920957565307617,83.21722412109375,70.18148040771484,66.34065246582031,5.860165596008301,55.362918853759766,38.521480560302734,91.6778335571289,7.472683429718018,,63.737518310546875,,6.1283955574035645,59.569095611572266,48.51182556152344,5.891470432281494,,63.44812774658203,,71.7636947631836,52.81373596191406,59.70036697387695,41.02368927001953,79.8620376586914,71.97159576416016,48.05950927734375,57.05056381225586,5.636092185974121,5.7599921226501465,,53.785011291503906,,55.75624084472656,53.23128128051758,,5.77665376663208,65.14085388183594,62.777748107910156,56.95954895019531,,
2022-08-08,6.063726902008057,102.43484497070312,119.79933166503906,9.049174308776855,72.4010009765625,12.877349853515625,61.919410705566406,4.589554309844971,66.06644439697266,61.14248275756836,69.36912536621094,69.33658599853516,67.83528137207031,90.6947021484375,61.12239074707031,59.94306945800781,62.996341705322266,4.789335250854492,60.5517578125,53.86237716674805,38.91987228393555,6.960358142852783,83.21026611328125,70.27997589111328,66.46363067626953,5.843917369842529,56.821903228759766,38.24026107788086,94.261474609375,7.562941074371338,,63.60763168334961,,6.1283955574035645,59.23688888549805,48.4789924621582,5.93035888671875,,61.6049919128418,,71.7636947631836,52.69977951049805,59.729515075683594,40.99213409423828,80.0784912109375,73.5670394897461,48.1400146484375,56.72148513793945,5.571944713592529,5.757720470428467,,53.98481369018555,,56.21126937866211,52.657623291015625,,5.7540130615234375,63.92875671386719,62.57245635986328,56.87946701049805,,
2022-08-09,6.100738048553467,103.97937774658203,120.48394775390625,9.003473281860352,73.19670104980469,13.088292121887207,61.84639358520508,4.643441200256348,64.8397445678711,60.85574722290039,69.62517547607422,69.46753692626953,68.59722900390625,91.53923034667969,61.168853759765625,59.90019607543945,62.69100570678711,4.788660049438477,59.920989990234375,54.33396530151367,39.609039306640625,6.987279415130615,83.21722412109375,70.56136322021484,66.74193572998047,5.9305739402771,57.121036529541016,38.49469757080078,92.06502532958984,7.579407215118408,,63.514862060546875,,6.1283955574035645,59.04884338378906,50.3961181640625,5.960172653198242,,59.68768310546875,,71.7636947631836,52.4206428527832,59.233924865722656,40.84889602661133,80.5384292602539,74.52432250976562,48.92501449584961,55.96839904785156,5.578295707702637,5.7406816482543945,,55.303466796875,,56.38431930541992,52.856407165527344,,5.766526222229004,64.0540542602539,62.57908630371094,56.682289123535156,,
2022-08-10,6.113071918487549,105.17829132080078,121.01883697509766,9.072942733764648,73.39386749267578,13.453791618347168,61.566593170166016,4.789793491363525,63.55695343017578,60.53318405151367,70.35066223144531,69.30901336669922,70.32054901123047,93.2069091796875,60.817020416259766,59.544883728027344,62.229759216308594,4.8002424240112305,58.7352180480957,55.35914611816406,40.92340850830078,7.03915548324585,83.56688690185547,70.84275817871094,67.08499908447266,5.971196174621582,58.193416595458984,39.191070556640625,93.59133911132812,7.726317882537842,,63.4530143737793,,6.1283955574035645,58.69160461425781,51.98493194580078,6.063225269317627,,59.060001373291016,,71.7636947631836,52.74538040161133,60.155574798583984,40.726139068603516,80.89920043945312,73.19831085205078,49.95156478881836,55.08244705200195,5.555432319641113,5.761129856109619,,54.60017013549805,,56.39712142944336,52.714412689208984,,5.766526222229004,63.97991180419922,62.57245635986328,55.78893280029297,,
2022-08-11,6.119241714477539,108.03945922851562,121.32548522949219,9.081164360046387,73.583984375,13.454484939575195,61.43276596069336,4.916192054748535,64.48925018310547,60.920555114746094,70.41468811035156,69.49507904052734,71.05401611328125,94.02300262451172,61.733070373535156,59.9971923828125,61.749027252197266,4.8411173820495605,58.7989616394043,55.72819137573242,42.40121841430664,7.2230143547058105,83.56688690185547,71.10304260253906,67.88106536865234,5.9725494384765625,57.55873489379883,38.6554069519043,96.04093933105469,7.7717766761779785,,63.81792068481445,,6.194676876068115,58.892154693603516,52.326316833496094,6.124149799346924,,60.378170013427734,,71.7636947631836,52.882118225097656,60.39197540283203,40.78751754760742,82.0716552734375,75.29719543457031,51.6557502746582,55.63933563232422,5.525580406188965,5.770386695861816,,55.495262145996094,,56.58299255371094,52.35658645629883,,5.7528204917907715,63.90319061279297,62.83733367919922,55.850547790527344,,
2022-08-12,6.0822319984436035,108.52484130859375,122.23112487792969,9.103104591369629,73.83749389648438,13.666128158569336,61.46927261352539,4.948123931884766,66.1645736694336,61.301876068115234,70.7845230102539,69.26075744628906,71.35306549072266,95.0946044921875,61.733070373535156,60.1025390625,62.45062255859375,4.9732842445373535,58.75432205200195,56.035728454589844,43.33192825317383,7.219072341918945,85.23822784423828,71.32818603515625,66.53485107421875,6.228457927703857,57.690040588378906,39.519168853759766,95.22196197509766,7.719732284545898,,63.824100494384766,,6.194676876068115,59.355979919433594,54.00050354003906,6.1559062004089355,,61.39387512207031,,71.7636947631836,53.486000061035156,60.56331253051758,41.16265106201172,82.98255157470703,75.11992645263672,51.2598991394043,56.76578903198242,5.564959526062012,5.776139736175537,,55.737281799316406,,56.973915100097656,52.53834533691406,,5.779634475708008,63.92875671386719,63.029361724853516,56.23871612548828,,
2022-08-15,6.094568729400635,110.09152221679688,123.2081298828125,9.118646621704102,74.49939727783203,13.905613899230957,61.7308464050293,4.9860429763793945,66.73236083984375,61.19291687011719,71.48153686523438,70.16365051269531,74.27986907958984,97.67068481445312,62.317203521728516,60.31940841674805,63.62000274658203,5.020971775054932,58.33989715576172,56.3842887878418,45.00865173339844,7.407527923583984,85.23822784423828,72.10202026367188,67.31150817871094,6.45322322845459,58.28825378417969,41.240020751953125,102.33250427246094,7.663735389709473,,63.7807731628418,,6.194676876068115,59.85112380981445,54.17121505737305,6.22201681137085,,62.32398986816406,,71.7636947631836,53.55436706542969,59.90739440917969,41.803794860839844,82.86530303955078,74.84339904785156,50.991512298583984,59.297157287597656,5.589729309082031,5.775563716888428,,56.43107604980469,,58.319740295410156,52.87912368774414,,5.778443336486816,64.41205596923828,64.22136688232422,56.64533615112305,,
2022-08-16,6.119241714477539,109.20890808105469,122.58768463134766,9.109500885009766,75.28804779052734,13.895869255065918,61.99848556518555,4.976065635681152,67.0267562866211,61.10212326049805,71.39618682861328,70.5859603881836,74.61453247070312,97.44361114501953,61.819366455078125,60.4061393737793,63.600521087646484,4.999170780181885,58.81810760498047,56.67817306518555,44.9020881652832,7.354341506958008,85.13330841064453,72.35527801513672,67.24678039550781,6.466763496398926,58.34661865234375,42.920684814453125,103.45680236816406,7.738177299499512,,63.71896743774414,,6.194676876068115,59.54402160644531,55.41208267211914,6.219423294067383,,61.76477813720703,,71.7636947631836,54.01016616821289,60.267845153808594,42.560890197753906,83.36134338378906,75.16956329345703,51.6557502746582,59.993289947509766,5.629106044769287,5.780168056488037,,56.1164436340332,,57.787811279296875,53.02680206298828,,5.7593770027160645,64.42739868164062,64.18161010742188,57.286067962646484,,
2022-08-17,6.150084972381592,109.18685150146484,122.5591812133789,9.30876636505127,75.48519897460938,13.923019409179688,61.82817077636719,4.988703727722168,66.94966888427734,61.168724060058594,73.11744689941406,70.75950622558594,74.4151611328125,98.32357788085938,62.50971221923828,60.50529479980469,63.21722412109375,4.985546112060547,58.81170654296875,57.409446716308594,45.52730178833008,7.288677215576172,85.14031982421875,72.81255340576172,67.31150817871094,6.461349010467529,59.09071350097656,43.657222747802734,104.20879364013672,7.721045970916748,,63.63853454589844,,6.194676876068115,59.449989318847656,55.67469787597656,6.317290306091309,,61.336795806884766,,71.7636947631836,55.26356887817383,60.155574798583984,43.07926940917969,82.84727478027344,75.17666625976562,52.66215133666992,59.01238250732422,5.622119426727295,5.781316757202148,,56.2132453918457,,57.86475372314453,53.33352279663086,,5.776059150695801,66.09979248046875,64.87692260742188,56.817874908447266,,
2022-08-18,6.1624226570129395,109.13531494140625,122.8729476928711,9.43307876586914,76.02742004394531,13.948083877563477,62.02280807495117,4.982717514038086,66.5921630859375,61.13241958618164,73.54422760009766,71.07891082763672,74.94927215576172,99.08289337158203,62.230926513671875,60.48051834106445,63.340667724609375,5.023698329925537,59.11139678955078,58.59865951538086,45.896751403808594,7.2407450675964355,86.01445770263672,72.93920135498047,67.602783203125,6.520925998687744,59.12720489501953,43.931766510009766,102.00489807128906,7.717094898223877,,63.805538177490234,,6.194676876068115,58.94231414794922,55.293907165527344,6.286828994750977,,61.25692367553711,,71.7636947631836,55.719337463378906,60.267845153808594,43.07926940917969,83.72209930419922,75.04193878173828,53.80276107788086,58.50609588623047,5.566863536834717,5.787069797515869,,56.06804275512695,,57.909576416015625,53.651580810546875,,5.746860980987549,65.56277465820312,64.8835678100586,56.62069320678711,,
2022-08-19,6.174759387969971,109.11326599121094,122.63764190673828,9.479080200195312,76.3302001953125,13.88890552520752,62.053245544433594,4.9860429763793945,66.20662689208984,61.12635040283203,74.90983581542969,71.41905212402344,75.0916519165039,98.1461410522461,62.24420928955078,60.63539505004883,63.14574432373047,5.0345988273620605,58.83723068237305,58.776371002197266,45.896751403808594,7.2407450675964355,85.72772216796875,73.15026092529297,67.9263916015625,6.515509128570557,59.63784408569336,43.4295768737793,103.19622802734375,7.713064670562744,,63.63236999511719,,6.194676876068115,58.917213439941406,55.47774887084961,6.250533103942871,,61.57075881958008,,71.7636947631836,55.29203796386719,60.30333709716797,42.97012710571289,82.91041564941406,75.94246673583984,53.594757080078125,59.01238250732422,5.5211358070373535,5.7686591148376465,,56.3907356262207,,57.678897857666016,53.60048294067383,,5.778443336486816,65.20733642578125,65.5523910522461,57.29842758178711,,
2022-08-22,6.199436664581299,109.29716491699219,121.58936309814453,9.478157997131348,76.73858642578125,13.911181449890137,62.04716110229492,4.987374782562256,66.36082458496094,61.023460388183594,75.44327545166016,71.57180786132812,74.59318542480469,98.27391052246094,62.39685821533203,60.6601676940918,63.19772720336914,5.058442115783691,59.136898040771484,59.118072509765625,44.9020881652832,7.223667621612549,86.23821258544922,73.17134094238281,67.958740234375,6.640078067779541,59.01777267456055,44.12594985961914,104.05988311767578,7.729641437530518,,64.27555847167969,,6.194676876068115,58.88591003417969,55.01814270019531,6.409972667694092,,62.706329345703125,,71.7636947631836,55.582603454589844,60.27374267578125,43.31116485595703,82.97354125976562,75.38227081298828,53.22574996948242,58.87313461303711,5.589729309082031,5.783617973327637,,56.3907356262207,,58.319740295410156,53.50959396362305,,5.79155158996582,65.1229476928711,65.98283386230469,57.35386657714844,,
2022-08-23,6.217938423156738,109.07649230957031,120.61942291259766,9.371403694152832,76.7456283569336,13.944598197937012,62.14448165893555,4.989370346069336,66.57112884521484,61.01740646362305,75.35791778564453,70.6970443725586,75.54740142822266,99.11836242675781,62.562828063964844,60.598201751708984,63.43162155151367,5.033236026763916,59.87651824951172,59.364105224609375,44.291072845458984,7.321508884429932,86.71373748779297,73.31910705566406,67.958740234375,6.618413925170898,59.15633773803711,44.179527282714844,103.48661041259766,7.706430435180664,,64.31884002685547,,6.194676876068115,58.917213439941406,55.14945602416992,6.432010173797607,,62.50660705566406,,71.7636947631836,55.605384826660156,60.852874755859375,42.936031341552734,83.09980010986328,76.2260971069336,53.6618537902832,58.80354309082031,5.547809600830078,5.783617973327637,,56.47140121459961,,58.21080017089844,53.23695755004883,,5.79155158996582,66.23017883300781,66.08216094970703,57.347713470458984,,
2022-08-24,6.224110126495361,109.21625518798828,119.59255981445312,9.411896705627441,76.92168426513672,13.95295524597168,62.40604019165039,4.989370346069336,65.93325805664062,61.10819625854492,75.79891967773438,70.81507873535156,75.94617462158203,98.86289978027344,62.18445587158203,60.288429260253906,63.14574432373047,5.095912456512451,59.60232925415039,59.45979690551758,44.759986877441406,7.431824207305908,86.80465698242188,73.67788696289062,68.19174194335938,6.728087902069092,59.856712341308594,44.05229568481445,103.49401092529297,7.699795722961426,,64.1889877319336,,6.194676876068115,58.917213439941406,55.41208267211914,6.384047985076904,,61.77048873901367,,71.7636947631836,55.62819290161133,61.45561599731445,42.936031341552734,83.92051696777344,76.2260971069336,52.84329605102539,58.29093551635742,5.496999263763428,5.761180877685547,,57.03612518310547,,57.99932861328125,53.36760711669922,,5.808830738067627,65.6676254272461,66.06892395019531,57.1320686340332,,
2022-08-25,6.224110126495361,111.03296661376953,119.14329528808594,9.377848625183105,77.05548858642578,13.985678672790527,62.26005172729492,4.989370346069336,65.484619140625,61.36845016479492,76.90137481689453,70.88449096679688,76.20967102050781,99.05449676513672,62.15126037597656,60.1025390625,62.44413375854492,5.082287788391113,59.23252868652344,60.4849967956543,43.69426727294922,7.4403605461120605,87.03544616699219,73.81153869628906,68.24996948242188,6.742981910705566,60.841556549072266,44.42726135253906,101.73688507080078,7.759485244750977,,64.21370697021484,,6.194676876068115,58.917213439941406,55.85196304321289,6.384047985076904,,61.22840881347656,,71.7636947631836,55.719337463378906,61.39651107788086,43.0860710144043,84.13695526123047,75.75101470947266,53.27941131591797,58.85415267944336,5.493825435638428,5.787647247314453,,57.245880126953125,,58.76836395263672,53.810611724853516,,5.80525541305542,65.94890594482422,66.21461486816406,57.03965759277344,,
2022-08-26,6.285795211791992,112.04796600341797,119.59255981445312,9.414658546447754,77.3089599609375,14.194525718688965,62.44255447387695,5.015979290008545,65.09910583496094,61.37453079223633,77.37081146240234,71.20384979248047,76.76512145996094,99.17515563964844,62.15790557861328,60.4061393737793,62.35966873168945,5.153820514678955,58.8499641418457,61.612640380859375,43.33903503417969,7.550673484802246,87.13331604003906,73.93817901611328,68.45712280273438,6.8106865882873535,61.38139343261719,45.130332946777344,103.26322937011719,7.713064670562744,,64.38072204589844,,6.194676876068115,58.917213439941406,56.56101989746094,6.288123607635498,,61.05149459838867,,71.7636947631836,55.782012939453125,60.770145416259766,42.79960632324219,84.308349609375,76.2260971069336,53.00433349609375,58.601016998291016,5.481122970581055,5.793398380279541,,57.391082763671875,,59.79379653930664,54.066200256347656,,5.779634475708008,65.95401000976562,66.2212142944336,57.55103302001953,,
2022-08-29,6.31663703918457,112.66580200195312,120.86907958984375,9.54257583618164,77.99903869628906,14.396430015563965,62.4486083984375,5.015979290008545,65.1832504272461,61.392669677734375,76.93692779541016,71.15524291992188,76.6583023071289,99.8990249633789,62.2906379699707,60.399932861328125,62.288204193115234,5.149050712585449,58.14225769042969,61.510135650634766,43.85769271850586,7.55920934677124,87.05641174316406,73.97335815429688,69.44091033935547,6.864845275878906,64.01495361328125,46.33560562133789,102.71223449707031,7.774740695953369,,64.31884002685547,,6.194676876068115,58.917213439941406,56.521644592285156,6.397008419036865,,60.86319351196289,,71.7636947631836,54.01016616821289,61.39058303833008,42.629093170166016,86.17523193359375,76.92806243896484,53.21232223510742,58.544071197509766,5.474137306213379,5.796276092529297,,57.71379089355469,,60.33850860595703,53.99236297607422,,5.771292686462402,66.22252655029297,67.37348937988281,57.9022102355957,,
2022-08-30,6.328975200653076,113.0482406616211,121.63922882080078,9.571106910705566,78.61871337890625,14.390857696533203,62.38779830932617,5.059220790863037,64.8397445678711,61.47132873535156,77.0578384399414,71.21082305908203,76.14558410644531,100.88546752929688,62.68230438232422,59.569671630859375,62.30123519897461,5.125206470489502,58.01472091674805,62.0500602722168,43.69426727294922,7.680689811706543,87.4410400390625,74.67687225341797,70.48289489746094,6.761939525604248,63.890926361083984,46.99848556518555,102.70480346679688,7.7919840812683105,,64.31884002685547,,6.194676876068115,58.917213439941406,56.528194427490234,6.416454792022705,,60.71483612060547,,71.7636947631836,55.10972213745117,61.626956939697266,42.97012710571289,86.9238052368164,77.9278793334961,53.54777908325195,57.82896041870117,5.419516563415527,5.776139736175537,,58.20588302612305,,61.1716423034668,53.975341796875,,5.779634475708008,66.99221801757812,67.4132080078125,57.748191833496094,,
2022-08-31,6.365984916687012,113.21009063720703,123.00849914550781,9.669578552246094,79.1890640258789,14.967992782592773,62.65544509887695,5.122420787811279,65.3864974975586,61.574256896972656,76.95824432373047,72.16889190673828,76.73661804199219,101.46735382080078,62.131343841552734,60.39374923706055,62.62603759765625,5.279173374176025,57.95732498168945,62.46694564819336,43.69426727294922,7.83696985244751,89.42703247070312,76.68183898925781,71.24665069580078,6.832348346710205,63.693946838378906,47.13911056518555,103.49401092529297,7.791321754455566,,64.34976959228516,,6.194676876068115,58.917213439941406,56.73829650878906,6.415157318115234,,61.662052154541016,,71.7636947631836,55.51992416381836,61.27241516113281,43.10654830932617,88.38484954833984,80.43804168701172,54.010746002197266,57.5884895324707,5.411893367767334,5.770386695861816,,59.190101623535156,,61.41518783569336,54.12868118286133,,5.749841690063477,67.23771667480469,68.17472076416016,58.57994842529297,,
2022-09-01,6.291062831878662,112.8971939086914,122.01087951660156,9.44226360321045,78.80636596679688,14.880438804626465,62.570701599121094,5.129796504974365,66.1645736694336,61.70741271972656,74.8889389038086,70.89142608642578,76.19893646240234,98.94134521484375,61.683841705322266,60.040565490722656,61.78800964355469,5.185841083526611,57.702327728271484,61.55125427246094,43.17563247680664,7.889500617980957,88.7810287475586,77.4605484008789,71.08601379394531,6.856888294219971,63.532569885253906,47.13911056518555,101.79642486572266,7.825808525085449,,64.75645446777344,,6.194676876068115,59.30408477783203,57.056007385253906,6.373900413513184,,62.421016693115234,,72.71290588378906,54.63686752319336,61.922428131103516,43.26340866088867,86.7124252319336,80.49439239501953,53.9769287109375,58.62165069580078,5.427162170410156,5.756002902984619,,59.190101623535156,,62.06166458129883,53.92724609375,,5.8240156173706055,67.63906860351562,67.62543487548828,58.442996978759766,,
2022-09-02,6.291062831878662,112.34226989746094,121.6519775390625,9.699951171875,79.28119659423828,14.758570671081543,62.78630065917969,5.1546101570129395,66.3468246459961,61.97372055053711,75.54051971435547,71.91893768310547,78.24928283691406,99.8404312133789,61.737281799316406,60.6601676940918,62.88589859008789,5.279856204986572,57.9190673828125,61.647674560546875,43.69426727294922,7.7935686111450195,89.94224548339844,77.4605484008789,71.84260559082031,6.640138626098633,63.019012451171875,46.951622009277344,102.89835357666016,7.9140119552612305,,64.75645446777344,,6.194676876068115,59.48802185058594,56.67210388183594,6.355564594268799,,62.483760833740234,,72.71290588378906,54.68814468383789,61.00651550292969,43.06561279296875,86.99419403076172,81.158203125,53.62519454956055,57.5183219909668,5.423961639404297,5.807781219482422,,59.94036102294922,,61.08549880981445,53.98481369018555,,5.787229537963867,69.1184310913086,68.13981628417969,56.63804626464844,,
2022-09-05,6.334707260131836,113.12657165527344,121.2931137084961,9.722956657409668,79.01897430419922,14.921063423156738,62.712398529052734,5.153939723968506,66.41691589355469,62.28240203857422,76.07756042480469,72.4813232421875,76.82263946533203,100.45411682128906,61.617034912109375,60.72214889526367,62.98336410522461,5.367059230804443,57.893585205078125,63.27253341674805,43.196937561035156,7.7935686111450195,89.3370361328125,77.4605484008789,71.74475860595703,6.788724422454834,62.358726501464844,47.11899948120117,102.86116027832031,7.845703125,,65.06927490234375,,6.194676876068115,59.564117431640625,57.25458526611328,6.28614616394043,,62.59790802001953,,72.71290588378906,54.6539421081543,61.526512145996094,43.768131256103516,87.85765838623047,78.91690063476562,53.94308853149414,57.71603012084961,5.462382793426514,5.807781219482422,,61.11819076538086,,61.285884857177734,54.537296295166016,,5.814365386962891,69.09529876708984,68.27342987060547,56.575828552246094,,
2022-09-06,6.353410720825195,112.16471862792969,121.46542358398438,9.646574020385742,78.80636596679688,14.796388626098633,62.83558654785156,5.155950546264648,66.3958969116211,62.294498443603516,75.68374633789062,72.4813232421875,76.2706527709961,99.53359985351562,61.25634765625,60.75313949584961,63.01585388183594,5.212409973144531,58.454673767089844,63.079734802246094,43.282196044921875,7.749903202056885,89.37922668457031,77.67300415039062,72.57962036132812,6.705572128295898,62.31474685668945,46.33560562133789,102.86116027832031,7.758822441101074,,65.38211822509766,,6.194676876068115,59.430931091308594,57.47960662841797,6.346395969390869,,62.47237777709961,,72.71290588378906,54.75080871582031,61.45561599731445,43.515777587890625,88.32122802734375,79.66636657714844,53.36817169189453,58.226234436035156,5.4675068855285645,5.807205677032471,,60.9084358215332,,61.182456970214844,55.239471435546875,,5.827631950378418,69.06956481933594,68.146484375,56.806095123291016,,
2022-09-08,6.291062831878662,112.37185668945312,121.07778930664062,9.589516639709473,78.4520263671875,14.745258331298828,62.77399444580078,5.129796504974365,65.89119720458984,62.645591735839844,75.7266845703125,72.05084991455078,76.31363677978516,100.55401611328125,61.21628189086914,60.78409957885742,62.53511047363281,5.196059703826904,58.70332717895508,63.100372314453125,43.05485916137695,7.799523830413818,89.9774398803711,76.11526489257812,72.9057388305664,6.678305149078369,62.20468521118164,47.03866958618164,103.96885681152344,7.739589214324951,,65.14437866210938,,6.194676876068115,59.17090606689453,57.57891845703125,6.35228967666626,,62.33538818359375,,72.71290588378906,54.779300689697266,61.550148010253906,43.09971618652344,87.88494873046875,79.75202178955078,53.38169479370117,58.6854133605957,5.4675068855285645,5.801453113555908,,61.868446350097656,,61.47336959838867,55.39485168457031,,5.817382335662842,68.5112533569336,67.94609069824219,57.1048583984375,,
2022-09-09,6.340941905975342,112.75664520263672,120.94144439697266,9.764371871948242,78.5583267211914,14.821609497070312,62.82942199707031,5.096264839172363,64.73973083496094,62.645591735839844,76.3138427734375,72.81453704833984,77.61125946044922,100.92505645751953,61.34318542480469,60.790283203125,62.74947738647461,5.1367878913879395,58.384525299072266,63.49970245361328,43.79927062988281,7.872955322265625,90.25897216796875,77.31893157958984,73.04920959472656,6.814626216888428,61.62510681152344,46.78251647949219,103.87153625488281,7.792649745941162,,65.06304168701172,,6.194676876068115,59.075782775878906,57.90986251831055,6.377829074859619,,61.39005661010742,,72.71290588378906,54.693843841552734,61.43196487426758,42.53271484375,88.43939971923828,80.6585464477539,53.361385345458984,59.1637077331543,5.48159646987915,5.856868743896484,,61.9249267578125,,61.39578628540039,55.314300537109375,,5.819190979003906,67.41009521484375,68.12644958496094,57.73969650268555,,
2022-09-12,6.340941905975342,112.46804809570312,120.09455108642578,9.89321517944336,78.11186981201172,14.77888011932373,62.77399444580078,5.096264839172363,64.34478759765625,62.53661346435547,76.39260864257812,72.39105224609375,77.35316467285156,100.81088256835938,61.316490173339844,60.75313949584961,62.593563079833984,5.183797359466553,58.5758171081543,63.121002197265625,43.2982063293457,7.736008644104004,90.32936096191406,77.07112884521484,73.31009674072266,6.732834339141846,60.96484375,46.243228912353516,100.73552703857422,7.736276149749756,,65.09429931640625,,6.194676876068115,59.29139709472656,57.863525390625,6.437422275543213,,60.97502136230469,,72.71290588378906,54.847660064697266,61.45561599731445,42.477813720703125,87.82130432128906,79.68061828613281,54.477455139160156,59.09994888305664,5.431005954742432,5.827730655670166,,61.690975189208984,,61.363460540771484,54.790550231933594,,5.828235626220703,67.3689193725586,68.3134765625,57.5094108581543,,
2022-09-13,6.353410720825195,111.98713684082031,120.16635131835938,9.883088111877441,77.88506317138672,14.827909469604492,62.58916091918945,5.056694984436035,64.4928970336914,62.38038635253906,76.04173278808594,72.06475067138672,77.78327941894531,100.06880187988281,61.38994216918945,60.75313949584961,61.65156173706055,5.10894775390625,58.0211067199707,62.1846923828125,42.94748306274414,7.824659824371338,90.16040802001953,77.67300415039062,73.29706573486328,6.6387739181518555,61.88188171386719,46.357818603515625,101.10228729248047,7.715051651000977,,65.3368911743164,,6.194676876068115,59.51339340209961,57.87013626098633,6.463618278503418,,60.90584945678711,,72.71290588378906,54.876155853271484,61.276119232177734,42.319976806640625,88.24851989746094,79.55929565429688,53.462860107421875,59.43794250488281,5.478394031524658,5.83355712890625,,60.9084358215332,,61.091949462890625,54.663936614990234,,5.784816741943359,66.8929672241211,68.00619506835938,57.5094108581543,,
2022-09-14,6.359644889831543,111.43965148925781,119.99408721923828,9.755167007446289,77.86382293701172,14.796388626098633,62.49678421020508,5.096264839172363,64.51407623291016,62.23944091796875,76.46420288085938,72.14111328125,78.070068359375,100.06880187988281,61.57695770263672,61.1165657043457,62.07383346557617,5.139849662780762,58.03398895263672,61.27587127685547,41.8737907409668,7.79158353805542,90.17452239990234,77.8145751953125,72.91224670410156,6.63604736328125,61.98457717895508,45.23206329345703,102.53185272216797,7.799278259277344,,64.8800277709961,,6.261675834655762,59.608489990234375,57.9164924621582,6.443317413330078,,61.16525650024414,,72.71290588378906,54.52861022949219,62.172828674316406,42.30625915527344,88.48483276367188,80.03753662109375,53.55754852294922,58.86398696899414,5.456618785858154,5.746140003204346,,59.900028228759766,,61.33115768432617,54.65242385864258,,5.807128429412842,66.8929672241211,68.21331787109375,57.447181701660156,,
2022-09-15,6.347175121307373,110.17447662353516,119.81465148925781,9.733081817626953,77.88506317138672,14.736852645874023,61.82530212402344,5.1277852058410645,64.59871673583984,62.4110107421875,76.54297637939453,72.27999877929688,76.92300415039062,99.25532531738281,61.45006561279297,60.78446960449219,62.98336410522461,5.142594337463379,58.453033447265625,61.96434783935547,41.25820541381836,7.784306049346924,89.97042083740234,77.88540649414062,72.33175659179688,6.775094509124756,62.358726501464844,45.33993911743164,104.50778198242188,7.855648517608643,,65.33065032958984,,6.261675834655762,60.24272918701172,57.9164924621582,6.474752902984619,,61.77627944946289,,72.71290588378906,54.92171096801758,61.93372344970703,44.00125503540039,88.48483276367188,80.80131530761719,53.36817169189453,57.78618621826172,5.537307262420654,5.7519683837890625,,60.688934326171875,,61.41518783569336,54.7042236328125,,5.816175937652588,67.79085540771484,68.10639953613281,56.90565872192383,,
2022-09-16,6.421994686126709,114.49535369873047,124.8817138671875,9.683359146118164,77.9559097290039,14.694828033447266,62.459842681884766,5.14387845993042,66.14311981201172,62.47230529785156,78.50486755371094,72.65632629394531,78.42133331298828,100.25431823730469,62.11798858642578,60.916038513183594,62.190773010253906,5.08491325378418,58.54972457885742,62.94890213012695,42.44642639160156,7.872298717498779,90.01261901855469,78.16863250732422,72.23396301269531,6.775094509124756,63.05569076538086,45.205116271972656,105.08407592773438,7.900087356567383,,65.27432250976562,,6.261675834655762,60.15392303466797,57.9164924621582,6.470167636871338,,57.643245697021484,,72.71290588378906,55.235069274902344,61.850006103515625,43.170902252197266,88.40303039550781,79.75916290283203,53.53727722167969,57.1739501953125,5.48479700088501,5.728658676147461,,61.86009979248047,,61.58326721191406,55.049530029296875,,5.825218200683594,67.51041412353516,68.11978912353516,56.63804626464844,,
2022-09-19,6.421994686126709,113.64447021484375,123.8194580078125,9.68798828125,77.74333953857422,14.707436561584473,62.36739730834961,5.190825939178467,65.14170837402344,62.44778823852539,78.11105346679688,72.48151397705078,78.17756652832031,100.61822509765625,61.84413146972656,60.909793853759766,62.61955261230469,5.1007080078125,57.95664596557617,63.58231735229492,43.19800567626953,7.919271945953369,89.35814666748047,77.7791976928711,73.02313232421875,6.709659099578857,62.94564437866211,45.366905212402344,104.5152587890625,8.00247859954834,,65.1491470336914,,6.261675834655762,60.57883071899414,57.90986251831055,6.450521469116211,,59.31490707397461,,72.71290588378906,54.92171096801758,61.67068099975586,43.232666015625,88.43939971923828,79.4379653930664,53.62519454956055,58.41756820678711,5.487999439239502,5.769453048706055,,60.99798583984375,,61.9388313293457,55.13587188720703,,5.825218200683594,67.02159881591797,68.12644958496094,57.21066665649414,,
2022-09-20,6.390819549560547,113.9329833984375,124.23577117919922,9.715887069702148,77.80003356933594,14.764871597290039,62.435157775878906,5.2176513671875,64.80319213867188,62.490699768066406,77.21601867675781,72.67730712890625,78.34963989257812,100.9678726196289,61.59700393676758,60.72178649902344,62.78193664550781,5.136415958404541,57.982418060302734,63.768226623535156,44.01399230957031,7.9384565353393555,89.46368408203125,78.0624008178711,73.40139770507812,6.5978803634643555,63.679283142089844,45.3534049987793,104.93436431884766,8.130560874938965,,65.0865478515625,,6.261675834655762,60.654945373535156,58.24741744995117,6.419086456298828,,60.36400604248047,,72.71290588378906,55.200897216796875,61.5152473449707,43.40422821044922,88.51209259033203,79.60215759277344,55.938472747802734,57.93287658691406,5.494401454925537,5.775279998779297,,61.160640716552734,,61.71258544921875,55.2509765625,,5.840295314788818,66.49673461914062,68.1331558227539,57.26046371459961,,
2022-09-21,6.421994686126709,113.34110260009766,123.44629669189453,9.65451717376709,77.63701629638672,14.708145141601562,62.37358093261719,5.327638149261475,64.56340789794922,62.484554290771484,77.88908386230469,72.57244873046875,78.49300384521484,101.12484741210938,61.663795471191406,60.8909797668457,62.66502380371094,5.235984802246094,58.182273864746094,64.02294158935547,42.69694519042969,7.892144203186035,89.59036254882812,77.8499984741211,73.14053344726562,6.655131816864014,63.818668365478516,45.899436950683594,106.28163146972656,8.207134246826172,,65.4620590209961,,6.261675834655762,60.57883071899414,58.353328704833984,6.434803009033203,,59.97203826904297,,72.71290588378906,55.235069274902344,61.276119232177734,43.232666015625,88.38484954833984,79.23099517822266,56.006126403808594,56.96989059448242,5.532824993133545,5.781108379364014,,61.168785095214844,,61.21477127075195,55.44089889526367,,5.848135948181152,66.94441223144531,68.19992065429688,57.248016357421875,,
2022-09-22,6.3970561027526855,112.64561462402344,123.46063232421875,9.758661270141602,77.84962463378906,14.773975372314453,62.311973571777344,5.371901035308838,64.62689971923828,62.6254997253418,78.18978881835938,72.71925354003906,79.18124389648438,101.68855285644531,61.67045974731445,61.03511428833008,62.353214263916016,5.266885757446289,58.01465606689453,64.20194244384766,43.44853210449219,7.870314598083496,90.01261901855469,78.02698516845703,73.44056701660156,6.780547142028809,63.826011657714844,46.276920318603516,107.83097076416016,8.166064262390137,,66.27567291259766,,6.261675834655762,60.680301666259766,59.564632415771484,6.400749683380127,,59.77604293823242,,72.71290588378906,55.16672134399414,60.726131439208984,43.05425262451172,88.67572021484375,79.5450439453125,54.81566619873047,57.04639434814453,5.532185077667236,5.781108379364014,,60.99798583984375,,61.58326721191406,55.90132141113281,,5.8493428230285645,67.11679077148438,68.80116271972656,57.19821548461914,,
2022-09-23,6.353410720825195,112.71223449707031,123.2165756225586,9.665677070617676,77.88506317138672,14.722151756286621,62.238040924072266,5.365193843841553,64.20375061035156,62.6254997253418,78.1683349609375,72.8661117553711,78.700927734375,101.56723022460938,61.316490173339844,61.022579193115234,62.08033752441406,5.263453483581543,57.68587112426758,64.40852355957031,43.73484802246094,7.912654399871826,89.4988784790039,77.80748748779297,73.65579223632812,6.781908988952637,63.826011657714844,45.90617752075195,107.77854919433594,8.155620574951172,,65.40571594238281,,6.261675834655762,60.407588958740234,59.564632415771484,6.411227703094482,,59.62619400024414,,72.71290588378906,55.42879104614258,60.014713287353516,42.86210250854492,88.97564697265625,80.25169372558594,54.45718002319336,57.12932205200195,5.539228439331055,5.781108379364014,,60.91667175292969,,62.12630844116211,56.2293701171875,,5.844518184661865,67.14509582519531,69.45585632324219,56.94924545288086,,
2022-09-26,6.403290748596191,112.28309631347656,122.91515350341797,9.666607856750488,77.88506317138672,14.733352661132812,62.435157775878906,5.339040756225586,63.907562255859375,62.61936950683594,78.76262664794922,72.71925354003906,79.28876495361328,102.02393341064453,61.12944030761719,60.897247314453125,61.930938720703125,5.2366719245910645,56.75752258300781,65.20027160644531,43.82789611816406,7.906036853790283,89.8226089477539,77.85704803466797,73.79927062988281,6.805082321166992,63.61326217651367,45.96684646606445,107.77854919433594,8.157015800476074,,65.52465057373047,,6.261675834655762,60.75640869140625,59.51829147338867,6.406642913818359,,59.42443084716797,,72.71290588378906,55.26356887817383,59.95494842529297,42.567012786865234,89.25743865966797,79.9518814086914,56.006126403808594,57.19306564331055,5.450857162475586,5.839385509490967,,60.753997802734375,,61.925899505615234,56.21786117553711,,5.848738670349121,66.50702667236328,68.87464904785156,56.812339782714844,,
2022-09-27,6.36588191986084,112.27568054199219,122.65678405761719,9.661954879760742,77.86382293701172,14.766971588134766,62.45363998413086,5.298129558563232,63.484405517578125,62.67451095581055,77.5167465209961,72.488525390625,78.74393463134766,102.30219268798828,60.94908905029297,60.65912628173828,61.261756896972656,5.198904514312744,56.892906188964844,64.89044189453125,43.82074737548828,7.859729290008545,90.04078674316406,77.24815368652344,73.9362564086914,6.80917501449585,63.598567962646484,45.98033142089844,110.02393341064453,8.172327995300293,,65.39948272705078,,6.261675834655762,60.819828033447266,60.219905853271484,6.369317054748535,,58.911399841308594,,72.71290588378906,54.95590591430664,59.004425048828125,42.340553283691406,88.89385986328125,79.99474334716797,54.802127838134766,57.524723052978516,5.434206962585449,5.851041316986084,,60.72147750854492,,62.669349670410156,55.99915313720703,,5.855374336242676,67.06018829345703,68.28012084960938,56.750083923339844,,
2022-09-28,6.403290748596191,112.00196075439453,122.69265747070312,9.66474723815918,77.76459503173828,14.708833694458008,62.50295639038086,5.284714221954346,63.06834411621094,62.50906753540039,77.2375259399414,72.04801940917969,78.34963989257812,102.30935668945312,60.96246337890625,60.909793853759766,60.547176361083984,5.20920467376709,57.44090270996094,64.37407684326172,43.6561164855957,7.9384565353393555,90.16040802001953,77.10652923583984,74.00799560546875,6.754644393920898,63.81133270263672,46.73532485961914,108.4896011352539,8.16536808013916,,65.30559539794922,,6.261675834655762,60.490055084228516,60.166954040527344,6.347705841064453,,58.813392639160156,,72.71290588378906,54.693843841552734,59.303306579589844,41.9013786315918,88.66661834716797,80.45870208740234,55.23503875732422,56.98263168334961,5.468786716461182,5.827730655670166,,60.53440475463867,,62.32026290893555,55.67110824584961,,5.848738670349121,66.50702667236328,67.94609069824219,56.202369689941406,,
2022-09-29,6.409523963928223,112.23130798339844,122.91515350341797,9.633132934570312,77.77165222167969,14.6268892288208,62.995758056640625,5.242462635040283,62.327850341796875,62.527442932128906,78.01082611083984,71.90116882324219,78.39265441894531,101.82412719726562,60.915706634521484,60.42098617553711,60.22233581542969,5.231177806854248,57.221710205078125,64.02982330322266,42.310428619384766,7.945076942443848,90.125244140625,76.82331085205078,74.19060516357422,6.776457786560059,63.31248092651367,46.60725402832031,103.27278900146484,8.166064262390137,,65.24300384521484,,6.261675834655762,60.077796936035156,60.4184684753418,6.360801696777344,,58.70964813232422,,72.71290588378906,54.60837936401367,59.925052642822266,41.70923614501953,88.6847915649414,79.55216217041016,56.06025314331055,56.829566955566406,5.45598030090332,5.839385509490967,,60.420536041259766,,62.06812286376953,55.676876068115234,,5.8493428230285645,66.0567855834961,67.73230743408203,56.11524200439453,,
2022-09-30,6.421994686126709,113.05254364013672,123.08745574951172,9.629412651062012,79.01190948486328,15.129091262817383,63.082008361816406,5.364522457122803,63.011932373046875,63.12183380126953,78.6695556640625,72.02007293701172,79.16690826416016,102.83740997314453,61.04928970336914,61.03511428833008,58.85808181762695,5.251092433929443,58.0533447265625,64.89044189453125,43.16221618652344,7.922581195831299,91.03313446044922,76.82331085205078,75.08415985107422,6.815988063812256,64.3762435913086,47.04541015625,110.00149536132812,8.160493850708008,,65.5309066772461,,6.261675834655762,60.591522216796875,61.18629837036133,6.356872081756592,,58.726932525634766,,72.71290588378906,54.9730110168457,59.60821533203125,42.127830505371094,89.07564544677734,82.7999038696289,55.390602111816406,57.46731185913086,5.48159646987915,5.868524551391602,,59.99762725830078,,62.25559997558594,55.56174850463867,,5.8493428230285645,67.40751647949219,67.7256088256836,54.59659957885742,,
2022-10-03,6.453378677368164,112.42517852783203,120.9926528930664,9.612676620483398,78.4910888671875,15.117114067077637,62.878177642822266,5.364522457122803,63.42095947265625,62.778682708740234,77.7828598022461,71.67041778564453,77.97625732421875,99.50847625732422,61.04929733276367,60.40219497680664,58.864559173583984,5.252465724945068,57.55692672729492,64.34954071044922,41.58747482299805,7.921920299530029,90.43965911865234,77.64273834228516,75.19188690185547,6.8132452964782715,65.2172622680664,47.08583450317383,104.9718017578125,8.159102439880371,,65.8727798461914,,6.261675834655762,60.15571212768555,61.226318359375,6.389979839324951,,59.53971862792969,,73.67466735839844,55.0863037109375,60.415260314941406,41.764122009277344,89.93698120117188,81.33354949951172,54.54513931274414,57.49287414550781,5.410667896270752,5.845213413238525,,60.98986053466797,,62.862064361572266,54.31463623046875,,5.8621506690979,67.17973327636719,68.41154479980469,54.52115249633789,,
2022-10-04,6.447080612182617,110.82494354248047,120.01744842529297,9.634991645812988,77.06422424316406,15.054378509521484,62.734825134277344,5.271928310394287,65.16992950439453,62.809326171875,77.49452209472656,71.4606704711914,78.43807220458984,98.96321105957031,61.686275482177734,60.78446960449219,60.00145721435547,5.252465724945068,59.37491989135742,64.49517059326172,41.51589584350586,7.946605205535889,87.95382690429688,77.67835998535156,74.65321350097656,6.586776256561279,64.55331420898438,46.15559387207031,109.99400329589844,8.151445388793945,,64.85348510742188,,6.261675834655762,58.713645935058594,61.172916412353516,6.425076484680176,,60.46776580810547,,73.67466735839844,55.42626190185547,61.16849136352539,42.53271484375,89.7079086303711,81.61373901367188,54.27243423461914,57.20539474487305,5.531765937805176,5.821902275085449,,61.030517578125,,63.905399322509766,54.86825942993164,,5.87678861618042,67.17454528808594,70.0831069946289,54.037071228027344,,
2022-10-05,6.453378677368164,111.36082458496094,120.65309143066406,9.619183540344238,78.06302642822266,14.942309379577637,62.6475715637207,5.271928310394287,63.96396255493164,63.05442810058594,77.3647689819336,71.32083892822266,78.11336517333984,99.83847045898438,61.02246856689453,60.972469329833984,61.67755126953125,5.253152847290039,58.7366943359375,64.3564682006836,42.5036735534668,7.971297264099121,88.24420166015625,77.8992691040039,74.21969604492188,6.610108852386475,63.88931655883789,45.99382019042969,108.15276336669922,8.16536808013916,,64.89781188964844,,6.261675834655762,60.24543762207031,59.77202606201172,6.422428131103516,,60.485050201416016,,73.67466735839844,55.31679916381836,60.415260314941406,42.27194595336914,89.5246353149414,81.57063293457031,54.2656135559082,57.49287414550781,5.484743118286133,5.868524551391602,,61.5510368347168,,62.94683837890625,55.538448333740234,,5.863979339599609,67.1771469116211,68.89683532714844,53.955322265625,,
2022-10-06,6.472264289855957,113.5416259765625,121.51994323730469,9.619183540344238,79.3471908569336,14.840818405151367,62.6849479675293,5.287472724914551,63.93577575683594,63.177005767822266,77.42964172363281,71.4606704711914,78.85663604736328,99.3004150390625,61.35103225708008,61.41111755371094,61.7230339050293,5.3630218505859375,58.75603103637695,64.21775817871094,43.48432159423828,7.997320652008057,89.2498779296875,77.96341705322266,73.77301788330078,6.641678810119629,63.564720153808594,46.18255615234375,112.07927703857422,8.154923439025879,,65.04341888427734,,6.261675834655762,61.20680618286133,59.37178039550781,6.420442581176758,,60.40435791015625,,73.67466735839844,55.893009185791016,60.977203369140625,41.9013786315918,89.34139251708984,81.92267608642578,53.93152618408203,57.85060119628906,5.516304969787598,5.868524551391602,,61.64863586425781,,62.60122299194336,55.66083526611328,,5.858490467071533,68.0805435180664,69.38883972167969,54.50859069824219,,
2022-10-07,6.491151809692383,112.72289276123047,121.96780395507812,9.6163969039917,80.93099975585938,14.954292297363281,62.884403228759766,5.3395161628723145,63.829986572265625,63.422119140625,77.52335357666016,71.4606704711914,78.78446960449219,100.87159729003906,61.451595306396484,61.28574752807617,62.21675491333008,5.3630218505859375,58.923641204833984,64.31485748291016,43.29104232788086,8.007997512817383,89.94391632080078,78.38388061523438,71.57907104492188,6.670500755310059,63.59418869018555,45.83202362060547,110.25148010253906,8.16536808013916,,65.63220977783203,,6.261675834655762,61.56569290161133,59.545223236083984,6.410506725311279,,59.948970794677734,,73.67466735839844,56.75156784057617,60.767967224121094,41.98371505737305,89.79954528808594,82.94287109375,54.19062423706055,58.13166809082031,5.52983283996582,5.862699508666992,,61.97395706176758,,62.60122299194336,56.09207534790039,,5.793837547302246,68.20738983154297,69.36863708496094,54.389137268066406,,
2022-10-10,6.48485803604126,113.70535278320312,122.07611846923828,9.660093307495117,81.18783569335938,15.153055191040039,62.98414611816406,5.345598220825195,62.800357818603516,63.37921905517578,77.21338653564453,71.48865509033203,78.94319915771484,99.45109558105469,61.28398513793945,61.41111755371094,61.820518493652344,5.437872409820557,59.05903244018555,64.16229248046875,42.90884780883789,7.98597526550293,89.62522888183594,78.31973266601562,70.9419174194336,6.663637638092041,62.99663543701172,45.20753479003906,109.82271575927734,8.262822151184082,,65.30300903320312,,6.261675834655762,61.52725601196289,60.038883209228516,6.358859539031982,,59.65766906738281,,73.67466735839844,56.75732421875,61.013065338134766,41.16023254394531,89.80870056152344,82.93565368652344,54.06789016723633,58.03586959838867,5.514373302459717,5.87435245513916,,61.59983825683594,,62.73161315917969,55.20626449584961,,5.815793991088867,67.73885345458984,69.35514068603516,54.68460464477539,,
2022-10-11,6.48485803604126,113.38531494140625,122.40843200683594,9.66381549835205,81.20209503173828,14.938791275024414,63.04648208618164,5.3395161628723145,62.546485900878906,63.213741302490234,78.28025817871094,71.88020324707031,79.90292358398438,101.27337646484375,61.19007873535156,61.21682357788086,60.67057800292969,5.4776997566223145,58.65288162231445,64.48128509521484,42.8799934387207,8.138113975524902,89.09404754638672,78.31973266601562,72.11772155761719,6.851674556732178,62.81958770751953,46.07638931274414,109.73243713378906,8.27396011352539,,65.87908172607422,,6.261675834655762,61.3990478515625,60.65259552001953,6.374752044677734,,59.50621032714844,,73.67466735839844,56.93020248413086,60.38536071777344,41.17396926879883,89.35054016113281,84.68144989013672,53.97243118286133,58.61079406738281,5.507287502288818,5.821902275085449,,62.03089141845703,,63.905399322509766,55.67250061035156,,5.853000640869141,67.29878997802734,68.20933532714844,54.72862243652344,,
2022-10-13,6.465970993041992,112.87178802490234,121.35376739501953,9.698220252990723,80.68842315673828,14.942309379577637,62.952980041503906,5.353034019470215,62.27143478393555,61.97822570800781,78.41004943847656,72.0130386352539,79.275146484375,102.1557846069336,61.39125061035156,61.07272720336914,59.31569290161133,5.362109661102295,58.092018127441406,64.25244140625,43.02423095703125,8.093409538269043,89.7668685913086,78.3910140991211,71.59878540039062,6.858539581298828,62.93024826049805,45.9881477355957,109.43904876708984,8.258646011352539,,66.2842788696289,,6.261675834655762,60.72612380981445,59.70530700683594,6.372103214263916,,60.29853820800781,,73.67466735839844,56.474971771240234,60.173912048339844,41.17396926879883,88.97483825683594,83.1224594116211,54.23833084106445,57.77394485473633,5.4886088371276855,5.804418087005615,,61.851959228515625,,63.905399322509766,55.142173767089844,,5.806646347045898,67.0140609741211,68.17562866210938,54.57145309448242,,
2022-10-14,6.472264289855957,113.2215805053711,120.41471862792969,9.665677070617676,80.14623260498047,14.875349044799805,63.071407318115234,5.356414794921875,62.320804595947266,61.972049713134766,78.34515380859375,71.81026458740234,79.0875244140625,101.7684326171875,61.75331497192383,61.14243698120117,59.89822006225586,5.4036383628845215,57.54777526855469,64.42581176757812,42.17325973510742,8.126773834228516,89.16487121582031,78.3910140991211,71.52653503417969,6.862654209136963,63.2917366027832,45.68269729614258,109.69478607177734,8.351923942565918,,66.17031860351562,,6.261675834655762,60.38001251220703,60.472476959228516,6.409846782684326,,60.572349548339844,,73.67466735839844,56.87257766723633,59.570125579833984,41.13278579711914,89.60712432861328,82.66268157958984,54.72243118286133,58.13166809082031,5.520814418792725,5.809786796569824,,61.03865432739258,,64.1010513305664,55.439369201660156,,5.810305595397949,67.36608123779297,68.07453918457031,54.294822692871094,,
2022-10-17,6.434492111206055,112.15724182128906,120.2341537475586,9.619183540344238,79.33293914794922,14.734396934509277,62.94676208496094,5.400346755981445,61.707252502441406,61.61366271972656,77.88380432128906,72.1330337524414,78.94319915771484,101.7970962524414,61.384525299072266,60.95862579345703,59.26332092285156,5.378028869628906,56.718421936035156,64.41193389892578,41.68288040161133,8.134114265441895,88.64077758789062,78.3910140991211,71.65792083740234,6.899713516235352,63.02613067626953,45.743778228759766,107.56600952148438,8.361671447753906,,66.41089630126953,,6.261675834655762,60.87995529174805,60.339054107666016,6.417791843414307,,59.7974967956543,,73.67466735839844,56.67089080810547,59.23199462890625,41.41414260864258,90.14774322509766,81.79334259033203,54.436058044433594,57.4992561340332,5.499557971954346,5.797976970672607,,61.44858169555664,,64.47924041748047,55.940555572509766,,5.803596496582031,67.27806854248047,68.06778717041016,54.31998062133789,,
2022-10-18,6.447080612182617,111.97863006591797,121.10823059082031,9.66939640045166,80.23900604248047,14.779499053955078,63.027793884277344,5.405753135681152,61.46043395996094,61.21207046508789,78.28749084472656,72.32318115234375,79.3906021118164,102.19168090820312,61.88072967529297,61.10439682006836,59.57748794555664,5.384950160980225,56.47222900390625,64.40499114990234,41.668453216552734,8.167475700378418,89.08695983886719,78.49789428710938,72.27982330322266,6.899713516235352,62.863853454589844,45.743778228759766,106.82136535644531,8.266998291015625,,66.46788024902344,,6.261675834655762,60.38001251220703,60.312400817871094,6.423753261566162,,59.7159423828125,,73.67466735839844,56.9878044128418,59.05087661743164,41.44159698486328,89.55215454101562,82.17412567138672,54.74969482421875,57.365116119384766,5.496339321136475,5.868827819824219,,61.57155990600586,,65.2095947265625,56.039634704589844,,5.80481481552124,66.7474136352539,68.0880126953125,54.810359954833984,,
2022-10-19,6.465970993041992,112.6186752319336,120.2630844116211,9.730254173278809,80.15336608886719,14.766101837158203,62.72236633300781,5.4084577560424805,61.38283157348633,61.26145935058594,78.28025817871094,72.25980377197266,79.86685943603516,102.0768814086914,61.73320770263672,60.54031753540039,59.492408752441406,5.4126362800598145,56.56294631958008,64.41886901855469,41.199710845947266,8.212181091308594,88.4920654296875,78.3910140991211,72.08796691894531,6.917557716369629,64.1844253540039,45.689476013183594,108.50633239746094,8.258780479431152,,66.01836395263672,,6.261675834655762,60.501792907714844,60.672611236572266,6.416467666625977,,59.52951431274414,,73.67466735839844,56.953243255615234,58.718780517578125,41.11906814575195,89.4330062866211,81.9011001586914,54.408809661865234,57.684513092041016,5.519526958465576,5.845211505889893,,60.653316497802734,,65.2095947265625,55.80653381347656,,5.79505729675293,67.29878997802734,68.07453918457031,54.76007080078125,,
2022-10-20,6.465970993041992,112.53681945800781,120.270263671875,9.73119068145752,80.0820083618164,14.756237030029297,63.05894088745117,5.400346755981445,61.9188117980957,61.545711517333984,78.08563232421875,72.23868560791016,78.95764923095703,101.69662475585938,62.70541000366211,60.80651092529297,59.865509033203125,5.330271244049072,57.165504455566406,64.63388061523438,41.286231994628906,8.26823616027832,88.067138671875,78.747314453125,72.12104034423828,6.97108793258667,64.63446044921875,45.614810943603516,107.37799072265625,8.246169090270996,,65.92974090576172,,6.261675834655762,60.39287185668945,60.79936218261719,6.413158893585205,,59.92566680908203,,73.67466735839844,56.935951232910156,59.618431091308594,41.17396926879883,89.15811920166016,81.56342315673828,55.0565299987793,57.63340759277344,5.536271572113037,5.833402156829834,,60.03022384643555,,65.15741729736328,55.707454681396484,,5.811525821685791,66.98039245605469,68.41829681396484,54.88581848144531,,
2022-10-21,6.465970993041992,112.17214965820312,119.88019561767578,9.739624977111816,80.14623260498047,14.765401840209961,63.10878372192383,5.406428337097168,63.00485610961914,62.1326789855957,78.48211669921875,72.2950210571289,79.44110107421875,101.373779296875,63.18818283081055,60.74311828613281,60.15351104736328,5.398792743682861,57.91058349609375,65.15397644042969,41.24296569824219,8.337632179260254,88.11671447753906,78.62616729736328,72.25997924804688,6.954616546630859,64.33200073242188,45.81845474243164,107.56600952148438,8.220237731933594,,65.84112548828125,,6.261675834655762,60.25822448730469,60.64591598510742,6.415143966674805,,60.193668365478516,,73.67466735839844,56.849510192871094,59.91429901123047,41.13965606689453,88.90154266357422,81.54191589355469,55.22697448730469,57.94002914428711,5.581363677978516,5.833402156829834,,59.685890197753906,,65.2095947265625,56.35432434082031,,5.8371429443359375,66.98039245605469,68.22281646728516,55.256744384765625,,
2022-10-24,6.472264289855957,111.08544921875,118.61608123779297,9.694665908813477,80.97378540039062,14.589900970458984,63.13997268676758,5.402371883392334,62.97665786743164,62.03383255004883,78.34515380859375,72.8021011352539,78.7772216796875,100.59181213378906,62.73224639892578,60.6891975402832,60.41535568237305,5.395333766937256,57.729190826416016,64.78641510009766,40.745361328125,8.247550010681152,87.81925201416016,78.29837036132812,72.27982330322266,6.965595245361328,63.608978271484375,45.85239791870117,108.08509063720703,8.204119682312012,,65.4802474975586,,6.261675834655762,60.27748107910156,60.67927932739258,6.41117000579834,,60.17620086669922,,73.67466735839844,56.88985061645508,59.46144104003906,41.27003479003906,89.21309661865234,81.18270111083984,56.140602111816406,58.898250579833984,5.589735984802246,5.833402156829834,,60.19419860839844,,65.47045135498047,55.71327590942383,,5.8371429443359375,66.29182434082031,68.27674102783203,55.074405670166016,,
2022-10-25,6.465970993041992,111.15242767333984,118.84002685546875,9.683427810668945,80.9666748046875,14.680120468139648,63.12126541137695,5.407105445861816,63.04719924926758,61.81758117675781,78.35956573486328,72.67532348632812,78.89990997314453,100.61333465576172,63.161376953125,60.67015075683594,60.35641098022461,5.274204730987549,58.312313079833984,64.52985382080078,40.50738525390625,8.278912544250488,87.60679626464844,78.5406723022461,72.43862915039062,7.063044548034668,63.3433837890625,45.47906494140625,106.81385040283203,8.222339630126953,,65.29033660888672,,6.261675834655762,60.36078643798828,60.37242889404297,6.414482593536377,,60.21694564819336,,73.67466735839844,56.60173797607422,59.77539825439453,41.16710662841797,89.01150512695312,80.29901123046875,55.32925796508789,59.39654541015625,5.64706563949585,5.845211505889893,,59.44813919067383,,67.1072006225586,55.946388244628906,,5.860928058624268,66.52738952636719,68.08129119873047,55.35103988647461,,
2022-10-26,6.428194046020508,111.05571746826172,119.11449432373047,9.695602416992188,81.18783569335938,14.731562614440918,63.065155029296875,5.4131879806518555,62.927310943603516,61.74343490600586,78.4028549194336,72.35839080810547,78.6329116821289,100.58462524414062,63.73129653930664,60.6891975402832,60.48079299926758,5.216064453125,58.62330627441406,63.91263961791992,39.6996955871582,8.120768547058105,88.17335510253906,79.1036376953125,72.31289672851562,6.997164726257324,63.4097785949707,45.241485595703125,107.37799072265625,8.19851016998291,,64.99911499023438,,6.261675834655762,61.866920471191406,60.64591598510742,6.396605491638184,,59.99559020996094,,73.67466735839844,56.23872375488281,59.298423767089844,40.968101501464844,89.20394134521484,79.13516235351562,55.908790588378906,59.562625885009766,5.700526237487793,5.839308261871338,,59.833465576171875,,66.89852905273438,55.39859390258789,,5.8432416915893555,66.7862548828125,68.25652313232422,55.137298583984375,,
2022-10-27,6.453378677368164,110.7877426147461,119.54790496826172,9.69185733795166,81.21636199951172,14.79429817199707,63.04022216796875,5.404399871826172,62.715736389160156,61.72490310668945,78.56141662597656,72.1330337524414,78.87105560302734,100.21871948242188,64.30122375488281,60.6891975402832,60.51348876953125,5.231292724609375,58.40950012207031,63.54506301879883,39.81507873535156,8.024680137634277,88.4283218383789,80.5146713256836,71.98872375488281,6.987555027008057,63.55732727050781,44.93601989746094,106.06163787841797,8.21323013305664,,64.72055053710938,,6.261675834655762,61.597747802734375,60.64591598510742,6.403225898742676,,59.84992599487305,,73.67466735839844,56.440406799316406,59.419185638427734,41.03672409057617,88.37007141113281,79.29322052001953,55.840599060058594,60.64859390258789,5.684423446655273,5.821593761444092,,59.15298080444336,,64.89659118652344,55.765724182128906,,5.854830265045166,66.03555297851562,68.20933532714844,55.344730377197266,,
2022-10-28,6.465970993041992,111.0631332397461,120.20529174804688,9.703095436096191,80.90248107910156,14.808394432067871,63.264625549316406,5.392911911010742,63.449161529541016,61.65692138671875,78.143310546875,72.11189270019531,78.99372100830078,100.27615356445312,63.97269821166992,61.006935119628906,60.11422348022461,5.183534622192383,58.31880187988281,62.80304718017578,40.16844940185547,8.136115074157715,88.93119049072266,80.45768737792969,72.40553283691406,6.862654209136963,63.217979431152344,45.255043029785156,105.30943298339844,8.285411834716797,,65.23335266113281,,6.261675834655762,61.54649353027344,60.505836486816406,6.409846782684326,,59.80332565307617,,73.67466735839844,56.498016357421875,59.2501106262207,40.83085250854492,87.89358520507812,79.9326171875,55.840599060058594,59.683982849121094,5.726290702819824,5.8629231452941895,,59.259559631347656,,64.57052612304688,55.82982635498047,,5.8371429443359375,66.73707580566406,68.35089111328125,55.36989212036133,,
2022-10-31,6.48485803604126,110.0062484741211,119.46845245361328,9.738690376281738,80.72409057617188,14.693511009216309,63.351890563964844,5.400346755981445,63.38569259643555,61.63221740722656,77.95588684082031,72.11189270019531,78.80610656738281,100.03936767578125,63.898963928222656,60.371456146240234,59.6953125,5.22437047958374,57.891151428222656,63.10816955566406,41.105953216552734,8.084065437316895,89.87310791015625,78.14158630371094,72.37906646728516,6.936770439147949,63.55732727050781,45.17359161376953,105.30943298339844,8.281205177307129,,65.52457427978516,,6.261675834655762,61.53363800048828,60.866065979003906,6.423089504241943,,59.47705841064453,,73.67466735839844,56.901390075683594,60.21014404296875,40.75537872314453,88.56250762939453,79.60216522216797,55.908790588378906,59.683982849121094,5.710188865661621,5.851115703582764,,59.193965911865234,,64.72053527832031,56.418418884277344,,5.8377532958984375,66.40054321289062,68.35089111328125,56.677608489990234,,
2022-11-01,6.491116523742676,108.88822174072266,120.69014739990234,9.55136775970459,80.98983764648438,14.755229949951172,63.00761032104492,5.407838344573975,65.00064849853516,62.15739822387695,77.78894805908203,71.62593841552734,79.17657470703125,99.52715301513672,63.562625885009766,61.203956604003906,58.8705940246582,5.171766757965088,58.292869567871094,62.39546585083008,40.40641784667969,8.160804748535156,89.25444793701172,78.50006103515625,72.90829467773438,6.909134387969971,63.80958938598633,45.221107482910156,103.80500793457031,8.228646278381348,,64.67909240722656,,6.261675834655762,62.01292037963867,60.31467056274414,6.440496921539307,,59.87908172607422,,74.62432861328125,56.63712692260742,59.73313522338867,40.494590759277344,87.99895477294922,78.25601959228516,55.592647552490234,59.568695068359375,5.738622665405273,5.874732494354248,,59.53830337524414,,64.18130493164062,56.30632781982422,,5.857456207275391,66.98403930664062,68.47850036621094,55.42348098754883,,
2022-11-03,6.522905349731445,108.43890380859375,120.9809799194336,9.637534141540527,81.43510437011719,14.72046947479248,63.341548919677734,5.313154697418213,64.04862976074219,61.873165130615234,77.39698791503906,71.4146499633789,78.1378173828125,100.66705322265625,63.253211975097656,61.261138916015625,58.386199951171875,5.243058681488037,58.435401916503906,62.53522491455078,40.15401840209961,8.119063377380371,88.90518951416016,78.85865783691406,72.63491821289062,6.892553329467773,63.750244140625,45.465484619140625,105.5275650024414,8.253875732421875,,65.81278228759766,,6.261675834655762,62.401519775390625,60.502967834472656,6.435811996459961,,59.7974967956543,,74.62432861328125,56.78865051269531,60.36711883544922,40.968101501464844,87.77721405029297,78.11856842041016,55.92253112792969,59.254844665527344,5.66022253036499,5.898351669311523,,59.53011703491211,,64.24047088623047,56.300418853759766,,5.824206829071045,67.14813995361328,68.36290740966797,56.65860366821289,,
2022-11-04,6.529263973236084,108.22172546386719,123.1771011352539,9.618800163269043,81.26274871826172,14.71904468536377,63.44865036010742,5.2450385093688965,63.99925231933594,62.460147857666016,77.73086547851562,71.70339965820312,78.11605072021484,99.91670989990234,63.024513244628906,61.19758224487305,58.445125579833984,5.284588813781738,58.50670623779297,62.5841178894043,40.43527603149414,8.12040901184082,89.38277435302734,79.76237487792969,72.50157928466797,6.9685540199279785,63.36441421508789,46.151065826416016,102.9249496459961,8.260183334350586,,66.1586685180664,,6.261675834655762,62.26552963256836,60.65089416503906,6.390952110290527,,60.030540466308594,,74.62432861328125,56.806129455566406,59.80558776855469,40.70732498168945,87.99895477294922,77.38798522949219,56.334877014160156,59.856937408447266,5.702337741851807,5.845211505889893,,59.15298080444336,,64.11553192138672,56.123390197753906,,5.800809383392334,67.98690032958984,68.30850982666016,56.766292572021484,,
2022-11-07,6.529263973236084,107.76490783691406,120.47200012207031,9.779892921447754,81.46382904052734,14.586384773254395,63.00761032104492,5.190544605255127,64.51407623291016,62.4045524597168,77.34615325927734,72.18936157226562,78.65354919433594,99.26739501953125,62.87654113769531,61.25477600097656,58.96875762939453,5.225064754486084,58.81766128540039,62.9893798828125,40.06027603149414,8.162823677062988,88.1710205078125,79.28899383544922,72.34154510498047,6.990662097930908,62.06596755981445,45.88631820678711,99.18067932128906,8.267194747924805,,65.9281005859375,,6.261675834655762,62.239601135253906,60.50969314575195,6.403674125671387,,59.98391342163086,,74.62432861328125,56.730384826660156,60.22824478149414,40.693603515625,89.42171478271484,76.88892364501953,55.20092010498047,59.88254165649414,5.738622665405273,5.921966552734375,,59.12018585205078,,63.66180419921875,56.884605407714844,,5.7897233963012695,67.10124969482422,67.96168518066406,56.968971252441406,,
2022-11-08,6.516546249389648,107.96709442138672,120.60287475585938,9.778021812438965,81.58592224121094,14.473589897155762,63.15251541137695,5.182370662689209,63.62547302246094,61.965850830078125,77.65827178955078,71.8442611694336,78.74073028564453,98.80565643310547,62.816017150878906,61.63605499267578,58.94911193847656,5.198068618774414,59.07685470581055,62.23474884033203,39.50498580932617,8.0813627243042,88.86954498291016,78.88734436035156,72.2882308959961,7.005864143371582,61.4946403503418,45.689476013183594,102.46350860595703,8.258780479431152,,65.88966369628906,,6.261675834655762,62.330265045166016,59.642311096191406,6.380905628204346,,59.861572265625,,74.62432861328125,57.38890075683594,59.71502685546875,40.583805084228516,89.73583221435547,76.462158203125,55.39333724975586,60.14516067504883,5.747044563293457,5.916064262390137,,59.259559631347656,,64.60873413085938,56.707584381103516,,5.781106948852539,67.96086120605469,68.00248718261719,56.75362014770508,,
2022-11-09,6.48475980758667,107.01599884033203,120.34837341308594,9.768654823303223,81.55003356933594,14.401229858398438,63.10213088989258,5.132643699645996,62.89909362792969,61.72490310668945,77.4623031616211,71.83724975585938,77.86905670166016,96.19393157958984,62.9572639465332,61.642433166503906,58.77893829345703,5.14546537399292,58.435401916503906,62.24874496459961,39.867408752441406,8.046357154846191,88.69847106933594,78.89453125,71.9415054321289,6.8953166007995605,61.39820861816406,45.18363952636719,101.80543518066406,8.248970985412598,,65.55659484863281,,6.261675834655762,61.0738410949707,59.16489028930664,6.330690383911133,,59.3021240234375,,74.62432861328125,57.109169006347656,59.50368881225586,39.85422897338867,89.36627960205078,76.68639373779297,54.62361526489258,60.12594223022461,5.6945624351501465,5.886541366577148,,59.3415412902832,,65.62140655517578,56.790199279785156,,5.77125358581543,67.21066284179688,67.99568939208984,56.17087173461914,,
2022-11-10,6.478400230407715,104.90413665771484,120.71194458007812,9.571972846984863,80.36502838134766,14.35582447052002,62.76187515258789,5.074743747711182,62.14188766479492,61.39122772216797,75.7783432006836,71.28083038330078,75.39935302734375,94.960205078125,62.92366409301758,61.394615173339844,57.67927551269531,5.097705841064453,57.793983459472656,61.62686538696289,39.57746505737305,7.881071090698242,88.02845001220703,77.69673919677734,71.40811920166016,6.867680549621582,60.09973907470703,43.7618293762207,101.50286102294922,8.176786422729492,,65.72954559326172,,6.261675834655762,60.691707611083984,57.22835922241211,6.161959648132324,,59.03711700439453,,74.62432861328125,56.613826751708984,59.171627044677734,39.24639892578125,88.0451431274414,75.82564544677734,53.00167465209961,59.26123046875,5.656335353851318,5.886541366577148,,57.800201416015625,,62.66883850097656,56.17650604248047,,5.702907562255859,67.9817123413086,67.98889923095703,55.3601188659668,,
2022-11-11,6.459329605102539,104.6045913696289,119.98477935791016,9.458646774291992,78.72755432128906,14.053613662719727,62.78078079223633,5.169428825378418,62.170196533203125,61.483497619628906,74.66780090332031,71.1329345703125,74.45501708984375,94.93856048583984,63.428096771240234,61.32468795776367,59.56630325317383,4.962738513946533,57.651451110839844,60.57882308959961,40.94744110107422,7.881071090698242,87.6934585571289,76.86479949951172,71.07475280761719,6.867680549621582,58.764198303222656,42.84584426879883,100.51953125,8.1978120803833,,66.57503509521484,,6.261675834655762,60.60751724243164,56.683719635009766,6.217537879943848,,58.87812042236328,,74.62432861328125,56.31663131713867,58.62247085571289,38.33466339111328,87.44461822509766,75.181884765625,53.276573181152344,60.170772552490234,5.665405750274658,5.886541366577148,,57.88219451904297,,62.28739929199219,56.20600509643555,,5.664732456207275,67.9817123413086,67.99568939208984,54.840721130371094,,
2022-11-14,6.465685844421387,104.98653411865234,120.37743377685547,9.553240776062012,77.66463470458984,14.00749683380127,62.787071228027344,5.142864227294922,62.26927185058594,61.128482818603516,74.29033660888672,71.11181640625,74.2443618774414,95.01792907714844,63.21287536621094,62.01251220703125,58.20051574707031,4.969659328460693,57.52118682861328,60.404144287109375,40.599517822265625,8.026516914367676,87.68633270263672,75.32991790771484,70.27466583251953,6.852478981018066,58.20770263671875,42.722808837890625,99.6572265625,8.191505432128906,,66.29317474365234,,6.313877582550049,60.659332275390625,57.65196228027344,6.236284255981445,,59.18434143066406,,74.62432861328125,56.590518951416016,59.1593017578125,39.04609680175781,88.70110321044922,74.98658752441406,53.489627838134766,59.8441162109375,5.629769802093506,5.885998249053955,,58.21012878417969,,62.02438735961914,56.82560348510742,,5.632098197937012,67.2054443359375,67.98889923095703,54.30233383178711,,
2022-11-16,6.459329605102539,104.61951446533203,119.89753723144531,9.627230644226074,77.8154525756836,13.961386680603027,62.64216613769531,5.1258320808410645,61.51204299926758,60.03858947753906,74.80569458007812,70.89773559570312,74.2080307006836,96.12175750732422,62.506595611572266,62.153907775878906,58.06196975708008,4.935743808746338,56.65507507324219,60.62773895263672,39.504974365234375,7.886484146118164,87.386962890625,74.05328369140625,70.20797729492188,6.71567964553833,58.037052154541016,42.03923416137695,99.2033920288086,8.171178817749023,,66.61344146728516,,6.313877582550049,59.95988082885742,57.82680130004883,6.115092754364014,,58.542457580566406,,74.62432861328125,56.00778579711914,58.976287841796875,39.356910705566406,87.60167694091797,74.96488952636719,52.919212341308594,59.888954162597656,5.5850629806518555,5.897960662841797,,57.87112808227539,,61.399662017822266,56.94361877441406,,5.601925849914551,67.2054443359375,67.98889923095703,54.175628662109375,,
2022-11-17,6.376677989959717,102.29800415039062,118.53040313720703,9.384653091430664,75.12224578857422,13.478981018066406,62.40903854370117,4.9589457511901855,60.50004959106445,59.079471588134766,72.06200408935547,70.18118286132812,72.18144226074219,93.0699691772461,62.23084259033203,61.70397186279297,56.986507415771484,4.872758388519287,55.93873977661133,58.559532165527344,38.4974250793457,7.881071090698242,85.59073638916016,71.57884216308594,69.14118957519531,6.548476696014404,56.352787017822266,41.10275650024414,97.58464813232422,8.031023979187012,,65.59505462646484,,6.313877582550049,59.26687240600586,56.07855987548828,6.1003618240356445,,57.27042007446289,,74.62432861328125,55.34927749633789,58.2625732421875,38.88032531738281,84.9963607788086,73.77863311767578,52.039512634277344,59.568695068359375,5.533881187438965,5.8919782638549805,,55.92803192138672,,59.190120697021484,56.17650604248047,,5.580377101898193,67.2054443359375,67.3156509399414,52.76313018798828,,
2022-11-18,6.433898448944092,105.09883880615234,118.98126983642578,9.503597259521484,75.29461669921875,13.473304748535156,62.50983810424805,5.040686130523682,60.3372688293457,59.66489028930664,72.81687927246094,70.31595611572266,72.50101470947266,93.79143524169922,62.022308349609375,61.71036911010742,57.17123794555664,4.846454620361328,56.51831817626953,59.530723571777344,38.287200927734375,7.881071090698242,86.94503021240234,71.85140991210938,69.85459899902344,6.617570400238037,56.86474609375,40.672115325927734,98.20492553710938,8.07797622680664,,65.806396484375,,6.313877582550049,60.082923889160156,55.87682342529297,6.174015998840332,,57.959449768066406,,74.62432861328125,55.44251251220703,58.317474365234375,38.68000793457031,85.4767837524414,73.77863311767578,52.50685501098633,59.568695068359375,5.518976211547852,5.9218878746032715,,55.7213249206543,,59.190120697021484,56.61905288696289,,5.5582098960876465,67.2054443359375,66.64244842529297,52.57311248779297,,
2022-11-21,6.408465385437012,104.6794662475586,118.75582885742188,9.4507474899292,74.76316833496094,13.317231178283691,62.49724197387695,4.9119439125061035,60.8751335144043,59.334815979003906,72.43943786621094,70.23081970214844,72.7843017578125,91.51879119873047,62.23084259033203,61.42108917236328,57.1514778137207,4.845070838928223,56.06248474121094,58.51760482788086,38.14223861694336,7.904747486114502,85.5693588256836,71.63623046875,69.78125762939453,6.5913166999816895,57.0724983215332,40.467044830322266,96.06427764892578,8.008299827575684,,66.10103607177734,,6.313877582550049,59.77853012084961,55.3859748840332,6.136520862579346,,58.012454986572266,,74.62432861328125,55.37257385253906,58.84209442138672,38.45206832885742,85.12569427490234,73.84375762939453,52.609920501708984,58.479801177978516,5.532582759857178,5.95179557800293,,55.51461410522461,,59.26905822753906,57.01445007324219,,5.5760674476623535,67.29922485351562,66.83284759521484,52.04104232788086,,
2022-11-22,6.408465385437012,104.43981170654297,118.84308624267578,9.421494483947754,73.18315887451172,13.459118843078613,62.453147888183594,4.904451847076416,61.2006721496582,58.998477935791016,71.44503784179688,70.12442016601562,72.12329864501953,90.29949951171875,62.0357780456543,61.71036911010742,57.48793029785156,4.827767372131348,56.2513427734375,58.31494140625,38.780113220214844,7.952776908874512,85.41969299316406,72.41799926757812,69.96795654296875,6.728116035461426,56.990875244140625,40.590087890625,96.63155364990234,8.040754318237305,,64.78797912597656,,6.313877582550049,59.90155029296875,56.28028106689453,6.127142906188965,,58.09489440917969,,74.62432861328125,55.098663330078125,58.805484771728516,38.65238571166992,84.9778823852539,75.00830841064453,52.1632080078125,58.92817687988281,5.546189308166504,5.939831256866455,,56.184356689453125,,57.38177490234375,56.60727310180664,,5.584688186645508,67.55709838867188,66.846435546875,52.31338882446289,,
2022-11-23,6.370321273803711,103.0843276977539,117.91954803466797,9.312040328979492,74.11679077148438,13.317231178283691,62.99501037597656,4.903769493103027,61.17942810058594,58.91129684448242,71.53941345214844,69.7129135131836,71.94898986816406,90.54480743408203,62.647857666015625,61.78750991821289,57.85743713378906,4.763397693634033,56.41414260864258,57.90971374511719,37.97552490234375,7.936542510986328,84.91361236572266,71.57884216308594,70.08796691894531,6.480770111083984,55.833404541015625,40.740455627441406,96.80553436279297,8.088729858398438,,65.31322479248047,,6.313877582550049,59.77853012084961,55.372528076171875,6.159951686859131,,57.776885986328125,,74.62432861328125,55.23854446411133,58.805484771728516,38.49350357055664,84.39584350585938,73.73524475097656,51.33848190307617,58.42856216430664,5.535174369812012,5.903941631317139,,55.05156707763672,,59.34140396118164,55.781131744384766,,5.601311206817627,67.28099060058594,66.1256103515625,52.47174835205078,,
2022-11-24,6.376677989959717,101.75131225585938,118.07958221435547,9.315814018249512,74.8924331665039,13.448473930358887,63.05800247192383,4.904451847076416,60.9317512512207,59.309898376464844,72.0402603149414,70.02508544921875,71.65116119384766,91.47551727294922,61.921417236328125,61.768211364746094,57.65288543701172,4.791775703430176,56.63554763793945,57.73503875732422,37.91029357910156,7.960897922515869,84.82093811035156,71.7223129272461,70.06794738769531,6.317716121673584,55.35854721069336,41.116424560546875,96.94928741455078,8.095080375671387,,65.52457427978516,,6.313877582550049,60.23187255859375,55.11028289794922,6.1479010581970215,,57.88877868652344,,74.62432861328125,55.78632354736328,58.15886306762695,38.54877853393555,84.98712158203125,73.33740234375,50.850528717041016,58.2171745300293,5.544246673583984,5.933852195739746,,55.192142486572266,,57.87495803833008,56.17060470581055,,5.629633903503418,66.65843200683594,65.58837890625,52.75679016113281,,
2022-11-25,6.3893961906433105,101.80372619628906,118.14498138427734,9.348838806152344,74.04497528076172,13.516583442687988,62.881595611572266,4.775710105895996,61.28559112548828,59.17288589477539,71.33618927001953,70.0038070678711,72.26856994628906,91.69916534423828,61.679264068603516,61.90324020385742,58.6557731628418,4.795236110687256,56.63554763793945,57.6022834777832,38.23646926879883,7.90542459487915,84.17230987548828,71.256103515625,70.00126647949219,6.4531331062316895,54.90592956542969,40.33033752441406,96.46514892578125,8.105660438537598,,65.58223724365234,,6.313877582550049,60.27071762084961,55.80957794189453,6.146562099456787,,58.12434005737305,,74.62432861328125,55.937843322753906,59.1470832824707,38.617855072021484,84.33116912841797,73.01191711425781,50.864280700683594,57.9417610168457,5.544891834259033,5.981706142425537,,55.23347854614258,,58.07225036621094,56.07619094848633,,5.587766170501709,66.5542221069336,66.3568115234375,53.13683319091797,,
2022-11-28,6.402109146118164,104.84422302246094,118.45769500732422,9.272411346435547,74.22454833984375,13.481110572814941,62.919376373291016,4.771622180938721,60.97420120239258,59.17909622192383,71.16920471191406,69.9896011352539,72.48651885986328,90.61695098876953,61.79361343383789,61.613929748535156,58.06196975708008,4.818770885467529,56.264366149902344,56.94548034667969,38.07699966430664,7.881071090698242,84.45030212402344,71.40670776367188,70.11463165283203,6.527752876281738,54.0675048828125,40.4055290222168,97.58464813232422,8.056276321411133,,65.36447143554688,,6.313877582550049,60.108802795410156,55.17081832885742,6.167318820953369,,57.58254623413086,,74.62432861328125,55.50661087036133,58.86040115356445,38.47279739379883,84.28498077392578,72.91065979003906,51.16667556762695,58.45417022705078,5.528046607971191,5.9936699867248535,,55.307899475097656,,58.16429901123047,56.17060470581055,,5.576681613922119,66.94496154785156,65.55440521240234,53.504188537597656,,
2022-11-29,6.472043514251709,106.15477752685547,118.8940200805664,9.147858619689941,73.7648696899414,13.493876457214355,63.31002426147461,4.7852463722229,60.79020690917969,58.94868469238281,72.36685180664062,69.72709655761719,71.99984741210938,90.263427734375,61.833984375,60.61113739013672,58.510623931884766,4.813922882080078,56.31645202636719,57.18304443359375,37.70009231567383,7.907454013824463,84.84234619140625,71.29195404052734,69.98795318603516,6.524987697601318,53.8597526550293,39.12725067138672,96.46514892578125,8.083791732788086,,65.90248107910156,,6.313877582550049,60.43263626098633,55.17753219604492,6.167318820953369,,58.28923797607422,,74.62432861328125,55.494956970214844,58.20159149169922,37.99620056152344,83.79532623291016,73.56885528564453,50.54814147949219,58.101890563964844,5.548133850097656,5.874033451080322,,55.14252471923828,,59.76884841918945,56.347633361816406,,5.603159427642822,67.07781219482422,66.5880355834961,53.59922409057617,,
2022-11-30,6.478400230407715,108.11687469482422,119.84656524658203,9.262028694152832,75.30899810791016,13.539281845092773,63.13361740112305,4.849957466125488,60.64866638183594,59.042091369628906,73.27420043945312,69.74838256835938,73.1111831665039,91.43218994140625,61.726383209228516,60.88111114501953,58.7613639831543,4.811155796051025,56.52484893798828,56.94548034667969,37.547847747802734,7.981188774108887,86.2322769165039,71.47846221923828,70.0279769897461,6.630003452301025,53.7261962890625,39.831336975097656,96.46514892578125,8.147989273071289,,65.60143280029297,,6.313877582550049,59.91453170776367,54.901851654052734,6.226240158081055,,59.18434143066406,,74.62432861328125,56.23503112792969,58.53707504272461,37.98930358886719,85.8740234375,74.32115173339844,50.89176559448242,58.49900817871094,5.55007791519165,5.9159040451049805,,56.22570037841797,,63.12256622314453,57.00261306762695,,5.6117777824401855,67.0751953125,66.68321990966797,53.36485290527344,,
2022-12-01,6.407837390899658,107.0897445678711,119.11454772949219,9.520567893981934,74.99064636230469,13.644336700439453,63.12950897216797,4.8499579429626465,60.57789611816406,59.291221618652344,72.79885864257812,70.02508544921875,74.99147033691406,94.3359603881836,61.46937942504883,61.813232421875,58.27970886230469,4.968966007232666,56.65507507324219,57.4105224609375,37.41738510131836,7.9764556884765625,88.80989074707031,74.03522491455078,70.40013122558594,6.848501205444336,54.532989501953125,39.496376037597656,97.26697540283203,8.105660438537598,,66.53471374511719,,6.313877582550049,60.23496627807617,55.498809814453125,6.242494106292725,,59.39046096801758,,75.55480194091797,55.490238189697266,58.6895866394043,38.065277099609375,85.77149963378906,76.36781311035156,52.548866271972656,57.82327651977539,5.546699523925781,6.005630970001221,,55.911495208740234,,62.359737396240234,56.93689727783203,,5.5949883460998535,68.15248107910156,66.09828186035156,54.22610855102539,,
2022-12-02,6.414241790771484,108.52161407470703,119.18046569824219,9.510188102722168,75.96007537841797,13.597881317138672,63.42258834838867,4.861639022827148,61.221893310546875,59.291221618652344,73.55201721191406,70.23081970214844,74.83785247802734,94.59730529785156,62.34857940673828,61.45326232910156,58.52382278442383,4.958584308624268,55.880126953125,57.3893928527832,37.38838577270508,7.9976091384887695,87.64740753173828,72.81453704833984,70.4875259399414,6.69819974899292,54.43586349487305,39.84499740600586,97.35774230957031,8.178330421447754,,67.208740234375,,6.313877582550049,60.77781295776367,55.45812225341797,6.2303032875061035,,59.77326583862305,,75.55480194091797,55.755523681640625,59.29959487915039,38.41063690185547,86.87137603759766,76.73938751220703,52.50727462768555,57.99705505371094,5.621213912963867,6.011613368988037,,55.69651412963867,,62.82405471801758,56.90105056762695,,5.68267297744751,68.66886901855469,65.86495971679688,55.948577880859375,,
2022-12-05,6.407837390899658,108.1447982788086,119.20966339111328,9.449800491333008,76.06858825683594,13.537139892578125,63.543582916259766,4.857516765594482,61.993247985839844,59.26007080078125,73.1206283569336,70.0960693359375,74.28909301757812,93.9439697265625,62.693477630615234,60.7525749206543,58.72836685180664,4.922592639923096,56.036441802978516,57.635982513427734,37.35939407348633,7.962808132171631,86.81500244140625,72.41728210449219,70.44048309326172,6.649487495422363,54.226707458496094,40.33033752441406,97.38800048828125,8.208663940429688,,66.74210357666016,,6.313877582550049,60.33960723876953,54.867897033691406,6.265527725219727,,59.549476623535156,,75.55480194091797,55.4254150390625,60.025535583496094,38.03765106201172,85.86470794677734,75.04898071289062,53.02728271484375,58.28020477294922,5.666966915130615,6.0235772132873535,,55.415382385253906,,63.06951141357422,56.67995834350586,,5.6229729652404785,68.36219787597656,65.3913803100586,54.09852981567383,,
2022-12-06,6.407837390899658,106.26077270507812,119.29022979736328,9.457348823547363,76.17709350585938,13.489255905151367,63.3588752746582,4.833466529846191,61.646514892578125,59.27253723144531,73.12793731689453,70.16697692871094,74.56713104248047,93.76972961425781,62.220069885253906,61.099700927734375,59.374969482421875,4.9308977127075195,56.589969635009766,56.388851165771484,37.294132232666016,8.04537582397461,86.31986999511719,72.69173431396484,70.4068603515625,6.560420036315918,53.20328903198242,40.268798828125,97.50142669677734,8.166337966918945,,66.1717758178711,,6.313877582550049,59.45016860961914,54.800086975097656,6.247916221618652,,59.65547561645508,,75.55480194091797,55.51971435546875,59.79369354248047,38.0583610534668,86.09774780273438,73.2274169921875,52.76380920410156,58.21585464477539,5.652588844299316,5.9577765464782715,,54.98542022705078,,63.95173645019531,57.83915710449219,,5.642872333526611,68.53518676757812,65.09628295898438,56.10806655883789,,
2022-12-07,6.407837390899658,105.50711822509766,118.72651672363281,9.464897155761719,75.96007537841797,13.47496223449707,63.13591003417969,4.810102462768555,61.56867599487305,59.26007080078125,73.01827239990234,69.8690185546875,74.51591491699219,92.2089614868164,62.16596984863281,61.3246955871582,58.47764205932617,4.92466926574707,56.43366241455078,56.550899505615234,37.939273834228516,7.9088969230651855,85.83186340332031,73.0745620727539,70.25899505615234,6.58964729309082,53.218223571777344,40.26197052001953,94.6497802734375,8.106363296508789,,65.9449234008789,,6.313877582550049,58.78305435180664,54.949344635009766,6.233691215515137,,59.643699645996094,,75.55480194091797,55.51971435546875,58.50048065185547,38.12744140625,85.38002014160156,73.94874572753906,52.001136779785156,58.04854202270508,5.634284019470215,6.011613368988037,,55.11772155761719,,62.35310363769531,56.78153991699219,,5.621729850769043,68.74485778808594,64.85606384277344,55.31061553955078,,
2022-12-08,6.407837390899658,105.1453857421875,118.7412109375,9.40262222290039,76.06858825683594,13.402782440185547,63.11042404174805,4.800481796264648,61.270477294921875,59.17909622192383,72.28705596923828,69.8690185546875,74.17936706542969,91.05472564697266,61.949554443359375,61.0225715637207,58.12793731689453,4.873449802398682,56.43366241455078,56.16338348388672,38.03398895263672,7.847484588623047,86.3916244506836,71.86833953857422,69.92292785644531,6.52284574508667,52.799888610839844,39.9862060546875,92.6786880493164,8.094372749328613,,65.6597671508789,,6.313877582550049,58.40372848510742,54.36592102050781,6.222175598144531,,59.2090950012207,,75.55480194091797,55.11884307861328,58.17716979980469,37.76835250854492,84.83941650390625,73.00885009765625,50.98190689086914,57.61092758178711,5.607486248016357,6.017595291137695,,55.283084869384766,,62.45924377441406,56.75765609741211,,5.627324104309082,68.74485778808594,64.3413314819336,55.7316780090332,,
2022-12-09,6.407837390899658,104.88914489746094,119.3048324584961,9.417717933654785,76.56773376464844,13.375624656677246,63.20598220825195,4.8032307624816895,61.541011810302734,59.403324127197266,72.20661926269531,69.76966857910156,74.13548278808594,91.09828186035156,62.21329879760742,61.253963470458984,58.160945892333984,4.910133361816406,56.55738830566406,56.6002197265625,36.69334030151367,7.846117973327637,85.7601318359375,72.25115203857422,70.01703643798828,6.511712074279785,52.82976531982422,39.99309539794922,90.56303405761719,8.071090698242188,,65.85418701171875,,6.313877582550049,58.992366790771484,54.616920471191406,6.2303032875061035,,58.94117736816406,,75.55480194091797,55.64940643310547,58.2625732421875,37.629241943359375,84.58773803710938,73.77389526367188,51.27310562133789,58.00349044799805,5.621213912963867,6.017595291137695,,55.1259880065918,,63.547080993652344,57.00261306762695,,5.6192426681518555,68.16560363769531,63.380523681640625,56.42704772949219,,
2022-12-12,6.382203578948975,104.56510925292969,118.66796112060547,9.331853866577148,75.00514221191406,13.331315994262695,63.14228057861328,4.810102462768555,61.156551361083984,58.93373489379883,71.73863983154297,69.42916107177734,73.14778137207031,90.1690673828125,61.63846206665039,60.91328430175781,57.44930648803711,4.888484001159668,55.860595703125,56.32544708251953,36.72977066040039,7.847484588623047,85.63813781738281,71.93334197998047,69.56670379638672,6.417078495025635,52.366600036621094,39.9862060546875,88.39408111572266,7.971612453460693,,66.08102416992188,,6.313877582550049,57.88051986694336,54.189544677734375,6.16595458984375,,58.47081756591797,,75.55480194091797,55.17189407348633,57.479530334472656,37.2049560546875,84.671630859375,73.19097900390625,50.89870834350586,58.235137939453125,5.601604461669922,5.9996490478515625,,55.15079116821289,,62.35310363769531,57.074344635009766,,5.5781989097595215,68.1498794555664,63.7168083190918,55.63597869873047,,
2022-12-13,6.343756198883057,103.85670471191406,118.5947265625,9.263919830322266,74.83876037597656,13.026866912841797,62.588043212890625,4.777119159698486,60.572731018066406,58.350242614746094,71.51197052001953,69.70582580566406,72.4966049194336,88.85511016845703,61.40850830078125,60.93280029296875,56.591365814208984,4.757192134857178,54.54478073120117,56.15634536743164,36.474761962890625,7.820187568664551,85.04254150390625,71.15327453613281,69.36503601074219,6.407336235046387,51.358131408691406,39.81385803222656,89.42149353027344,7.960323333740234,,65.18016052246094,,6.3366827964782715,57.324607849121094,54.25739288330078,6.172050952911377,,58.13740539550781,,75.55480194091797,54.83000564575195,56.56098937988281,37.03803253173828,83.888671875,72.35306549072266,50.89175796508789,57.91981506347656,5.5584635734558105,6.017275810241699,,55.53114318847656,,62.45262145996094,57.48064041137695,,5.5502142906188965,68.22589111328125,63.05793762207031,54.86404800415039,,
2022-12-14,6.2284159660339355,102.83932495117188,118.22871398925781,9.059163093566895,74.13703918457031,13.011144638061523,61.47327423095703,4.685726642608643,60.309326171875,57.25851058959961,70.42976379394531,69.45751190185547,70.57978820800781,88.70991516113281,60.867435455322266,59.580039978027344,56.13246154785156,4.78792142868042,53.733036041259766,55.522193908691406,36.496620178222656,7.76900577545166,84.67654418945312,70.9510269165039,69.42552947998047,6.386460304260254,51.35065460205078,39.86900329589844,88.35603332519531,7.899650573730469,,64.96630859375,,6.3366827964782715,56.60519790649414,52.89381790161133,6.172050952911377,,57.73256301879883,,75.55480194091797,54.58830261230469,55.728755950927734,36.864131927490234,83.83275604248047,71.40584564208984,49.57441329956055,57.861907958984375,5.613370895385742,5.986979007720947,,54.78028869628906,,62.78428268432617,56.79350280761719,,5.583173751831055,69.46045684814453,63.48345184326172,53.84333801269531,,
2022-12-15,6.318126678466797,102.94483947753906,118.35321044921875,9.025198936462402,73.43531036376953,13.012574195861816,61.7853889465332,4.604642868041992,60.836177825927734,56.77539825439453,69.77898406982422,67.9321517944336,69.5042724609375,87.83880615234375,60.90127944946289,58.79309844970703,55.39421844482422,4.665009498596191,53.10456848144531,54.289146423339844,36.83906555175781,7.771054744720459,84.09528350830078,69.63644409179688,68.5584716796875,6.318267822265625,50.86507797241211,39.027915954589844,87.93743896484375,7.882011890411377,,64.81723022460938,,6.3366827964782715,55.72227096557617,52.84632873535156,6.166632652282715,,57.63136291503906,,75.55480194091797,54.57651901245117,55.7164306640625,36.175540924072266,83.10572052001953,71.04149627685547,48.894935607910156,57.14756774902344,5.607486248016357,5.890024662017822,,54.47993087768555,,63.01643753051758,57.2774772644043,,5.686402797698975,68.21540069580078,63.648162841796875,52.529170989990234,,
2022-12-16,6.343756198883057,102.311767578125,117.86272430419922,8.963866233825684,72.59612274169922,12.93539047241211,61.479637145996094,4.654116630554199,60.44458770751953,55.840538024902344,71.00011444091797,67.9166030883789,69.77500915527344,88.99303436279297,60.921566009521484,57.49885940551758,55.34765625,4.616825103759766,53.53663635253906,54.76122283935547,36.24888229370117,7.749902248382568,84.13835144042969,69.10916900634766,68.5584716796875,6.247292995452881,51.17136764526367,39.02103042602539,89.55084991455078,7.822749614715576,,65.03759002685547,,6.3366827964782715,56.24547576904297,51.54384994506836,6.163923263549805,,58.70301818847656,,75.55480194091797,54.3230094909668,55.69176483154297,35.96688461303711,82.39732360839844,71.40584564208984,49.276268005371094,57.26983642578125,5.547354221343994,5.811247825622559,,53.587223052978516,,63.281768798828125,57.181880950927734,,5.590635776519775,69.1092300415039,63.55207061767578,52.018795013427734,,
2022-12-19,6.2860870361328125,102.86943817138672,117.07203674316406,8.964797019958496,72.85655212402344,12.948967933654785,61.72169876098633,4.621133804321289,60.01741409301758,55.213138580322266,71.16099548339844,67.70925903320312,68.99945831298828,87.29434204101562,59.78536605834961,56.120086669921875,54.2037353515625,4.5539727210998535,52.65286636352539,55.45172882080078,35.76799011230469,7.745807647705078,84.04505920410156,67.67902374267578,68.27618408203125,6.272342205047607,51.08919143676758,39.22785949707031,89.76394653320312,7.802361965179443,,64.68761444091797,,6.3366827964782715,55.853084564208984,49.93606185913086,6.164599895477295,,59.512718200683594,,75.55480194091797,54.65312576293945,55.67327880859375,35.8555793762207,82.06175994873047,70.85936737060547,49.02666473388672,57.34061813354492,5.452576637268066,5.853664875030518,,53.18675994873047,,63.01643753051758,57.0623664855957,,5.593743324279785,68.57188415527344,63.25697708129883,50.48769760131836,,
2022-12-20,6.375794887542725,103.89437103271484,117.65771484375,8.988581657409668,73.99234771728516,13.078327178955078,62.11027145385742,4.621133804321289,60.71513366699219,56.09150695800781,70.88314056396484,68.35273742675781,70.09690856933594,87.61373138427734,59.98823928833008,55.57378005981445,53.56526565551758,4.574225425720215,53.23548889160156,55.649024963378906,36.0594367980957,7.847484588623047,84.38951110839844,68.03294372558594,68.86095428466797,6.332185745239258,51.59717559814453,39.43467712402344,89.88571166992188,7.819406032562256,,65.29680633544922,,6.3366827964782715,56.101600646972656,50.20063400268555,6.202531814575195,,59.536521911621094,,75.55480194091797,55.22496795654297,57.510353088378906,36.39116287231445,84.96057891845703,71.23096466064453,49.990413665771484,57.08962631225586,5.575459003448486,5.890024662017822,,54.5883903503418,,63.01643753051758,57.319313049316406,,5.579441547393799,68.75013732910156,63.08538818359375,50.41114044189453,,
2022-12-21,6.40142822265625,105.3187255859375,117.11593627929688,9.314868927001953,74.02127838134766,13.15335750579834,62.365081787109375,4.650680065155029,61.54811096191406,56.75029373168945,71.00011444091797,68.35990142822266,71.07728576660156,88.33970642089844,60.00177764892578,55.68434524536133,53.718231201171875,4.708309173583984,53.54972839355469,56.03654861450195,36.802635192871094,7.853627681732178,84.97795104980469,69.77368927001953,69.81539154052734,6.4282121658325195,51.27595901489258,39.03480529785156,90.22056579589844,7.8861589431762695,,66.46991729736328,,6.3366827964782715,57.44232940673828,51.49636459350586,6.2296247482299805,,59.744903564453125,,75.55480194091797,55.31928634643555,58.5090217590332,36.961524963378906,86.14434051513672,74.96884155273438,50.12215042114258,57.39854049682617,5.55715799331665,5.8718438148498535,,54.17958450317383,,63.01643753051758,57.48064041137695,,5.610535144805908,68.93621063232422,63.82661437988281,50.58338165283203,,
2022-12-22,6.414241790771484,106.05729675292969,117.13066864013672,9.265398025512695,74.26000213623047,13.311304092407227,62.69635772705078,4.552416801452637,61.3487663269043,57.082847595214844,71.35843658447266,68.81751251220703,70.55052185058594,88.89141082763672,60.02206039428711,57.05012893676758,54.316802978515625,4.693643569946289,54.2109375,56.59318542480469,36.13958740234375,7.849530220031738,84.57608795166016,69.08028411865234,69.80195617675781,6.343316555023193,51.64946746826172,39.26921463012695,89.83243560791016,7.8719587326049805,,66.00975799560547,,6.3366827964782715,57.4946403503418,51.82875442504883,6.218789100646973,,59.917598724365234,,75.55480194091797,55.63760757446289,56.33290481567383,36.91281509399414,87.14168548583984,72.68094635009766,49.15840148925781,57.90694046020508,5.527743816375732,5.883963584899902,,54.404842376708984,,61.68977355957031,57.48064041137695,,5.57197904586792,68.94670867919922,64.49919891357422,51.687042236328125,,
2022-12-23,6.40142822265625,106.21556091308594,119.32685089111328,9.065634727478027,74.3974609375,13.169801712036133,62.03384017944336,4.6877875328063965,61.64065933227539,57.50948715209961,71.89952850341797,70.21170043945312,71.5162353515625,88.89141082763672,60.35345458984375,58.3248176574707,54.78235626220703,4.73903751373291,54.95720672607422,56.07179260253906,37.523956298828125,7.915041446685791,85.48027038574219,70.42376708984375,69.89604187011719,6.3614091873168945,52.06781005859375,39.3657341003418,91.438232421875,7.893972396850586,,65.93844604492188,,6.3366827964782715,58.0571174621582,51.29281997680664,6.205240726470947,,59.95924758911133,,75.55480194091797,55.513816833496094,58.18849182128906,37.03803253173828,88.54914855957031,72.35306549072266,49.60213851928711,57.85546112060547,5.596376895904541,5.896082878112793,,55.8148078918457,,60.42945098876953,58.657752990722656,,5.596853733062744,69.32939147949219,64.51290130615234,51.2915153503418,,
2022-12-26,6.407837390899658,104.45207977294922,120.05155944824219,9.122708320617676,74.48429870605469,13.172659873962402,61.67710876464844,4.6396870613098145,61.80443572998047,57.666351318359375,71.70208740234375,70.38329315185547,71.61135864257812,88.84785461425781,61.611366271972656,57.40781021118164,55.85976791381836,4.707610607147217,56.03081512451172,57.882591247558594,36.176025390625,7.9157233238220215,84.76984405517578,70.43098449707031,70.01703643798828,6.468569278717041,52.291908264160156,40.22749710083008,92.88417053222656,7.880476951599121,,66.13936614990234,,6.3366827964782715,56.67060470581055,52.50713348388672,6.245206356048584,,59.90564727783203,,75.55480194091797,55.34287643432617,58.20695877075195,36.54418182373047,89.03384399414062,71.62442779541016,49.71308135986328,57.91981506347656,5.588531017303467,5.896082878112793,,54.821990966796875,,60.49576950073242,58.00645446777344,,5.605559349060059,68.9781494140625,65.19921112060547,51.09374237060547,,
2022-12-27,6.420650482177734,103.84917449951172,120.23457336425781,9.148393630981445,74.59278106689453,13.224116325378418,62.295013427734375,4.665799617767334,61.790191650390625,57.33382034301758,72.06768035888672,70.43336486816406,73.05268096923828,88.78977966308594,62.057762145996094,57.79801559448242,55.62699508666992,4.74601936340332,56.286128997802734,57.762813568115234,36.12501525878906,7.8822855949401855,85.52330780029297,70.4454116821289,70.19175720214844,6.791440963745117,52.48613739013672,40.24817657470703,93.91156768798828,8.021089553833008,,66.43099975585938,,6.3366827964782715,57.788963317871094,52.57496643066406,6.262139320373535,,59.322200775146484,,75.55480194091797,55.29570770263672,58.7679557800293,36.516357421875,89.05247497558594,72.20732116699219,49.53974533081055,57.552974700927734,5.585917949676514,5.9021430015563965,,55.389312744140625,,61.033077239990234,58.04828643798828,,5.637277603149414,68.80779266357422,65.5286636352539,51.348934173583984,,
2022-12-28,6.452689170837402,106.24568176269531,119.54644775390625,9.037090301513672,75.13536071777344,13.260560989379883,62.66448211669922,4.707028865814209,61.97529983520508,57.722801208496094,71.76789855957031,70.45481872558594,72.43077850341797,91.41769409179688,62.21329879760742,57.88258743286133,55.74005126953125,4.7949042320251465,55.97846603393555,57.26254653930664,35.760704040527344,7.888426780700684,85.60944366455078,70.49600219726562,70.57489013671875,6.694023609161377,53.472206115722656,40.75835418701172,99.10182189941406,8.013273239135742,,66.75505828857422,,6.3366827964782715,57.6516227722168,52.771690368652344,6.265527725219727,,59.572265625,,75.55480194091797,55.213157653808594,60.68516159057617,36.794578552246094,88.46526336669922,73.9560317993164,49.70615005493164,58.556922912597656,5.649318218231201,5.926380634307861,,56.565677642822266,,60.36311340332031,58.7115364074707,,5.640387058258057,68.52208709716797,66.22869110107422,51.12565231323242,,
2022-12-29,6.465506553649902,105.65788269042969,120.4249267578125,9.10178279876709,76.84264373779297,13.58859634399414,62.86833190917969,4.7888007164001465,62.495018005371094,57.942413330078125,72.44790649414062,71.78467559814453,73.1111831665039,89.2979507446289,62.18624496459961,57.167171478271484,56.01275634765625,4.8060784339904785,56.24031448364258,57.66415786743164,37.152366638183594,7.9157233238220215,87.68329620361328,71.01605224609375,70.67572784423828,6.624438285827637,54.532989501953125,40.827301025390625,96.7273941040039,7.883316516876221,,66.20418548583984,,6.3366827964782715,58.12904357910156,53.1990966796875,6.2465596199035645,,59.67942428588867,,75.55480194091797,55.1070556640625,60.64202117919922,37.48318862915039,88.72624969482422,75.07086944580078,49.7962760925293,58.24802017211914,5.64735746383667,5.9688005447387695,,56.357112884521484,,62.02144241333008,59.09392166137695,,5.649092674255371,68.99125671386719,66.91500091552734,51.859310150146484,,
2023-01-02,6.510708332061768,106.11845397949219,120.1949234008789,9.081805229187012,77.66670989990234,13.549710273742676,62.870262145996094,4.767307758331299,63.648353576660156,57.7479133605957,71.43125915527344,70.21170043945312,73.61957550048828,90.5431900024414,61.188655853271484,58.73456573486328,57.728641510009766,4.871026039123535,56.42360305786133,55.59611129760742,35.34538650512695,7.895249366760254,84.87547302246094,72.6736831665039,71.24758911132812,6.5459442138671875,53.03635025024414,40.67562484741211,96.24032592773438,8.02463436126709,,65.75823211669922,,6.3366827964782715,59.10689926147461,50.84381866455078,6.339075565338135,,60.012821197509766,,76.36991882324219,54.93167495727539,59.49538803100586,37.851806640625,84.8150405883789,72.71403503417969,48.389923095703125,57.662357330322266,5.657793045043945,5.980919361114502,,56.23196792602539,,63.02535629272461,58.7005729675293,,5.640923976898193,68.408447265625,66.9822006225586,53.61646270751953,,
2023-01-03,6.523651599884033,105.50365447998047,120.5065689086914,9.019970893859863,75.77063751220703,13.62746810913086,62.941184997558594,4.738880634307861,63.285274505615234,57.484375,70.0683364868164,70.0687255859375,72.27863311767578,90.5431900024414,61.373138427734375,58.552425384521484,58.08113479614258,4.923402309417725,56.475975036621094,55.631629943847656,34.98836135864258,7.9124531745910645,85.1964340209961,72.49193572998047,70.90764617919922,6.728166103363037,52.765628814697266,41.17888641357422,92.75482940673828,8.03173828125,,67.69941711425781,,6.3366827964782715,58.538673400878906,51.72705078125,6.330853462219238,,59.95328140258789,,76.36991882324219,54.97944259643555,59.52004623413086,37.41362380981445,84.1004867553711,71.70115661621094,48.86570358276367,58.111358642578125,5.576513767242432,5.980919361114502,,55.32257080078125,,62.58361053466797,58.2164421081543,,5.62836217880249,68.25020599365234,66.95437622070312,55.36722183227539,,
2023-01-04,6.53659725189209,103.71993255615234,120.39524841308594,8.975265502929688,74.275634765625,13.102619171142578,63.17333984375,4.713922023773193,63.5487060546875,57.78555679321289,70.53246307373047,68.66017150878906,71.75550079345703,87.16639709472656,62.04277038574219,58.68904113769531,57.881595611572266,4.8675336837768555,56.29922103881836,53.99708557128906,35.18509292602539,7.981255054473877,85.12348937988281,71.60484313964844,70.97563934326172,6.613224983215332,52.55503463745117,41.1719970703125,90.32707977294922,8.033869743347168,,67.67974853515625,,6.3366827964782715,58.82941436767578,51.75444412231445,6.306180000305176,,59.98902893066406,,76.36991882324219,55.30788803100586,58.7679557800293,37.246681213378906,83.9970703125,72.00209045410156,49.77528381347656,58.24802017211914,5.585765838623047,5.956681251525879,,53.9626579284668,,62.84463119506836,58.4161491394043,,5.7477126121521,68.04452514648438,67.76818084716797,54.60769271850586,,
2023-01-05,6.53659725189209,104.22845458984375,120.57332611083984,9.00855827331543,76.32487487792969,13.1846923828125,63.540889739990234,4.737493991851807,63.349342346191406,58.218482971191406,71.4607162475586,69.85421752929688,72.64704132080078,86.69026947021484,61.509803771972656,59.248355865478516,58.52672576904297,4.871026039123535,56.305763244628906,54.039703369140625,35.36724853515625,7.768651485443115,85.05054473876953,70.20153045654297,70.73767852783203,6.5473456382751465,52.991241455078125,41.36503601074219,90.75326538085938,8.013985633850098,,66.93867492675781,,6.3366827964782715,58.73690414428711,52.68559265136719,6.317831993103027,,60.31049346923828,,76.36991882324219,55.46910095214844,59.15632247924805,37.719661712646484,84.5705795288086,71.73051452636719,49.117584228515625,59.13304901123047,5.612860202789307,5.920323848724365,,55.8148078918457,,62.864715576171875,56.91534423828125,,5.633389949798584,67.37732696533203,67.81687927246094,56.39707565307617,,
2023-01-06,6.562482833862305,104.00079345703125,120.27651977539062,8.938165664672852,75.58832550048828,12.999661445617676,63.3603630065918,4.6591477394104,63.36360549926758,58.16201400756836,70.8713607788086,69.6039810180664,72.29338836669922,85.15938568115234,61.44829177856445,59.83366775512695,59.05878448486328,4.857755184173584,56.27959442138672,53.6701774597168,35.01021957397461,7.7562665939331055,85.34232330322266,70.67417907714844,70.9008560180664,6.714148044586182,53.013797760009766,41.68906784057617,91.80996704101562,8.054460525512695,,66.833740234375,,6.3366827964782715,58.20174026489258,53.404510498046875,6.345930099487305,,60.352176666259766,,76.36991882324219,55.696041107177734,59.03303146362305,37.60837173461914,84.3731460571289,70.68827819824219,49.14558029174805,58.79465866088867,5.642592430114746,5.956681251525879,,55.8148078918457,,63.02535629272461,57.423667907714844,,5.703741073608398,67.5777359008789,68.10899353027344,54.865150451660156,,
2023-01-09,6.543066501617432,105.92108917236328,120.34333038330078,8.941969871520996,76.52908325195312,12.967263221740723,63.10885238647461,4.692426681518555,62.112030029296875,58.626304626464844,71.13656616210938,70.2474594116211,69.99458312988281,85.43770599365234,61.154483795166016,59.82717514038086,58.978981018066406,4.797698497772217,56.66582489013672,53.15140151977539,34.86367416381836,7.710853576660156,84.80252838134766,71.00135803222656,70.90764617919922,6.635653495788574,51.742801666259766,41.38334655761719,90.73797607421875,8.053041458129883,,66.85997009277344,,6.3366827964782715,58.76333236694336,52.37749099731445,6.380194664001465,,59.76231002807617,,76.36991882324219,56.40065383911133,58.65082550048828,37.40799331665039,85.4637680053711,71.56171417236328,48.99164581298828,58.892276763916016,5.657793045043945,5.980919361114502,,55.8148078918457,,62.90486526489258,57.78676986694336,,5.68112850189209,66.69163513183594,67.87947082519531,52.914894104003906,,
2023-01-10,6.543066501617432,105.92108917236328,120.49913787841797,8.99428939819336,76.35405731201172,13.072378158569336,63.063720703125,4.709066867828369,61.717559814453125,58.14945602416992,71.2912826538086,70.78370666503906,69.0736312866211,84.41954040527344,61.08615493774414,60.009273529052734,58.52672576904297,4.783031940460205,56.561073303222656,52.653900146484375,35.105472564697266,7.710169792175293,85.26935577392578,71.61939239501953,71.09121704101562,6.590799331665039,52.15643310546875,40.91087341308594,91.68746948242188,8.09636116027832,,66.9583511352539,,6.3366827964782715,58.12245559692383,53.17169189453125,6.407607078552246,,59.65998840332031,,76.36991882324219,56.131935119628906,59.766639709472656,37.82831573486328,84.4765625,73.53608703613281,49.64234924316406,59.19160079956055,5.6564717292785645,5.999096870422363,,55.18073654174805,,62.64387130737305,57.62944030761719,,5.672332763671875,65.9242172241211,67.8655776977539,53.08867263793945,,
2023-01-11,6.5495405197143555,106.2398910522461,120.35076904296875,9.07419204711914,76.42697143554688,13.082457542419434,62.97993087768555,4.695202350616455,60.98596954345703,57.5896110534668,70.94503021240234,70.41191864013672,68.88941955566406,82.08287811279297,61.34580612182617,60.2889289855957,58.93933868408203,4.755543231964111,55.90645217895508,52.90976333618164,35.09815979003906,7.696408271789551,84.8098373413086,71.2413101196289,71.03681182861328,6.587995529174805,51.374267578125,40.58430480957031,92.03966522216797,8.089974403381348,,66.65668487548828,,6.3366827964782715,58.2215576171875,53.46611022949219,6.482990264892578,,59.31690979003906,,76.36991882324219,55.0272216796875,58.49445343017578,37.422000885009766,84.1004867553711,73.6168212890625,49.61435317993164,58.755619049072266,5.6564717292785645,5.938499927520752,,55.03056335449219,,62.576942443847656,57.544708251953125,,5.710652828216553,65.93213653564453,68.86022186279297,53.61646270751953,,
2023-01-12,6.5495405197143555,105.8072509765625,120.46208190917969,9.195002555847168,75.9967041015625,13.191893577575684,63.14111328125,4.675095081329346,60.80668640136719,57.38053894042969,70.34092712402344,70.3046646118164,68.19682312011719,82.14884185791016,61.44144821166992,59.7818603515625,58.6705322265625,4.743561744689941,56.18404769897461,53.30063247680664,35.50849151611328,7.4033026695251465,85.15265655517578,70.60147094726562,70.97563934326172,6.517909049987793,51.735267639160156,40.49397659301758,91.65684509277344,8.103464126586914,,67.48299407958984,,6.3726348876953125,57.65334701538086,54.2945671081543,6.508346080780029,,59.1604118347168,,76.36991882324219,55.05110549926758,57.42821502685547,37.26789474487305,84.03466796875,72.36908721923828,49.18756103515625,58.117862701416016,5.668364524841309,5.9257731437683105,,54.3214111328125,,62.576942443847656,57.357120513916016,,5.687410354614258,65.79763793945312,68.86022186279297,53.359012603759766,,
2023-01-13,6.601315021514893,105.351806640625,120.48429870605469,9.409993171691895,76.93743896484375,13.56267261505127,63.321651458740234,4.713922023773193,60.89275360107422,57.659297943115234,70.28197479248047,70.44049835205078,68.99256896972656,82.77145385742188,61.05198669433594,59.3999137878418,58.878875732421875,4.66673469543457,56.51454544067383,54.913856506347656,34.83435821533203,7.224412441253662,85.291259765625,70.68144989013672,70.90764617919922,6.505295753479004,49.824989318847656,40.50788116455078,91.73340606689453,8.158143997192383,,66.89278411865234,,6.3726348876953125,58.11583709716797,52.14469909667969,6.601548194885254,,59.822513580322266,,76.36991882324219,56.030418395996094,58.16399002075195,37.597137451171875,86.12190246582031,71.19471740722656,49.40446472167969,58.56690216064453,5.709334850311279,5.950286388397217,,54.16997528076172,,62.724151611328125,57.62339782714844,,5.694947719573975,66.06136322021484,69.1732406616211,53.50060272216797,,
2023-01-16,6.581899166107178,105.31387329101562,120.4471664428711,9.40809154510498,77.44792938232422,13.482755661010742,63.48930740356445,4.714614391326904,61.660186767578125,57.684635162353516,68.7054214477539,69.33709716796875,71.02613067626953,84.96892547607422,61.38681411743164,59.301116943359375,59.47019577026367,4.694222927093506,56.567420959472656,56.49155807495117,34.768428802490234,6.9491963386535645,85.63409423828125,70.52873992919922,71.14559173583984,6.631446838378906,49.76483917236328,40.8135986328125,92.36129760742188,8.136131286621094,,66.30253601074219,,6.3726348876953125,58.47261047363281,52.71982192993164,6.65774393081665,,59.58173370361328,,76.36991882324219,56.364837646484375,58.9870719909668,37.036720275878906,86.30055236816406,71.19471740722656,50.300048828125,58.469268798828125,5.715943813323975,5.889005661010742,,54.33823013305664,,62.597023010253906,57.67178726196289,,5.657257556915283,66.18531036376953,69.55577087402344,53.06934356689453,,
2023-01-17,6.575427532196045,104.72943115234375,119.83869934082031,9.378602027893066,77.70317840576172,13.304926872253418,63.39257049560547,4.714614391326904,61.68171691894531,57.690956115722656,68.49179077148438,69.57479095458984,71.01136779785156,83.27689361572266,61.120323181152344,58.83356857299805,58.91918182373047,4.750609397888184,56.527767181396484,56.043827056884766,34.585235595703125,7.11088752746582,85.91124725341797,71.01589965820312,71.06401062011719,6.487072944641113,49.712188720703125,41.327762603759766,92.43018341064453,8.080741882324219,,66.7616195678711,,6.3726348876953125,58.10923385620117,52.2816276550293,6.582359313964844,,59.46138000488281,,76.36991882324219,56.59772872924805,57.845985412597656,36.77751922607422,85.55779266357422,70.97452545166016,49.39746856689453,58.25454330444336,5.715943813323975,5.9319024085998535,,54.16997528076172,,62.58361053466797,57.605220794677734,,5.65914249420166,66.18793487548828,69.54884338378906,53.5521125793457,,
2023-01-18,6.568955421447754,106.59660339355469,119.8313217163086,9.39382266998291,78.1042709350586,13.347406387329102,63.540889739990234,4.721547603607178,62.277000427246094,57.86203384399414,68.51387786865234,69.79810333251953,70.74613952636719,83.81159210205078,61.188655853271484,58.29355239868164,58.596614837646484,4.803473472595215,57.21519088745117,55.79508972167969,34.65850830078125,6.921675205230713,85.61219787597656,70.35426330566406,71.03002166748047,6.503894805908203,49.035308837890625,40.99424743652344,92.82836151123047,8.10275650024414,,66.7616195678711,,6.3726348876953125,58.10923385620117,52.274776458740234,6.585784912109375,,59.40719985961914,,76.36991882324219,56.76490783691406,57.70256805419922,36.511322021484375,85.58599853515625,70.16718292236328,48.97764587402344,58.436744689941406,5.78004264831543,5.950286388397217,,53.67362594604492,,62.7041015625,57.865447998046875,,5.662282466888428,66.1299057006836,69.55577087402344,52.779727935791016,,
2023-01-19,6.471877098083496,105.97420501708984,119.6532974243164,9.293001174926758,77.95111083984375,13.319326400756836,63.57957458496094,4.727093696594238,62.255462646484375,57.690956115722656,66.31114959716797,69.20021057128906,70.23773956298828,82.91062927246094,61.20231628417969,57.85235595703125,57.79024887084961,4.835191249847412,57.2680778503418,55.290523529052734,34.10896301269531,6.8459906578063965,85.34232330322266,69.8016357421875,70.75128936767578,6.4338059425354,48.508853912353516,40.500919342041016,91.28929138183594,8.044184684753418,,66.38123321533203,,6.3726348876953125,58.24137496948242,51.583255767822266,6.565227031707764,,59.545631408691406,,76.36991882324219,56.908226013183594,57.94575119018555,36.574363708496094,85.18170928955078,69.21302795410156,48.84470748901367,57.94218826293945,5.761539459228516,5.889005661010742,,54.24569320678711,,62.924957275390625,57.73835372924805,,5.6578850746154785,66.11410522460938,69.54187774658203,52.45789337158203,,
2023-01-20,6.51718282699585,105.71615600585938,119.92779541015625,9.336202621459961,77.88550567626953,13.271810531616211,63.463539123535156,4.730561256408691,62.592594146728516,57.874698638916016,67.00364685058594,69.1497573852539,70.65033721923828,82.61763763427734,61.42782974243164,57.95112991333008,56.513484954833984,4.902854919433594,56.884727478027344,54.9991340637207,35.164093017578125,6.981535911560059,85.26935577392578,68.34744262695312,70.76488494873047,6.431005001068115,48.426143646240234,40.49397659301758,91.88654327392578,8.017727851867676,,66.51239013671875,,6.3726348876953125,58.20174026489258,50.90545654296875,6.41445779800415,,59.65998840332031,,76.36991882324219,56.87239456176758,58.170223236083984,36.42726516723633,85.2569351196289,68.9928207397461,48.82372283935547,58.527828216552734,5.7840046882629395,5.9319024085998535,,54.7168083190918,,62.59030532836914,57.61732482910156,,5.657257556915283,66.1905746459961,68.52637481689453,52.29696273803711,,
2023-01-23,6.491289138793945,105.48088836669922,119.60872650146484,9.33523941040039,77.52088165283203,13.14653205871582,63.2894287109375,4.741652965545654,62.38456726074219,57.874698638916016,67.38673400878906,68.7607650756836,69.94303894042969,82.52242279052734,60.78550720214844,57.95112991333008,56.029685974121094,4.8556294441223145,56.084922790527344,54.52298355102539,35.706321716308594,6.997361660003662,84.97760772705078,68.58740234375,70.70369720458984,6.3623199462890625,48.508853912353516,39.965911865234375,91.0289535522461,7.996994495391846,,66.1385726928711,,6.3726348876953125,58.01011276245117,50.52887725830078,6.4350175857543945,,59.527587890625,,76.36991882324219,56.496185302734375,57.1912727355957,36.42726516723633,85.22872161865234,69.38915252685547,48.87269973754883,58.287071228027344,5.777398586273193,5.907389163970947,,53.757747650146484,,61.60649108886719,57.76861572265625,,5.662911891937256,66.72329711914062,68.50547790527344,51.46023941040039,,
2023-01-24,6.478347301483154,105.65543365478516,119.62355041503906,9.192197799682617,77.3021011352539,13.379802703857422,63.41838455200195,4.7076826095581055,62.090518951416016,57.69729995727539,67.2983169555664,68.11241912841797,69.75884246826172,81.89247131347656,60.949501037597656,57.700897216796875,55.572731018066406,4.818978309631348,56.051876068115234,54.7432975769043,35.64771270751953,7.005618572235107,84.78067016601562,68.87824249267578,71.04362487792969,6.272612571716309,48.70440673828125,40.22995376586914,91.61087036132812,7.971970558166504,,66.23041534423828,,6.3726348876953125,57.46834182739258,50.0153694152832,6.361690044403076,,59.41926574707031,,76.36991882324219,56.54397964477539,57.185020446777344,36.28715133666992,84.9842758178711,69.00016021728516,49.110595703125,58.08534622192383,5.7569122314453125,5.846108913421631,,53.83346176147461,,61.840728759765625,58.15592575073242,,5.662282466888428,67.24809265136719,68.83934020996094,51.016109466552734,,
2023-01-25,6.497763633728027,106.26263427734375,119.72002410888672,9.254599571228027,77.72509002685547,13.392045021057129,63.77301025390625,4.6938157081604,62.284175872802734,57.7859992980957,67.73298645019531,68.12683868408203,69.37569427490234,82.47843933105469,61.08615493774414,57.51648712158203,55.646644592285156,4.771755695343018,56.36912155151367,54.95649337768555,35.20806121826172,7.038641452789307,85.26935577392578,68.89278411865234,71.04362487792969,6.210936546325684,48.809696197509766,40.605140686035156,91.1208267211914,7.949801921844482,,66.22386932373047,,6.3726348876953125,57.15119552612305,50.93967819213867,6.407607078552246,,59.56972122192383,,76.36991882324219,56.65743637084961,57.96445846557617,35.8808479309082,84.99366760253906,68.8533706665039,48.515869140625,58.18295669555664,5.775415897369385,5.901261806488037,,54.144737243652344,,61.164772033691406,58.1196174621582,,5.640923976898193,67.26918029785156,69.12452697753906,50.797264099121094,,
2023-01-26,6.51718282699585,105.68579864501953,119.6532974243164,9.154755592346191,77.81257629394531,13.366846084594727,63.83751678466797,4.666082382202148,62.3989372253418,57.7859992980957,67.49722290039062,68.105224609375,69.30941009521484,82.43449401855469,61.08615493774414,57.42430114746094,55.05529022216797,4.726644515991211,56.20389175415039,55.09153747558594,34.87833023071289,7.0503387451171875,84.87547302246094,69.29269409179688,71.00962829589844,6.195518970489502,48.373497009277344,40.216060638427734,91.41181945800781,7.929782390594482,,66.1385726928711,,6.3726348876953125,57.16440963745117,51.27516174316406,6.3952717781066895,,59.46138000488281,,76.36991882324219,56.67533493041992,57.40950012207031,36.077003479003906,86.262939453125,68.0460205078125,48.466888427734375,58.046287536621094,5.723212718963623,5.858366012573242,,54.573795318603516,,62.44308853149414,58.19224166870117,,5.631503105163574,67.14524841308594,69.12452697753906,50.59772872924805,,
2023-01-27,6.530123233795166,105.77684020996094,119.8313217163086,9.177796363830566,78.0167465209961,13.362524032592773,63.19268798828125,4.652215480804443,62.38456726074219,57.77333068847656,67.51933288574219,68.076416015625,69.64094543457031,82.65425872802734,61.263824462890625,57.49018478393555,55.162818908691406,4.712549686431885,56.21710205078125,55.788002014160156,35.274017333984375,6.9884138107299805,85.5611572265625,69.34358215332031,71.00962829589844,6.17449426651001,48.358455657958984,39.74358367919922,91.5036849975586,7.928351402282715,,66.41403198242188,,6.3726348876953125,57.085140228271484,52.658206939697266,6.406236171722412,,59.4734001159668,,76.36991882324219,56.961978912353516,57.12890625,36.01395034790039,86.32874298095703,68.62584686279297,48.78874588012695,58.111358642578125,5.722551345825195,5.864492893218994,,53.85028839111328,,63.57413101196289,58.6461181640625,,5.632132053375244,67.63839721679688,69.06889343261719,50.20510482788086,,
2023-01-30,6.543066501617432,105.50365447998047,120.12812805175781,9.312199592590332,77.95111083984375,13.103338241577148,63.77301025390625,4.6341872215271,62.47065734863281,57.75432205200195,67.04048919677734,67.7954330444336,69.66304779052734,82.73481750488281,61.41413116455078,57.016029357910156,55.169525146484375,4.642065048217773,56.24353790283203,56.498653411865234,34.90031051635742,7.084051609039307,85.48088836669922,69.94708251953125,71.09799194335938,6.161877155303955,47.997459411621094,39.5142936706543,91.31227111816406,7.88330602645874,,66.6042251586914,,6.3726348876953125,57.38905334472656,52.26109313964844,6.456951141357422,,59.3710823059082,,76.36991882324219,57.27846908569336,57.029136657714844,36.006954193115234,86.63902282714844,69.44788360595703,49.56538391113281,58.09834671020508,5.750966548919678,5.846108913421631,,53.320289611816406,,62.4363899230957,59.17259216308594,,5.631503105163574,66.984375,69.1941146850586,49.88327407836914,,
2023-01-31,6.568955421447754,106.0728759765625,120.39524841308594,9.30163860321045,77.9146728515625,13.247330665588379,63.93423080444336,4.617549419403076,62.219600677490234,58.10911178588867,67.11415100097656,68.19164276123047,68.92626953125,83.34278869628906,61.78994369506836,57.00285339355469,55.78104782104492,4.673078536987305,56.977237701416016,56.854007720947266,35.25202178955078,7.155611038208008,86.61152648925781,69.94708251953125,71.24758911132812,6.143655776977539,48.39604949951172,39.67409133911133,90.8604965209961,7.965532302856445,,67.15511322021484,,6.3726348876953125,57.646724700927734,52.37749099731445,6.476138114929199,,59.39514923095703,,76.36991882324219,57.91741943359375,59.49213790893555,36.1890754699707,86.90226745605469,71.12130737304688,50.370018005371094,58.892276763916016,5.807133674621582,5.895132064819336,,53.656795501708984,,62.242305755615234,59.354148864746094,,5.7414326667785645,67.72278594970703,69.1314926147461,50.6620979309082,,
2023-02-01,6.588472843170166,104.0079345703125,120.71652221679688,9.178756713867188,75.16613006591797,13.118917465209961,63.60333251953125,4.563652515411377,62.93683624267578,57.37419128417969,67.65633392333984,67.93952941894531,69.245361328125,80.94577026367188,61.42374801635742,56.587955474853516,56.16407012939453,4.609642028808594,56.527767181396484,56.91136169433594,35.24470138549805,7.114328861236572,84.74019622802734,69.08341217041016,71.42831420898438,6.142243385314941,48.38090133666992,38.27056121826172,88.67051696777344,8.026311874389648,,66.92285919189453,,6.3726348876953125,58.60918426513672,52.42586898803711,6.381989002227783,,59.286827087402344,,77.19381713867188,57.34761047363281,59.29884338378906,36.077003479003906,86.47534942626953,71.29066467285156,49.42390060424805,58.87909698486328,5.910626411437988,5.8399810791015625,,53.26139831542969,,61.51933670043945,58.44693374633789,,5.651761531829834,67.16549682617188,69.50191497802734,50.12126922607422,,
2023-02-02,6.549213886260986,104.55799865722656,120.880859375,9.214276313781738,75.5409164428711,13.188569068908691,64.17768096923828,4.55875301361084,62.965538024902344,57.671966552734375,67.79743957519531,68.0835952758789,69.83906555175781,81.77918243408203,61.45830154418945,57.147708892822266,56.28501892089844,4.6871747970581055,55.39747619628906,56.83965301513672,35.57442855834961,7.165018081665039,85.48197937011719,68.5198974609375,71.489990234375,6.345527648925781,48.843177795410156,38.97233200073242,90.46996307373047,8.01701545715332,,67.06220245361328,,6.3726348876953125,58.388607025146484,52.01115798950195,6.396526336669922,,59.34099578857422,,77.19381713867188,57.51069641113281,59.21154022216797,36.77751922607422,85.85868835449219,72.09693908691406,49.021453857421875,58.61564254760742,5.777557849884033,5.858366012573242,,53.4969482421875,,60.66798782348633,58.9495849609375,,5.628867149353027,66.21812438964844,69.15787506103516,49.97791290283203,,
2023-02-03,6.588472843170166,104.67256164550781,121.0376968383789,9.20851993560791,76.15827178955078,13.24007511138916,64.22337341308594,4.55875301361084,63.05876159667969,57.963382720947266,67.8717269897461,67.86029052734375,70.22494506835938,82.0078353881836,61.42374801635742,57.6811408996582,56.41269302368164,4.809113025665283,55.423919677734375,56.30195236206055,35.25202178955078,6.944889068603516,85.57011413574219,68.05152893066406,71.34605407714844,6.234002590179443,48.50215148925781,39.36143112182617,90.60780334472656,7.983407974243164,,66.49151611328125,,6.3726348876953125,58.41536331176758,51.5273323059082,6.372298717498779,,59.34099578857422,,77.19381713867188,57.9213752746582,59.01824188232422,36.70046615600586,86.0009994506836,71.91201782226562,48.576637268066406,58.339046478271484,5.770869731903076,5.91351842880249,,53.757747650146484,,60.80989074707031,59.55030059814453,,5.646674156188965,65.86783599853516,69.46683502197266,49.79546356201172,,
2023-02-06,6.59501314163208,104.28296661376953,120.87335205078125,9.21619701385498,75.64382934570312,13.24007511138916,64.41262817382812,4.5419535636901855,63.2452507019043,57.938045501708984,67.18099212646484,67.52890014648438,68.49583435058594,80.97527313232422,61.49285125732422,57.58234786987305,56.60087203979492,4.766820907592773,55.919673919677734,55.92197036743164,34.57058334350586,7.048358917236328,85.26163482666016,69.81521606445312,71.27754211425781,6.23259162902832,47.63063430786133,39.30584716796875,87.1543960571289,7.984837532043457,,66.39197540283203,,6.3726348876953125,58.31509780883789,51.83144760131836,6.381989002227783,,59.40719985961914,,77.19381713867188,57.01544189453125,59.67295837402344,36.48330307006836,85.38433074951172,71.71229553222656,48.44955062866211,58.60908126831055,5.753482818603516,5.968669414520264,,51.915348052978516,,60.31663513183594,60.19392395019531,,5.66002893447876,66.07747650146484,69.15086364746094,50.95532989501953,,
2023-02-07,6.588472843170166,103.9926528930664,119.5287094116211,9.233478546142578,75.5409164428711,13.24007511138916,64.38654327392578,4.5419535636901855,62.73602294921875,58.04576110839844,67.6043472290039,67.5361328125,68.64427185058594,81.10801696777344,61.354652404785156,57.58234786987305,57.26611328125,4.7696428298950195,55.615596771240234,55.835941314697266,34.59256362915039,7.013635158538818,85.43789672851562,69.1126937866211,71.20901489257812,6.3907012939453125,47.46390914916992,38.94453430175781,88.29532623291016,7.982693672180176,,66.27252197265625,,6.3726348876953125,58.41536331176758,50.815425872802734,6.361913204193115,,58.991905212402344,,77.19381713867188,56.502052307128906,59.548248291015625,36.44126892089844,85.6689453125,71.12793731689453,48.09653091430664,58.29294204711914,5.722054958343506,5.962540149688721,,51.839630126953125,,59.99908447265625,59.464473724365234,,5.596432209014893,65.99787139892578,69.15086364746094,50.505706787109375,,
2023-02-08,6.601558208465576,104.2294692993164,120.00676727294922,9.23828125,75.07058715820312,13.192193984985352,64.49749755859375,4.494357109069824,62.11563491821289,58.0964469909668,67.53009033203125,67.5721206665039,68.79267120361328,80.355712890625,61.389198303222656,57.50333023071289,56.50499725341797,4.721006393432617,55.423919677734375,55.599334716796875,34.187232971191406,7.017801761627197,85.19556427001953,69.02487182617188,71.07194519042969,6.211416244506836,46.986473083496094,38.11772155761719,86.92364501953125,7.919771671295166,,65.96065521240234,,6.3726348876953125,58.869842529296875,51.09880447387695,6.36883544921875,,58.097999572753906,,77.19381713867188,56.411468505859375,59.5420036315918,36.1185188293457,83.0979232788086,70.46961975097656,47.65876007080078,58.38515090942383,5.717374324798584,5.987053871154785,,52.092018127441406,,59.93151092529297,59.40319061279297,,5.6027936935424805,66.0243911743164,69.08067321777344,51.15079116821289,,
2023-02-09,6.59501314163208,103.51901245117188,119.88723754882812,9.312199592590332,74.9236068725586,13.15229320526123,64.38654327392578,4.500657081604004,61.978267669677734,57.97609329223633,67.32953643798828,67.62256622314453,68.91141510009766,80.3409652709961,61.28553771972656,57.48356628417969,56.86519241333008,4.701272010803223,55.19254684448242,55.032955169677734,34.084049224853516,6.987245559692383,85.29837799072266,68.73213195800781,71.03765869140625,6.119656562805176,46.72121810913086,37.963565826416016,85.921875,7.923344612121582,,65.2306900024414,,6.3726348876953125,58.50894546508789,50.836151123046875,6.349452018737793,,57.800018310546875,,77.19381713867188,56.109458923339844,59.934844970703125,36.23857116699219,84.2933120727539,69.99622344970703,47.52461624145508,58.26000213623047,5.724061012268066,5.938029766082764,,51.21708679199219,,60.80989074707031,60.071327209472656,,5.583079814910889,66.06421661376953,69.08768463134766,51.17033767700195,,
2023-02-10,6.601558208465576,103.3661880493164,119.67060089111328,9.408202171325684,75.0926284790039,13.018803596496582,64.3800048828125,4.548954486846924,60.73463439941406,57.116859436035156,67.21812438964844,67.77381896972656,68.99305725097656,80.37783813476562,61.354652404785156,57.1543083190918,56.606937408447266,4.650751113891602,54.57124328613281,55.541988372802734,34.084049224853516,7.000441551208496,85.12210083007812,68.71748352050781,71.12676239013672,6.0137810707092285,46.91067886352539,37.837432861328125,87.68653869628906,7.95194673538208,,65.58241271972656,,6.3726348876953125,58.281681060791016,51.043514251708984,6.321067810058594,,56.602046966552734,,77.19381713867188,56.99127197265625,60.206077575683594,35.98436737060547,84.14151000976562,69.49324035644531,47.60227966308594,58.08877944946289,5.677250862121582,5.950286388397217,,51.4694709777832,,60.80989074707031,59.65448760986328,,5.618691921234131,65.88642883300781,69.15787506103516,51.13776397705078,,
2023-02-13,6.608100891113281,103.06060028076172,119.46143341064453,9.340042114257812,75.10735321044922,13.002842903137207,64.4061050415039,4.522355556488037,59.85978317260742,56.77113723754883,67.06958770751953,67.60092163085938,68.51068115234375,80.31885528564453,61.126651763916016,56.38859558105469,56.23319625854492,4.610903263092041,53.963863372802734,55.84309387207031,33.81138610839844,6.942110538482666,85.12947082519531,68.15399169921875,71.27069091796875,5.776617527008057,46.97129821777344,37.95655059814453,87.63261413574219,7.9369306564331055,,66.23936462402344,,6.419465065002441,58.34852600097656,51.043514251708984,6.309994220733643,,55.020992279052734,,77.19381713867188,56.26045608520508,59.360389709472656,35.8784294128418,83.56280517578125,69.18997192382812,47.807037353515625,58.418067932128906,5.659196853637695,5.943509578704834,,51.65454864501953,,59.51935577392578,59.40932083129883,,5.564637184143066,65.41934967041016,69.15787506103516,51.05957794189453,,
2023-02-14,6.621186256408691,103.09879302978516,119.52120971679688,9.360201835632324,75.69526672363281,13.063783645629883,64.54318237304688,4.5776519775390625,60.37313461303711,57.091243743896484,67.51522827148438,67.69459533691406,67.30846405029297,80.90888977050781,61.299373626708984,56.34866714477539,56.606937408447266,4.600940704345703,53.823692321777344,55.814430236816406,33.5755729675293,6.969884395599365,85.22492218017578,68.30766296386719,71.31867218017578,5.787911891937256,46.66817092895508,38.06165313720703,87.61720275878906,7.931925296783447,,66.69058990478516,,6.419465065002441,58.66933059692383,51.38911056518555,6.301687717437744,,54.96624755859375,,77.19381713867188,56.634925842285156,58.893394470214844,35.970237731933594,83.9233169555664,69.03467559814453,47.743492126464844,58.24024200439453,5.674576282501221,5.937298774719238,,51.62053298950195,,59.53287887573242,59.70968246459961,,5.564637184143066,65.83865356445312,69.4246826171875,51.24855041503906,,
2023-02-15,6.621186256408691,103.06060028076172,119.33440399169922,9.379400253295898,76.06268310546875,13.065958023071289,64.64761352539062,4.527256011962891,60.73463439941406,56.97600555419922,67.90145874023438,67.71617889404297,67.36043548583984,80.95314025878906,61.37537384033203,56.195499420166016,56.634117126464844,4.667827606201172,53.8370475769043,56.26610565185547,33.5313606262207,6.990024089813232,85.29837799072266,68.29304504394531,71.5311279296875,5.84014368057251,46.73637771606445,37.90750503540039,87.46308135986328,7.944079875946045,,66.55125427246094,,6.419465065002441,58.36858367919922,52.04573059082031,6.3459930419921875,,53.421688079833984,,77.19381713867188,56.31480026245117,60.035682678222656,36.06911087036133,83.50587463378906,68.94588470458984,48.41424560546875,58.15463638305664,5.714697360992432,5.993194580078125,,51.70557403564453,,59.566673278808594,59.580936431884766,,5.569086074829102,66.07481384277344,69.4246826171875,51.33976364135742,,
2023-02-16,6.621186256408691,102.7550048828125,119.45398712158203,9.38615608215332,76.40077209472656,13.022429466247559,64.41917419433594,4.539853096008301,60.517723083496094,56.9119987487793,68.05742645263672,67.75128173828125,65.00797271728516,81.48417663574219,61.499755859375,56.26210403442383,56.518592834472656,4.602365016937256,54.39769744873047,56.122711181640625,33.037593841552734,6.955999374389648,84.92379760742188,67.9197998046875,71.21586608886719,5.773795127868652,47.25927734375,38.019615173339844,87.46308135986328,7.9853315353393555,,66.81665802001953,,6.419465065002441,58.69608688354492,52.135562896728516,6.365375995635986,,52.7162971496582,,77.19381713867188,56.61078643798828,60.01043701171875,36.09733581542969,83.0315170288086,68.5020523071289,48.188297271728516,58.01630401611328,5.734092712402344,6.018035888671875,,52.096763610839844,,59.3909912109375,59.45834732055664,,5.568452835083008,66.06155395507812,70.16191101074219,51.39188766479492,,
2023-02-17,6.640811920166016,105.24557495117188,120.76130676269531,9.466471672058105,76.43018341064453,13.065958023071289,64.61498260498047,4.5111565589904785,60.37313461303711,57.24488830566406,69.37207794189453,67.57699584960938,65.52745056152344,84.006591796875,62.073246002197266,56.208831787109375,57.660255432128906,4.608767986297607,54.78482437133789,56.75361251831055,33.008113861083984,7.027523040771484,85.17353057861328,68.35891723632812,71.27069091796875,5.797792434692383,47.7064094543457,38.138736724853516,89.0813217163086,8.004781723022461,,67.254638671875,,6.419465065002441,58.45545959472656,52.647037506103516,6.396526336669922,,54.66830062866211,,77.19381713867188,56.773826599121094,59.33517074584961,36.273868560791016,83.23075103759766,68.28756713867188,48.49897766113281,58.02290344238281,5.730079174041748,6.024247169494629,,52.29236602783203,,59.91126251220703,59.580936431884766,,5.559547424316406,65.8121109008789,71.25718688964844,51.6460075378418,,
2023-02-22,6.634268760681152,105.08517456054688,119.64822387695312,9.485823631286621,76.63592529296875,13.203802108764648,64.6345443725586,4.497857570648193,60.351436614990234,57.29609680175781,69.68404388427734,67.61326599121094,65.78717803955078,82.08895874023438,61.568851470947266,56.235477447509766,57.21175003051758,4.603787422180176,54.931678771972656,57.320030212402344,33.0154914855957,7.0261359214782715,85.0119400024414,68.4979476928711,71.106201171875,5.806263446807861,48.388465881347656,38.46805953979492,87.84064483642578,8.100570678710938,,67.43378448486328,,6.419465065002441,59.351078033447266,52.6746940612793,6.396526336669922,,54.11491394042969,,77.19381713867188,56.761756896972656,59.4550666809082,36.3515510559082,83.42048645019531,68.41329956054688,48.724910736083984,58.19414138793945,5.7274041175842285,6.049089431762695,,52.65804672241211,,59.45179748535156,59.61157989501953,,5.566543102264404,65.55204772949219,70.49189758300781,52.01742172241211,,
2023-02-23,6.653897762298584,103.96206665039062,119.84243774414062,9.483890533447266,76.46690368652344,13.27562141418457,64.68022918701172,4.49995756149292,60.4092903137207,56.97600555419922,67.96829223632812,66.3135986328125,64.98568725585938,80.39997863769531,61.91431427001953,55.38986587524414,57.39524459838867,4.490649223327637,55.61247253417969,57.42038345336914,33.273406982421875,7.0830793380737305,84.82833099365234,68.14667510986328,70.89374542236328,5.794969081878662,49.63892364501953,37.9005012512207,87.53240966796875,8.019905090332031,,67.15511322021484,,6.419465065002441,59.277557373046875,52.875152587890625,6.376451015472412,,54.072357177734375,,77.19381713867188,56.73157501220703,60.073524475097656,36.280941009521484,83.36357116699219,69.53762817382812,48.73903274536133,57.957054138183594,5.745459079742432,6.042878150939941,,52.20732498168945,,59.086936950683594,59.33575439453125,,5.555096626281738,65.53079223632812,70.48487091064453,51.496131896972656,,
2023-02-24,6.666983604431152,104.61913299560547,120.48490142822266,9.482924461364746,76.72410583496094,13.298112869262695,64.81077575683594,4.5020575523376465,60.517723083496094,57.05922317504883,68.62931823730469,67.01789855957031,65.3864517211914,81.19652557373047,62.183753967285156,55.716121673583984,57.55831527709961,4.5013227462768555,55.91282653808594,57.284175872802734,33.28816223144531,7.110159873962402,84.76223754882812,68.6443099975586,71.00338745117188,5.803438663482666,50.05573272705078,38.01262283325195,87.30896759033203,8.075364112854004,,67.40726470947266,,6.419465065002441,59.21738052368164,53.99484634399414,6.389603137969971,,53.64061737060547,,77.19381713867188,56.767784118652344,59.89054489135742,36.38685607910156,83.76203155517578,69.1233901977539,49.8475341796875,58.05583190917969,5.76953125,6.049089431762695,,52.275360107421875,,59.3707160949707,59.76483154296875,,5.565909385681152,65.8121109008789,70.26020050048828,51.46357345581055,,
2023-02-27,6.666983604431152,103.90093994140625,120.76876831054688,9.551624298095703,77.53988647460938,13.382271766662598,64.83035278320312,4.57415246963501,60.5394287109375,57.257686614990234,68.62931823730469,67.22120666503906,65.00055694580078,81.49153900146484,62.81251525878906,55.93586349487305,58.367000579833984,4.526226997375488,56.11307144165039,57.14077377319336,33.155513763427734,7.158769607543945,84.93113708496094,67.9197998046875,71.14734649658203,5.803438663482666,50.662025451660156,38.09669876098633,88.55733489990234,8.083285331726074,,67.68598175048828,,6.419465065002441,59.5983772277832,52.88896560668945,6.397218227386475,,52.86225509643555,,77.19381713867188,56.773826599121094,59.79584503173828,36.25974655151367,84.1794662475586,69.10860443115234,49.43096923828125,58.35879898071289,5.789592742919922,6.067721843719482,,51.99471664428711,,59.26938247680664,59.97325134277344,,5.569723129272461,65.32117462158203,70.49189758300781,51.99787521362305,,
2023-02-28,6.693154335021973,104.86358642578125,120.76130676269531,9.579687118530273,75.79813385009766,13.176230430603027,64.86297607421875,4.571351528167725,61.02383804321289,57.53297424316406,69.5800552368164,67.01789855957031,64.5627212524414,83.93284606933594,62.87471389770508,56.04901885986328,58.82229232788086,4.56038236618042,55.7059211730957,56.48835754394531,33.38395309448242,7.194877624511719,83.94697570800781,68.24909973144531,71.20901489257812,5.964371681213379,51.13946533203125,37.06667709350586,87.64801788330078,8.045832633972168,,67.50016021728516,,6.419465065002441,59.83897399902344,53.86351776123047,6.361221790313721,,53.41562271118164,,77.19381713867188,56.979209899902344,59.802162170410156,36.436279296875,85.30844116210938,69.78170776367188,49.91109085083008,58.365386962890625,5.800960540771484,6.055300235748291,,51.99471664428711,,59.52610778808594,60.59847640991211,,5.589437007904053,65.79618072509766,70.49189758300781,52.03045654296875,,
2023-03-01,6.745992183685303,105.00743103027344,120.7688217163086,9.513887405395508,75.59076690673828,13.028544425964355,64.88552856445312,4.572765350341797,61.457672119140625,57.616180419921875,68.2175064086914,67.28656005859375,63.838470458984375,80.70978546142578,63.16085433959961,55.72945785522461,58.727149963378906,4.667827606201172,55.752647399902344,56.43770217895508,33.36185073852539,7.333069324493408,85.75365447998047,70.35602569580078,71.25305938720703,5.859134674072266,49.52180480957031,38.047645568847656,87.00070190429688,8.07248306274414,,67.55389404296875,,6.419465065002441,59.14994430541992,53.5426139831543,6.360522747039795,,52.60075378417969,,78.03308868408203,57.01376724243164,60.83715057373047,36.35860061645508,84.86795043945312,71.54747009277344,48.321964263916016,59.244178771972656,5.83257532119751,6.024247169494629,,51.8586540222168,,59.36914825439453,60.213539123535156,,5.551462650299072,65.8068618774414,71.14923858642578,52.254817962646484,,
2023-03-02,6.739370822906494,104.93050384521484,120.49803924560547,9.47227954864502,76.25736236572266,13.114086151123047,64.76683044433594,4.5996246337890625,61.457672119140625,57.68021774291992,69.28059387207031,67.28656005859375,64.05500030517578,81.58611297607422,63.13292694091797,57.260833740234375,59.026153564453125,4.730444431304932,55.49900817871094,56.28569793701172,33.479766845703125,7.280513763427734,85.60565185546875,70.06133270263672,71.17012023925781,6.09805154800415,48.644290924072266,38.46805953979492,87.64032745361328,8.059515953063965,,67.9903793334961,,6.419465065002441,58.77162551879883,53.50774002075195,6.382205963134766,,52.387908935546875,,78.03308868408203,57.0565299987793,60.58473587036133,36.584571838378906,84.12106323242188,70.65302276611328,49.490657806396484,59.2042121887207,5.758952617645264,6.036668300628662,,52.48796081542969,,59.09614562988281,59.108516693115234,,5.579782962799072,65.8068618774414,71.07130432128906,52.48577117919922,,
2023-03-03,6.779092788696289,105.06126403808594,120.6484603881836,9.647421836853027,77.38314056396484,13.070951461791992,65.11624908447266,4.593967437744141,61.775814056396484,57.84025192260742,69.25812530517578,67.96182250976562,63.60702896118164,81.593505859375,63.50282669067383,57.06107711791992,59.01935958862305,4.781677722930908,55.866111755371094,57.53778076171875,33.103919982910156,7.326061725616455,85.60565185546875,68.60999298095703,71.24613189697266,6.162047863006592,48.25514221191406,38.559165954589844,87.22419738769531,8.06312084197998,,68.15827941894531,,6.419465065002441,58.77162551879883,54.28208541870117,6.365417957305908,,53.026432037353516,,78.03308868408203,57.73485565185547,60.168190002441406,36.6269416809082,87.04161071777344,70.2952651977539,49.03457260131836,59.33736801147461,5.821093559265137,6.049089431762695,,52.30086898803711,,61.559898376464844,59.474788665771484,,5.566910266876221,65.90302276611328,71.48234558105469,52.59795379638672,,
2023-03-06,6.765855312347412,104.36122131347656,120.31753540039062,9.710320472717285,77.73865509033203,13.070951461791992,64.8789291381836,4.60103702545166,61.31306838989258,57.757041931152344,68.09021759033203,68.46282958984375,62.755836486816406,81.74205017089844,62.916561126708984,57.18758773803711,57.93208312988281,4.762465000152588,55.752647399902344,57.70425796508789,33.30289840698242,7.427669048309326,85.09514617919922,68.25636291503906,71.14940643310547,6.2260422706604,47.50735092163086,39.09168243408203,90.24494934082031,8.063838958740234,,68.35970306396484,,6.419465065002441,58.23796081542969,54.27510070800781,6.358422756195068,,51.32374572753906,,78.03308868408203,57.82038497924805,60.6288948059082,36.01966857910156,86.12236022949219,69.16226959228516,50.06071853637695,59.210872650146484,5.775162696838379,6.055300235748291,,52.13078689575195,,60.67268371582031,59.12094497680664,,5.560473442077637,65.84158325195312,71.55321502685547,52.85528564453125,,
2023-03-07,6.785714626312256,104.6227798461914,120.19722747802734,9.724830627441406,77.76829528808594,13.030741691589355,65.14264678955078,4.6356682777404785,60.517723083496094,57.4305419921875,68.61428833007812,68.43377685546875,63.614479064941406,82.44755554199219,63.4470100402832,56.50178909301758,57.59229278564453,4.756772994995117,55.56574630737305,57.53778076171875,33.30289840698242,7.419258117675781,85.39849090576172,68.44056701660156,71.16321563720703,6.271549701690674,47.50735092163086,39.65224838256836,88.50338745117188,8.060240745544434,,68.4537124633789,,6.419465065002441,57.83263397216797,54.37977600097656,6.365417957305908,,49.006900787353516,,78.03308868408203,57.79069519042969,60.2691650390625,36.224449157714844,85.164794921875,69.31883239746094,50.04648971557617,59.250816345214844,5.798127174377441,6.06151008605957,,51.95219421386719,,61.307411193847656,59.24509048461914,,5.548243522644043,65.8068618774414,70.90828704833984,52.98067092895508,,
2023-03-08,6.779092788696289,104.26889038085938,120.70117950439453,9.5700101852417,77.79790496826172,13.118474006652832,64.938232421875,4.634254455566406,59.683616638183594,57.033607482910156,68.95865631103516,68.33937072753906,62.80809783935547,82.50697326660156,62.916561126708984,56.50178909301758,57.49036407470703,4.640788555145264,55.63250732421875,57.146968841552734,32.99892807006836,7.497738361358643,85.56867218017578,68.4552993774414,71.09412384033203,6.186222553253174,47.57602310180664,39.970130920410156,88.06903839111328,8.109214782714844,,68.23209381103516,,6.419465065002441,57.73130416870117,53.75189971923828,6.365417957305908,,47.437992095947266,,78.03308868408203,55.8093147277832,60.40801239013672,36.19806671142578,85.7010269165039,69.39336395263672,49.1058349609375,58.878013610839844,5.787319183349609,6.073929786682129,,52.547489166259766,,60.6590461730957,58.10898208618164,,5.5321550369262695,65.6653060913086,70.84452056884766,53.42278289794922,,
2023-03-09,6.779092788696289,104.46894836425781,120.51312255859375,9.542914390563965,77.53866577148438,12.975908279418945,64.76023864746094,4.620826244354248,59.618003845214844,56.7647590637207,69.11588287353516,68.8186264038086,63.091800689697266,81.82373046875,62.88169479370117,56.65494155883789,57.76220703125,4.61801815032959,55.539039611816406,56.92261505126953,32.9247932434082,7.301537990570068,85.39849090576172,68.65419006347656,71.08719635009766,6.1776909828186035,47.57602310180664,40.040771484375,91.75313568115234,8.050877571105957,,68.40669250488281,,6.419465065002441,57.62997055053711,53.51472473144531,6.3598222732543945,,45.13694763183594,,78.03308868408203,56.87339401245117,60.96969223022461,36.518402099609375,84.40833282470703,69.80332946777344,49.098697662353516,58.1789665222168,5.807584762573242,6.067721843719482,,51.87565994262695,,60.60444641113281,57.88547134399414,,5.507695198059082,65.70537567138672,70.79495239257812,53.44257354736328,,
2023-03-10,6.798954963684082,103.5611572265625,120.71614074707031,9.605813026428223,76.65730285644531,12.978096008300781,64.68115234375,4.593967437744141,59.705448150634766,56.543399810791016,69.80463409423828,68.78956604003906,62.718475341796875,81.96484375,62.951473236083984,56.588348388671875,58.27762222290039,4.630234241485596,55.44560241699219,56.958797454833984,32.70979309082031,7.148077011108398,85.6796646118164,68.1237564086914,71.06648254394531,6.191911697387695,47.81258010864258,39.39085388183594,88.42584228515625,8.07392406463623,,68.42687225341797,,6.419465065002441,57.893428802490234,53.682132720947266,6.373112201690674,,44.51106643676758,,78.03308868408203,57.014060974121094,61.02703094482422,36.333316802978516,84.74348449707031,69.69152069091797,49.09157943725586,58.19894027709961,5.770432949066162,6.06151008605957,,51.90117263793945,,61.08218765258789,56.53830337524414,,5.402778625488281,65.75611877441406,70.84452056884766,53.60753631591797,,
2023-03-13,6.785714626312256,103.73809814453125,120.34009552001953,9.599039077758789,76.13143920898438,13.029281616210938,64.7470703125,4.621532917022705,59.035125732421875,55.70234680175781,69.55010986328125,68.86217498779297,62.12118148803711,82.43269348144531,62.7630500793457,56.54795455932617,58.55251693725586,4.597899436950684,55.2769660949707,56.654823303222656,32.62823486328125,7.041570663452148,85.50208282470703,68.36687469482422,70.82464599609375,5.955838680267334,47.31660079956055,38.7833137512207,88.41030883789062,8.066720008850098,,68.49402618408203,,6.467273235321045,57.656986236572266,53.71003341674805,6.337440490722656,,42.00141143798828,,78.03308868408203,57.36260986328125,60.17074203491211,36.14111328125,84.47537231445312,69.69152069091797,49.5619010925293,57.97260665893555,5.765030384063721,6.029544830322266,,51.95219421386719,,61.17771911621094,56.494842529296875,,5.429169178009033,65.70269775390625,70.7807388305664,53.251220703125,,
2023-03-14,6.805574417114258,105.88441467285156,120.4830093383789,9.628070831298828,75.82779693603516,13.077533721923828,64.56903839111328,4.611637115478516,59.38486099243164,55.28184127807617,70.62067413330078,69.40673065185547,62.419837951660156,81.17762756347656,62.7630500793457,56.93850326538086,58.42193603515625,4.547602653503418,55.24999237060547,56.517311096191406,32.672733306884766,7.033156871795654,85.42069244384766,68.55106353759766,70.73481750488281,5.958683490753174,47.110565185546875,38.218170166015625,87.50285339355469,8.14594841003418,,68.29256439208984,,6.467273235321045,57.69077682495117,53.66815948486328,6.345832347869873,,40.1483154296875,,78.03308868408203,57.3320426940918,60.70114517211914,36.361793518066406,85.50952911376953,70.43685913085938,49.41939163208008,58.6982536315918,5.767730236053467,5.960383892059326,,51.797607421875,,61.06853485107422,56.128570556640625,,5.416295528411865,65.80419158935547,70.86578369140625,52.9080924987793,,
2023-03-15,6.805574417114258,105.27666473388672,119.91138458251953,9.592266082763672,76.26475524902344,13.053403854370117,64.13394927978516,4.609518051147461,59.4722900390625,55.19771194458008,71.22708129882812,69.41399383544922,63.77125930786133,81.54154205322266,62.96542739868164,57.09337615966797,58.39442825317383,4.509520530700684,55.209529876708984,56.18440246582031,33.3103141784668,7.058385372161865,85.12474060058594,68.15323638916016,70.61044311523438,6.009879112243652,47.545494079589844,38.2393684387207,87.86740112304688,8.196364402770996,,67.2852783203125,,6.467273235321045,57.988014221191406,54.95182800292969,6.3101582527160645,,44.32697677612305,,78.03308868408203,57.18525695800781,60.202701568603516,36.51128387451172,86.08405303955078,70.28778839111328,49.43363952636719,57.7196159362793,5.748142719268799,6.004395484924316,,51.5313606262207,,60.92518997192383,56.81145477294922,,5.38089656829834,65.70537567138672,70.86578369140625,52.452762603759766,,
2023-03-16,6.805574417114258,104.6227798461914,120.10694122314453,9.512917518615723,76.41288757324219,13.063638687133789,64.21965789794922,4.639908790588379,59.45771789550781,55.59235382080078,71.09233093261719,68.63707733154297,62.57660675048828,80.4275894165039,62.90959167480469,57.70609664916992,58.11955261230469,4.5267653465271,55.209529876708984,56.119239807128906,32.754276275634766,6.993217468261719,85.42069244384766,68.14586639404297,70.47222137451172,6.044009685516357,47.42341995239258,37.70246887207031,88.1155776977539,8.122897148132324,,67.80233001708984,,6.467273235321045,58.09609603881836,54.45649719238281,6.340936183929443,,43.68268966674805,,78.03308868408203,57.17916488647461,61.41044998168945,36.09128189086914,84.64772033691406,71.54747009277344,49.4478874206543,57.806175231933594,5.808933734893799,5.972959518432617,,51.6086540222168,,60.43381118774414,56.8797492980957,,5.364805221557617,65.43827056884766,70.86578369140625,52.591346740722656,,
2023-03-17,6.785714626312256,104.3919677734375,119.32467651367188,9.444212913513184,76.21290588378906,12.994182586669922,64.14714050292969,4.623652935028076,59.38486099243164,55.19771194458008,70.64313507080078,68.70292663574219,63.099273681640625,80.35332489013672,62.79095458984375,58.177459716796875,58.875518798828125,4.515986442565918,55.53330612182617,56.78509521484375,32.79875946044922,7.000227451324463,85.3097152709961,67.99851989746094,70.47222137451172,5.955838680267334,47.17924118041992,37.62476348876953,88.01475524902344,8.182680130004883,,68.15827941894531,,6.467273235321045,58.92024230957031,54.44255447387695,6.392699241638184,,44.11835861206055,,78.03308868408203,57.79069519042969,60.70751953125,36.361793518066406,84.7721939086914,70.39216613769531,49.98233413696289,57.839439392089844,5.808259963989258,5.954097270965576,,52.34727478027344,,59.24628829956055,56.86112976074219,,5.39376974105835,65.70537567138672,70.85871124267578,52.34059524536133,,
2023-03-20,6.812193870544434,103.98426818847656,119.5127182006836,9.398350715637207,75.7611312866211,12.907182693481445,64.16690063476562,4.605984687805176,59.348411560058594,55.15891647338867,70.1490249633789,68.41026306152344,63.12914276123047,80.2048110961914,62.811885833740234,58.244781494140625,58.504390716552734,4.530357837677002,54.90598678588867,56.92261505126953,32.62082290649414,6.968691349029541,85.45770263671875,67.77749633789062,70.3755111694336,5.944460868835449,46.56117630004883,37.5753173828125,88.18539428710938,8.05013370513916,,67.7889175415039,,6.467273235321045,58.231201171875,53.7239875793457,6.342335224151611,,42.94636535644531,,78.03308868408203,57.576663970947266,61.0909538269043,36.4116325378418,84.88711547851562,69.09521484375,49.74718475341797,58.41865921020508,5.779212474822998,5.960383892059326,,51.402530670166016,,58.96648025512695,57.537837982177734,,5.477443218231201,65.69202423095703,70.85871124267578,52.27461624145508,,
2023-03-21,6.805574417114258,104.13041687011719,119.84366607666016,9.378843307495117,75.61297607421875,12.948124885559082,64.34490966796875,4.613758087158203,59.66173553466797,55.21065902709961,69.92442321777344,67.91264343261719,62.79316329956055,79.75178527832031,63.195735931396484,58.50740432739258,58.48379135131836,4.5102386474609375,55.3039436340332,56.119239807128906,32.69496536254883,6.999526023864746,85.60565185546875,67.5564956665039,70.33405303955078,5.923130512237549,46.68327331542969,37.27860641479492,85.40876770019531,8.161850929260254,,68.09110260009766,,6.467273235321045,58.5689582824707,54.03093719482422,6.377308368682861,,42.504573822021484,,78.03308868408203,57.69895935058594,61.04622268676758,36.37602996826172,84.2168197631836,69.00575256347656,49.5619010925293,58.38534927368164,5.81231164932251,5.960383892059326,,51.85771942138672,,59.17121887207031,58.04069137573242,,5.470363140106201,65.5985336303711,70.85160827636719,52.3076171875,,
2023-03-22,6.832056045532227,103.77655792236328,120.15956115722656,9.362259864807129,75.56851959228516,12.977364540100098,64.21305847167969,4.613051414489746,59.537864685058594,55.41123580932617,70.09662628173828,67.93461608886719,63.091800689697266,79.84088897705078,63.307411193847656,58.15052795410156,58.73805236816406,4.518861293792725,55.094852447509766,56.16267776489258,32.53927230834961,6.9946208000183105,85.62785339355469,67.32810974121094,70.43077850341797,5.8406476974487305,46.8434944152832,37.087867736816406,84.95890045166016,8.201026916503906,,67.90306854248047,,6.467273235321045,58.50142288208008,53.36821365356445,6.364020824432373,,42.24685287475586,,78.03308868408203,57.484928131103516,61.72358322143555,36.05569076538086,83.82423400878906,69.32630920410156,49.98233413696289,58.425315856933594,5.812986850738525,5.972959518432617,,51.48841857910156,,59.034732818603516,58.046897888183594,,5.444616794586182,65.56914520263672,70.86578369140625,52.551761627197266,,
2023-03-23,6.825433731079102,103.59197235107422,119.4901351928711,9.361283302307129,75.575927734375,12.999300003051758,64.4899673461914,4.593967437744141,59.15896224975586,55.08775329589844,69.40037536621094,67.8907241821289,62.845428466796875,81.61580657958984,63.20970153808594,59.45682144165039,58.112667083740234,4.454912185668945,54.54850387573242,56.16267776489258,32.17599105834961,7.00653076171875,85.38371276855469,66.52509307861328,70.34095764160156,5.829269886016846,46.62221908569336,36.748775482177734,84.47026824951172,8.172733306884766,,68.56116485595703,,6.467273235321045,58.3122673034668,53.36821365356445,6.372415065765381,,41.54121398925781,,78.03308868408203,56.34135818481445,61.474369049072266,36.02721405029297,83.78591918945312,69.05795288085938,48.98468780517578,58.25887680053711,5.8251447677612305,5.922661781311035,,51.479827880859375,,58.74808883666992,57.91032028198242,,5.445261001586914,65.37151336669922,70.73113250732422,52.17562484741211,,
2023-03-24,6.8452959060668945,103.61503601074219,120.25739288330078,9.408105850219727,75.90924835205078,13.02196216583252,64.29216003417969,4.62224006652832,59.39215087890625,55.17184829711914,68.7415542602539,67.79557037353516,63.45768737792969,82.06137084960938,63.18877410888672,60.002262115478516,58.39442825317383,4.46425199508667,54.568729400634766,57.13972854614258,32.850669860839844,6.999526023864746,85.31709289550781,66.96712493896484,70.40313720703125,5.8122053146362305,46.858768463134766,37.038429260253906,84.92789459228516,8.205377578735352,,68.80960845947266,,6.467273235321045,58.433868408203125,53.93329620361328,6.357725143432617,,42.33889389038086,,78.03308868408203,56.73274612426758,62.202842712402344,35.96315383911133,84.35086822509766,69.15483856201172,49.633174896240234,58.50519561767578,5.83730411529541,5.972959518432617,,51.479827880859375,,59.35548782348633,58.10898208618164,,5.4690752029418945,65.52909851074219,71.14923858642578,52.670536041259766,,
2023-03-27,6.858535289764404,104.2381362915039,120.04676055908203,9.344701766967773,74.97602844238281,13.065104484558105,64.68773651123047,4.61799955368042,59.100685119628906,54.3049430847168,68.7265853881836,67.72972869873047,63.95046615600586,82.04652404785156,63.3353271484375,59.995513916015625,58.88924789428711,4.51095724105835,54.40010452270508,56.99496841430664,32.82841110229492,6.9434685707092285,85.34671783447266,67.29864501953125,70.27188110351562,5.691324234008789,46.652740478515625,37.094947814941406,84.61762237548828,8.19739818572998,,68.68202209472656,,6.467273235321045,58.940513610839844,54.11466979980469,6.364719390869141,,40.38762283325195,,78.03308868408203,56.6899299621582,61.9855842590332,35.86349105834961,84.19766998291016,69.05049896240234,49.797054290771484,58.931251525878906,5.840682029724121,6.004395484924316,,51.62583541870117,,61.286922454833984,58.04069137573242,,5.426594257354736,65.52375030517578,70.94374084472656,53.1258430480957,,
2023-03-28,6.792334079742432,104.6997299194336,120.28742980957031,9.305685043334961,74.91677856445312,13.116276741027832,64.56245422363281,4.62789249420166,59.166259765625,52.59698486328125,68.81640625,68.1029052734375,64.73444366455078,82.50697326660156,63.579586029052734,59.75309753417969,58.758689880371094,4.507364749908447,54.63617706298828,56.90089797973633,32.835819244384766,6.971494674682617,85.15433502197266,67.68907928466797,70.32022094726562,5.685636520385742,46.7977180480957,37.23622131347656,84.46251678466797,8.153870582580566,,69.09164428710938,,6.467273235321045,58.96078872680664,53.84257507324219,6.379409313201904,,38.59589767456055,,78.03308868408203,56.35969924926758,61.51271438598633,35.69976806640625,85.12650299072266,69.31883239746094,49.98233413696289,58.59836959838867,5.794074058532715,6.035831928253174,,51.63441848754883,,61.76466369628906,57.239830017089844,,5.438825607299805,65.57183074951172,70.65319061279297,53.78569030761719,,
2023-03-29,6.832056045532227,105.17666625976562,120.27237701416016,9.31544017791748,74.76864624023438,13.16965389251709,64.5822525024414,4.618705749511719,58.28459548950195,50.99903106689453,69.0260009765625,67.98584747314453,65.25711059570312,81.65290832519531,63.537715911865234,58.46701431274414,58.82740020751953,4.462096691131592,54.143775939941406,57.089088439941406,32.643062591552734,6.88810920715332,85.22832489013672,67.77013397216797,70.27188110351562,5.539157390594482,46.54591369628906,37.299808502197266,83.77222442626953,8.135010719299316,,69.09164428710938,,6.467273235321045,57.96099853515625,54.072818756103516,6.358422756195068,,33.43545913696289,,78.03308868408203,56.206817626953125,60.80978775024414,35.71399688720703,85.12650299072266,69.4530029296875,50.310142517089844,58.03917694091797,5.765707492828369,5.954097270965576,,50.938743591308594,,62.39937210083008,58.133811950683594,,5.407285213470459,65.48634338378906,70.65319061279297,53.792293548583984,,
2023-03-30,6.832056045532227,105.50743103027344,120.34762573242188,9.241307258605957,74.87974548339844,13.268352508544922,64.37786102294922,4.608811378479004,55.741607666015625,50.26148986816406,69.77470397949219,68.3809585571289,65.63041687011719,82.31390380859375,63.509803771972656,56.60182189941406,58.43567657470703,4.490838527679443,53.88071060180664,57.146968841552734,32.58375930786133,6.937160491943359,85.32453155517578,68.52159118652344,70.47222137451172,5.546268463134766,46.660377502441406,37.44814682006836,83.81876373291016,8.124856948852539,,69.1655044555664,,6.467273235321045,57.67726516723633,53.84955978393555,6.366118907928467,,32.2143669128418,,78.03308868408203,55.95607376098633,60.234649658203125,35.42925262451172,85.41375732421875,69.57225036621094,50.43841552734375,57.7196159362793,5.790698051452637,5.922661781311035,,50.844276428222656,,62.0717887878418,57.159122467041016,,5.386688709259033,65.43827056884766,70.98625183105469,54.40596389770508,,
2023-03-31,6.871777534484863,106.06902313232422,120.70117950439453,9.31446361541748,75.50187683105469,13.335617065429688,64.5822525024414,4.5904340744018555,56.288108825683594,52.05354309082031,70.65811920166016,69.14198303222656,66.19039916992188,82.87830352783203,64.08907318115234,57.22801208496094,59.23976135253906,4.507364749908447,53.752559661865234,57.64635467529297,32.56150817871094,6.993217468261719,85.25053405761719,68.68368530273438,70.8108139038086,5.607420444488525,46.94270706176758,37.285675048828125,84.37720489501953,8.124856948852539,,69.1587905883789,,6.467273235321045,57.73130416870117,54.309993743896484,6.384305000305176,,36.19669723510742,,78.03308868408203,56.047813415527344,61.928062438964844,35.756710052490234,85.22225952148438,70.63065338134766,50.452667236328125,58.35208511352539,5.824470520019531,5.8472137451171875,,51.746070861816406,,61.42342758178711,57.792362213134766,,5.419515132904053,65.46499633789062,70.97207641601562,54.57096481323242,,
2023-04-03,6.885046005249023,106.60111236572266,120.91320037841797,9.601243019104004,75.76322174072266,13.253101348876953,64.17698669433594,4.588293075561523,56.907466888427734,52.532291412353516,70.43928527832031,68.27120971679688,63.32466506958008,80.71696472167969,63.679603576660156,57.37617111206055,59.15040969848633,4.555506706237793,54.23821258544922,57.975101470947266,32.28719711303711,6.991817474365234,86.01209259033203,71.19026947021484,71.06424713134766,5.560117721557617,47.58079528808594,35.639686584472656,83.60936737060547,8.105996131896973,,68.52692413330078,,6.467273235321045,57.041343688964844,54.57758331298828,6.394908905029297,,36.87779235839844,,78.90116119384766,55.2224006652832,60.70114517211914,35.728240966796875,84.83562469482422,70.07390594482422,49.99955368041992,58.372337341308594,5.777130126953125,5.866074562072754,,52.38162612915039,,60.52744674682617,57.074989318847656,,5.3185505867004395,65.96235656738281,71.0633544921875,54.17042922973633,,
2023-04-04,6.905137062072754,106.69410705566406,120.72389221191406,9.449073791503906,76.04694366455078,13.214786529541016,64.68431091308594,4.638966083526611,57.06046676635742,53.036922454833984,70.76374053955078,68.1248550415039,64.00911712646484,81.06844329833984,63.538414001464844,58.345794677734375,59.77579116821289,4.574905872344971,54.130279541015625,57.71211242675781,32.21306610107422,7.054811477661133,85.7810287475586,70.41899108886719,70.99456024169922,5.62318754196167,47.24251937866211,36.73466491699219,84.14453887939453,8.121230125427246,,69.30146789550781,,6.467273235321045,56.809078216552734,54.61981201171875,6.4210615158081055,,37.853424072265625,,78.90116119384766,55.092384338378906,60.26021194458008,35.59299087524414,84.7969741821289,70.79515075683594,50.2872428894043,58.49381637573242,5.7778143882751465,5.88493537902832,,51.21357727050781,,60.91339874267578,56.31985855102539,,5.444268226623535,65.39776611328125,71.20641326904297,53.40275955200195,,
2023-04-05,6.93192720413208,106.89552307128906,120.70870208740234,9.510527610778809,76.6069107055664,13.180159568786621,64.81783294677734,4.6346821784973145,57.05317306518555,52.75873947143555,70.1751937866211,67.93461608886719,64.45291137695312,81.14324188232422,63.46781539916992,58.93833923339844,59.253482818603516,4.544009685516357,53.988643646240234,57.85821533203125,33.23616409301758,7.11356258392334,85.71395111083984,70.0852279663086,71.05027770996094,5.574451446533203,47.12720489501953,36.87594223022461,84.3319320678711,8.139363288879395,,69.20636749267578,,6.467273235321045,56.44703674316406,53.86640167236328,6.4210615158081055,,36.11078643798828,,78.90116119384766,54.4733772277832,60.36884307861328,35.72111511230469,84.77763366699219,71.56147766113281,49.625572204589844,58.75030517578125,5.784651756286621,5.866074562072754,,51.101932525634766,,60.65150451660156,56.483463287353516,,5.44817590713501,65.06171417236328,71.52115631103516,53.12906265258789,,
2023-04-06,6.93192720413208,106.89552307128906,120.5723876953125,9.679280281066895,76.6069107055664,13.216996192932129,64.91793060302734,4.624691963195801,56.7835807800293,52.46760559082031,70.13745880126953,68.13216400146484,64.23478698730469,82.519287109375,63.85609436035156,60.015724182128906,58.071434020996094,4.5971808433532715,53.42204666137695,58.19425964355469,33.15462875366211,7.093036651611328,85.81829071044922,70.21874237060547,70.92489624023438,5.730691432952881,47.157958984375,37.63889694213867,84.74584197998047,8.142991065979004,,68.84626007080078,,6.467273235321045,56.49482345581055,53.612918853759766,6.433785915374756,,34.37427520751953,,78.90116119384766,54.41146469116211,59.81929016113281,35.73535919189453,85.05792999267578,71.52393341064453,49.26597213745117,58.331809997558594,5.791489601135254,6.004395484924316,,51.4368782043457,,59.96916580200195,56.62189865112305,,5.452083587646484,64.81436157226562,71.49967956542969,53.115726470947266,,
2023-04-10,6.898440837860107,107.65462493896484,120.6026840209961,9.628556251525879,77.16691589355469,13.250887870788574,65.0848159790039,4.649670124053955,56.907466888427734,51.833587646484375,69.94125366210938,68.41754913330078,64.73872375488281,83.24473571777344,63.849037170410156,58.31214904785156,58.456275939941406,4.6489152908325195,53.42204666137695,58.17963790893555,32.90995407104492,7.11002254486084,85.71395111083984,70.0111083984375,70.91792297363281,5.712057113647461,47.01188278198242,37.349246978759766,84.12110137939453,8.176362037658691,,69.28109741210938,,6.467273235321045,55.5521240234375,52.810203552246094,6.432370185852051,,35.53398513793945,,78.90116119384766,54.31242370605469,60.0621223449707,35.76383590698242,84.3233413696289,71.67417907714844,49.84133529663086,58.075347900390625,5.794907569885254,5.972959518432617,,51.4368782043457,,60.306880950927734,57.55323028564453,,5.4644598960876465,65.31710815429688,71.32086944580078,53.069000244140625,,
2023-04-11,6.925231456756592,108.05743408203125,121.0344009399414,9.66269588470459,77.68959045410156,13.569908142089844,64.8912582397461,4.626832008361816,56.0330696105957,51.691261291503906,70.57511138916016,69.47858428955078,66.36341857910156,84.28426361083984,63.67255401611328,59.261566162109375,59.23287582397461,4.691308975219727,53.60417175292969,58.36958694458008,32.82791519165039,7.1985015869140625,85.93756866455078,70.22618103027344,71.74702453613281,5.732125282287598,47.173336029052734,37.55593490600586,85.51112365722656,8.201026916503906,,69.1316146850586,,6.467273235321045,55.81170654296875,52.3877067565918,6.430957794189453,,33.48525619506836,,78.90116119384766,53.97816467285156,60.17713165283203,35.77312088012695,84.73896789550781,72.10991668701172,50.57493591308594,57.81208801269531,5.803796768188477,6.016970634460449,,51.694541931152344,,60.06566619873047,57.57841110229492,,5.412349224090576,64.92729187011719,71.38524627685547,53.135738372802734,,
2023-04-12,6.918532848358154,111.69807434082031,121.21613311767578,9.665623664855957,77.8538589477539,13.634742736816406,64.64423370361328,4.649670124053955,55.807186126708984,51.29015350341797,70.92218780517578,69.19322204589844,66.50631713867188,85.89216613769531,63.85609436035156,58.884483337402344,59.432159423828125,4.780407428741455,53.833492279052734,58.53759002685547,32.8055305480957,7.130547523498535,85.8630142211914,70.53766632080078,71.90028381347656,5.769392967224121,47.296348571777344,37.677066802978516,85.47990417480469,8.220614433288574,,69.06366729736328,,6.467273235321045,55.85953140258789,52.3877067565918,6.428837776184082,,33.113895416259766,,78.90116119384766,54.10198211669922,59.72343826293945,35.887969970703125,84.77763366699219,71.59150695800781,50.5605583190918,58.20357131958008,5.8154215812683105,5.985534191131592,,51.746070861816406,,62.13331604003906,57.163082122802734,,5.392157077789307,64.60197448730469,72.17204284667969,53.40275955200195,,
2023-04-13,6.925231456756592,110.76854705810547,120.93594360351562,9.665623664855957,78.1152114868164,13.895561218261719,64.62422943115234,4.6960601806640625,55.625,51.21238708496094,71.18630981445312,68.92247009277344,67.04786682128906,86.37828826904297,63.92670440673828,59.25482177734375,60.447261810302734,4.686830043792725,53.63789749145508,58.486480712890625,33.04423522949219,7.123467922210693,86.45930480957031,71.09388732910156,71.93511199951172,5.743591785430908,47.48854064941406,37.677066802978516,85.90160369873047,8.240925788879395,,69.56645202636719,,6.467273235321045,55.79121017456055,52.31728744506836,6.420355796813965,,32.50114059448242,,78.90116119384766,53.872928619384766,59.516029357910156,35.564971923828125,84.09137725830078,72.1249771118164,51.00645446777344,57.548831939697266,5.792858600616455,5.94152307510376,,51.48841857910156,,62.222904205322266,56.798095703125,,5.394110679626465,63.986305236816406,72.10050964355469,53.289276123046875,,
2023-04-14,6.93192720413208,110.03262329101562,122.69300842285156,9.642213821411133,79.42930603027344,13.93976879119873,64.77772521972656,4.7388811111450195,55.6760368347168,51.330196380615234,71.83525085449219,69.51518249511719,68.03321838378906,86.7522201538086,63.990234375,59.51347732543945,60.33603286743164,4.866730690002441,53.4355354309082,59.151248931884766,32.880123138427734,7.233891487121582,86.45182037353516,71.12356567382812,71.93511199951172,5.918466567993164,47.9498176574707,37.76258087158203,84.73805236816406,8.269941329956055,,69.40338897705078,,6.5122480392456055,55.94151306152344,52.49332809448242,6.414700508117676,,32.61254119873047,,78.90116119384766,53.89150619506836,60.11833190917969,35.80901336669922,84.29435729980469,72.62832641601562,52.80449676513672,57.84584426879883,5.812686443328857,5.909149646759033,,52.450340270996094,,62.1884651184082,57.43997573852539,,5.398670673370361,64.41647338867188,71.51398468017578,52.6951789855957,,
2023-04-17,6.925231456756592,110.28050994873047,122.79149627685547,9.76999282836914,80.39248657226562,14.116598129272461,64.8912582397461,4.766716003417969,56.09865188598633,51.343292236328125,73.05764770507812,71.60832214355469,67.6044921875,87.33555603027344,64.0325927734375,58.54009246826172,61.95602035522461,4.909530162811279,53.71208190917969,60.3712158203125,32.83537673950195,7.488703727722168,86.45930480957031,71.75395202636719,72.03962707519531,6.020235538482666,49.27981948852539,38.375457763671875,85.86255645751953,8.256163597106934,,69.02970886230469,,6.5122480392456055,56.54268264770508,53.056644439697266,6.428837776184082,,32.55683898925781,,78.90116119384766,53.9596061706543,59.66497039794922,36.10329055786133,84.77763366699219,73.28948974609375,52.790103912353516,57.994319915771484,5.846874713897705,5.902781963348389,,52.389625549316406,,62.9259147644043,57.22602081298828,,5.433845520019531,65.27680206298828,71.52115631103516,52.99557113647461,,
2023-04-18,6.945324420928955,110.1410903930664,122.70052337646484,9.784722328186035,80.03407287597656,14.440776824951172,64.55746459960938,4.7602925300598145,57.0458869934082,51.2451286315918,72.96709442138672,70.72335052490234,68.52212524414062,87.20096588134766,64.59737396240234,58.472023010253906,61.385902404785156,4.860202312469482,53.82675552368164,60.692684173583984,33.26801681518555,7.706001281738281,87.13008880615234,72.9998779296875,72.25560760498047,6.056070804595947,49.971763610839844,38.44671630859375,85.35497283935547,8.274638175964355,,69.36941528320312,,6.5122480392456055,56.60413360595703,54.06355667114258,6.448627471923828,,32.773468017578125,,78.90116119384766,54.78288269042969,59.71677780151367,36.3186149597168,85.83119201660156,75.06256866455078,53.84733963012695,58.21030807495117,5.839353561401367,5.972827434539795,,52.450340270996094,,62.74672317504883,57.51548385620117,,5.375872611999512,65.60208892822266,71.85731506347656,52.99557113647461,,
2023-04-19,6.952022075653076,111.07063293457031,122.68543243408203,9.79947280883789,80.08636474609375,14.392152786254883,64.63756561279297,4.710333347320557,57.08961868286133,51.25166320800781,72.95955657958984,70.05963134765625,69.13890075683594,88.68919372558594,64.15966796875,58.26099395751953,60.690635681152344,4.885591506958008,54.02912521362305,60.34200668334961,33.67079544067383,7.696803569793701,88.09904479980469,73.1630630493164,72.94535827636719,6.156408786773682,50.49454116821289,38.7959098815918,87.46344757080078,8.262215614318848,,69.22675323486328,,6.5122480392456055,56.672454833984375,54.19028854370117,6.432370185852051,,32.68062973022461,,78.90116119384766,54.72098159790039,60.3838996887207,36.261199951171875,86.39179992675781,74.88224029541016,54.09186935424805,58.31157684326172,5.822258472442627,6.017398834228516,,52.432987213134766,,63.39459228515625,57.54065704345703,,5.373917579650879,65.84674072265625,71.66419982910156,52.74190139770508,,
2023-04-20,6.958719730377197,110.32699584960938,122.83688354492188,9.795538902282715,79.89222717285156,14.510771751403809,64.69096374511719,4.752442359924316,57.41749954223633,51.133853912353516,72.84635925292969,69.58763885498047,70.24456024169922,89.05562591552734,64.07493591308594,58.57413101196289,60.42641067504883,4.901549339294434,54.63617706298828,60.53926086425781,34.29736328125,7.680522918701172,89.3363037109375,74.75762176513672,72.4297866821289,6.149240493774414,50.74055480957031,39.08808898925781,86.7215805053711,8.32213020324707,,69.3897933959961,,6.5122480392456055,56.631473541259766,54.90851593017578,6.473368167877197,,31.052785873413086,,78.90116119384766,54.77051544189453,60.5263786315918,36.54112243652344,86.5077896118164,74.64180755615234,54.6600456237793,58.61530685424805,5.82567834854126,5.985560894012451,,53.161582946777344,,64.08382415771484,57.27006149291992,,5.373917579650879,65.9085922241211,71.52115631103516,53.03561019897461,,
2023-04-24,6.958719730377197,109.44392395019531,121.78416442871094,9.788658142089844,79.89222717285156,14.588130950927734,64.81114196777344,4.788840293884277,57.49037170410156,51.28437042236328,73.30664825439453,70.06697845458984,69.65034484863281,90.4690933227539,64.244384765625,58.533294677734375,60.662818908691406,4.901549339294434,54.366363525390625,60.6707649230957,33.6633415222168,7.623190879821777,89.96237182617188,74.127197265625,72.01873016357422,6.156408786773682,52.12438201904297,39.287628173828125,92.69563293457031,8.341127395629883,,69.42375946044922,,6.5122480392456055,56.61780548095703,55.274654388427734,6.570206642150879,,28.93597412109375,,78.90116119384766,55.06144332885742,60.18961715698242,36.18941879272461,87.97696685791016,76.57266998291016,54.012760162353516,58.115840911865234,5.828414440155029,5.953722953796387,,52.74524688720703,,62.719146728515625,57.301544189453125,,5.387596130371094,65.93277740478516,71.48536682128906,53.60969161987305,,
2023-04-25,6.972111225128174,111.54312896728516,121.74626159667969,9.831920623779297,80.05651092529297,14.514455795288086,65.0380859375,4.817387580871582,57.60694885253906,50.89826202392578,73.72167205810547,70.37672424316406,70.43260955810547,91.59837341308594,64.19496154785156,57.634742736816406,60.33603286743164,4.794915199279785,54.16401290893555,60.92646408081055,33.79015350341797,7.746348857879639,90.7449722290039,74.31260681152344,72.01175689697266,6.142075061798096,52.085933685302734,39.230621337890625,93.86702728271484,8.383504867553711,,69.55287170410156,,6.5122480392456055,56.44019317626953,54.647972106933594,6.664923667907715,,27.209089279174805,,78.90116119384766,55.58761978149414,59.762123107910156,36.03152084350586,88.48925018310547,75.5058364868164,53.624393463134766,58.00109100341797,5.857814788818359,5.890045166015625,,52.302879333496094,,63.24985885620117,57.06870651245117,,5.3491668701171875,65.74727630615234,71.48536682128906,53.60969161987305,,
2023-04-26,6.998904705047607,112.31774139404297,122.69300842285156,9.832905769348145,80.00421142578125,14.442254066467285,64.73770904541016,4.816673278808594,57.585086822509766,50.3942985534668,75.30625915527344,70.57584381103516,69.21410369873047,90.41677856445312,63.96200180053711,57.205928802490234,60.22478103637695,4.770977020263672,54.63617706298828,61.39398193359375,33.85728454589844,7.783863067626953,90.6182861328125,75.6475601196289,72.2531509399414,6.091904163360596,52.201263427734375,38.981197357177734,93.39847564697266,8.475565910339355,,69.39661407470703,,6.5122480392456055,56.40604782104492,54.535308837890625,6.638065338134766,,28.063255310058594,,78.90116119384766,55.27811050415039,59.781558990478516,35.887969970703125,89.8134536743164,76.15192413330078,53.22161865234375,58.12932586669922,5.848240852355957,5.83910608291626,,52.346256256103516,,62.836307525634766,57.85527801513672,,5.347862720489502,65.8682632446289,71.49250793457031,53.76322555541992,,
2023-04-27,7.012298107147217,111.41148376464844,123.0716781616211,10.165260314941406,79.95941162109375,14.462878227233887,64.52408599853516,4.806682109832764,58.21173095703125,50.49248123168945,75.6835708618164,70.42837524414062,69.12384033203125,94.86654663085938,64.36439514160156,57.0902099609375,59.81456756591797,4.797817230224609,54.838523864746094,61.730018615722656,35.95331573486328,7.817839622497559,90.88662719726562,75.72173309326172,72.12066650390625,6.122007369995117,51.50933837890625,39.0595817565918,90.25916290283203,8.580050468444824,,69.81783294677734,,6.5122480392456055,56.453853607177734,53.9015998840332,6.654323101043701,,29.46207618713379,,78.90116119384766,55.61234664916992,59.911094665527344,35.995628356933594,90.71235656738281,75.95659637451172,52.28664779663086,58.061824798583984,5.863968849182129,5.870945453643799,,52.50238037109375,,63.47730255126953,58.13845443725586,,5.3582844734191895,65.8682632446289,71.74288940429688,52.748592376708984,,
2023-04-28,7.079273700714111,113.09233856201172,123.0716781616211,10.142642974853516,80.51943969726562,14.551297187805176,64.73770904541016,4.770284175872803,60.36124038696289,51.7032470703125,75.45719909667969,71.0183334350586,70.92903137207031,94.61226654052734,64.68209838867188,57.85939407348633,61.865623474121094,4.903726100921631,56.322471618652344,62.30715560913086,36.885719299316406,8.051417350769043,91.59467315673828,75.89971923828125,72.97816467285156,6.12487268447876,51.76304244995117,39.800716400146484,93.64837646484375,8.540596961975098,,70.10999298095703,,6.5122480392456055,57.38291931152344,55.415504455566406,6.664923667907715,,30.94754981994629,,78.90116119384766,55.9899787902832,60.23494338989258,36.87128448486328,90.8476791381836,76.9107437133789,52.85482406616211,58.43305587768555,5.872857570648193,5.934618949890137,,53.03147888183594,,64.09070587158203,58.89358901977539,,5.424073696136475,65.8682632446289,71.52828216552734,53.20250701904297,,
2023-05-02,7.099469184875488,113.40184020996094,123.91047668457031,10.211471557617188,80.61721801757812,14.6930513381958,63.97162628173828,4.951845169067383,61.04615020751953,52.95329284667969,75.4723892211914,70.28826141357422,70.41390228271484,88.61482238769531,64.33232879638672,59.942325592041016,60.203922271728516,4.983520030975342,57.125160217285156,62.565059661865234,35.102970123291016,8.103797912597656,92.08379364013672,75.28773498535156,72.84728240966797,5.951609134674072,52.188785552978516,39.244873046875,89.11119842529297,8.433917999267578,,70.73554992675781,,6.5122480392456055,57.141075134277344,55.927337646484375,6.712055206298828,,30.959951400756836,,79.78548431396484,55.737186431884766,59.2698860168457,36.80670166015625,90.30158233642578,75.10089874267578,53.76913070678711,59.00051498413086,5.880315780639648,6.004663944244385,,54.896339416503906,,64.3272705078125,58.995643615722656,,5.470224380493164,66.70447540283203,72.01026916503906,54.63329315185547,,
2023-05-03,7.113018035888672,115.27304077148438,123.91047668457031,10.054144859313965,80.62474822998047,14.692313194274902,64.07282257080078,4.86610746383667,60.47782516479492,54.144432067871094,75.25953674316406,69.73515319824219,73.17137908935547,91.52699279785156,64.39657592773438,59.697265625,61.476287841796875,4.986420631408691,57.08469772338867,62.62403106689453,36.177093505859375,7.832408905029297,92.2489242553711,76.23535919189453,73.02296447753906,5.847651481628418,51.01218032836914,39.57268524169922,90.4778060913086,8.475565910339355,,70.18562316894531,,6.5122480392456055,57.223976135253906,55.24488067626953,6.697771072387695,,29.15260124206543,,79.78548431396484,55.580528259277344,59.781558990478516,36.612892150878906,90.0772933959961,77.23540496826172,54.407691955566406,59.608970642089844,5.910737037658691,6.023768424987793,,56.70915222167969,,64.29251861572266,60.39239501953125,,5.48538875579834,67.37830352783203,72.27742004394531,54.66704177856445,,
2023-05-04,7.099469184875488,116.84794616699219,124.3450698852539,9.987279891967773,80.5419921875,14.696024894714355,64.14701080322266,4.876193523406982,60.113494873046875,55.49919891357422,76.65828704833984,70.25872802734375,73.08045196533203,91.05290985107422,64.2752456665039,59.68367385864258,63.12409973144531,5.005283355712891,57.125160217285156,62.27029800415039,35.684791564941406,7.998813629150391,92.00875854492188,76.03390502929688,73.08622741699219,5.8606462478637695,53.29574203491211,39.85774612426758,92.18804168701172,8.439037322998047,,70.24746704101562,,6.5122480392456055,57.55564880371094,54.96051788330078,6.730620861053467,,29.46207618713379,,79.78548431396484,55.76850891113281,60.22197341918945,36.612892150878906,90.21382141113281,80.4522933959961,54.131927490234375,59.47908401489258,5.880315780639648,6.04287052154541,,56.29281997680664,,64.222900390625,60.00334930419922,,5.434623718261719,67.51631164550781,72.19799041748047,54.55904769897461,,
2023-05-05,7.126565933227539,117.49504852294922,124.82550048828125,10.02956485748291,80.49684143066406,14.696765899658203,64.3223648071289,4.935274124145508,60.9514274597168,55.00178909301758,76.27820587158203,71.12894439697266,72.80017852783203,90.78952026367188,64.45369720458984,59.595176696777344,62.70692443847656,5.024868488311768,57.82666015625,62.093441009521484,36.79621505737305,8.105937004089355,92.2789306640625,76.33984375,72.6785888671875,5.89096736907959,53.21833038330078,41.04784393310547,92.72687530517578,8.474834442138672,,70.68057250976562,,6.5122480392456055,58.329498291015625,57.0079345703125,6.766322135925293,,30.310041427612305,,79.78548431396484,55.70586395263672,61.14168167114258,36.935890197753906,90.73065948486328,78.47673034667969,54.60359573364258,60.162750244140625,5.907279968261719,6.023768424987793,,56.73518371582031,,63.4505729675293,60.201053619384766,,5.548022270202637,67.48384094238281,72.67451477050781,54.99773406982422,,
2023-05-08,7.140116214752197,117.53406524658203,124.67300415039062,10.025632858276367,81.6329574584961,14.779895782470703,64.50444793701172,4.992911338806152,61.024314880371094,55.40100860595703,76.27061462402344,69.96375274658203,74.44406127929688,90.7519302368164,65.09607696533203,59.27526092529297,62.10897445678711,5.063313961029053,57.67153549194336,62.18926239013672,37.51228713989258,8.100228309631348,92.6842041015625,76.1010513305664,72.73480224609375,5.772570610046387,53.767921447753906,41.126220703125,92.72686004638672,8.31334400177002,,71.07925415039062,,6.5122480392456055,58.96518325805664,57.66196823120117,6.797741413116455,,29.9510498046875,,79.78548431396484,55.90011978149414,61.4849739074707,37.4311408996582,91.8131103515625,78.28752899169922,54.82854461669922,61.277130126953125,6.063536643981934,6.030134677886963,,57.585208892822266,,64.89783477783203,60.83885955810547,,5.571099281311035,67.4107666015625,72.91995239257812,56.070831298828125,,
2023-05-09,7.167215347290039,118.43064880371094,124.2840805053711,9.995150566101074,82.5357894897461,14.82146167755127,64.7674560546875,5.02893590927124,60.65239715576172,55.66279983520508,77.16001892089844,70.61273193359375,74.0955810546875,93.2953872680664,66.05967712402344,59.08463668823242,61.983829498291016,5.11409330368042,57.772701263427734,62.15240478515625,37.069820404052734,8.123793601989746,93.80242156982422,75.67575073242188,72.64344787597656,5.807222843170166,54.34848403930664,40.87485122680664,93.3398208618164,8.346144676208496,,70.52932739257812,,6.5122480392456055,59.552486419677734,58.14541244506836,6.7948832511901855,,30.282522201538086,,79.78548431396484,55.755985260009766,61.85417556762695,36.89789581298828,91.45228576660156,79.4001693725586,54.63262176513672,61.50956726074219,6.020669460296631,6.023768424987793,,57.75868606567383,,64.222900390625,61.11311340332031,,5.510443687438965,67.167236328125,72.59507751464844,55.09222412109375,,
2023-05-10,7.173985958099365,116.98828125,124.29170227050781,10.010881423950195,83.20537567138672,15.03745174407959,64.4437484741211,5.1146721839904785,61.225650787353516,56.2714729309082,77.54010009765625,70.76758575439453,73.51985168457031,94.06293487548828,65.35305786132812,59.111873626708984,61.70571517944336,5.1474609375,57.64452362060547,62.63876724243164,37.08482360839844,8.168789863586426,93.66734313964844,75.6981201171875,72.70670318603516,5.857757568359375,55.43220901489258,40.795833587646484,93.82703399658203,8.3178129196167,,70.6736831665039,,6.5122480392456055,59.42119598388672,59.08377456665039,6.719192981719971,,30.895435333251953,,79.78548431396484,55.755985260009766,62.64432907104492,36.883426666259766,91.31575775146484,79.70294952392578,54.66164779663086,61.495880126953125,6.022050857543945,6.030134677886963,,56.8132438659668,,64.01417541503906,62.37593078613281,,5.519014835357666,67.39183044433594,72.5445327758789,56.49601745605469,,
2023-05-11,7.201086044311523,118.27476501464844,125.66431427001953,10.009897232055664,83.51388549804688,15.073814392089844,64.3223648071289,5.110350131988525,61.475502014160156,56.802425384521484,78.0494613647461,71.18793487548828,72.82288360595703,96.18500518798828,65.21027374267578,59.064208984375,62.493309020996094,5.169418811798096,57.806427001953125,62.565059661865234,37.21230697631836,8.192357063293457,93.02940368652344,76.07122802734375,72.88240051269531,6.0627875328063965,56.00503158569336,41.29141616821289,94.29851531982422,8.317069053649902,,70.90740966796875,,6.5122480392456055,59.52484893798828,59.929786682128906,6.783457279205322,,32.03993225097656,,79.78548431396484,56.044219970703125,62.71635437011719,37.08598709106445,91.62781524658203,80.62637329101562,54.63988494873047,61.52322006225586,6.093958377838135,6.030134677886963,,57.255611419677734,,65.85108947753906,62.15268325805664,,5.630434989929199,67.46491241455078,72.68171691894531,55.80763244628906,,
2023-05-12,7.201086044311523,119.75609588623047,125.45836639404297,10.19966983795166,85.76349639892578,15.262340545654297,64.14022827148438,5.121877193450928,61.74006271362305,57.09349060058594,78.7564468383789,72.0508041381836,73.30017852783203,95.281982421875,65.52436828613281,59.325767517089844,62.310455322265625,5.174542427062988,58.90782928466797,62.94828414916992,37.459800720214844,8.17021656036377,93.24705505371094,79.24666595458984,72.93861389160156,6.107547760009766,56.856529235839844,41.34169387817383,97.04886627197266,8.326016426086426,,71.08613586425781,,6.563966274261475,60.21578598022461,59.95109558105469,6.785602569580078,,33.372074127197266,,79.78548431396484,55.86253356933594,62.53261947631836,37.13664245605469,91.62781524658203,79.77862548828125,54.654388427734375,61.98814010620117,6.098106384277344,6.016695976257324,,56.89998245239258,,63.812400817871094,61.06208038330078,,5.669334411621094,67.5190200805664,72.5589828491211,54.802024841308594,,
2023-05-15,7.255278587341309,119.66250610351562,125.03901672363281,10.177058219909668,85.04122924804688,15.46200180053711,64.18748474121094,5.122596740722656,63.31279754638672,58.125423431396484,79.7370834350586,72.59651184082031,74.5804214477539,94.06293487548828,65.73849487304688,59.876338958740234,62.725364685058594,5.200158596038818,59.35933303833008,62.71247100830078,38.23223876953125,8.18449878692627,93.24705505371094,80.20758819580078,73.05809783935547,6.4468560218811035,56.67074203491211,41.75828170776367,96.65596771240234,8.319306373596191,,71.08613586425781,,6.563966274261475,61.34893798828125,59.616981506347656,6.837011337280273,,36.749298095703125,,79.78548431396484,57.55436706542969,62.65729904174805,38.634254455566406,91.09147644042969,79.30178833007812,54.951904296875,61.53009796142578,6.107784748077393,6.003798007965088,,56.55863952636719,,64.9117660522461,61.52129364013672,,5.712846755981445,67.51361083984375,72.59507751464844,55.827857971191406,,
2023-05-16,7.262050628662109,119.67033386230469,124.21550750732422,10.123960494995117,85.80863189697266,15.378874778747559,64.07282257080078,5.107468605041504,63.63615798950195,59.137508392333984,79.96516418457031,72.81070709228516,74.73194122314453,95.7033920288086,65.73849487304688,59.91762924194336,62.76755142211914,5.21406364440918,59.33197021484375,62.77143859863281,40.122108459472656,8.20521068572998,93.1870346069336,81.45378112792969,72.74887084960938,6.4179768562316895,57.28226089477539,41.32015609741211,98.95056915283203,8.348380088806152,,71.14112091064453,,6.563966274261475,60.94816207885742,59.673851013183594,6.869144439697266,,39.369773864746094,,79.78548431396484,57.7548713684082,62.83444595336914,39.92207336425781,92.16417694091797,79.55155944824219,54.70519256591797,61.40016555786133,6.111934185028076,6.016695976257324,,56.62865447998047,,64.18812561035156,61.27254104614258,,5.671313285827637,67.50822448730469,72.91275787353516,56.003353118896484,,
2023-05-17,7.2756028175354,120.1771011352539,124.29170227050781,10.154441833496094,86.0418701171875,15.364025115966797,63.97162628173828,5.117555618286133,65.40727996826172,59.3690185546875,79.97276306152344,72.96675872802734,74.35315704345703,96.54621887207031,66.02397155761719,60.495750427246094,64.25833892822266,5.354589462280273,59.25672912597656,62.63876724243164,40.19709014892578,8.196642875671387,93.8099365234375,82.16698455810547,72.7418441772461,6.419421195983887,57.80864715576172,41.87318801879883,100.58509063720703,8.3662691116333,,71.14798736572266,,6.563966274261475,61.2867317199707,60.462974548339844,6.839153289794922,,38.33784103393555,,79.78548431396484,58.350162506103516,63.385643005371094,40.08124542236328,92.66151428222656,79.80132293701172,55.29295349121094,61.52322006225586,6.128528118133545,6.0102458000183105,,58.55421447753906,,64.501220703125,61.86572265625,,5.68317985534668,67.62997436523438,72.6456298828125,56.15180969238281,,
2023-05-18,7.262050628662109,119.71710205078125,123.99434661865234,10.127894401550293,86.67387390136719,15.364025115966797,64.2009506225586,5.158620834350586,65.08390808105469,58.1783332824707,80.18560791015625,72.79584503173828,74.32283782958984,95.74102020263672,66.27381134033203,61.459293365478516,63.70280456542969,5.325313091278076,59.38671112060547,62.719825744628906,41.194522857666016,8.178070068359375,93.7198486328125,82.80510711669922,72.67156219482422,6.468513011932373,58.25761795043945,42.289764404296875,102.1567153930664,8.37968635559082,,71.14798736572266,,6.563966274261475,61.29365921020508,59.7591667175293,6.923412322998047,,38.769378662109375,,79.78548431396484,58.65092468261719,63.713706970214844,40.73237228393555,93.06133270263672,80.1798095703125,57.01994323730469,62.58977127075195,6.125069618225098,6.003798007965088,,57.74898147583008,,64.36207580566406,61.86572265625,,5.702300071716309,68.19287109375,72.9055404663086,56.543243408203125,,
2023-05-19,7.268826961517334,119.36624145507812,123.67890930175781,10.138775825500488,86.9522476196289,15.394457817077637,64.23468780517578,5.142049789428711,65.03984832763672,58.14527130126953,80.04116821289062,73.11536407470703,74.224365234375,95.53031158447266,66.3023681640625,61.53498077392578,63.5269889831543,5.3421478271484375,59.687713623046875,62.74930953979492,41.71197509765625,8.213068008422852,93.45719146728516,82.98528289794922,72.52397155761719,6.468513011932373,57.90154266357422,43.04392623901367,102.13316345214844,8.400931358337402,,71.32672119140625,,6.563966274261475,61.3558464050293,61.17387771606445,6.947690963745117,,39.21343231201172,,79.78548431396484,58.69481658935547,63.69401931762695,41.60055923461914,94.0657730102539,79.24880981445312,57.201358795166016,62.60343551635742,6.111934185028076,6.0102458000183105,,56.681175231933594,,64.501220703125,61.86572265625,,5.726034164428711,69.30780029296875,72.91275787353516,56.25980758666992,,
2023-05-22,7.255278587341309,118.1187744140625,124.24263000488281,10.179407119750977,87.24565887451172,15.404850959777832,64.2279281616211,5.141330242156982,64.45188903808594,57.31839370727539,80.55810546875,73.04106140136719,74.17892456054688,96.75689697265625,66.4379653930664,61.2528076171875,63.00665283203125,5.314334869384766,59.557735443115234,62.94828414916992,40.95454406738281,8.213068008422852,93.20954132080078,83.25553894042969,72.88240051269531,6.49017333984375,56.663002014160156,43.00800323486328,101.37875366210938,8.384410858154297,,71.07925415039062,,6.563966274261475,61.38346481323242,61.15964889526367,6.950546741485596,,40.65187072753906,,79.78548431396484,58.78253173828125,63.365962982177734,41.180931091308594,93.68545532226562,78.52971649169922,57.2739143371582,62.986289978027344,6.069759845733643,5.990900993347168,,56.383583068847656,,64.34814453125,62.497108459472656,,5.759658336639404,71.09117126464844,73.66361999511719,56.205810546875,,
2023-05-23,7.255278587341309,117.2221908569336,123.25420379638672,10.00497817993164,87.27577209472656,15.382579803466797,64.28189086914062,5.201130390167236,64.18733215332031,57.0670280456543,80.86215209960938,72.74382781982422,74.4516372680664,97.18584442138672,66.59502410888672,61.52121353149414,63.105098724365234,5.289449691772461,59.5850944519043,63.30201721191406,42.00447082519531,8.241634368896484,93.59981536865234,82.74504852294922,72.9878158569336,6.555144786834717,57.26678466796875,43.23783493041992,104.89927673339844,8.488785743713379,,71.07239532470703,,6.563966274261475,61.5285758972168,60.85396194458008,6.978393077850342,,41.84015655517578,,79.78548431396484,58.85772705078125,62.827884674072266,41.13029479980469,94.04627227783203,78.24966430664062,56.96915817260742,62.25476837158203,6.085660934448242,5.9844512939453125,,56.75994873046875,,64.5082015991211,62.37593078613281,,5.755704879760742,71.0316390991211,73.86576843261719,56.13158416748047,,
2023-05-24,7.10624361038208,117.17543029785156,122.63638305664062,9.900917053222656,86.41053771972656,15.372929573059082,64.09302520751953,5.224184513092041,64.18733215332031,56.392303466796875,80.59611511230469,72.66952514648438,74.26981353759766,97.44918060302734,66.7734603881836,61.032588958740234,62.809730529785156,5.2616376876831055,59.530364990234375,63.3609619140625,41.29201126098633,8.213068008422852,91.76861572265625,83.06033325195312,73.01594543457031,6.560920238494873,57.8937873840332,42.72072219848633,104.51419067382812,8.539844512939453,,70.39185333251953,,6.563966274261475,61.3558464050293,61.35160827636719,7.0976409912109375,,40.63936233520508,,79.78548431396484,58.8326416015625,61.78459167480469,40.80473709106445,93.0125732421875,77.12944030761719,57.83266067504883,62.897430419921875,6.098106384277344,5.9264140129089355,,56.978755950927734,,64.11853790283203,62.37593078613281,,5.710209846496582,72.25482940673828,73.56253814697266,56.21931457519531,,
2023-05-25,7.180762767791748,116.16963958740234,123.33141326904297,10.087241172790527,85.92901611328125,15.519899368286133,64.07282257080078,5.255886554718018,64.6576919555664,55.73744201660156,80.57331085205078,72.8255844116211,74.7697982788086,98.58545684814453,67.30877685546875,60.83300018310547,63.59029769897461,5.342879295349121,59.434593200683594,63.74414825439453,42.8219108581543,8.24877643585205,93.47221374511719,83.14292907714844,73.28302764892578,6.536375999450684,58.009918212890625,42.23231887817383,106.0779800415039,8.2770357131958,,70.55681610107422,,6.563966274261475,61.604583740234375,61.4937744140625,7.0976409912109375,,40.48926544189453,,79.78548431396484,59.02063751220703,61.88956832885742,41.34735107421875,93.27587890625,77.73499298095703,58.086639404296875,63.44434356689453,6.117465496063232,5.900618076324463,,57.889015197753906,,63.94459915161133,61.782779693603516,,5.7346062660217285,71.14529418945312,73.79358673095703,56.27330780029297,,
2023-05-26,7.126565933227539,115.84214782714844,123.16925048828125,10.096413612365723,86.37290954589844,15.443446159362793,64.08629608154297,5.254444122314453,64.12120056152344,55.97557067871094,80.76336669921875,72.98160552978516,74.67890930175781,100.38394927978516,67.42298126220703,61.52811050415039,63.43558120727539,5.488527774810791,59.52352523803711,64.68742370605469,42.3719367980957,8.283058166503906,93.68233489990234,83.90115356445312,72.73480224609375,6.566696643829346,57.54545974731445,42.009666442871094,108.43544006347656,8.20870304107666,,70.94178009033203,,6.563966274261475,61.576942443847656,60.071964263916016,7.106208324432373,,40.93956756591797,,79.78548431396484,58.901580810546875,62.585121154785156,41.16646957397461,92.34945678710938,78.49188232421875,58.551002502441406,63.881900787353516,6.183840274810791,5.881271839141846,,58.23036193847656,,63.854129791259766,61.76363754272461,,5.637028217315674,71.70817565917969,72.06803131103516,56.52302551269531,,
2023-05-29,7.214633941650391,116.01371765136719,123.0456771850586,10.092438697814941,86.17731475830078,15.508017539978027,64.07282257080078,5.258047103881836,64.34166717529297,56.22693634033203,79.8207015991211,72.543212890625,74.54253387451172,98.78113555908203,68.02256774902344,61.39733123779297,63.18242263793945,5.4226555824279785,59.5782585144043,64.03893280029297,42.28944778442383,8.284482955932617,93.65232849121094,84.5542984008789,72.93861389160156,6.546481609344482,56.94939422607422,42.0599365234375,107.36669921875,8.184673309326172,,71.48483276367188,,6.563966274261475,61.54241180419922,59.65254592895508,7.068362712860107,,40.464237213134766,,79.78548431396484,59.03317642211914,63.53656005859375,41.23881912231445,93.03207397460938,78.9384536743164,56.9981803894043,63.92293167114258,6.222556114196777,5.887721061706543,,58.142845153808594,,63.66627883911133,62.38229751586914,,5.650875091552734,71.71358489990234,72.14744567871094,56.36104965209961,,
2023-05-30,7.180762767791748,116.1540298461914,122.84491729736328,10.02983283996582,87.81747436523438,15.437514305114746,64.0593032836914,5.191043376922607,63.827232360839844,56.16078186035156,80.34525299072266,72.81070709228516,73.94409942626953,101.39984893798828,68.16532135009766,61.12892150878906,63.189453125,5.307747840881348,59.63982009887695,64.18633270263672,41.09703063964844,8.284482955932617,93.46470642089844,85.20742797851562,72.9316177368164,6.416533470153809,56.88747787475586,42.13175582885742,104.27845764160156,8.185425758361816,,71.49858856201172,,6.563966274261475,61.563114166259766,60.3563232421875,7.051224708557129,,40.27663040161133,,79.78548431396484,58.91409683227539,64.159912109375,36.753196716308594,93.11984252929688,78.34050750732422,57.0634880065918,62.91792678833008,6.2716450691223145,5.894169330596924,,57.670204162597656,,63.55493927001953,63.07748794555664,,5.663399696350098,71.98422241210938,72.30628204345703,56.428524017333984,,
2023-05-31,7.255278587341309,118.7347412109375,122.86807250976562,10.073558807373047,88.7805404663086,15.416726112365723,64.23468780517578,5.187440395355225,63.95949935913086,56.55767822265625,80.50489044189453,73.13765716552734,74.02739715576172,99.61639404296875,68.25094604492188,61.803401947021484,63.57622528076172,5.325313091278076,59.79030990600586,64.84217834472656,39.447139739990234,8.308764457702637,94.03506469726562,84.8320541381836,73.32516479492188,6.432417869567871,57.83185958862305,42.08148956298828,106.56517028808594,8.331098556518555,,71.28548431396484,,6.563966274261475,61.77042007446289,60.917938232421875,7.060507297515869,,40.426734924316406,,79.78548431396484,58.889068603515625,64.63233184814453,35.78371810913086,93.03207397460938,80.08139038085938,57.078006744384766,63.136688232421875,6.291003227233887,5.894169330596924,,57.608943939208984,,63.332275390625,63.10300827026367,,5.671313285827637,71.3672103881836,72.65282440185547,56.36779022216797,,
2023-06-01,7.255148887634277,118.8735580444336,125.19303894042969,10.136165618896484,88.26532745361328,15.466804504394531,63.54642868041992,5.304461479187012,62.614627838134766,57.153038024902344,81.08677673339844,73.08564758300781,74.33261108398438,96.51286315917969,67.65950012207031,63.02159881591797,62.830848693847656,5.320921421051025,59.17462921142578,64.61922454833984,39.02717971801758,8.322338104248047,94.53508758544922,84.69588470458984,73.44117736816406,6.449863433837891,56.54671096801758,42.24667739868164,99.79927825927734,8.372398376464844,,70.9029541015625,,6.563966274261475,61.63072967529297,60.960968017578125,7.030229091644287,,40.48926544189453,,80.68641662597656,59.18488311767578,64.45519256591797,36.174407958984375,93.71085357666016,80.7362060546875,57.7877197265625,64.1069564819336,6.1915202140808105,5.894169330596924,,57.97654342651367,,63.93650817871094,62.980281829833984,,5.7133612632751465,73.51268768310547,72.85514831542969,56.647621154785156,,
2023-06-02,7.2620015144348145,119.71300506591797,125.11531066894531,10.165975570678711,88.79568481445312,15.501184463500977,63.58059310913086,5.378599166870117,63.129066467285156,58.07249450683594,81.59207916259766,73.20452880859375,75.95781707763672,97.15628814697266,67.65950012207031,61.596920013427734,64.30052947998047,5.233826160430908,60.11185073852539,65.19890594482422,39.03468704223633,8.3980073928833,95.88753509521484,85.65567779541016,73.30656433105469,6.4236931800842285,56.70249938964844,42.268218994140625,102.54965209960938,8.351373672485352,,71.1533203125,,6.563966274261475,61.7354850769043,60.46611022949219,7.01580810546875,,40.902042388916016,,80.68641662597656,58.73469543457031,65.1178970336914,36.5361442565918,93.12061309814453,85.38676452636719,57.436500549316406,64.30793762207031,6.171935081481934,5.9586567878723145,,59.20189666748047,,65.43305206298828,63.58100509643555,,5.782108306884766,76.502197265625,73.96276092529297,55.53513717651367,,
2023-06-05,7.3031086921691895,120.58385467529297,123.48233795166016,10.106350898742676,88.18955993652344,15.606575012207031,64.01791381835938,5.372783660888672,63.25399398803711,58.20479965209961,83.62861633300781,73.82125091552734,78.04084014892578,98.63238525390625,67.67388916015625,61.73459243774414,62.901161193847656,5.278472900390625,59.783477783203125,66.10558319091797,39.004676818847656,8.299997329711914,95.72885131835938,86.15445709228516,73.51911926269531,6.449863433837891,56.85049057006836,42.12458038330078,103.7283935546875,8.402432441711426,,70.96556854248047,,6.563966274261475,61.50502014160156,61.53472137451172,6.986248970031738,,40.97084426879883,,80.68641662597656,58.84248733520508,64.51425170898438,36.78212356567383,93.46492767333984,85.7679443359375,57.568206787109375,64.12777709960938,6.183126449584961,5.971553325653076,,58.83428955078125,,65.10986328125,63.387229919433594,,5.7600836753845215,74.20693969726562,73.42353057861328,55.94463348388672,,
2023-06-06,7.3236613273620605,119.78365325927734,123.03915405273438,10.096413612365723,86.5000228881836,15.434660911560059,63.826568603515625,5.451282501220703,63.37158203125,57.84760665893555,83.7051773071289,74.148193359375,78.11714172363281,99.44231414794922,67.33489227294922,61.79652786254883,63.75202941894531,5.300429344177246,60.173423767089844,66.18732452392578,39.24467086791992,8.36701774597168,95.68350982666016,86.11666870117188,73.39868927001953,6.4193315505981445,57.74620819091797,42.16047668457031,104.51419067382812,8.44297981262207,,71.14639282226562,,6.563966274261475,61.63072967529297,60.95379638671875,7.099443435668945,,40.53304672241211,,80.68641662597656,58.65227508544922,63.818695068359375,36.876182556152344,93.39606475830078,85.53160858154297,57.58285140991211,64.19014739990234,6.182426929473877,5.97800350189209,,58.860538482666016,,64.7093734741211,63.387229919433594,,5.766757488250732,74.80868530273438,73.35791778564453,56.593021392822266,,
2023-06-07,7.337362766265869,119.76009368896484,123.05470275878906,10.083494186401367,85.69692993164062,15.389812469482422,64.00421905517578,5.360429286956787,63.2613410949707,58.1783332824707,83.41425323486328,74.30422973632812,78.33080291748047,100.44151306152344,67.00309753417969,61.8447151184082,63.351200103759766,5.315799713134766,60.358131408691406,66.81904602050781,40.68456268310547,8.514755249023438,95.75906372070312,86.18468475341797,73.26404571533203,6.4338698387146,58.26025390625,42.3759651184082,106.67938995361328,8.503803253173828,,70.9516372680664,,6.563966274261475,61.02314376831055,62.64636993408203,7.162167072296143,,40.57682800292969,,80.68641662597656,58.76640319824219,63.9696159362793,37.187278747558594,92.67793273925781,85.3638916015625,58.146240234375,64.1416244506836,6.313222885131836,5.997349739074707,,59.60450744628906,,64.920166015625,63.729591369628906,,5.804135799407959,73.27581024169922,73.8169937133789,57.05711364746094,,
2023-06-09,7.337362766265869,121.14086151123047,123.64568328857422,10.127220153808594,85.61357116699219,15.35244369506836,64.01791381835938,5.371331691741943,63.43867492675781,58.60832595825195,83.44486999511719,74.41569519042969,78.59022521972656,100.85784149169922,67.2194595336914,61.94103240966797,64.62400817871094,5.383864402770996,60.5701904296875,67.18317413330078,39.757511138916016,8.57961654663086,95.65328216552734,86.48698425292969,73.17902374267578,6.448410511016846,58.41604995727539,42.723358154296875,107.45379638671875,8.485028266906738,,71.40369415283203,,6.563966274261475,61.525978088378906,63.11254119873047,7.157842636108398,,38.76165008544922,,80.68641662597656,58.91223907470703,64.369873046875,36.79127502441406,93.10094451904297,85.00556182861328,60.14370346069336,63.78122329711914,6.288043022155762,5.997349739074707,,59.797061920166016,,64.90611267089844,63.897499084472656,,5.836173057556152,73.50994873046875,74.13761138916016,57.01616668701172,,
2023-06-12,7.330512523651123,121.2820816040039,124.41548156738281,10.135169982910156,85.47721099853516,15.509405136108398,63.819759368896484,5.26957368850708,63.10457992553711,58.15187454223633,83.51378631591797,74.6757583618164,77.86537170410156,100.5247802734375,67.26273345947266,64.04705047607422,64.55368041992188,5.401431083679199,59.906612396240234,68.18647766113281,40.08161544799805,8.541421890258789,95.19995880126953,86.90263366699219,73.83087158203125,6.412059783935547,59.389625549316406,43.787288665771484,107.47747802734375,8.522574424743652,,71.04206848144531,,6.563966274261475,61.87514114379883,63.234432220458984,7.168654441833496,,38.19439697265625,,80.68641662597656,59.096126556396484,64.65202331542969,37.03873825073242,93.01241302490234,85.0589370727539,59.26569366455078,63.136695861816406,6.258667469024658,6.0102458000183105,,59.42946243286133,,64.74449920654297,63.800621032714844,,5.850855350494385,71.93352508544922,73.59110260009766,57.05711364746094,,
2023-06-13,7.337362766265869,122.30984497070312,124.40771484375,10.121258735656738,84.85592651367188,15.424947738647461,63.983734130859375,5.342257499694824,63.1788215637207,57.8429069519043,83.55205535888672,75.02498626708984,77.82720947265625,99.95703125,67.55128479003906,64.04705047607422,64.1270980834961,5.405121326446533,60.173423767089844,67.62908935546875,40.46599578857422,8.55799674987793,95.29815673828125,89.27566528320312,74.43317413330078,6.435322284698486,59.85696029663086,43.932037353515625,107.46959686279297,8.507556915283203,,71.6610107421875,,6.563966274261475,61.62373733520508,62.63919448852539,7.1787495613098145,,37.80992889404297,,80.68641662597656,58.886878967285156,64.5455322265625,37.30801773071289,92.53036499023438,85.00556182861328,59.63154220581055,63.199066162109375,6.215302467346191,6.003798007965088,,60.63730239868164,,64.68829345703125,63.69082260131836,,5.905586242675781,72.01248168945312,74.10848236083984,56.859188079833984,,
2023-06-14,7.337362766265869,121.81560516357422,124.80429077148438,10.136165618896484,83.49215698242188,15.643945693969727,64.39374542236328,5.326993942260742,63.6688346862793,57.96317672729492,83.62861633300781,75.66399383544922,79.11669158935547,101.0546875,67.14013671875,64.04007720947266,65.05133819580078,5.492229461669922,59.778602600097656,67.75543975830078,40.46599578857422,8.338189125061035,97.4590835571289,89.10184478759766,74.38356018066406,6.499299049377441,61.10317611694336,43.787288665771484,107.46959686279297,8.484282493591309,,72.37736511230469,,6.618687629699707,61.840248107910156,62.567481994628906,7.231380462646484,,37.16706466674805,,80.68641662597656,58.943946838378906,64.68511199951172,37.045997619628906,94.3404541015625,85.11991119384766,59.52179718017578,62.70699691772461,6.225091457366943,6.04244327545166,,59.797061920166016,,64.8709716796875,64.74372863769531,,5.9135942459106445,71.62040710449219,73.78056335449219,58.149105072021484,,
2023-06-15,7.41272497177124,121.97251892089844,125.97068786621094,10.185851097106934,84.39376831054688,15.693279266357422,64.8447036743164,5.3240861892700195,63.80244827270508,58.143550872802734,83.83534240722656,75.5822525024414,78.94119262695312,99.16978454589844,67.19063568115234,62.44776153564453,63.878265380859375,5.440555095672607,59.88249588012695,68.02297973632812,40.028846740722656,8.432599067687988,98.22219848632812,89.17742156982422,74.35521697998047,6.446957111358643,61.367984771728516,44.40248107910156,112.21092987060547,8.51506519317627,,72.13394927978516,,6.618687629699707,61.840248107910156,61.95069885253906,7.281128406524658,,37.438079833984375,,80.68641662597656,59.23563003540039,64.68511199951172,35.81598663330078,94.42898559570312,84.89119720458984,60.36323165893555,62.36738967895508,6.225091457366943,6.075106620788574,,60.7330436706543,,65.13095092773438,65.02794647216797,,5.880891799926758,71.48429107666016,74.50928497314453,58.40847396850586,,
2023-06-16,7.460679531097412,122.69427490234375,125.97068786621094,10.35975456237793,84.99231719970703,15.696269035339355,65.58264923095703,5.404038906097412,64.0697021484375,58.751487731933594,84.97611236572266,75.88035583496094,79.35321807861328,100.97895812988281,67.7027587890625,62.76762008666992,63.935157775878906,5.447937965393066,59.72315979003906,67.94123840332031,40.85038375854492,8.482324600219727,98.44886779785156,88.5426025390625,74.369384765625,6.473127841949463,62.15467071533203,45.155189514160156,110.18797302246094,8.59766674041748,,72.18959045410156,,6.618687629699707,61.87514114379883,62.675048828125,7.33736515045166,,37.55153274536133,,80.68641662597656,59.23563003540039,64.71834564208984,36.580204010009766,94.94053649902344,85.0436782836914,60.99245834350586,62.63078308105469,6.2691569328308105,6.114298343658447,,60.91847229003906,,65.34170532226562,64.61451721191406,,5.962319850921631,72.4236068725586,76.29457092285156,58.44940948486328,,
2023-06-19,7.5154876708984375,123.10224914550781,127.81356811523438,10.385771751403809,85.96210479736328,15.694775581359863,65.9379653930664,5.389501571655273,64.8492431640625,58.784908294677734,84.98377990722656,75.97018432617188,79.72711181640625,101.13034057617188,67.78932189941406,62.795467376708984,63.77162551879883,5.473775386810303,59.813209533691406,68.07501220703125,39.96099853515625,8.608441352844238,98.88706970214844,89.25299072265625,74.39064025878906,6.553097724914551,62.232540130615234,45.7197151184082,110.63044738769531,8.445235252380371,,71.98094177246094,,6.618687629699707,61.94498825073242,62.51727294921875,7.3863911628723145,,37.56413269042969,,80.68641662597656,59.19758987426758,64.4591293334961,37.00960159301758,94.7732925415039,85.38676452636719,60.55345916748047,62.658504486083984,6.22859001159668,6.146960258483887,,60.66240310668945,,65.61573028564453,64.43367767333984,,5.966992378234863,73.4854507446289,77.15446472167969,58.1013298034668,,
2023-06-20,7.41272497177124,123.10224914550781,128.09352111816406,10.405807495117188,86.05302429199219,15.696269035339355,66.33428192138672,5.385867595672607,65.66590118408203,59.25925064086914,84.98377990722656,75.66329956054688,79.4676742553711,100.90328216552734,67.76765441894531,63.06663513183594,63.77162551879883,5.529141426086426,59.951751708984375,68.52088928222656,40.72977828979492,8.608441352844238,98.36575317382812,89.12452697753906,74.38356018066406,6.548735618591309,61.554931640625,46.02369689941406,110.63044738769531,8.342361450195312,,72.0018310546875,,6.618687629699707,62.713191986083984,63.00495529174805,7.520492076873779,,37.507408142089844,,80.68641662597656,59.38144302368164,64.4591293334961,36.97322082519531,94.29126739501953,85.27241516113281,60.941226959228516,62.58226776123047,6.218799591064453,6.166558265686035,,62.40192413330078,,65.86865997314453,64.40135955810547,,6.0057053565979,73.62161254882812,78.34950256347656,58.51764678955078,,
2023-06-21,7.399021625518799,123.54156494140625,128.9411163330078,10.43484878540039,86.03026580810547,15.696269035339355,66.7989273071289,5.369876384735107,64.87152862548828,59.04545211791992,85.29000091552734,75.9327621459961,80.16199493408203,99.49529266357422,68.04178619384766,63.61592483520508,63.79294204711914,5.5512847900390625,60.17341613769531,68.59521484375,41.48349380493164,8.648078918457031,100.33016204833984,89.3663558959961,74.58196258544922,6.605441570281982,61.453651428222656,45.871700286865234,113.71231079101562,8.387414932250977,,72.15483856201172,,6.618687629699707,63.37665939331055,64.4751968383789,7.400810241699219,,37.50111389160156,,80.68641662597656,59.495601654052734,64.74491119384766,36.82038879394531,93.79940032958984,86.3016128540039,61.680233001708984,62.15951156616211,6.196414470672607,6.153493881225586,,61.465938568115234,,66.14970397949219,64.59515380859375,,6.0570969581604,73.62161254882812,78.32765197753906,59.377620697021484,,
2023-06-22,7.344210147857666,123.15715026855469,128.30345153808594,10.435850143432617,85.71206665039062,15.591620445251465,66.86724090576172,5.367697715759277,64.87893676757812,58.71809768676758,85.7493896484375,75.97018432617188,79.58975982666016,99.32118225097656,68.16439056396484,64.65198516845703,63.98492431640625,5.698927879333496,59.79936218261719,68.58777618408203,41.31012725830078,8.612044334411621,99.3328628540039,89.17742156982422,74.73784637451172,6.612710475921631,61.2667236328125,45.75590133666992,114.58153533935547,8.361881256103516,,72.1687240600586,,6.618687629699707,63.3836555480957,64.56124114990234,7.48876953125,,37.387664794921875,,80.68641662597656,59.216583251953125,64.23979949951172,36.645694732666016,93.50428009033203,87.26219940185547,62.00947570800781,62.374366760253906,6.160744667053223,6.140428066253662,,61.53658676147461,,68.84768676757812,64.23343658447266,,6.084463119506836,74.05180358886719,76.33829498291016,58.70876693725586,,
2023-06-23,7.385322093963623,123.47880554199219,128.67669677734375,10.415820121765137,86.44697570800781,15.696269035339355,66.62125396728516,5.370604515075684,65.74756622314453,58.53103256225586,85.84127044677734,75.96269226074219,80.45196533203125,101.9175796508789,67.80374145507812,62.96925735473633,64.29063415527344,5.765364646911621,60.58208084106445,68.89248657226562,43.33757781982422,8.765548706054688,100.71552276611328,89.17742156982422,74.32686614990234,6.6359758377075195,60.363224029541016,45.806556701660156,113.79134368896484,8.383657455444336,,72.23826599121094,,6.618687629699707,63.55122756958008,65.96693420410156,7.490931034088135,,37.02839279174805,,80.68641662597656,59.16587448120117,64.25973510742188,36.420082092285156,93.46492767333984,87.67389678955078,62.68996047973633,62.00703048706055,6.169138431549072,6.055508136749268,,61.68669891357422,,68.08184051513672,64.33030700683594,,5.961651802062988,74.04906463623047,77.3001708984375,59.20018005371094,,
2023-06-26,7.371616840362549,123.14933776855469,128.84779357910156,10.435850143432617,87.05309295654297,15.778480529785156,66.96290588378906,5.386594295501709,65.82921600341797,58.123497009277344,85.84127044677734,75.85791778564453,80.0399398803711,101.61480712890625,67.40702056884766,62.85108184814453,64.43281555175781,5.742480754852295,60.859169006347656,69.00397491455078,44.12895202636719,8.748973846435547,101.1008529663086,89.08673858642578,74.35521697998047,6.686862945556641,59.950416564941406,47.10932922363281,113.39625549316406,8.472264289855957,,72.32868194580078,,6.618687629699707,63.70487594604492,66.06733703613281,7.554377555847168,,36.65653991699219,,80.68641662597656,59.06440734863281,63.21635055541992,36.39824676513672,95.13727569580078,88.54299926757812,63.297245025634766,62.270381927490234,6.163541793823242,6.04244327545166,,61.54541015625,,67.68840026855469,64.6985092163086,,6.029733657836914,73.78494262695312,77.23458099365234,59.302547454833984,,
2023-06-27,7.357917785644531,123.5494155883789,129.08102416992188,10.45688247680664,87.81073760986328,15.962363243103027,66.48461151123047,5.385867595672607,65.95543670654297,58.624568939208984,86.36190032958984,75.96269226074219,80.352783203125,102.93949890136719,67.58734893798828,63.10139846801758,64.46126556396484,5.845092296600342,61.302494049072266,68.81817626953125,43.57122039794922,8.720867156982422,100.32263946533203,89.11695098876953,74.34813690185547,6.688318252563477,61.33681869506836,48.24563217163086,113.8308334350586,8.473014831542969,,72.23131561279297,,6.618687629699707,63.607120513916016,65.92389678955078,7.5630292892456055,,36.46745681762695,,80.68641662597656,58.943946838378906,64.07366180419922,36.747596740722656,95.2750015258789,88.7412338256836,62.982627868652344,62.29808807373047,6.141158580780029,6.114298343658447,,61.64253616333008,,68.8547134399414,65.08606719970703,,5.987681865692139,73.50994873046875,77.5625,58.77701187133789,,
2023-06-28,7.39135217666626,124.74195098876953,129.00328063964844,10.48592472076416,88.3410873413086,15.97431755065918,66.21129608154297,5.391682147979736,65.69561004638672,59.726905822753906,86.56095123291016,75.88035583496094,80.42145538330078,103.51477813720703,67.03194427490234,63.643733978271484,64.72431945800781,5.818515300750732,61.24016189575195,68.74385070800781,43.767181396484375,8.727352142333984,100.6172866821289,88.34610748291016,74.39064025878906,6.746477127075195,60.37101364135742,48.079158782958984,113.11965942382812,8.521825790405273,,72.22437286376953,,6.618687629699707,63.669944763183594,66.21797943115234,7.5810546875,,36.35401916503906,,80.68641662597656,58.89321517944336,64.199951171875,36.93683624267578,95.22581481933594,88.36004638671875,63.54600143432617,62.360477447509766,6.112481594085693,6.1077680587768555,,61.651371002197266,,68.46826934814453,65.51238250732422,,5.987681865692139,74.00820922851562,77.48963165283203,59.377620697021484,,
2023-06-29,7.405142784118652,126.15409088134766,129.03440856933594,10.515974044799805,89.55332946777344,16.235172271728516,66.34109497070312,5.531961441040039,66.28950500488281,59.16571807861328,86.82125854492188,75.6707992553711,81.83305358886719,105.35420989990234,67.51521301269531,64.1165771484375,64.34038543701172,5.7225494384765625,61.78044891357422,68.84044647216797,44.43796920776367,8.792213439941406,100.11109161376953,87.9304428100586,76.23284149169922,6.753747463226318,61.34461975097656,48.12983322143555,113.24610900878906,8.596159934997559,,72.23131561279297,,6.618687629699707,63.935325622558594,65.73027038574219,7.667569637298584,,35.92543411254883,,80.68641662597656,59.19758987426758,64.66517639160156,37.293460845947266,95.82589721679688,88.99281311035156,63.45088577270508,62.40205764770508,6.137662887573242,6.127364158630371,,63.13481903076172,,68.48936462402344,65.6157455444336,,5.995692729949951,73.97281646728516,78.68472290039062,59.15239715576172,,
2023-06-30,7.515460014343262,125.34601593017578,130.03749084472656,10.565048217773438,90.6897964477539,16.286741256713867,66.7237548828125,5.742019176483154,66.28950500488281,59.339420318603516,87.42608642578125,76.82343292236328,84.69432830810547,107.17850494384766,67.58734893798828,64.4294662475586,64.81671905517578,5.905623912811279,62.34153366088867,69.56135559082031,44.083736419677734,8.972383499145508,100.00530242919922,88.09672546386719,78.28768157958984,6.829352855682373,62.0767936706543,48.3397102355957,113.61750793457031,8.662239074707031,,72.32868194580078,,6.618687629699707,64.17278289794922,66.70565032958984,7.684874057769775,,36.946468353271484,,80.68641662597656,59.92677307128906,65.34304809570312,37.76654052734375,95.42256164550781,89.678955078125,63.79477310180664,62.845603942871094,6.225791931152344,6.212285041809082,,64.37101745605469,,70.24585723876953,66.17772674560547,,5.988351821899414,75.69084930419922,78.6482925415039,60.06010055541992,,
2023-07-03,7.424700736999512,124.17005157470703,129.07235717773438,10.556032180786133,92.1624984741211,16.40337371826172,66.80899047851562,5.820415496826172,66.8166275024414,59.17908477783203,87.46467590332031,77.6617202758789,81.16216278076172,101.70449829101562,66.88892364501953,65.22216033935547,64.4825668334961,5.788986682891846,62.861019134521484,69.47896575927734,43.54861068725586,8.853472709655762,99.42227935791016,89.11682891845703,78.04004669189453,6.849842548370361,63.22053909301758,48.20220184326172,113.31723022460938,8.70278549194336,,72.37088775634766,,6.618687629699707,64.08812713623047,67.26390075683594,7.657947540283203,,37.1796760559082,,81.611083984375,59.53961181640625,66.32001495361328,38.57441711425781,95.75,89.90066528320312,63.46304702758789,62.46720886230469,6.271543979644775,6.218817710876465,,63.44387435913086,,67.43177795410156,65.6153564453125,,5.9788923263549805,75.51284790039062,78.97040557861328,59.78428268432617,,
2023-07-04,7.438643455505371,124.29673767089844,129.46470642089844,10.515974044799805,90.82711791992188,16.433475494384766,67.2583999633789,5.665086269378662,68.14550018310547,59.29265594482422,87.68051147460938,78.29044342041016,80.93181610107422,103.69990539550781,66.72157287597656,64.4225082397461,64.4825668334961,5.832540988922119,63.19352340698242,69.65126037597656,44.7017707824707,8.846933364868164,98.63581848144531,88.45441436767578,77.79003143310547,6.685917854309082,62.507652282714844,48.2166862487793,114.42352294921875,8.740331649780273,,73.02523040771484,,6.618687629699707,64.11634826660156,67.77136993408203,7.675412178039551,,37.6901741027832,,81.611083984375,59.642269134521484,66.4197006225586,38.938331604003906,95.75,90.56068420410156,63.470394134521484,62.36910629272461,6.205199718475342,6.2384138107299805,,64.5476303100586,,66.84344482421875,66.40660095214844,,5.972136974334717,75.6689453125,79.28775024414062,60.34287643432617,,
2023-07-05,7.445614814758301,124.44720458984375,129.46470642089844,10.503954887390137,91.4223403930664,16.33038330078125,67.4104995727539,5.714175224304199,68.41278076171875,59.239192962646484,87.6342544555664,77.8338851928711,82.22183990478516,106.52864074707031,67.07807159423828,64.66587829589844,64.85936737060547,6.045882225036621,62.992645263671875,69.72614288330078,47.07591247558594,8.861467361450195,98.3532943725586,89.824951171875,78.0686264038086,6.728362560272217,63.197017669677734,49.20098876953125,116.04345703125,8.741082191467285,,73.03227996826172,,6.618687629699707,64.39146423339844,67.51763153076172,7.793314456939697,,37.80992889404297,,81.611083984375,59.764163970947266,66.33995819091797,37.62826156616211,95.75,89.79324340820312,63.374595642089844,62.32002639770508,6.205199718475342,6.231883525848389,,64.17677307128906,,67.67989349365234,66.38697814941406,,6.019424915313721,76.40010070800781,79.25086212158203,60.198062896728516,,
2023-07-06,7.445614814758301,125.05708312988281,129.78639221191406,10.480920791625977,91.64360809326172,16.395097732543945,67.68706512451172,5.714175224304199,68.82112121582031,59.35276794433594,87.71134948730469,77.99105072021484,82.06825256347656,107.6754150390625,67.29635620117188,65.64630889892578,64.89492797851562,5.997160911560059,63.25586700439453,69.65875244140625,46.92517852783203,8.959598541259766,99.17030334472656,89.55085754394531,77.89004516601562,6.766417503356934,62.507652282714844,49.939205169677734,116.55712890625,8.736579895019531,,73.08858489990234,,6.618687629699707,64.89231872558594,66.9158935546875,7.766388416290283,,37.78472137451172,,81.611083984375,59.796226501464844,66.66559600830078,37.89754867553711,95.75,89.59371185302734,63.13132095336914,62.15886306762695,6.222136974334717,6.271076202392578,,64.07962799072266,,69.11880493164062,66.18426513671875,,5.986325263977051,75.44437408447266,78.10689544677734,60.942848205566406,,
2023-07-07,7.466531276702881,125.60356140136719,130.5239715576172,10.476334571838379,91.92591857910156,16.73444938659668,68.44758605957031,5.806494235992432,68.30144500732422,60.06093978881836,88.04286193847656,78.2155990600586,82.54432678222656,107.86654663085938,67.15811920166016,65.92444610595703,65.15797424316406,6.045882225036621,63.71996307373047,69.67371368408203,47.67133331298828,8.951601028442383,98.65108489990234,89.69551849365234,78.03291320800781,6.813254356384277,62.538970947265625,51.089996337890625,117.39108276367188,8.7711181640625,,73.06040954589844,,6.618687629699707,64.89231872558594,67.58287811279297,7.771480560302734,,37.772117614746094,,81.611083984375,60.29668426513672,66.90483856201172,38.08678436279297,95.75,90.86767578125,63.44829177856445,62.36910629272461,6.222136974334717,6.310268878936768,,64.34453582763672,,68.33197784423828,65.91617584228516,,6.060636520385742,75.79489135742188,79.33942413330078,60.64631652832031,,
2023-07-10,7.438643455505371,125.54019927978516,131.0339813232422,10.504484176635742,91.8420181274414,16.666730880737305,67.95669555664062,5.851919174194336,66.65943145751953,60.02085494995117,87.70361328125,78.2155990600586,82.16807556152344,108.18000793457031,66.64154052734375,66.11912536621094,65.0726547241211,6.003805637359619,63.380531311035156,69.52389526367188,45.831993103027344,8.911627769470215,98.39911651611328,88.8884048461914,78.00434875488281,6.846917152404785,62.65647506713867,50.61653137207031,117.28784942626953,8.883001327514648,,73.03227996826172,,6.618687629699707,64.72303009033203,67.42337799072266,7.820243835449219,,36.78062438964844,,81.611083984375,59.937381744384766,66.62571716308594,37.549346923828125,95.75,89.25601196289062,63.52202606201172,61.87154769897461,6.212256908416748,6.297205924987793,,65.16572570800781,,68.6864013671875,66.63549041748047,,6.106577396392822,76.098876953125,79.619873046875,58.260196685791016,,
2023-07-11,7.445614814758301,126.24507904052734,131.69308471679688,10.505491256713867,92.46770477294922,16.776592254638672,68.1710205078125,5.860711574554443,66.42765808105469,59.98078536987305,87.95803833007812,77.97608184814453,82.24488067626953,108.60049438476562,66.1686782836914,65.29862976074219,64.05599975585938,5.918911457061768,63.796142578125,69.08193969726562,45.831993103027344,8.837480545043945,98.47547149658203,88.81987762451172,77.75432586669922,6.814715385437012,62.67216110229492,50.59467697143555,118.24888610839844,8.901775360107422,,72.99711608886719,,6.618687629699707,64.91349792480469,67.4306411743164,7.773664474487305,,36.86325454711914,,81.611083984375,59.71283721923828,66.60578918457031,37.3370246887207,95.75,88.84925079345703,63.46304702758789,62.83160400390625,6.204493999481201,6.303737163543701,,66.22533416748047,,68.0626449584961,66.76627349853516,,6.067393779754639,75.909912109375,79.63463592529297,58.52223587036133,,
2023-07-12,7.4525861740112305,126.30050659179688,130.72019958496094,10.456226348876953,92.23118591308594,16.847320556640625,68.11573028564453,5.832137584686279,66.27813720703125,59.444374084472656,87.81157684326172,78.04345703125,82.4752197265625,109.93841552734375,65.66668701171875,65.67411041259766,63.489349365234375,6.037957668304443,63.456748962402344,69.57633209228516,46.354270935058594,8.817126274108887,99.02523040771484,89.46707916259766,78.39720916748047,6.757636547088623,64.04312133789062,49.85900115966797,121.77538299560547,8.852214813232422,,73.03227996826172,,6.618687629699707,64.99109649658203,67.41614532470703,7.714713096618652,,36.9903678894043,,81.611083984375,59.66793441772461,66.63925170898438,37.44684982299805,95.75,88.26598358154297,63.1165885925293,61.857521057128906,6.204493999481201,6.336399555206299,,65.65138244628906,,68.580078125,66.50470733642578,,6.029561996459961,76.30699157714844,79.30249786376953,58.81877899169922,,
2023-07-13,7.396813869476318,126.07080078125,131.1438446044922,10.466280937194824,92.29220581054688,16.697580337524414,68.3646240234375,5.821880340576172,66.1659927368164,58.96537399291992,87.81157684326172,77.76651763916016,82.57504272460938,109.73965454101562,66.05228424072266,65.161376953125,63.790611267089844,6.008942604064941,63.533782958984375,69.50892639160156,47.08849334716797,8.817126274108887,98.78089904785156,89.50516510009766,79.06153869628906,6.66688871383667,63.25185775756836,49.02134704589844,122.64112854003906,8.840950965881348,,73.22222900390625,,7.238255977630615,65.0475082397461,67.48136901855469,7.7874956130981445,,36.92680358886719,,81.611083984375,59.796226501464844,66.96229553222656,37.703086853027344,95.75,87.65967559814453,63.05022048950195,62.1868896484375,6.203083038330078,6.3424177169799805,,65.96043395996094,,69.03374481201172,65.80498504638672,,6.059961318969727,77.77206420898438,79.4796371459961,59.294639587402344,,
2023-07-14,7.424700736999512,126.5143814086914,129.46470642089844,10.476334571838379,91.64360809326172,16.74949836730957,68.41996002197266,5.831404685974121,66.46503448486328,59.370147705078125,87.91949462890625,77.84136962890625,82.67487335205078,108.5622787475586,66.29234313964844,65.24563598632812,63.69736099243164,6.016382217407227,64.08002471923828,68.97708129882812,46.528377532958984,8.83820629119873,99.1932373046875,89.75642395019531,79.69729614257812,6.725433349609375,63.59658432006836,49.232574462890625,119.13843536376953,8.842452049255371,,73.52478790283203,,7.300746917724609,64.94171142578125,68.80084228515625,7.95488977432251,,37.09205627441406,,81.611083984375,60.373661041259766,67.17767333984375,38.076454162597656,95.75,88.16620635986328,63.2492561340332,62.43213653564453,6.21013879776001,6.368900299072266,,65.96932983398438,,70.17498016357422,65.54342651367188,,6.040369033813477,77.08745574951172,79.52392578125,59.887699127197266,,
2023-07-17,7.424700736999512,126.72026824951172,128.5623779296875,10.465275764465332,90.3921890258789,16.775836944580078,68.48216247558594,5.82481050491333,66.35289764404297,59.255462646484375,87.91177368164062,78.07374572753906,82.92823791503906,109.4797134399414,66.2414321899414,64.9014892578125,63.812129974365234,5.986621379852295,64.03801727294922,68.70736694335938,45.71845245361328,8.722630500793457,98.65108489990234,89.96202850341797,79.94731140136719,6.776663303375244,63.48689651489258,49.31269454956055,116.16000366210938,8.883001327514648,,73.86250305175781,,7.300746917724609,64.92759704589844,68.85885620117188,7.958528995513916,,36.98401641845703,,81.611083984375,60.373661041259766,67.00941467285156,37.66646957397461,95.75,87.98201751708984,62.784854888916016,62.80358123779297,6.207316875457764,6.38214111328125,,65.0433349609375,,70.35218811035156,65.5107192993164,,6.037668228149414,77.15591430664062,81.24356079101562,59.36360168457031,,
2023-07-18,7.4107561111450195,127.2033920288086,127.31486511230469,10.476334571838379,90.93394470214844,16.726179122924805,67.4865493774414,5.846059799194336,66.46503448486328,59.282466888427734,87.91177368164062,77.99838256835938,82.92057800292969,109.67847442626953,66.13957977294922,65.27375793457031,63.69016647338867,6.026799201965332,63.582786560058594,68.89466094970703,45.49894714355469,8.649944305419922,98.57473754882812,90.03054809570312,79.29013061523438,6.950835227966309,63.298885345458984,49.2617073059082,116.43000793457031,8.845455169677734,,74.19318389892578,,7.300746917724609,64.9981460571289,69.91007232666016,7.952706813812256,,36.92680358886719,,81.611083984375,59.94382095336914,67.29206085205078,37.681121826171875,95.75,87.9743423461914,64.01593017578125,62.6353874206543,6.193907737731934,6.368900299072266,,66.15632629394531,,70.16788482666016,65.32762145996094,,5.972136974334717,77.17781066894531,80.80811309814453,59.0049934387207,,
2023-07-19,7.417728424072266,126.75985717773438,127.40898895263672,10.499625205993652,91.05606079101562,16.77208137512207,67.30677795410156,5.815286159515381,66.47998046875,59.2352294921875,87.86553955078125,77.77971649169922,82.92823791503906,108.33292388916016,65.95768737792969,66.34139251708984,63.876686096191406,6.061023712158203,63.91893005371094,68.50511932373047,45.0296516418457,8.697193145751953,98.8801498413086,89.79450988769531,78.98297882080078,6.953763484954834,62.90717697143555,49.094173431396484,117.34341430664062,8.725382804870605,,73.6443862915039,,7.300746917724609,64.97696685791016,70.67853546142578,7.958528995513916,,36.93952560424805,,81.611083984375,60.399330139160156,68.73896026611328,38.032527923583984,95.75,88.0203857421875,64.6572494506836,62.21494674682617,6.158616542816162,6.38214111328125,,65.35496520996094,,70.09699249267578,65.5892105102539,,5.968082904815674,76.67943572998047,81.03690338134766,58.694644927978516,,
2023-07-20,7.382872581481934,126.98167419433594,127.49531555175781,10.513815879821777,91.37651824951172,16.738216400146484,66.85049438476562,5.816751480102539,66.1734619140625,58.52682113647461,87.89639282226562,78.02099609375,82.53663635253906,107.03324890136719,66.93256378173828,66.69961547851562,64.12774658203125,6.026799201965332,63.37969970703125,68.66992950439453,44.88583755493164,8.700824737548828,98.84197235107422,89.55085754394531,78.54008483886719,6.879117012023926,63.024688720703125,49.45836639404297,118.7968978881836,8.542396545410156,,74.36907958984375,,7.300746917724609,64.8641128540039,70.4030532836914,7.8981194496154785,,36.86325454711914,,81.611083984375,60.40576934814453,67.37954711914062,37.98858642578125,95.75,88.75714111328125,64.8636703491211,62.228939056396484,6.21013879776001,6.309315204620361,,65.88920593261719,,69.31727600097656,65.42569732666016,,6.022129535675049,77.08745574951172,80.32838439941406,58.92911911010742,,
2023-07-21,7.361953258514404,128.14588928222656,128.13870239257812,10.55029582977295,92.24639892578125,16.835281372070312,67.65938568115234,5.823344707489014,65.97905731201172,58.358177185058594,88.0274429321289,79.28011322021484,82.92823791503906,108.08062744140625,67.24541473388672,66.60128021240234,64.62985229492188,6.104923248291016,64.05199432373047,69.44900512695312,44.64361572265625,8.777149200439453,99.41464233398438,90.03815460205078,78.46864318847656,6.883510112762451,62.89933395385742,49.85900115966797,117.23226928710938,8.55903148651123,,74.36907958984375,,7.300746917724609,64.96992492675781,70.7002944946289,7.906854152679443,,36.89502716064453,,81.611083984375,60.303070068359375,67.24494171142578,38.06180953979492,95.75,89.79324340820312,65.60820007324219,62.446170806884766,6.2023749351501465,6.3424177169799805,,66.16522216796875,,68.75730895996094,65.55651092529297,,6.079553604125977,77.44342803955078,81.03690338134766,58.99120330810547,,
2023-07-24,7.299213409423828,128.72402954101562,128.99392700195312,10.560432434082031,92.31509399414062,16.83152198791504,67.82532501220703,5.788177967071533,65.7174072265625,58.196266174316406,87.8886489868164,79.92098236083984,82.88216400146484,106.10050964355469,67.55824279785156,64.92955780029297,65.16067504882812,6.055816650390625,63.28164291381836,70.41531372070312,46.76301574707031,8.729174613952637,98.76563262939453,90.19041442871094,78.21864318847656,6.857163429260254,62.20214080810547,49.7861442565918,116.66831970214844,8.579448699951172,,74.65052032470703,,7.300746917724609,64.22921752929688,68.57611846923828,7.9177727699279785,,36.86325454711914,,81.611083984375,60.232513427734375,66.68634796142578,37.76897048950195,95.75,89.6243896484375,63.75054168701172,62.50926208496094,6.193200588226318,6.302695274353027,,66.2720718383789,,70.0048599243164,65.42569732666016,,6.059286594390869,77.5256118774414,81.3542709350586,59.30842971801758,,
2023-07-25,7.27829647064209,128.37554931640625,129.1822509765625,10.5584077835083,92.33036804199219,16.839038848876953,67.92906188964844,5.715641975402832,65.78467559814453,58.04108428955078,87.77302551269531,80.22258758544922,82.92823791503906,106.51334381103516,67.31088256835938,64.60649108886719,66.2796859741211,6.138404846191406,62.63033676147461,70.48277282714844,47.345855712890625,8.755341529846191,98.6816635131836,91.93408966064453,79.85443115234375,6.893752574920654,62.05326843261719,49.73515701293945,116.77159118652344,8.513659477233887,,74.2987289428711,,7.300746917724609,64.81470489501953,68.43110656738281,7.95488977432251,,36.869598388671875,,81.611083984375,60.80994415283203,66.07394409179688,38.04716110229492,95.75,89.04112243652344,63.35982894897461,63.07688522338867,6.191788673400879,6.249731540679932,,66.5391845703125,,69.32437896728516,65.40608978271484,,6.091037750244141,77.76384735107422,83.54624938964844,59.239479064941406,,
2023-07-26,7.334071159362793,127.2350845336914,128.2877655029297,10.579691886901855,92.7118911743164,16.873653411865234,67.83917236328125,5.714909553527832,65.42581176757812,57.683502197265625,87.96575927734375,80.34319305419922,82.62110900878906,108.18000793457031,66.75068664550781,63.595027923583984,65.49064636230469,6.157007217407227,62.18213653564453,70.42281341552734,45.47624206542969,8.778604507446289,99.45280456542969,91.00517272949219,80.86164093017578,6.814715385437012,62.390132904052734,49.3054084777832,116.58889770507812,8.564321517944336,,74.12985229492188,,7.300746917724609,64.82884216308594,68.64862060546875,7.860275745391846,,36.62809371948242,,81.611083984375,60.79069519042969,66.07394409179688,38.01055145263672,95.75,90.1769790649414,63.98643493652344,63.2520751953125,6.17555570602417,6.21000862121582,,66.7261734008789,,69.25349426269531,65.43226623535156,,6.038342475891113,78.04590606689453,83.58316040039062,59.032569885253906,,
2023-07-27,7.382872581481934,127.50434875488281,128.4054412841797,10.536108016967773,92.46770477294922,16.750253677368164,67.7562026977539,5.788177967071533,64.48381042480469,57.7509765625,88.15848541259766,79.77771759033203,82.65182495117188,108.18765258789062,66.44512176513672,64.62051391601562,65.87083435058594,6.189000606536865,62.553314208984375,70.4302978515625,45.51408004760742,8.788777351379395,100.78904724121094,90.98993682861328,81.28308868408203,6.7869086265563965,62.67216110229492,48.9266471862793,117.34341430664062,8.544660568237305,,74.99530029296875,,7.300746917724609,64.47612762451172,68.11210632324219,7.877014636993408,,35.464996337890625,,81.611083984375,61.3360481262207,66.05375671386719,37.703086853027344,95.75,90.13859558105469,63.824249267578125,63.22403335571289,6.177674293518066,6.2298688888549805,,66.78851318359375,,70.37345886230469,65.45188903808594,,6.086310386657715,77.9117431640625,82.66059112548828,59.17050552368164,,
2023-07-28,7.396813869476318,127.46478271484375,128.43685913085938,10.530030250549316,90.75084686279297,16.869895935058594,68.1019058227539,5.806494235992432,64.82022857666016,57.939884185791016,88.14309692382812,81.03684997558594,82.37540435791016,108.69222259521484,66.83071899414062,65.01387786865234,65.6556167602539,6.168167591094971,61.15963363647461,70.7598876953125,45.76385498046875,8.795320510864258,101.17082977294922,92.48992919921875,81.71170043945312,6.773736476898193,63.03251647949219,49.23984909057617,118.2250747680664,8.58171558380127,,75.12895965576172,,7.300746917724609,64.82884216308594,68.14111328125,7.94324254989624,,34.63874053955078,,81.611083984375,61.3937873840332,66.62579345703125,37.64451217651367,95.75,90.47628784179688,64.5024642944336,63.048831939697266,6.22496223449707,6.276213645935059,,66.92205810546875,,70.56483459472656,65.5238037109375,,6.128870487213135,78.90303802490234,83.62007904052734,59.99115753173828,,
2023-07-31,7.473498821258545,127.71031188964844,128.09161376953125,10.740832328796387,91.26206970214844,16.971471786499023,68.39228057861328,5.890753269195557,65.85945129394531,58.533599853515625,88.1893081665039,80.14717102050781,84.4486312866211,108.86808013916016,67.09989166259766,65.01387786865234,65.82776641845703,6.25075626373291,61.348758697509766,70.78987884521484,45.98337936401367,8.814220428466797,101.17082977294922,91.85796356201172,80.61161804199219,6.849842548370361,62.719139099121094,49.36367416381836,125.32569885253906,8.698163032531738,,74.23541259765625,,7.300746917724609,65.62596130371094,70.67853546142578,8.00583267211914,,35.464996337890625,,81.611083984375,61.438724517822266,68.28809356689453,37.681121826171875,95.75,90.10022735595703,65.2396240234375,64.07899475097656,6.275777816772461,6.3424177169799805,,67.52752685546875,,70.67113494873047,66.31507873535156,,6.170757293701172,79.29463958740234,84.87471008300781,59.922203063964844,,
2023-08-01,7.4945197105407715,128.5762176513672,128.73146057128906,10.894879341125488,92.37642669677734,16.74494171142578,67.95392608642578,6.030323505401611,65.91925811767578,58.52682113647461,88.49205780029297,79.86820983886719,84.0003890991211,104.56318664550781,66.56580352783203,64.49407958984375,63.840797424316406,6.412216663360596,60.85851287841797,71.15228271484375,45.88497543334961,8.777149200439453,98.56719970703125,91.42060089111328,79.45480346679688,6.852792263031006,62.47490310668945,49.96826171875,119.40054321289062,8.732946395874023,,74.08609771728516,,7.300746917724609,64.27547454833984,71.63562774658203,8.020524978637695,,34.84212112426758,,82.5600357055664,60.17786407470703,67.97176361083984,37.54201889038086,96.5,90.01435852050781,64.9797134399414,64.029541015625,6.263574600219727,6.355659008026123,,67.64328002929688,,70.44232177734375,65.67314910888672,,6.082643032073975,80.30524444580078,84.76128387451172,59.029197692871094,,
2023-08-02,7.501570224761963,127.78746795654297,128.84205627441406,10.998254776000977,92.37642669677734,16.805545806884766,67.86296844482422,5.956475734710693,66.01646423339844,58.64152908325195,88.53089904785156,79.90589904785156,84.21676635742188,105.70092010498047,66.60237884521484,65.11219787597656,64.3859634399414,6.316977024078369,61.78293991088867,71.4769287109375,46.967384338378906,8.774216651916504,98.88225555419922,92.53267669677734,80.642822265625,6.808589458465576,62.01002883911133,48.73727035522461,121.09232330322266,8.76319408416748,,74.58379364013672,,7.300746917724609,64.19730377197266,72.42469787597656,7.967642307281494,,34.937461853027344,,82.5600357055664,61.190006256103516,68.55725860595703,37.56397247314453,96.5,91.09607696533203,64.82376861572266,63.51405334472656,6.260016918182373,6.441725254058838,,67.68779754638672,,70.0489730834961,66.21581268310547,,6.110649585723877,81.7839584350586,84.83570098876953,59.74078369140625,,
2023-08-03,7.501570224761963,128.94271850585938,128.9210662841797,10.995214462280273,93.22181701660156,17.044965744018555,67.8559799194336,6.001521587371826,66.35289764404297,58.816932678222656,88.64733123779297,80.18487548828125,84.22449493408203,107.14612579345703,66.43408203125,65.30184936523438,65.06742858886719,6.398823261260986,62.980499267578125,71.80914306640625,47.67133331298828,8.8057222366333,99.73519897460938,93.40699005126953,80.49884033203125,6.7850141525268555,60.94632339477539,48.54789352416992,118.93196105957031,8.84259033203125,,75.25213623046875,,7.300746917724609,64.2470703125,73.1041488647461,7.938263416290283,,34.8675651550293,,82.5600357055664,61.22244644165039,68.21405792236328,37.73237228393555,96.5,91.55194091796875,65.15792846679688,63.39397048950195,6.272110939025879,6.474827766418457,,67.82136535644531,,69.78437042236328,65.98418426513672,,6.1085991859436035,81.09002685546875,84.57523345947266,59.64311981201172,,
2023-08-04,7.543874740600586,129.07815551757812,129.20547485351562,11.035754203796387,94.95867919921875,17.129066467285156,68.1287841796875,6.081276893615723,66.53231048583984,58.89788818359375,88.87242126464844,80.0190200805664,85.4609375,109.16020965576172,66.58042907714844,66.79092407226562,65.59107971191406,6.5699543952941895,63.85591125488281,72.25460815429688,48.12549591064453,8.769091606140137,99.51234436035156,95.86893463134766,80.52763366699219,6.799747943878174,60.82815170288086,49.159732818603516,118.3600845336914,8.906861305236816,,75.54365539550781,,7.300746917724609,64.49584197998047,74.44114685058594,8.030806541442871,,34.899322509765625,,82.5600357055664,61.24840545654297,68.63803100585938,37.74700164794922,96.5,91.64466857910156,65.90798950195312,64.08604431152344,6.282068252563477,6.474827766418457,,67.66999053955078,,70.08472442626953,66.46063995361328,,6.09357213973999,80.54480743408203,84.5826644897461,59.7129020690918,,
2023-08-07,7.508621692657471,130.09788513183594,128.84205627441406,11.03676700592041,92.29957580566406,17.301055908203125,68.8982162475586,6.258510112762451,66.12860870361328,58.42563247680664,88.86466979980469,79.27257537841797,85.23685455322266,109.12174987792969,66.6682357788086,67.49332427978516,64.78047943115234,6.406263828277588,63.91893005371094,72.1791000366211,47.080928802490234,8.766160011291504,99.89656829833984,96.17570495605469,79.95881652832031,6.917621612548828,60.505088806152344,48.802818298339844,118.66983795166016,8.80931568145752,,75.36588287353516,,7.300746917724609,64.22571563720703,77.81654357910156,8.03668212890625,,33.87604904174805,,82.5600357055664,61.313289642333984,68.77935791015625,37.8494987487793,96.5,91.94599914550781,65.83373260498047,63.41516876220703,6.311945915222168,6.501309394836426,,67.89259338378906,,70.62826538085938,65.71949005126953,,6.118846893310547,80.4071273803711,84.6124496459961,60.34080505371094,,
2023-08-08,7.466320037841797,130.56790161132812,128.36813354492188,11.043859481811523,92.76070404052734,17.50941276550293,68.96116638183594,6.167677879333496,65.40351104736328,59.0058479309082,89.10531616210938,79.09162139892578,85.94007110595703,110.2671890258789,66.87310028076172,67.21939086914062,65.56237030029297,6.422631740570068,64.42318725585938,72.02809143066406,46.7540283203125,8.831364631652832,99.88121795654297,95.19402313232422,81.07485961914062,6.843952655792236,60.89116668701172,48.40682601928711,118.94921875,8.847126960754395,,75.29478454589844,,7.300746917724609,64.37500762939453,76.41378021240234,8.005834579467773,,32.03925323486328,,82.5600357055664,61.41061019897461,69.08220672607422,37.92747497558594,96.5,92.02325439453125,66.0936279296875,63.570518493652344,6.288471698760986,6.521171569824219,,67.5809555053711,,70.08472442626953,66.31507110595703,,6.120211601257324,80.37960052490234,84.76128387451172,60.584983825683594,,
2023-08-09,7.374665260314941,128.98257446289062,128.131103515625,11.127979278564453,92.89136505126953,17.372270584106445,69.10105895996094,6.271063804626465,64.63654327392578,58.89788818359375,89.22173309326172,79.15946197509766,85.58457946777344,110.37479400634766,67.2389144897461,66.16580200195312,65.34717559814453,6.372782230377197,64.18506622314453,72.23950958251953,46.24467086791992,8.791801452636719,99.89656829833984,97.0500259399414,80.62124633789062,6.829217910766602,61.20633316040039,48.76615524291992,120.17865753173828,8.819147109985352,,75.77825927734375,,7.300746917724609,64.47451782226562,76.41378021240234,8.04990291595459,,29.94186782836914,,82.5600357055664,61.183528900146484,68.30152893066406,37.62553024291992,96.5,92.40962982177734,65.76688385009766,63.82475662231445,6.329729080200195,6.488068580627441,,68.0261459350586,,69.87020874023438,66.0569839477539,,6.099037170410156,79.96101379394531,84.5975570678711,60.6268310546875,,
2023-08-10,7.402865886688232,128.09823608398438,127.97309875488281,11.103654861450195,92.33031463623047,17.348026275634766,68.8982162475586,6.240046977996826,64.39592742919922,58.01176834106445,89.1363525390625,78.13886260986328,85.92460632324219,109.11410522460938,67.03404998779297,66.71368408203125,65.52790832519531,6.446239471435547,64.40216827392578,72.66986083984375,46.092628479003906,8.812317848205566,99.63533782958984,96.22171783447266,80.6932601928711,6.81448221206665,61.25360870361328,49.06682586669922,122.85301208496094,8.80931568145752,,76.21910095214844,,7.300746917724609,64.5384521484375,75.96812438964844,8.040355682373047,,31.5799503326416,,82.5600357055664,61.3781623840332,68.62826538085938,37.662353515625,96.5,91.52876281738281,66.45011138916016,64.50269317626953,6.347513675689697,6.501309394836426,,67.96382141113281,,70.17057037353516,66.17609405517578,,6.135238170623779,80.2446517944336,84.83570098876953,60.766361236572266,,
2023-08-11,7.416966915130615,127.17413330078125,128.0520782470703,11.137101173400879,90.693359375,17.348026275634766,69.1570053100586,6.268847942352295,64.81700134277344,57.201416015625,89.19845581054688,78.46576690673828,86.02506256103516,109.65988159179688,67.21696472167969,67.68513488769531,66.16401672363281,6.49721097946167,64.3531494140625,73.0322494506836,46.503143310546875,8.8189115524292,99.87351989746094,97.36446380615234,81.04606628417969,6.81448221206665,61.56089401245117,49.308815002441406,122.18246459960938,8.816126823425293,,76.54615783691406,,7.364501953125,64.67352294921875,75.32518005371094,8.040355682373047,,31.830486297607422,,82.5600357055664,61.36518096923828,68.96878051757812,37.55923843383789,96.5,91.98463439941406,66.19760131835938,63.63408660888672,6.430744647979736,6.441725254058838,,67.91930389404297,,70.42801666259766,66.1628646850586,,6.152315616607666,79.79306030273438,84.83570098876953,60.90589904785156,,
2023-08-14,7.4451680183410645,126.75982666015625,127.97309875488281,11.148250579833984,90.33216094970703,17.19801139831543,69.14302062988281,6.1883544921875,65.25311279296875,56.7928466796875,89.19071960449219,78.38975524902344,85.7700424194336,109.46768951416016,67.31209564208984,68.02552032470703,65.88932037353516,6.427499294281006,63.435733795166016,73.07756042480469,46.71602249145508,8.766160011291504,99.8197250366211,95.71553802490234,80.7220458984375,6.799747943878174,61.81303405761719,49.352821350097656,122.14253997802734,8.707993507385254,,76.04844665527344,,7.364501953125,65.00048065185547,73.64481353759766,8.026398658752441,,30.539278030395508,,82.5600357055664,61.825843811035156,69.22757720947266,37.272029876708984,96.5,91.43603515625,65.65550231933594,63.619972229003906,6.441415309906006,6.454965591430664,,67.49750518798828,,70.26354217529297,66.17609405517578,,6.178955554962158,79.44610595703125,84.79850006103516,60.90589904785156,,
2023-08-15,7.4451680183410645,127.46885681152344,127.8941421508789,11.145207405090332,90.49353790283203,17.191951751708984,69.22694396972656,6.202385902404785,65.01251983642578,55.975669860839844,89.03544616699219,78.23768615722656,85.63092041015625,108.91421508789062,67.5096206665039,67.99718475341797,65.74475860595703,6.41025972366333,63.967987060546875,72.66231536865234,46.3739128112793,8.736855506896973,100.52670288085938,95.70789337158203,81.02444458007812,6.843952655792236,61.245731353759766,49.11082458496094,122.10257720947266,8.760170936584473,,76.42527770996094,,7.364501953125,65.1639633178711,73.32335662841797,8.077079772949219,,30.044639587402344,,82.5600357055664,61.76744842529297,69.46595001220703,37.330936431884766,96.5,91.40513610839844,66.0936279296875,63.59171676635742,6.46275520324707,6.481447696685791,,67.83853149414062,,68.66158294677734,66.29521179199219,,6.154365539550781,79.44058227539062,84.71662902832031,60.96869659423828,,
2023-08-16,7.4451680183410645,127.46085357666016,128.07583618164062,11.138113975524902,91.01836395263672,17.228315353393555,69.28292846679688,6.187614440917969,64.85459899902344,56.513633728027344,88.88020324707031,78.5120849609375,85.45320129394531,108.69895935058594,67.63401794433594,67.40151977539062,65.49175262451172,6.429749011993408,64.13604736328125,72.85103607177734,46.3739128112793,8.681904792785645,100.60355377197266,93.16157531738281,80.642822265625,6.821849346160889,61.3324089050293,49.2281494140625,122.14253997802734,8.78587818145752,,76.07689666748047,,7.364501953125,65.33453369140625,71.12422180175781,8.07193660736084,,29.87119483947754,,82.5600357055664,61.6376838684082,68.75768280029297,37.19839096069336,96.5,88.97127532958984,64.91287994384766,63.23860549926758,6.452084541320801,6.494688987731934,,68.0898208618164,,69.04777526855469,66.1694564819336,,6.131140232086182,80.32451629638672,84.83570098876953,60.836124420166016,,
2023-08-17,7.42401647567749,126.75982666015625,127.44383239746094,11.016497611999512,90.94915008544922,17.207860946655273,69.14302062988281,6.186140537261963,64.65155792236328,56.52043533325195,88.73271179199219,78.31293487548828,85.14410400390625,107.8226318359375,67.59011840820312,67.37312316894531,65.39055633544922,6.424501419067383,63.9749641418457,72.33010864257812,45.41602325439453,8.674577713012695,99.95804595947266,92.95451354980469,80.85164642333984,6.843952655792236,60.8990478515625,49.132816314697266,120.5857925415039,8.816880226135254,,75.57917022705078,,7.364501953125,65.02179718017578,70.64933013916016,8.07193660736084,,29.92258071899414,,82.5600357055664,61.6376838684082,68.716796875,37.23521423339844,96.5,90.72520446777344,64.697509765625,63.40808868408203,6.427187442779541,6.494688987731934,,68.55650329589844,,69.36243438720703,66.12313079833984,,6.146849632263184,80.13177490234375,84.73150634765625,60.79426574707031,,
2023-08-18,7.466320037841797,127.07048797607422,127.76773834228516,11.000282287597656,90.96453857421875,17.207860946655273,69.4577865600586,6.184661865234375,64.55380249023438,56.343406677246094,88.01078796386719,78.74954223632812,85.12089538574219,107.23836517333984,67.89009094238281,68.07516479492188,65.3182601928711,6.513699054718018,63.77187728881836,73.17569732666016,44.83064651489258,8.674577713012695,100.1885757446289,93.8288345336914,81.50687408447266,6.829217910766602,60.512969970703125,48.326148986816406,120.97695922851562,8.805537223815918,,75.36588287353516,,7.364501953125,64.47451782226562,71.1169204711914,8.075611114501953,,30.006093978881836,,82.5600357055664,61.507930755615234,68.98241424560547,37.26466369628906,96.5,91.33560943603516,64.80890655517578,63.266868591308594,6.398730278015137,6.501309394836426,,68.63727569580078,,68.36836242675781,66.80476379394531,,6.130456447601318,80.13177490234375,84.17338562011719,61.275657653808594,,
2023-08-21,7.522721290588379,125.84364318847656,126.48800659179688,11.066651344299316,92.64877319335938,17.199522018432617,69.38783264160156,6.104907989501953,65.9373779296875,55.88032150268555,87.95648193359375,78.88739013671875,84.16268157958984,106.12373352050781,67.8534927368164,67.16041564941406,64.93514251708984,6.445488929748535,63.47771072387695,72.2772445678711,43.3405876159668,8.658334732055664,101.04924011230469,94.59577941894531,81.57887268066406,6.821849346160889,60.00080871582031,46.698177337646484,119.61984252929688,8.795801162719727,,75.65028381347656,,7.364501953125,64.20441436767578,70.72969055175781,8.138041496276855,,29.80695915222168,,82.5600357055664,61.54035186767578,68.784912109375,37.12472915649414,96.5,91.03425598144531,64.7123794555664,63.62702178955078,6.402288913726807,6.488068580627441,,68.35008239746094,,68.31116485595703,66.9701919555664,,6.129092216491699,79.35797119140625,84.29988861083984,61.387290954589844,,
2023-08-22,7.501570224761963,124.83978271484375,127.37275695800781,11.05133056640625,92.53340911865234,17.258625030517578,69.16400146484375,6.008907318115234,66.02010345458984,55.45132827758789,86.55146026611328,78.81078338623047,83.55219268798828,103.82520294189453,68.04375457763672,67.86949920654297,65.99776458740234,6.359288692474365,62.48329544067383,72.85858154296875,45.613677978515625,8.647294998168945,101.04924011230469,96.80460357666016,81.48527526855469,6.799747943878174,60.18204879760742,45.52485275268555,119.65977478027344,8.720407485961914,,75.43699645996094,,7.364501953125,63.820594787597656,69.07855224609375,8.057250022888184,,29.78767967224121,,82.5600357055664,60.99536895751953,68.43075561523438,36.82279586791992,96.5,89.58942413330078,64.2890625,64.9687728881836,6.346802711486816,6.448344707489014,,68.98727416992188,,68.0894775390625,66.95697021484375,,6.101085186004639,78.30882263183594,84.2031478881836,60.69660568237305,,
2023-08-23,7.51567268371582,125.46916961669922,127.63343811035156,11.024772644042969,91.91048431396484,17.25559425354004,69.24794006347656,6.018506050109863,66.39606475830078,54.94060134887695,86.81539154052734,79.07889556884766,83.45945739746094,104.03276062011719,67.56815338134766,66.93350982666016,65.05078125,6.396768093109131,62.71437454223633,71.83934783935547,45.119529724121094,8.636993408203125,101.04158020019531,95.66952514648438,81.57887268066406,6.8071160316467285,60.111114501953125,44.73286437988281,120.8970947265625,8.753918647766113,,75.5080795288086,,7.364501953125,64.19730377197266,69.74337768554688,8.057250022888184,,29.80695915222168,,82.5600357055664,61.22244644165039,68.43756866455078,36.75651550292969,96.5,89.00220489501953,64.86088562011719,64.28377532958984,6.314081192016602,6.481447696685791,,68.21546936035156,,68.68306732177734,66.9701919555664,,6.140703201293945,78.79073333740234,84.46361541748047,60.75939178466797,,
2023-08-24,7.543874740600586,126.66421508789062,127.34117126464844,11.067675590515137,91.90280151367188,17.231781005859375,69.28292846679688,5.9926605224609375,66.11785125732422,54.59329605102539,86.93959045410156,79.0329360961914,83.07307434082031,104.83222198486328,67.68522644042969,66.87674713134766,65.22429656982422,6.355541229248047,63.22562789916992,71.81668090820312,44.83824920654297,8.619332313537598,102.27102661132812,95.16332244873047,81.25485229492188,6.7481794357299805,59.96139907836914,44.43220138549805,119.73160552978516,8.747060775756836,,75.66450500488281,,7.364501953125,64.10492706298828,72.69501495361328,8.012442588806152,,29.761978149414062,,82.5600357055664,61.22895812988281,68.09025573730469,36.520843505859375,96.5,89.58168029785156,64.81632232666016,63.994232177734375,6.331152439117432,6.481447696685791,,68.50264739990234,,68.16096496582031,66.87093353271484,,6.146849632263184,78.7521743774414,84.41896057128906,61.477996826171875,,
2023-08-25,7.60027551651001,126.18619537353516,127.60977935791016,11.08197021484375,91.63359832763672,17.343225479125977,69.39482116699219,5.996354579925537,66.37350463867188,55.76457595825195,87.5450668334961,79.35462951660156,83.3667221069336,104.54012298583984,67.4949951171875,67.39442443847656,65.49175262451172,6.419253826141357,62.88947296142578,72.06584167480469,44.534156799316406,8.611976623535156,101.74852752685547,95.38573455810547,81.2188491821289,6.689243793487549,59.95355224609375,44.77685546875,118.8694076538086,8.756200790405273,,75.8209228515625,,7.364501953125,64.32524871826172,73.61559295654297,8.257762908935547,,29.408672332763672,,82.5600357055664,61.689605712890625,68.32179260253906,36.4619255065918,96.5,91.01109313964844,65.31388092041016,64.38265228271484,6.394463062286377,6.501309394836426,,68.65522003173828,,68.54715728759766,67.4996109008789,,6.132506370544434,78.74115753173828,84.46361541748047,62.0849494934082,,
2023-08-28,7.579126834869385,126.67215728759766,127.3648452758789,11.076862335205078,91.61824035644531,17.337921142578125,69.37384033203125,5.988968849182129,66.17047882080078,55.696468353271484,87.71583557128906,78.91036224365234,80.7547607421875,105.0859375,67.45111083984375,66.39456176757812,64.91344451904297,6.327057838439941,62.25917434692383,72.33765411376953,43.75112533569336,8.611976623535156,102.58612060546875,95.27838897705078,81.22603607177734,6.7187113761901855,59.717159271240234,44.73286437988281,119.19673919677734,8.721171379089355,,76.18351745605469,,7.364501953125,64.1830825805664,70.83198547363281,8.251152992248535,,28.669921875,,82.5600357055664,61.80638885498047,68.27413940429688,36.45455551147461,96.5,90.89517974853516,65.55896759033203,64.43915557861328,6.395175457000732,6.454965591430664,,67.90135955810547,,70.75696563720703,67.15550231933594,,6.140019416809082,77.59288787841797,84.18082427978516,62.23844909667969,,
2023-08-29,7.642578125,125.38154602050781,127.56230163574219,11.147337913513184,91.82588958740234,17.434955596923828,69.49274444580078,5.922506332397461,66.15544128417969,55.61475372314453,86.70671081542969,79.3316421508789,78.97735595703125,104.93216705322266,68.39493560791016,66.75621795654297,64.86284637451172,6.213874340057373,62.42025375366211,72.23950958251953,43.88796615600586,8.623747825622559,102.51692199707031,95.83824920654297,81.48527526855469,6.7334465980529785,60.07170867919922,44.26353073120117,119.71566009521484,8.706701278686523,,76.63856506347656,,7.364501953125,65.30610656738281,72.32241821289062,8.210755348205566,,28.380842208862305,,82.5600357055664,61.83232498168945,68.6146240234375,36.09369659423828,96.5,91.62149810791016,65.90056610107422,64.40382385253906,6.459197998046875,6.501309394836426,,68.56546783447266,,70.2992935180664,67.1025619506836,,6.144116401672363,77.64796447753906,84.18082427978516,62.26636505126953,,
2023-08-30,7.720130443572998,126.66421508789062,128.04421997070312,11.263778686523438,91.82588958740234,17.663904190063477,69.49274444580078,5.958691120147705,66.35844421386719,55.56709671020508,87.33547973632812,79.78358459472656,79.78877258300781,105.2934799194336,68.4241714477539,67.36607360839844,64.76162719726562,6.251352310180664,63.57578659057617,73.00959014892578,45.08152770996094,8.645822525024414,102.9703140258789,96.94266510009766,81.31248474121094,6.7481794357299805,60.57598114013672,44.61553192138672,121.99085235595703,8.85139274597168,,76.04844665527344,,7.364501953125,65.17108917236328,70.83927154541016,8.190194129943848,,27.860511779785156,,82.5600357055664,61.92966079711914,68.14472198486328,36.196800231933594,96.5,92.20868682861328,67.43036651611328,64.91932678222656,6.473426818847656,6.514551639556885,,68.60136413574219,,70.4351577758789,67.4996109008789,,6.147534370422363,77.19359588623047,83.53339385986328,61.108219146728516,,
2023-08-31,7.7342329025268555,127.58836364746094,128.14691162109375,11.286248207092285,92.87179565429688,17.544124603271484,69.68859100341797,6.05469274520874,67.47132873535156,55.63518524169922,87.97199249267578,79.48485565185547,80.87838745117188,105.23967742919922,67.83155059814453,66.79874420166016,65.41947174072266,6.227365493774414,64.01000213623047,72.85858154296875,45.15754699707031,8.675253868103027,101.84073638916016,96.4211196899414,81.93888092041016,6.7850141525268555,60.96208190917969,44.73286437988281,120.57778930664062,8.891754150390625,,76.70967102050781,,7.364501953125,65.73969268798828,70.53244018554688,8.211490631103516,,29.48575210571289,,82.5600357055664,61.91667938232422,68.47844696044922,36.270450592041016,96.5,90.16887664794922,67.43778228759766,64.26258087158203,6.459197998046875,6.494688987731934,,68.52059936523438,,70.79988861083984,67.3209457397461,,6.209009170532227,77.82418823242188,82.8264389038086,60.71753692626953,,
2023-09-01,7.6628947257995605,128.62779235839844,128.01173400878906,11.422094345092773,93.34453582763672,17.550243377685547,69.66948699951172,5.953484535217285,67.29086303710938,56.17997360229492,88.03760528564453,79.88316345214844,82.30986022949219,105.06958770751953,67.86834716796875,66.08965301513672,64.98574829101562,6.419253826141357,64.05199432373047,72.85100555419922,45.35520553588867,8.748836517333984,102.87838745117188,96.07340240478516,82.00663757324219,6.822092056274414,61.041343688964844,46.05284881591797,119.06900024414062,8.905461311340332,,75.97699737548828,,7.364501953125,65.45320892333984,71.3865737915039,8.193704605102539,,29.04250717163086,,83.53392028808594,61.92763137817383,69.31611633300781,36.15998077392578,96.5,90.5491943359375,67.87187957763672,65.15068054199219,6.443999290466309,6.527791500091553,,68.35906219482422,,70.17213439941406,67.54168701171875,,6.217991828918457,76.48104858398438,80.31021118164062,60.97836685180664,,
2023-09-04,7.691380500793457,128.1388702392578,128.2582244873047,11.466012001037598,91.49237823486328,17.512006759643555,69.49249267578125,5.953484535217285,67.3284683227539,56.17997360229492,88.27216339111328,79.89846801757812,82.25540924072266,104.37374877929688,68.2214126586914,66.87674713134766,65.28936767578125,6.46797513961792,63.77187728881836,72.5162124633789,45.23357391357422,8.693207740783691,103.24185943603516,95.61001586914062,81.71633911132812,6.7553534507751465,60.36759948730469,45.913516998291016,118.9652099609375,8.918410301208496,,76.10626983642578,,7.364501953125,64.47200775146484,71.57801055908203,8.189255714416504,,29.736295700073242,,83.53392028808594,61.980140686035156,69.03007507324219,36.137874603271484,96.5,91.12483978271484,67.13844299316406,64.59650421142578,6.408116817474365,6.521171569824219,,68.36802673339844,,69.7031021118164,67.3209457397461,,6.217991828918457,76.94906616210938,78.20862579345703,60.86559295654297,,
2023-09-05,7.705624103546143,129.39715576171875,128.027587890625,11.55078411102295,91.29087829589844,17.66036605834961,69.9455795288086,5.937854766845703,67.59916687011719,56.2480583190918,88.1080093383789,80.06698608398438,79.89813232421875,104.98450469970703,67.94923400878906,66.66402435302734,66.42425537109375,6.371282577514648,63.88393020629883,71.47386932373047,44.11603546142578,8.696918487548828,101.54048156738281,94.97674560546875,81.86151885986328,6.747938632965088,60.00297164916992,45.8621826171875,120.41809844970703,8.913841247558594,,76.18529510498047,,7.364501953125,64.94470977783203,71.1803970336914,8.259662628173828,,29.588544845581055,,83.53392028808594,61.70454406738281,69.15946197509766,35.93169021606445,96.5,91.3659896850586,66.44242858886719,64.51837921142578,6.405244827270508,6.441725254058838,,68.56546783447266,,68.85164642333984,67.22058868408203,,6.207626819610596,76.98783111572266,78.20862579345703,60.06190872192383,,
2023-09-06,7.677137851715088,129.653564453125,128.04348754882812,11.643730163574219,91.78684997558594,17.657299041748047,70.08717346191406,5.897668838500977,67.65179443359375,56.64302444458008,88.03760528564453,79.99039459228516,80.4893798828125,105.5179672241211,67.94189453125,67.80570220947266,66.18569946289062,6.431245803833008,64.3531494140625,72.66078186035156,44.40492630004883,8.66947078704834,103.2186508178711,95.64865112304688,82.3695297241211,6.747938632965088,60.07432556152344,45.7521858215332,120.91310119628906,8.89479923248291,,76.12063598632812,,7.364501953125,64.75135803222656,70.95214080810547,8.211488723754883,,29.4215145111084,,83.53392028808594,61.6914176940918,68.92790222167969,35.96113586425781,96.5,91.5842514038086,66.56965637207031,64.29100799560547,6.480600833892822,6.488068580627441,,68.83470916748047,,68.50532531738281,67.33433532714844,,6.217991828918457,77.02383422851562,78.04351806640625,60.96428298950195,,
2023-09-08,7.73411226272583,130.23062133789062,128.26620483398438,11.711139678955078,93.62352752685547,17.664947509765625,70.157958984375,5.937854766845703,67.33598327636719,57.18098449707031,88.58493041992188,80.06698608398438,83.15007781982422,107.0797348022461,68.14787292480469,68.14608764648438,65.77368927001953,6.5324387550354,64.87139129638672,72.50101470947266,44.83064651489258,8.672438621520996,105.17521667480469,97.53303527832031,82.13726043701172,6.7998456954956055,60.39930725097656,46.111507415771484,121.37046813964844,8.900132179260254,,76.85335540771484,,7.364501953125,65.04496765136719,71.12886047363281,8.200372695922852,,29.54999351501465,,83.53392028808594,61.678306579589844,69.25484466552734,36.04951095581055,96.5,92.13737487792969,66.5023193359375,65.20751953125,6.522227764129639,6.521171569824219,,69.35523223876953,,69.32791137695312,67.81597137451172,,6.217991828918457,77.31462860107422,78.20862579345703,61.85248947143555,,
2023-09-11,7.748356819152832,130.84768676757812,128.0514678955078,11.664156913757324,94.46822357177734,17.664180755615234,70.00930786132812,5.915529251098633,66.79450225830078,56.72473907470703,88.41293334960938,79.89080810546875,82.58214569091797,107.24982452392578,68.22876739501953,68.62828826904297,65.60018157958984,6.412508964538574,66.02691650390625,72.44013214111328,44.21223449707031,8.656120300292969,104.55653381347656,96.80709075927734,81.97761535644531,6.762768268585205,60.478572845458984,45.764583587646484,122.2851333618164,8.894039154052734,,76.35769653320312,,7.364501953125,64.29298400878906,71.12149047851562,8.127001762390137,,23.856901168823242,,83.53392028808594,61.79641342163086,69.11862182617188,35.23867416381836,96.5,91.09343719482422,66.08319854736328,64.56099700927734,6.497825622558594,6.488068580627441,,69.14881896972656,,68.9815444946289,67.88287353515625,,6.217991828918457,76.13211822509766,78.05848693847656,61.394287109375,,
2023-09-12,7.798206329345703,131.47276306152344,128.36961364746094,11.541592597961426,94.77047729492188,17.622888565063477,70.01638793945312,5.919994354248047,66.86251068115234,56.52043533325195,88.08451843261719,79.99806213378906,81.57078552246094,105.74989318847656,68.15524291992188,68.28790283203125,65.27488708496094,6.327057838439941,65.8658676147461,72.20426177978516,44.639793395996094,8.647217750549316,104.7112045288086,97.48672485351562,81.65104675292969,6.733107566833496,61.088905334472656,46.14103698730469,122.11670684814453,8.902416229248047,,76.35769653320312,,7.364501953125,64.4863510131836,71.34976196289062,8.115886688232422,,23.04448127746582,,83.53392028808594,61.697975158691406,69.42509460449219,34.453125,96.5,91.03112030029297,66.6070556640625,64.59650421142578,6.522227764129639,6.428483486175537,,68.83470916748047,,68.54862213134766,67.76248168945312,,6.252535343170166,75.60317993164062,78.42630004882812,61.648067474365234,,
2023-09-13,7.8124494552612305,130.6152801513672,128.0514678955078,11.397577285766602,94.72396087646484,17.627473831176758,69.95975494384766,5.902134895324707,67.14959716796875,55.049903869628906,87.97505950927734,80.2431640625,83.24342346191406,105.40975189208984,68.05223846435547,67.01148986816406,65.02006530761719,6.20407772064209,65.61372375488281,71.89231872558594,45.01388931274414,8.630157470703125,104.65708923339844,98.08139038085938,81.63652801513672,6.710862159729004,61.255374908447266,46.14842224121094,121.80376434326172,8.903938293457031,,76.49418640136719,,7.364501953125,64.44337463378906,71.12886047363281,8.174432754516602,,21.271326065063477,,83.53392028808594,61.6914176940918,69.11479187011719,33.87507629394531,96.5,91.30380249023438,66.8989486694336,64.75992584228516,6.508591651916504,6.428483486175537,,69.14881896972656,,68.53418731689453,67.07340240478516,,6.220062255859375,75.08253479003906,78.43380737304688,61.408382415771484,,
2023-09-14,7.897908687591553,130.0623321533203,127.84465026855469,11.488481521606445,95.85541534423828,17.741424560546875,70.157958984375,5.897668838500977,67.82196807861328,54.48649215698242,88.35037231445312,80.2125244140625,83.83470153808594,105.5179672241211,68.11845397949219,66.8682861328125,64.9472427368164,6.152019023895264,64.03423309326172,71.8010482788086,44.54816818237305,8.657605171203613,105.72428894042969,97.47127532958984,81.7091064453125,6.651539325714111,61.17609405517578,46.15580368041992,121.97228240966797,8.900132179260254,,76.73123168945312,,7.421530723571777,64.30728912353516,72.34378814697266,8.290788650512695,,19.343435287475586,,83.53392028808594,61.8751335144043,68.69441223144531,33.46748352050781,96.5,91.35833740234375,67.2806396484375,64.73152160644531,6.494955539703369,6.448000431060791,,68.52059936523438,,68.54862213134766,67.55506896972656,,6.211771488189697,76.0711898803711,78.42630004882812,61.887752532958984,,
2023-09-15,7.919275760650635,133.9571533203125,129.44334411621094,11.266841888427734,97.12638854980469,17.512006759643555,70.64644622802734,5.911064147949219,70.63249206542969,53.45583724975586,90.3284683227539,79.91381072998047,83.74913024902344,106.71634674072266,68.33911895751953,68.71541595458984,65.8937759399414,6.149001121520996,64.52780151367188,71.21519470214844,43.906856536865234,8.650185585021973,109.35128784179688,98.45980834960938,81.65829467773438,6.599630832672119,61.318763732910156,46.24436950683594,121.9642562866211,8.87119197845459,,77.36334991455078,,7.421530723571777,64.43621826171875,71.45284271240234,8.361190795898438,,20.439563751220703,,83.53392028808594,61.73736572265625,69.0941162109375,33.630523681640625,96.5,91.92704010009766,66.57713317871094,64.74571990966797,6.530121326446533,6.488260746002197,,68.83719635009766,,68.4764404296875,67.92971801757812,,6.231118679046631,75.68070220947266,78.35874938964844,62.5997428894043,,
2023-09-18,7.905029773712158,132.8352508544922,128.60031127929688,11.521164894104004,95.32068634033203,17.65348243713379,70.63229370117188,5.949018478393555,69.58232879638672,54.30097198486328,89.69517517089844,79.27974700927734,82.84667205810547,106.36841583251953,68.08902740478516,67.33367919921875,64.87445068359375,6.201814651489258,64.02716827392578,72.09015655517578,44.22751998901367,8.677631378173828,106.81471252441406,99.20121002197266,81.62928771972656,6.607048034667969,61.95286178588867,46.65773010253906,122.73454284667969,8.880331993103027,,77.14065551757812,,7.421530723571777,64.75850677490234,72.15972900390625,8.373791694641113,,22.025726318359375,,83.53392028808594,61.80951690673828,69.63166046142578,33.88249588012695,96.5,91.38170623779297,65.70901489257812,64.65335083007812,6.541603088378906,6.494972229003906,,68.0864028930664,,68.25997924804688,67.494873046875,,6.238717555999756,76.12381744384766,78.32120513916016,61.563507080078125,,
2023-09-19,7.762596607208252,131.593017578125,128.5286865234375,11.514967918395996,95.39043426513672,17.626712799072266,70.34204864501953,5.949761390686035,67.99576568603516,54.91934585571289,89.0540542602539,79.13311767578125,82.4654541015625,106.07464599609375,68.39797973632812,66.9542236328125,64.80889892578125,6.246328353881836,63.39252853393555,71.89994049072266,44.044281005859375,8.676145553588867,106.01817321777344,98.0891342163086,82.07923126220703,6.599630832672119,62.39675521850586,46.55438995361328,122.26113891601562,8.88125991821289,,76.86053466796875,,7.421530723571777,64.85161590576172,73.57344818115234,8.377497673034668,,22.30942726135254,,83.53392028808594,61.71111297607422,69.54898071289062,34.06034469604492,96.5,91.38170623779297,66.00836944580078,65.27857971191406,6.540168762207031,6.461420059204102,,68.14068603515625,,71.18233489990234,67.25403594970703,,6.238717555999756,75.88011932373047,78.2686538696289,61.965301513671875,,
2023-09-20,7.819572925567627,129.8299102783203,128.0514678955078,11.402791023254395,93.5925521850586,17.60759735107422,70.5261001586914,5.975808143615723,67.99576568603516,55.565208435058594,88.928955078125,78.60845184326172,83.96697235107422,106.41484069824219,68.26556396484375,66.43875885009766,64.76520538330078,6.2546281814575195,62.91305160522461,71.99885559082031,43.899227142333984,8.678372383117676,106.60594940185547,95.22388458251953,81.71633911132812,6.614461898803711,62.618682861328125,46.35509490966797,122.04447174072266,8.887395858764648,,76.78868865966797,,7.421530723571777,64.24283599853516,73.48509216308594,8.374533653259277,,22.148231506347656,,83.53392028808594,61.71111297607422,68.90117645263672,34.23822021484375,96.5,91.41287231445312,66.07571411132812,65.4206771850586,6.550934791564941,6.51509952545166,,68.50251770019531,,69.07534790039062,67.47480010986328,,6.233190536499023,75.78318786621094,78.2236557006836,61.211002349853516,,
2023-09-21,7.798206329345703,131.3445587158203,128.67184448242188,11.320464134216309,93.61577606201172,17.66036605834961,70.40575408935547,5.967621803283691,67.75399780273438,55.64080047607422,88.40511322021484,78.62389373779297,82.76885223388672,106.6931381225586,68.41270446777344,66.56047058105469,64.88897705078125,6.29612398147583,62.440582275390625,71.74015045166016,44.24277877807617,8.685046195983887,107.49528503417969,96.44410705566406,81.42607116699219,6.592216491699219,62.13520050048828,46.42890930175781,121.52291870117188,8.891999244689941,,77.32745361328125,,7.421530723571777,64.12108612060547,73.5292739868164,8.359707832336426,,20.587862014770508,,83.53392028808594,61.79641342163086,68.89029693603516,34.90520477294922,96.5,91.56085968017578,66.74179077148438,65.8256607055664,6.519355297088623,6.508388519287109,,68.15877532958984,,68.69290924072266,66.84593963623047,,6.2400994300842285,75.32622528076172,78.05848693847656,61.37315368652344,,
2023-09-22,7.798206329345703,131.47276306152344,128.0514678955078,11.421317100524902,93.7242660522461,17.705480575561523,70.08717346191406,6.0264129638671875,67.60287475585938,55.386558532714844,88.77256774902344,78.31527709960938,82.97892761230469,107.38897705078125,68.41270446777344,67.20479583740234,64.87445068359375,6.434948921203613,62.47584533691406,71.74776458740234,43.502227783203125,8.673920631408691,106.78379821777344,98.05049133300781,81.63652801513672,6.562553882598877,61.9449348449707,46.081993103027344,121.64326477050781,8.918841361999512,,77.3992691040039,,7.421530723571777,64.14972686767578,73.60291290283203,8.363415718078613,,20.787744522094727,,83.53392028808594,61.74390411376953,68.80052185058594,34.21597671508789,96.5,91.76344299316406,67.29560089111328,66.07431030273438,6.588250160217285,6.508388519287109,,68.37586975097656,,68.41873168945312,67.00650787353516,,6.229043960571289,75.68901824951172,78.05848693847656,62.33893966674805,,
2023-09-25,7.783962726593018,131.7532501220703,128.32984924316406,11.402791023254395,93.70101165771484,17.740652084350586,70.34912109375,5.9519944190979,66.59806823730469,54.76130294799805,88.44419860839844,78.37699127197266,82.6443862915039,107.38897705078125,68.61865234375,67.4195785522461,64.80162048339844,6.170881271362305,62.40534591674805,71.983642578125,42.94489669799805,8.676145553588867,107.10859680175781,97.1932373046875,81.56395721435547,6.25111198425293,61.51692581176758,45.15192794799805,121.64326477050781,8.896600723266602,,77.32745361328125,,7.421530723571777,64.00648498535156,70.77542114257812,8.34785270690918,,19.98821449279785,,83.53392028808594,61.71767044067383,68.71764373779297,34.08999252319336,96.5,91.52193450927734,65.69404602050781,66.50770568847656,6.578922748565674,6.494972229003906,,67.38990020751953,,69.1907958984375,66.93962860107422,,6.26566219329834,75.88011932373047,78.80909729003906,61.260345458984375,,
2023-09-26,7.783962726593018,130.3828887939453,128.0514678955078,11.320464134216309,92.25957489013672,17.703184127807617,70.6181411743164,5.908085823059082,65.72924041748047,54.864383697509766,88.11581420898438,78.23809051513672,82.77665710449219,105.77311706542969,68.71430969238281,66.98286437988281,64.70697021484375,6.081097602844238,61.96110153198242,71.68690490722656,41.608829498291016,8.676888465881348,105.17521667480469,96.26647186279297,81.52767181396484,6.132465839385986,60.637088775634766,43.9782829284668,120.92110443115234,8.888932228088379,,77.1981201171875,,7.4215288162231445,64.0279541015625,71.06257629394531,8.333030700683594,,19.2144775390625,,83.53392028808594,62.1179084777832,69.04911041259766,33.763919830322266,96.5,91.52193450927734,65.54436492919922,65.36382293701172,6.51648473739624,6.494972229003906,,66.93761444091797,,69.62373352050781,66.93962860107422,,6.241482734680176,75.57547760009766,79.55964660644531,61.33085250854492,,
2023-09-27,7.783962726593018,130.3267364501953,127.6537857055664,11.353394508361816,92.22084045410156,17.703184127807617,71.14911651611328,5.91032075881958,65.53280639648438,54.081085205078125,88.31909942626953,77.4356460571289,82.9944839477539,102.17031860351562,68.78048706054688,66.8682861328125,63.63665771484375,6.081852436065674,61.86941909790039,70.9640884399414,42.94489669799805,8.633125305175781,105.09016418457031,96.09657287597656,81.3897933959961,5.9619140625,60.29627227783203,44.22188186645508,119.56507873535156,8.858251571655273,,77.43518829345703,,7.4215288162231445,63.79878616333008,68.93462371826172,8.326363563537598,,19.040390014648438,,83.53392028808594,61.783287048339844,68.71074676513672,33.348907470703125,96.5,91.61540222167969,64.44422912597656,66.62137603759766,6.495672225952148,6.468132495880127,,65.9426040649414,,69.29180908203125,66.9061508178711,,6.219372272491455,75.49240112304688,79.5221176147461,61.18984603881836,,
2023-09-28,7.8124494552612305,130.390869140625,127.6537857055664,11.293704986572266,91.98834991455078,17.743715286254883,71.3756332397461,5.864181995391846,65.71414184570312,54.07421875,88.56929016113281,77.73656463623047,82.30207061767578,102.8197250366211,68.81729125976562,66.88263702392578,64.29194641113281,6.013193607330322,61.890560150146484,71.36734771728516,41.77678680419922,8.641284942626953,105.79391479492188,95.37833404541016,81.42607116699219,6.021236896514893,59.765167236328125,43.68302536010742,123.75360107421875,8.701026916503906,,77.29869842529297,,7.4215288162231445,63.90622329711914,68.84627532958984,8.373053550720215,,18.57614517211914,,83.53392028808594,61.68485641479492,69.74657440185547,33.29703140258789,96.5,91.33495330810547,64.5564956665039,64.91622924804688,6.496389389038086,6.488260746002197,,66.1235122680664,,69.98453521728516,67.30084228515625,,6.273261547088623,76.05180358886719,80.76054382324219,61.66923522949219,,
2023-09-29,7.883665561676025,131.81739807128906,128.43321228027344,11.39661693572998,92.02710723876953,17.739891052246094,71.43228149414062,5.915529251098633,65.91812133789062,54.245994567871094,88.66312408447266,78.31527709960938,83.3056869506836,105.0541000366211,69.07476043701172,68.15699768066406,65.09286499023438,6.059971809387207,61.63670349121094,71.38256072998047,42.6700439453125,8.648703575134277,107.10859680175781,96.13520050048828,81.78894805908203,6.2881879806518555,60.20906448364258,43.83804702758789,123.56902313232422,8.95718765258789,,77.83026123046875,,7.4215288162231445,64.0279541015625,72.37325286865234,8.427397727966309,,20.310604095458984,,83.53392028808594,61.96699905395508,69.34605407714844,33.34149932861328,96.5,92.46458435058594,66.08319854736328,65.63381958007812,6.598300457000732,6.575486660003662,,67.82408905029297,,70.71329498291016,66.9864273071289,,6.287079811096191,77.27031707763672,81.0607681274414,62.021690368652344,,
2023-10-02,7.861964225769043,128.7669677734375,127.96875762939453,11.443957328796387,91.97241973876953,17.74066162109375,71.63526153564453,5.771504878997803,65.54034423828125,54.438377380371094,88.56863403320312,78.2844009399414,81.9117431640625,104.05101013183594,68.79341888427734,66.23113250732422,64.14633178710938,6.111277103424072,61.439266204833984,70.63099670410156,42.7540283203125,8.64499282836914,102.30926513671875,95.66838836669922,80.7087173461914,6.4898271560668945,60.58387756347656,43.963531494140625,123.35237884521484,8.961788177490234,,76.35708618164062,,7.4215288162231445,63.91248321533203,70.87366485595703,8.363754272460938,,19.453046798706055,,84.52629852294922,62.13734436035156,69.05603790283203,33.630523681640625,96.5,92.84014129638672,65.92478942871094,64.5748519897461,6.436100482940674,6.568775177001953,,67.3175277709961,,70.47303771972656,67.0472412109375,,6.2346882820129395,76.7078857421875,82.42943572998047,61.79364776611328,,
2023-10-03,7.833193302154541,128.2348175048828,128.04885864257812,11.51599407196045,91.9099349975586,17.73912239074707,71.67816925048828,5.682990550994873,65.57813262939453,54.78193283081055,88.8677978515625,78.31527709960938,82.20934295654297,104.00434875488281,68.91928100585938,66.6678466796875,64.2045669555664,5.998105049133301,64.03423309326172,70.49297332763672,43.13576126098633,8.6135835647583,102.0447006225586,95.85503387451172,80.90625,6.168698310852051,59.834251403808594,43.58708190917969,123.56101989746094,8.923443794250488,,77.2859878540039,,7.4215288162231445,63.0534782409668,72.6776123046875,8.383222579956055,,19.2144775390625,,84.52629852294922,61.958152770996094,69.2632064819336,33.49711608886719,96.5,93.14598846435547,64.59708404541016,64.28865051269531,6.454189300537109,6.595614910125732,,66.93761444091797,,70.0289077758789,66.54723358154297,,6.271011829376221,76.48515319824219,80.64244842529297,61.729515075683594,,
2023-10-04,7.847579479217529,127.98487091064453,128.04885864257812,11.477920532226562,91.72250366210938,17.694379806518555,71.29170989990234,5.6447319984436035,65.63858795166016,54.51395034790039,88.9307861328125,77.90630340576172,81.45755767822266,102.41024780273438,68.63794708251953,65.98054504394531,63.753135681152344,5.927938938140869,63.6534423828125,70.54666137695312,42.18143081665039,8.528332710266113,101.64009857177734,95.66061401367188,80.97940826416016,6.228443145751953,58.61412811279297,43.24015426635742,123.54498291015625,8.877423286437988,,77.27874755859375,,7.4215288162231445,63.01740264892578,71.69768524169922,8.329309463500977,,19.2144775390625,,84.52629852294922,61.78556442260742,69.39440155029297,33.42301559448242,96.5,91.8049087524414,64.18219757080078,64.2957992553711,6.425248146057129,6.62916374206543,,66.27728271484375,,70.414794921875,66.62154388427734,,6.196265697479248,76.64385986328125,80.8469009399414,61.49433898925781,,
2023-10-05,7.869156837463379,127.78327941894531,127.86465454101562,11.470718383789062,91.71468353271484,17.702871322631836,71.42051696777344,5.652233123779297,65.49503326416016,54.47273635864258,88.9622802734375,77.35077667236328,82.20934295654297,102.34803009033203,68.48248291015625,66.53897857666016,63.70217514038086,6.002632141113281,63.075199127197266,70.97611999511719,41.92184829711914,8.517860412597656,100.76085662841797,96.04945373535156,79.38468170166016,6.325530529022217,58.55832290649414,43.5058708190918,122.68206024169922,8.89506721496582,,76.88687133789062,,7.4215288162231445,63.508243560791016,72.29157257080078,8.206512451171875,,19.156450271606445,,84.52629852294922,61.62628173828125,69.35295867919922,33.42301559448242,96.5,92.14215087890625,64.11427307128906,64.08831787109375,6.436825752258301,6.649292469024658,,66.53960418701172,,70.62592315673828,66.29042053222656,,6.268916130065918,76.28467559814453,80.23357391357422,61.758033752441406,,
2023-10-06,7.890738010406494,127.58170318603516,127.32808685302734,11.432636260986328,91.49598693847656,17.67047119140625,71.63526153564453,5.597474575042725,65.63103485107422,54.5758056640625,88.48991394042969,77.81372833251953,81.45755767822266,99.92192077636719,68.6971664428711,67.30503845214844,64.70697021484375,6.019984722137451,63.8367919921875,70.55430603027344,40.94461441040039,8.652472496032715,101.22772216796875,95.81612396240234,79.53831481933594,6.340466499328613,57.697044372558594,43.313961029052734,123.02071380615234,8.873592376708984,,76.89412689208984,,7.4215288162231445,63.52267074584961,72.00947570800781,8.267910957336426,,19.07907485961914,,84.52629852294922,61.6860237121582,69.40132141113281,33.49711608886719,96.5,92.54210662841797,63.593772888183594,64.53907012939453,6.48313045501709,6.6694231033325195,,66.50342559814453,,70.3492431640625,67.2702407836914,,6.254946231842041,76.270751953125,80.02910614013672,61.88630676269531,,
2023-10-09,7.876349925994873,126.99309539794922,127.32808685302734,11.372945785522461,91.5975341796875,17.672008514404297,71.56365966796875,5.609476089477539,65.22151947021484,54.58954620361328,88.33245849609375,77.7983169555664,80.97203826904297,99.4087142944336,68.7860107421875,67.53414154052734,65.36953735351562,5.951328277587891,63.43485641479492,70.16319274902344,39.50257873535156,8.633030891418457,101.37554931640625,96.4538803100586,79.07011413574219,6.250848293304443,57.816650390625,42.4070930480957,123.75465393066406,8.932647705078125,,76.91590881347656,,7.4215288162231445,63.73923873901367,71.3858871459961,8.256677627563477,,20.439077377319336,,84.52629852294922,61.639549255371094,69.40132141113281,32.8822135925293,96.5,91.66372680664062,63.46552658081055,65.21880340576172,6.475897789001465,6.696260929107666,,66.28633117675781,,71.16472625732422,66.58775329589844,,6.2137298583984375,76.4990463256836,80.02910614013672,62.15712356567383,,
2023-10-10,7.890738010406494,128.605712890625,127.33612060546875,11.395587921142578,91.56629180908203,17.706722259521484,71.85709381103516,5.558467388153076,65.37354278564453,54.960575103759766,88.50564575195312,77.15017700195312,80.65880584716797,99.99190521240234,68.85266876220703,67.33367919921875,65.74816131591797,5.884932994842529,63.44895553588867,70.8994140625,41.40483856201172,8.576191902160645,100.55857849121094,95.69949340820312,79.2032241821289,6.168698310852051,57.57740783691406,43.32883071899414,122.58522033691406,8.924975395202637,,76.69093322753906,,7.4215288162231445,63.60206985473633,72.00947570800781,8.297861099243164,,20.334959030151367,,84.52629852294922,61.566551208496094,69.38751983642578,32.53153610229492,96.5,91.05986022949219,63.64657211303711,65.05422973632812,6.503393650054932,6.689550399780273,,66.67529296875,,70.98271179199219,66.77696228027344,,6.193472385406494,76.5909423828125,81.72525787353516,62.24974822998047,,
2023-10-11,7.890738010406494,129.81520080566406,127.32808685302734,11.402791023254395,91.44913482666016,17.694379806518555,72.00023651123047,5.559966564178467,65.259521484375,55.20396423339844,88.37181854248047,78.0066146850586,80.53350830078125,99.53311157226562,69.14879608154297,67.62003326416016,65.1907730102539,5.920645713806152,63.15277862548828,71.28285217285156,40.34632110595703,8.53730583190918,100.76085662841797,96.82718658447266,79.2178955078125,6.206039905548096,58.047916412353516,42.48887252807617,122.78688049316406,8.89353084564209,,76.53128051757812,,7.4215288162231445,63.23395919799805,72.00947570800781,8.418415069580078,,20.32194709777832,,84.52629852294922,61.55991744995117,70.17010498046875,32.22562026977539,96.5,92.51074981689453,63.57114028930664,65.3976821899414,6.413670063018799,6.689550399780273,,66.57579040527344,,70.61864471435547,66.2836685180664,,6.218618392944336,76.73016357421875,81.72525787353516,62.6987190246582,,
2023-10-13,7.89793062210083,131.62936401367188,127.20805358886719,11.468658447265625,91.66000366210938,17.696697235107422,72.32232666015625,5.569719314575195,65.4191665649414,55.231712341308594,88.54500579833984,77.91402435302734,81.26961517333984,99.81304931640625,68.97850036621094,68.48741912841797,65.26412963867188,5.983712196350098,62.66897201538086,71.32122802734375,41.45086669921875,8.570208549499512,100.99430847167969,97.33273315429688,79.11520385742188,6.228443145751953,57.992103576660156,42.55575942993164,123.33526611328125,8.890463829040527,,76.48775482177734,,7.4607157707214355,63.695945739746094,71.6383056640625,8.419163703918457,,20.28290557861328,,84.52629852294922,61.566551208496094,70.12815856933594,32.23308181762695,96.5,92.57349395751953,63.70692825317383,66.39940643310547,6.47445011138916,6.71614408493042,,66.66624450683594,,69.72309112548828,66.35123443603516,,6.259136199951172,76.97516632080078,81.71766662597656,62.8911247253418,,
2023-10-16,7.905121326446533,130.16188049316406,127.56835174560547,11.619939804077148,92.00367736816406,17.689754486083984,72.3938980102539,5.561468124389648,65.34312438964844,55.106788635253906,88.18287658691406,78.20030975341797,81.6846694946289,99.62645721435547,69.25984191894531,68.5958480834961,65.79217529296875,5.976113319396973,62.38434982299805,71.26753234863281,40.047176361083984,8.530572891235352,101.04876708984375,97.38715362548828,79.18856048583984,6.198570728302002,57.816650390625,42.295597076416016,122.42398071289062,8.890463829040527,,76.34259796142578,,7.4607157707214355,63.6309700012207,72.23222351074219,8.36899471282959,,20.556203842163086,,84.52629852294922,61.69264221191406,70.48460388183594,32.121150970458984,96.5,92.54210662841797,63.94078063964844,65.36907196044922,6.443337440490723,6.682191371917725,,67.26856994628906,,70.31285858154297,66.07416534423828,,6.274503707885742,77.26197052001953,81.73283386230469,63.047908782958984,,
2023-10-17,7.912312984466553,129.0088653564453,127.96875762939453,11.555106163024902,91.7303237915039,17.67509651184082,72.33662414550781,5.593723297119141,65.05426788330078,54.38496398925781,88.1671371459961,77.9981689453125,81.1208267211914,99.68865203857422,68.77860260009766,67.80076599121094,65.06612396240234,5.9297637939453125,62.60493850708008,71.23682403564453,40.31563949584961,8.547025680541992,100.76863861083984,97.40271759033203,79.08582305908203,6.26578426361084,57.89638137817383,41.72323226928711,122.71431732177734,8.880494117736816,,76.4659652709961,,7.4607157707214355,63.66704559326172,71.89069366455078,8.307596206665039,,20.80998992919922,,84.52629852294922,61.792205810546875,70.13516235351562,32.20323181152344,96.5,92.59701538085938,63.64657211303711,65.01847839355469,6.41801118850708,6.682191371917725,,67.70662689208984,,70.17449951171875,65.95930480957031,,6.326198577880859,76.27910614013672,81.74040222167969,63.27596664428711,,
2023-10-18,7.890738010406494,127.8478012084961,127.54434967041016,11.502618789672852,91.83963012695312,17.639612197875977,72.28654479980469,5.595973014831543,64.68938446044922,54.5654296875,87.78135681152344,77.77271270751953,81.05036163330078,99.50981140136719,68.4898910522461,67.62003326416016,64.9047622680664,5.916846752166748,62.52666091918945,71.19850158691406,40.100868225097656,8.507390975952148,100.8309097290039,96.39942932128906,79.16655731201172,6.153762340545654,57.91234588623047,41.113712310791016,122.66588592529297,8.855948448181152,,76.82881164550781,,7.4607157707214355,63.565975189208984,71.8758316040039,8.318826675415039,,20.946636199951172,,84.52629852294922,61.725860595703125,70.05829620361328,32.31517028808594,96.5,92.32252502441406,64.9063949584961,65.68389892578125,6.405710697174072,6.621073246002197,,67.52410125732422,,69.67938995361328,65.70252990722656,,6.305242538452148,76.3988265991211,81.74040222167969,62.71297073364258,,
2023-10-19,7.883543968200684,126.99309539794922,127.28006744384766,11.517114639282227,91.5975341796875,17.602584838867188,72.17916870117188,5.610226154327393,64.04327392578125,54.440513610839844,87.02558898925781,77.73384857177734,79.79740142822266,99.13655090332031,68.51949310302734,67.58390808105469,63.77534866333008,5.910007953643799,62.51954650878906,71.13716888427734,40.85256576538086,8.475982666015625,100.56634521484375,95.81612396240234,79.15921783447266,6.123889446258545,57.393985748291016,40.846099853515625,122.74658203125,8.894735336303711,,76.87960052490234,,7.4607157707214355,63.46492385864258,72.41778564453125,8.240955352783203,,21.3110408782959,,84.52629852294922,61.725860595703125,70.21903991699219,32.09130859375,96.5,91.53826904296875,64.68762969970703,65.69105529785156,6.374598979949951,6.5463738441467285,,67.50585174560547,,70.43663024902344,65.00650024414062,,6.283585071563721,76.54917907714844,81.74040222167969,62.35663986206055,,
2023-10-20,7.883543968200684,127.6382064819336,127.11189270019531,11.543039321899414,91.69123840332031,17.587926864624023,72.55850982666016,5.640981674194336,64.83385467529297,54.34334182739258,86.52173614501953,77.78050231933594,79.67994689941406,98.07124328613281,68.7045669555664,67.65618133544922,64.23738861083984,5.889492511749268,62.96781921386719,70.90707397460938,39.92444610595703,8.490192413330078,100.5819091796875,95.6528091430664,79.06382751464844,6.094015598297119,56.51677322387695,40.808937072753906,122.52877807617188,8.876197814941406,,76.5240249633789,,7.4607157707214355,63.46492385864258,72.38065338134766,8.356266975402832,,23.425872802734375,,84.52629852294922,61.95149230957031,70.23999786376953,32.35992431640625,96.5,92.58917236328125,63.88798904418945,65.26889038085938,6.416565895080566,6.593909740447998,,67.37808990478516,,69.56291198730469,64.97273254394531,,6.224206924438477,76.53527069091797,81.77069091796875,62.64167785644531,,
2023-10-23,7.89793062210083,128.0251922607422,126.767578125,11.516077041625977,91.45693969726562,17.5894775390625,72.55133819580078,5.647732257843018,65.14549255371094,54.5654296875,86.27763366699219,77.71830749511719,80.38471984863281,96.91259765625,68.48248291015625,67.58390808105469,65.57212829589844,5.8925323486328125,62.35590362548828,70.52364349365234,39.60996627807617,8.441582679748535,100.43407440185547,95.88613891601562,79.11520385742188,6.094015598297119,55.799041748046875,41.02449417114258,120.34320068359375,8.839119911193848,,76.21923828125,,7.4607157707214355,63.334991455078125,72.33612060546875,8.418415069580078,,27.304157257080078,,84.52629852294922,61.805484771728516,70.17010498046875,32.464385986328125,96.5,92.34605407714844,64.5442886352539,65.34760284423828,6.438270568847656,6.6482343673706055,,67.79788208007812,,69.49010467529297,64.87809753417969,,6.252150058746338,76.42387390136719,81.77069091796875,63.38285446166992,,
2023-10-24,7.840385913848877,128.4687042236328,126.28707885742188,11.407193183898926,90.28543090820312,17.530080795288086,72.63008117675781,5.588470935821533,64.5297622680664,54.30863571166992,84.87631225585938,77.75715637207031,80.24376678466797,95.6451187133789,68.35662078857422,67.33091735839844,63.97335433959961,5.811988830566406,61.687095642089844,70.86105346679688,41.343482971191406,8.376521110534668,100.06061553955078,96.36833953857422,78.983154296875,6.004398345947266,54.698551177978516,40.00614547729492,120.18193054199219,8.826762199401855,,76.05232238769531,,7.4607157707214355,63.19062042236328,70.3985366821289,8.33979320526123,,24.87047576904297,,84.52629852294922,61.7789421081543,70.23999786376953,32.47929763793945,96.5,91.89118194580078,63.00535583496094,64.42459869384766,6.392685413360596,6.5871171951293945,,67.48759460449219,,69.7157974243164,64.39834594726562,,6.243768692016602,76.2540283203125,81.4072036743164,62.107215881347656,,
2023-10-25,7.840385913848877,129.2669219970703,126.47122955322266,11.37193489074707,91.37885284423828,17.540109634399414,72.85911560058594,5.6462321281433105,64.81103515625,54.21841812133789,84.49053192138672,77.38401794433594,80.73712921142578,95.22518920898438,68.11972045898438,66.34786987304688,65.1101303100586,5.843142986297607,61.5448112487793,70.24754333496094,39.993492126464844,8.34959888458252,99.97502136230469,95.6528091430664,79.59201049804688,5.952121257781982,53.558162689208984,39.233070373535156,120.78679656982422,8.837577819824219,,76.30632781982422,,7.4607157707214355,63.52267074584961,70.52472686767578,8.28213882446289,,24.968076705932617,,84.52629852294922,61.725860595703125,70.19105529785156,32.51661682128906,96.5,91.60885620117188,63.337284088134766,65.02561950683594,6.389791965484619,6.553162574768066,,67.18643951416016,,69.89784240722656,64.0131607055664,,6.2193193435668945,76.31251525878906,81.2254867553711,62.96238327026367,,
2023-10-26,7.790036201477051,127.83976745605469,126.12693786621094,11.23193359375,91.19921875,17.510026931762695,72.64439392089844,5.60422420501709,64.91744995117188,53.87140655517578,84.0181655883789,77.29071807861328,79.92269134521484,95.62175750732422,68.11229705810547,67.02008819580078,64.6480712890625,5.797552108764648,61.94322204589844,70.50826263427734,40.20058059692383,8.28977108001709,99.85830688476562,96.5394287109375,79.78275299072266,5.720609188079834,53.43056869506836,39.3222770690918,121.38360595703125,8.805904388427734,,76.27728271484375,,7.4607157707214355,63.52267074584961,70.60640716552734,8.289627075195312,,25.02013397216797,,84.52629852294922,61.586456298828125,70.17010498046875,32.568843841552734,96.5,90.29913330078125,63.29201889038086,64.92545318603516,6.38689661026001,6.5463738441467285,,67.76138305664062,,69.86869812011719,63.1819953918457,,6.187184810638428,75.87814331054688,81.39207458496094,62.349525451660156,,
2023-10-27,7.804418563842773,129.20240783691406,126.32713317871094,11.241271018981934,90.98834991455078,17.532394409179688,73.3243179321289,5.58472204208374,65.11511993408203,54.10042953491211,84.64014434814453,77.44622039794922,81.58287048339844,96.31385040283203,68.48248291015625,67.50440216064453,65.20545196533203,5.824906349182129,62.00016403198242,70.37792205810547,40.28495788574219,8.375774383544922,100.37184143066406,96.01836395263672,79.0711898803711,5.787822246551514,55.7352409362793,39.3222770690918,120.19000244140625,8.794317245483398,,76.56028747558594,,7.4607157707214355,63.623756408691406,70.8291015625,8.33979320526123,,25.182815551757812,,84.52629852294922,61.75239562988281,70.06527709960938,32.344993591308594,96.5,90.6285400390625,65.02706909179688,65.59088134765625,6.386175155639648,6.580326557159424,,67.50585174560547,,69.89055633544922,63.5806770324707,,6.207442283630371,76.29301452636719,81.75553894042969,62.420780181884766,,
2023-10-30,7.7540669441223145,128.85568237304688,126.47122955322266,11.270307540893555,90.99616241455078,17.634214401245117,73.50322723388672,5.595973014831543,64.76542663574219,54.23924255371094,85.42740631103516,77.61725616455078,80.4395523071289,96.77261352539062,68.17893981933594,66.57193756103516,64.9047622680664,5.836303234100342,61.950355529785156,70.30892181396484,39.47189712524414,8.453545570373535,100.59748077392578,95.55172729492188,79.14453887939453,5.728076457977295,57.816650390625,40.0284309387207,119.94804382324219,8.861519813537598,,76.1031265258789,,7.4607157707214355,63.789764404296875,71.13349914550781,8.3113374710083,,24.75984764099121,,84.52629852294922,61.97804641723633,69.99539184570312,32.352455139160156,96.5,90.90300750732422,64.121826171875,65.35476684570312,6.3832807540893555,6.539580345153809,,67.06779479980469,,68.87847137451172,64.29698944091797,,6.210236549377441,77.22299194335938,82.1038589477539,62.28538513183594,,
2023-10-31,7.775646686553955,128.75086975097656,126.52735137939453,11.313860893249512,91.49598693847656,17.634984970092773,73.2813720703125,5.625978946685791,64.48413848876953,54.66954803466797,85.77379608154297,77.31404113769531,79.9931640625,95.45072174072266,68.10489654541016,67.35260009765625,64.22270202636719,5.848461627960205,62.377254486083984,70.30892181396484,38.81224822998047,8.47972297668457,100.60526275634766,94.96062469482422,79.16655731201172,5.720609188079834,55.42423629760742,40.0284309387207,120.9723129272461,8.854569435119629,,76.98846435546875,,7.4607157707214355,63.74644470214844,71.70513153076172,8.290373802185059,,25.11774444580078,,84.52629852294922,61.891761779785156,70.23999786376953,32.23308181762695,96.5,91.98529815673828,65.0647964477539,65.1902084350586,6.342036724090576,6.566745281219482,,67.13167572021484,,70.11625671386719,64.06047821044922,,6.263327598571777,76.73016357421875,81.9296875,62.24261474609375,,
2023-11-01,7.710123538970947,127.89635467529297,126.26123046875,11.380228042602539,91.53538513183594,17.63498306274414,72.87152099609375,5.59042501449585,64.21809387207031,54.43356704711914,85.14399719238281,76.785400390625,78.716064453125,96.63240814208984,67.4185562133789,67.779052734375,64.06871795654297,5.834783554077148,61.374027252197266,70.4017105102539,38.697181701660156,8.450556755065918,104.00559997558594,95.46974182128906,79.51667785644531,5.411997318267822,55.72126770019531,39.218196868896484,120.89161682128906,8.847616195678711,,74.138671875,,7.4607157707214355,63.46269226074219,70.81431579589844,8.292644500732422,,24.81841468811035,,85.5499496459961,61.1375846862793,70.27496337890625,32.15846633911133,96.5,91.65248107910156,64.41832733154297,64.46332550048828,6.482107162475586,6.532791614532471,,66.43809509277344,,70.1309585571289,62.981422424316406,,6.220221519470215,76.07505798339844,82.47020721435547,62.14173889160156,,
2023-11-03,7.753723621368408,129.43795776367188,127.17242431640625,11.479781150817871,91.77171325683594,17.658327102661133,72.885986328125,5.60555362701416,64.68938446044922,54.41275405883789,85.38015747070312,77.13524627685547,80.39524841308594,97.03935241699219,68.00044250488281,66.75265502929688,64.5674057006836,5.824146270751953,61.53767013549805,70.88876342773438,38.73553466796875,8.488261222839355,102.49409484863281,95.15632629394531,79.67201232910156,5.547484397888184,56.10659408569336,40.883277893066406,120.35936737060547,8.887011528015137,,74.94453430175781,,7.4607157707214355,63.579097747802734,71.25596618652344,8.270729064941406,,24.577646255493164,,85.5499496459961,62.03055191040039,70.54052734375,32.240535736083984,96.5,92.56110382080078,65.21692657470703,64.37027740478516,6.460931777954102,6.580326557159424,,67.08604431152344,,70.54244232177734,62.77654266357422,,6.278874397277832,74.25816345214844,82.52366638183594,62.27143478393555,,
2023-11-06,7.753723621368408,129.94100952148438,127.12401580810547,11.614595413208008,92.14982604980469,17.660661697387695,72.509765625,5.552600383758545,65.01626586914062,54.92634582519531,85.14399719238281,77.11190795898438,79.7645492553711,97.50888061523438,68.27649688720703,66.27559661865234,64.89010620117188,5.844661712646484,62.227840423583984,71.50727844238281,38.888946533203125,8.48222541809082,102.204345703125,95.13282012939453,79.80516815185547,5.51737642288208,56.283203125,40.50417709350586,119.96418762207031,8.859976768493652,,75.20824432373047,,7.4607157707214355,63.535438537597656,71.03887176513672,8.208770751953125,,24.61669158935547,,85.5499496459961,61.60756301879883,70.44966888427734,32.50914764404297,96.5,93.14576721191406,65.2473373413086,64.10531616210938,6.389369964599609,6.621073246002197,,67.25943756103516,,70.028076171875,63.322906494140625,,6.289475440979004,74.47651672363281,82.53131103515625,62.76858139038086,,
2023-11-07,7.819125652313232,131.523193359375,127.23692321777344,11.635334968566895,92.10255432128906,17.560283660888672,72.89323425292969,5.57832145690918,65.52558135986328,55.37746047973633,85.81316375732422,77.35291290283203,79.42557525634766,100.56092834472656,68.72410583496094,66.47077178955078,65.16145324707031,5.850741863250732,63.03182601928711,71.71603393554688,39.00400161743164,8.488261222839355,101.85191345214844,95.57940673828125,79.90870666503906,5.833515167236328,56.18688201904297,40.34806442260742,119.93194580078125,8.859976768493652,,75.244873046875,,7.4607157707214355,63.73188400268555,71.33832550048828,8.22463607788086,,24.56464195251465,,85.5499496459961,61.6746940612793,70.53352355957031,32.240535736083984,96.5,92.74280548095703,64.83663177490234,64.68535614013672,6.528112411499023,6.6618170738220215,,68.41845703125,,70.52041625976562,63.602909088134766,,6.282407760620117,74.6724853515625,82.20285034179688,63.035133361816406,,
2023-11-08,7.82639217376709,131.1336669921875,127.17242431640625,11.611482620239258,92.16555786132812,17.568838119506836,72.7991714477539,5.5669732093811035,65.52558135986328,55.11372756958008,85.8052978515625,77.6716537475586,79.149658203125,100.49050903320312,68.8583755493164,66.85382843017578,65.68215942382812,5.862138271331787,63.28087615966797,71.63096618652344,39.425872802734375,8.45809555053711,102.18083953857422,95.66558074951172,80.16022491455078,5.8109331130981445,54.83018493652344,40.77177429199219,120.24813079833984,8.859976768493652,,75.41337585449219,,7.4607157707214355,63.790103912353516,71.4431381225586,8.183077812194824,,24.58415412902832,,85.5499496459961,61.6276969909668,70.44966888427734,32.27785873413086,96.5,92.35567474365234,65.3994369506836,65.12216186523438,6.550018310546875,6.641445636749268,,68.07166290283203,,70.24116516113281,63.835079193115234,,6.288062572479248,74.98885345458984,82.5389633178711,63.006324768066406,,
2023-11-09,7.848190784454346,131.34471130371094,127.4144287109375,11.701703071594238,92.3231201171875,17.53226661682129,73.08855438232422,5.53747034072876,65.0307846069336,55.37052536010742,85.73444366455078,77.46952056884766,78.85009765625,100.27139282226562,68.63459014892578,66.99838256835938,65.96820831298828,5.855300426483154,62.8681755065918,71.66961669921875,39.641822814941406,8.473933219909668,101.87540435791016,96.36290740966797,80.3303451538086,5.916313648223877,56.43574905395508,41.3409538269043,120.61297607421875,8.85688591003418,,75.51597595214844,,7.4607157707214355,64.00839233398438,71.48805236816406,8.16872501373291,,23.93409538269043,,85.5499496459961,61.31886291503906,70.69428253173828,32.28978729248047,96.5,91.66825103759766,65.08000946044922,65.07921600341797,6.476996421813965,6.6618170738220215,,69.68699645996094,,70.76289367675781,64.12876892089844,,6.309968948364258,75.39476013183594,82.49311828613281,63.035133361816406,,
2023-11-10,7.877259254455566,130.67933654785156,128.28524780273438,11.698593139648438,92.40189361572266,17.50891876220703,73.36349487304688,5.529904365539551,64.60234069824219,54.9471549987793,84.92355346679688,77.2751693725586,78.24305725097656,98.13494873046875,68.64949798583984,67.04899597167969,65.81417083740234,5.929004192352295,63.05317687988281,71.3990249633789,39.79607009887695,8.490520477294922,102.59591674804688,96.25321197509766,80.626220703125,5.765770435333252,58.4989128112793,43.355567932128906,121.95891571044922,8.839893341064453,,75.77967071533203,,7.4607157707214355,64.13937377929688,70.88917541503906,8.192146301269531,,23.848735809326172,,85.5499496459961,61.298728942871094,70.44266510009766,32.199607849121094,96.5,91.85791778564453,64.70735931396484,65.86689758300781,6.498902320861816,6.655026435852051,,70.24368286132812,,71.05681610107422,64.4839096069336,,6.336116313934326,75.52076721191406,82.30977630615234,62.73252868652344,,
2023-11-13,7.8699951171875,129.69757080078125,128.34986877441406,11.721405982971191,93.1502685546875,17.51592445373535,73.320068359375,5.554871082305908,64.38813018798828,54.62649154663086,84.98653411865234,77.44622039794922,78.04595947265625,98.1662368774414,68.67935180664062,67.4031982421875,65.38570404052734,5.9534912109375,62.35590362548828,71.02792358398438,39.788352966308594,8.491273880004883,102.59591674804688,96.37076568603516,80.46349334716797,5.7281365394592285,58.41059494018555,42.951148986816406,121.61029052734375,8.832168579101562,,75.5306167602539,,7.4607157707214355,63.81193542480469,71.03140258789062,8.171744346618652,,23.343130111694336,,85.5499496459961,61.2517204284668,70.18135070800781,32.05683898925781,96.5,92.43470001220703,65.31578063964844,64.89300537109375,6.593830108642578,6.6618170738220215,,70.289306640625,,70.97599029541016,65.22148132324219,,6.34318208694458,75.82869720458984,82.52366638183594,63.049560546875,,
2023-11-14,7.877259254455566,130.63876342773438,128.61595153808594,11.77637004852295,93.54413604736328,17.508146286010742,73.64568328857422,5.5556254386901855,64.4646224975586,54.5074348449707,85.02590942382812,77.65609741210938,77.62816619873047,98.83927917480469,68.74647521972656,66.46898651123047,66.1170425415039,5.948899269104004,62.6215934753418,71.012451171875,40.18168640136719,8.496554374694824,102.03202819824219,96.37076568603516,80.3747329711914,5.79587984085083,58.60325622558594,43.58775329589844,120.50755310058594,8.839119911193848,,75.43535614013672,,7.505249500274658,64.03021240234375,70.61967468261719,8.18988037109375,,23.2446346282959,,85.5499496459961,61.097286224365234,70.57664489746094,32.086891174316406,96.5,92.29244995117188,65.30817413330078,64.6065673828125,6.542715549468994,6.668112754821777,,70.3349380493164,,71.26258087158203,65.2624282836914,,6.336823463439941,76.408203125,82.66116333007812,63.049560546875,,
2023-11-16,7.920860767364502,131.21484375,128.99497985839844,11.770146369934082,94.2029800415039,17.53226661682129,73.84825134277344,5.554871082305908,64.4187240600586,54.08022689819336,85.14399719238281,78.01505279541016,77.53355407714844,100.92874908447266,68.68679809570312,67.5053482055664,66.19091796875,5.922117233276367,62.72210693359375,71.36038208007812,39.904048919677734,8.547075271606445,102.36097717285156,96.8721923828125,80.49308776855469,5.841043949127197,58.96452713012695,44.111995697021484,120.80760955810547,8.848388671875,,75.5306167602539,,7.505249500274658,64.28489685058594,70.89666748046875,8.145299911499023,,23.48758888244629,,85.5499496459961,61.365867614746094,70.97197723388672,32.184574127197266,96.5,92.04752349853516,65.54395294189453,64.82858276367188,6.615738868713379,6.661240100860596,,70.81385040283203,,71.26258087158203,65.49466705322266,,6.3304643630981445,76.34103393554688,82.80631256103516,63.40981674194336,,
2023-11-17,7.935393810272217,131.3284149169922,129.17239379882812,11.770146369934082,93.83975219726562,17.50347328186035,74.39088439941406,5.535956382751465,64.36517333984375,54.12224197387695,85.4037857055664,78.01505279541016,77.74639892578125,103.69123840332031,69.08219146728516,67.86302185058594,65.80677032470703,5.9381866455078125,62.470802307128906,71.90157318115234,39.72665023803711,8.539536476135254,102.39230346679688,96.45693969726562,80.24897766113281,5.825987815856934,58.69960403442383,43.849876403808594,120.78321838378906,8.859976768493652,,75.97016906738281,,7.505249500274658,64.72872924804688,70.67208862304688,8.155878067016602,,23.55324363708496,,85.5499496459961,61.392723083496094,71.01432800292969,32.364925384521484,96.5,91.96060180664062,65.11044311523438,64.58507537841797,6.60843563079834,6.695610046386719,,69.4047622680664,,71.2111587524414,65.89759826660156,,6.295835018157959,76.497802734375,82.99729919433594,63.3953857421875,,
2023-11-20,7.920860767364502,131.29600524902344,130.5190887451172,11.687581062316895,93.80816650390625,17.516700744628906,74.62239837646484,5.522341728210449,64.19686126708984,54.12224197387695,84.79759216308594,77.9445571899414,77.93560791015625,103.45646667480469,68.86583709716797,67.57108306884766,65.34874725341797,5.937422275543213,62.26974105834961,72.59737396240234,39.79607009887695,8.53123950958252,102.4079360961914,96.35508728027344,80.25635528564453,5.8560991287231445,58.466796875,42.99609375,120.27246856689453,8.885737419128418,,76.10202026367188,,7.505249500274658,64.32128143310547,71.03140258789062,8.215571403503418,,23.750240325927734,,85.5499496459961,61.41956329345703,71.24019622802734,32.650482177734375,96.5,91.6761703491211,64.58565521240234,64.85004425048828,6.550018310546875,6.702485084533691,,69.07320404052734,,71.1890869140625,65.1805191040039,,6.29866361618042,76.73295593261719,83.03548431396484,63.208045959472656,,
2023-11-21,7.949926853179932,131.29600524902344,130.72071838378906,11.733558654785156,92.90010070800781,17.43499183654785,74.51387786865234,5.541252136230469,63.75309753417969,53.95417022705078,84.23860931396484,78.03074645996094,77.92772674560547,103.53472900390625,68.7837905883789,67.27911376953125,65.15668487548828,5.94354248046875,61.96097183227539,72.09483337402344,39.873191833496094,8.522192001342773,102.24349212646484,95.75177764892578,80.24897766113281,5.735662460327148,59.084930419921875,43.08596420288086,119.18598937988281,8.867844581604004,,76.21923828125,,7.505249500274658,64.17576599121094,70.08073425292969,8.160409927368164,,23.802762985229492,,85.5499496459961,61.29200744628906,71.32489013671875,32.40249252319336,96.5,91.40755462646484,64.8518295288086,64.6280517578125,6.623040199279785,6.729983806610107,,70.27047729492188,,71.13030242919922,66.45079040527344,,6.240006923675537,76.14784240722656,82.81397247314453,62.91986846923828,,
2023-11-22,7.957193374633789,129.17015075683594,130.89004516601562,11.626983642578125,93.1843490600586,17.40230941772461,74.21723937988281,5.541252136230469,63.309383392333984,53.681026458740234,84.23860931396484,77.96805572509766,77.45471954345703,100.79572296142578,68.72410583496094,66.67332458496094,64.78732299804688,5.931299209594727,61.680931091308594,71.94796752929688,39.33332824707031,8.572711944580078,102.78387451171875,96.11219787597656,79.92352294921875,5.735662460327148,57.23854064941406,43.348087310791016,118.95088195800781,8.859285354614258,,75.01776885986328,,7.505249500274658,64.17576599121094,70.36518096923828,8.152856826782227,,23.704273223876953,,85.5499496459961,61.110713958740234,71.28256225585938,32.394981384277344,96.5,91.32852935791016,64.82903289794922,64.21271514892578,6.571924209594727,6.729983806610107,,69.39554595947266,,71.13765716552734,65.5561294555664,,6.287354946136475,76.408203125,82.50839233398438,62.85503005981445,,
2023-11-23,7.891794204711914,128.7239227294922,130.61585998535156,11.674003601074219,93.2553939819336,17.431100845336914,74.01465606689453,5.548817157745361,63.25582504272461,53.36588668823242,84.25435638427734,77.62337493896484,77.13935852050781,101.14785766601562,68.72410583496094,66.56385040283203,64.38098907470703,5.899925231933594,61.192665100097656,71.90157318115234,39.33332824707031,8.52822494506836,102.53326416015625,96.05734252929688,79.96050262451172,5.79587984085083,58.763824462890625,44.875911712646484,119.46976470947266,8.862395286560059,,74.94453430175781,,7.505249500274658,64.13937377929688,70.36518096923828,8.025160789489746,,23.645177841186523,,85.5499496459961,61.2315673828125,70.3719482421875,32.62793731689453,96.5,90.7833480834961,63.733848571777344,64.28433227539062,6.5062055587768555,6.771230220794678,,69.30345153808594,,70.83636474609375,66.25274658203125,,6.190540313720703,75.86231231689453,82.5389633178711,62.63169860839844,,
2023-11-24,7.8699951171875,130.6306610107422,130.33360290527344,11.597726821899414,93.01065063476562,17.494915008544922,73.6673812866211,5.548817157745361,63.11811065673828,52.67254638671875,83.69540405273438,77.62337493896484,76.78463745117188,100.19310760498047,68.69427490234375,66.56385040283203,63.886051177978516,5.856307029724121,60.86235809326172,71.55365753173828,39.79607009887695,8.498062133789062,103.53570556640625,93.87138366699219,79.731201171875,5.788352966308594,58.1215934753418,44.935813903808594,119.75353240966797,8.868620872497559,,75.31082153320312,,7.505249500274658,63.96474075317383,68.8456039428711,8.172502517700195,,23.664878845214844,,85.5499496459961,61.520286560058594,70.27311706542969,32.522735595703125,96.5,90.7438735961914,62.5397834777832,64.4347152709961,6.49160099029541,6.853722095489502,,69.22056579589844,,70.46162414550781,65.28978729248047,,6.190540313720703,76.13666534423828,82.80631256103516,61.961631774902344,,
2023-11-27,7.739189624786377,128.6184844970703,129.1320343017578,11.550707817077637,92.97905731201172,17.48713493347168,73.51544189453125,5.523097038269043,63.27878189086914,52.245330810546875,83.71113586425781,77.49805450439453,76.91077423095703,100.95220947265625,68.56744384765625,64.08230590820312,63.23596954345703,5.8455939292907715,59.84271240234375,71.5614013671875,40.10456085205078,8.500324249267578,103.80984497070312,93.31509399414062,79.97529602050781,5.660391330718994,58.466796875,42.91371154785156,119.87517547607422,8.85306167602539,,74.79798126220703,,7.505249500274658,63.84832000732422,69.58668518066406,8.196681022644043,,23.540119171142578,,85.5499496459961,61.43300247192383,70.68961334228516,32.31233596801758,96.5,90.02487182617188,62.63862991333008,64.19122314453125,6.425881862640381,6.881220817565918,,69.99418640136719,,69.71944427490234,67.01081085205078,,6.063336372375488,75.99108123779297,82.64588165283203,61.70943832397461,,
2023-11-28,7.790056228637695,128.92678833007812,129.1078338623047,11.552800178527832,93.0738296508789,17.493358612060547,73.5805435180664,5.53747034072876,63.69956588745117,52.14728927612305,84.45905303955078,77.67820739746094,77.2103271484375,100.66268157958984,68.57488250732422,64.53482055664062,63.095619201660156,5.807333469390869,60.18020248413086,71.90157318115234,40.09684753417969,8.490520477294922,105.55631256103516,93.62849426269531,79.97529602050781,5.720608234405518,58.04130935668945,44.02212142944336,120.0048599243164,8.811049461364746,,75.01776885986328,,7.505249500274658,64.03021240234375,69.8411865234375,8.191391944885254,,23.310291290283203,,85.5499496459961,61.2315673828125,69.98367309570312,32.199607849121094,96.5,89.6061019897461,63.163421630859375,64.24851989746094,6.447787761688232,6.688736438751221,,69.367919921875,,69.98399353027344,66.38250732421875,,6.128350734710693,77.47763061523438,83.11186218261719,61.968833923339844,,
2023-11-29,7.856791019439697,128.9349365234375,129.33367919921875,11.493244171142578,93.0816879272461,17.379749298095703,73.26220703125,5.534444808959961,63.80669021606445,51.06875228881836,84.87631225585938,77.80354309082031,76.71367645263672,99.80184173583984,68.70916748046875,64.00931549072266,63.63489532470703,5.786670207977295,60.24482345581055,72.21082305908203,39.788352966308594,8.517664909362793,105.01591491699219,91.16046905517578,80.12324523925781,5.652864933013916,58.763824462890625,44.6512336730957,120.72649383544922,8.814160346984863,,75.42070770263672,,7.505249500274658,63.84103775024414,70.36518096923828,8.202726364135742,,23.402223587036133,,85.5499496459961,61.32557678222656,70.09664154052734,32.29729080200195,96.5,89.48757934570312,63.574119567871094,64.09813690185547,6.4331841468811035,6.688736438751221,,69.05479431152344,,70.26322174072266,66.73761749267578,,6.215274333953857,76.02186584472656,83.18061065673828,61.889564514160156,,
2023-11-30,7.842146396636963,129.41358947753906,130.1562042236328,11.601906776428223,93.92660522460938,17.369626998901367,73.6529312133789,5.5382256507873535,64.43403625488281,50.7255973815918,84.65587615966797,78.93160247802734,76.62694549560547,101.88349151611328,68.6196517944336,64.29396057128906,64.7725601196289,5.834115028381348,62.39179992675781,72.28812408447266,39.82692337036133,8.566678047180176,105.33702087402344,92.84500122070312,80.41910552978516,5.773298263549805,59.028751373291016,44.80850601196289,120.79136657714844,8.891961097717285,,76.10202026367188,,7.505249500274658,64.53229522705078,70.49243927001953,8.114322662353516,,23.638607025146484,,85.5499496459961,61.332275390625,70.45663452148438,32.53776550292969,96.5,89.70880889892578,63.733848571777344,64.22703552246094,6.462392330169678,6.633739948272705,,69.21135711669922,,70.32200622558594,66.97665405273438,,6.229406833648682,77.50283813476562,83.15005493164062,61.889564514160156,,
2023-12-01,7.738447189331055,129.00279235839844,129.91262817382812,11.867297172546387,94.40442657470703,17.549440383911133,73.53168487548828,5.591640472412109,64.27335357666016,51.608036041259766,84.23556518554688,78.10124206542969,76.03170013427734,101.86774444580078,68.53697204589844,67.33020782470703,64.27021789550781,5.736165523529053,61.14956283569336,71.5633773803711,39.73436737060547,8.565925598144531,102.45394134521484,95.80665588378906,80.47381591796875,5.68076753616333,57.8735466003418,44.40408706665039,119.7616958618164,8.939421653747559,,75.34011840820312,,7.505249500274658,63.89421463012695,70.33389282226562,8.237113952636719,,23.67801284790039,,86.57154083251953,61.703670501708984,70.72489929199219,32.53776550292969,96.5,89.16621398925781,63.31202697753906,64.42234802246094,6.476998329162598,6.571873188018799,,68.96268463134766,,70.60382843017578,66.16248321533203,,6.2229766845703125,78.10238647460938,83.45641326904297,60.856876373291016,,
2023-12-04,7.760639190673828,129.1497344970703,130.26171875,11.775348663330078,94.43624114990234,17.515676498413086,73.80205535888672,5.616058349609375,64.38813018798828,53.029720306396484,83.43458557128906,78.89242553710938,76.58726501464844,101.56068420410156,68.46178436279297,67.58567810058594,63.16210174560547,5.766010284423828,61.321903228759766,71.46207427978516,39.873191833496094,8.526392936706543,103.17899322509766,95.98832702636719,80.52601623535156,5.673183441162109,57.84120559692383,44.21685028076172,120.38594055175781,8.870176315307617,,75.34011840820312,,7.505249500274658,64.0188980102539,71.70795440673828,8.601683616638184,,24.065418243408203,,86.57154083251953,61.561012268066406,70.72489929199219,32.552791595458984,96.5,89.47682189941406,63.58045196533203,64.30663299560547,6.359234809875488,6.709361553192139,,68.18907165527344,,70.5889892578125,66.71444702148438,,6.213685989379883,78.4345474243164,83.45641326904297,61.104129791259766,,
2023-12-05,7.782833099365234,130.62754821777344,130.2373809814453,11.752364158630371,94.26104736328125,17.536096572875977,73.86050415039062,5.594691753387451,64.79361724853516,53.2258186340332,84.57656860351562,78.4537353515625,76.0634536743164,101.57644653320312,68.3565444946289,67.58567810058594,63.59054946899414,5.763714790344238,61.695281982421875,71.9140625,40.3359375,8.57580852508545,104.81830596923828,98.24724578857422,80.25006866455078,5.756612777709961,57.606937408447266,44.329200744628906,121.78050994873047,8.914523124694824,,75.48804473876953,,7.505249500274658,63.916236877441406,71.72303009033203,8.48117733001709,,24.255840301513672,,86.57154083251953,61.58818817138672,70.42842102050781,32.5753288269043,96.5,89.53257751464844,63.86421203613281,64.66104888916016,6.462275981903076,6.729983806610107,,67.9680404663086,,70.64832305908203,66.90766906738281,,6.208682537078857,80.50060272216797,83.45641326904297,60.99504852294922,,
2023-12-06,7.760639190673828,130.47239685058594,130.31858825683594,11.738781929016113,94.1257095336914,17.470924377441406,74.09432983398438,5.603848457336426,65.16851806640625,52.78459930419922,84.28314971923828,78.68876647949219,76.1904525756836,101.78114318847656,68.52191925048828,67.3593978881836,64.27021789550781,5.814985752105713,61.910701751708984,72.3582534790039,40.56730651855469,8.55300235748291,104.34539794921875,96.77813720703125,79.95172882080078,5.688352108001709,58.414764404296875,44.51642990112305,121.93457794189453,8.945643424987793,,75.45846557617188,,7.505249500274658,63.908905029296875,72.54598999023438,8.532278060913086,,24.41343116760254,,86.57154083251953,61.533843994140625,70.47781372070312,32.5753288269043,96.5,89.73167419433594,64.163330078125,64.65383911132812,6.469635963439941,6.757479667663574,,68.77849578857422,,70.60382843017578,66.3763656616211,,6.2315521240234375,79.70120239257812,83.5334701538086,61.09688949584961,,
2023-12-07,7.731043338775635,130.55404663085938,130.3998260498047,11.631158828735352,94.40442657470703,17.507829666137695,74.30626678466797,5.593166351318359,64.87013244628906,52.56748962402344,83.91043090820312,78.5947494506836,72.63487243652344,101.53707122802734,68.19114685058594,67.00907135009766,63.494529724121094,5.8387064933776855,61.975341796875,71.7348403930664,39.904048919677734,8.524872779846191,104.10899353027344,92.7815933227539,79.90702819824219,5.65801477432251,58.568275451660156,44.935813903808594,121.86971282958984,8.966652870178223,,75.51763916015625,,7.505249500274658,64.17289733886719,72.38742065429688,8.504058837890625,,23.999752044677734,,86.57154083251953,61.547420501708984,70.25900268554688,32.6129150390625,96.5,89.19011688232422,64.25537872314453,64.45127868652344,6.425475597381592,6.695610046386719,,67.97724151611328,,70.3813247680664,67.48036193847656,,6.261565208435059,79.63082885742188,83.22522735595703,60.878684997558594,,
2023-12-08,7.731043338775635,130.54586791992188,130.8463897705078,11.66459846496582,94.72293853759766,17.471698760986328,74.02125549316406,5.600796699523926,65.06251525878906,52.78459930419922,84.27520751953125,78.72793579101562,72.51585388183594,103.3714599609375,68.52191925048828,67.87759399414062,64.1741714477539,5.8310546875,62.793922424316406,72.0777359008789,40.63295364379883,8.58416748046875,103.70703887939453,93.5477294921875,80.16802978515625,5.5897536277771,58.81061935424805,44.98075485229492,123.79341125488281,8.973653793334961,,75.67298889160156,,7.505249500274658,64.17289733886719,72.10055541992188,8.525412559509277,,23.913593292236328,,86.57154083251953,61.66971206665039,70.4848861694336,32.163272857666016,96.5,91.18114471435547,64.48545837402344,64.88530731201172,6.5064377784729,6.71623420715332,,68.07855224609375,,70.72248077392578,66.68685150146484,,6.2522735595703125,80.13749694824219,83.37934112548828,61.11140441894531,,
2023-12-11,7.738447189331055,129.45181274414062,130.8463897705078,11.652059555053711,94.5477294921875,17.31387710571289,73.8750991821289,5.593929767608643,64.70057678222656,52.73557662963867,84.38623809814453,78.35974884033203,74.0475845336914,102.20626068115234,68.3866195678711,68.10386657714844,63.649658203125,5.800444602966309,61.96817398071289,72.00757598876953,39.55509567260742,8.603178024291992,103.86467742919922,94.28229522705078,80.11582946777344,5.627676963806152,58.770233154296875,44.21685028076172,121.10350799560547,9.0055513381958,,75.45106506347656,,7.505249500274658,64.07757568359375,72.55352020263672,8.511686325073242,,23.628585815429688,,86.57154083251953,61.28246307373047,70.06838989257812,32.22382736206055,96.5,90.63162231445312,63.31202697753906,65.0227279663086,6.410754203796387,6.750606536865234,,67.35098266601562,,70.45548248291016,67.03875732421875,,6.259422302246094,79.93202209472656,83.45641326904297,61.04596710205078,,
2023-12-12,7.753239631652832,130.39076232910156,130.2373809814453,11.614446640014648,94.44422149658203,17.228286743164062,73.82396697998047,5.596219539642334,63.83811950683594,52.650672912597656,84.29902648925781,78.492919921875,74.29360961914062,100.7734146118164,68.10093688964844,67.23532104492188,63.64220428466797,5.754195690155029,61.46552658081055,71.50102996826172,38.942501068115234,8.604693412780762,103.77009582519531,94.47185516357422,79.98902893066406,5.620092391967773,58.075496673583984,44.07453918457031,121.85340118408203,9.018778800964355,,75.9910659790039,,7.505249500274658,63.32951736450195,72.5308837890625,8.412534713745117,,23.403240203857422,,86.57154083251953,61.4183235168457,70.07539367675781,31.943815231323242,96.5,89.61222839355469,63.38102722167969,64.13301086425781,6.418116092681885,6.729983806610107,,67.05626678466797,,69.71385955810547,66.92837524414062,,6.2744293212890625,78.78076171875,83.64907836914062,60.76960754394531,,
2023-12-13,7.745843410491943,130.50506591796875,130.70835876464844,11.7022123336792,94.48402404785156,17.27461814880371,74.16740417480469,5.598507404327393,63.53009796142578,52.36763381958008,84.25936126708984,79.11177062988281,74.44441223144531,100.53720092773438,68.70986938476562,67.41960144042969,64.16325378417969,5.754195690155029,61.7768440246582,71.29061889648438,38.903724670410156,8.587971687316895,104.26659393310547,94.23489379882812,80.25006866455078,5.733859539031982,58.52786636352539,43.812416076660156,122.26910400390625,9.021888732910156,,76.33872985839844,,7.550046920776367,63.146156311035156,73.23301696777344,8.542193412780762,,23.164634704589844,,86.57154083251953,61.47946548461914,70.66724395751953,31.974096298217773,96.5,89.83522033691406,63.396392822265625,64.595947265625,6.410754203796387,6.67383337020874,,66.89970397949219,,70.19591522216797,66.26598358154297,,6.2794318199157715,79.04254913330078,83.9958267211914,60.69686508178711,,
2023-12-14,7.768038272857666,130.6356964111328,130.4810028076172,11.820274353027344,94.60347747802734,17.317020416259766,74.15279388427734,5.600033283233643,63.56859588623047,52.47377395629883,84.1959228515625,79.08042907714844,73.91268157958984,100.6710433959961,68.8075942993164,68.17141723632812,63.73152542114258,5.788883686065674,61.863712310791016,71.3841323852539,40.322776794433594,8.597094535827637,104.90496826171875,93.52404022216797,80.46637725830078,5.726275444030762,58.802555084228516,43.984683990478516,125.22802734375,9.063905715942383,,76.93049621582031,,7.550046920776367,63.40283966064453,73.19525909423828,8.57117748260498,,23.118236541748047,,86.57154083251953,61.75802230834961,70.595947265625,32.011932373046875,96.5,88.72025299072266,63.79520034790039,66.18733215332031,6.447558403015137,6.7016401290893555,,67.35098266601562,,70.67058563232422,66.31427001953125,,6.281576156616211,79.65898132324219,83.5103530883789,60.79869842529297,,
2023-12-15,7.819824695587158,131.45216369628906,125.8447265625,11.7283353805542,96.3474349975586,17.587133407592773,74.47431182861328,5.600796699523926,63.791934967041016,53.153053283691406,81.4361801147461,79.05693054199219,75.15869140625,100.78128051757812,69.22105407714844,69.15906524658203,63.9622917175293,5.799674987792969,62.8410758972168,71.60236358642578,41.47819137573242,8.603934288024902,102.53277587890625,94.10850524902344,80.54840087890625,5.688352108001709,58.69752883911133,44.08952713012695,125.82308197021484,9.133926391601562,,76.81214904785156,,7.550046920776367,63.674190521240234,72.84796142578125,8.617698669433594,,23.595449447631836,,86.57154083251953,61.955081939697266,69.59759521484375,32.45843505859375,96.5,89.19808959960938,63.81053924560547,65.883544921875,6.528519153594971,6.736399173736572,,67.47991943359375,,70.2923355102539,66.54887390136719,,6.299440383911133,79.65898132324219,84.08059692382812,61.00233459472656,,
2023-12-18,7.738447189331055,130.7255096435547,128.8895721435547,11.808357238769531,96.22004699707031,17.427734375,74.41585540771484,5.604611873626709,63.91514205932617,53.16719436645508,83.66458892822266,78.92134857177734,75.26187896728516,100.60018920898438,69.55182647705078,68.38514709472656,64.71410369873047,5.869048595428467,62.50803756713867,71.69585418701172,41.74184036254883,8.598612785339355,105.67733001708984,94.77986145019531,80.7945327758789,5.749027252197266,58.6490478515625,44.1868896484375,127.45329284667969,9.12625503540039,,76.93049621582031,,7.550046920776367,63.3221435546875,72.96121215820312,8.521599769592285,,23.535797119140625,,86.57154083251953,61.96185302734375,69.98269653320312,32.73086929321289,96.5,91.5475082397461,64.28604125976562,64.76957702636719,6.565319538116455,6.729445934295654,,69.03636932373047,,70.21075439453125,67.08705139160156,,6.31230354309082,79.16077423095703,85.41374206542969,61.024131774902344,,
2023-12-19,7.731043338775635,131.1256103515625,129.80709838867188,11.776763916015625,96.09261322021484,17.4748477935791,74.74465942382812,5.603087425231934,64.43107604980469,53.94552230834961,84.04524993896484,79.07130432128906,76.5237808227539,101.30088806152344,69.92021179199219,67.9576644897461,64.59500122070312,5.881381511688232,62.95689010620117,72.67000579833984,41.86589431762695,8.601655006408691,105.33052062988281,94.06111907958984,81.36133575439453,5.764196872711182,59.03680419921875,44.329200744628906,127.56745147705078,9.112154006958008,,76.85653686523438,,7.550046920776367,64.0482406616211,72.66678619384766,8.535330772399902,,23.82742691040039,,86.57154083251953,61.96185302734375,69.59759521484375,32.69303512573242,96.5,90.53605651855469,64.46244812011719,65.22528076171875,6.484358787536621,6.680784225463867,,68.06013488769531,,70.5889892578125,66.58336639404297,,6.333741664886475,79.89822387695312,86.56195068359375,61.453216552734375,,
2023-12-20,7.731043338775635,131.4929962158203,130.31858825683594,11.918954849243164,96.19613647460938,17.58477783203125,74.53276824951172,5.6069016456604,64.56198120117188,53.56342697143555,84.10074615478516,79.75799560546875,78.1666259765625,101.127685546875,69.84500122070312,68.05348205566406,64.49822235107422,5.8621110916137695,62.804874420166016,73.9792251586914,42.331172943115234,8.491425514221191,105.84282684326172,94.65349578857422,81.4433822631836,5.779365539550781,58.97218322753906,44.54637145996094,129.4585418701172,9.104318618774414,,77.37433624267578,,7.550046920776367,64.03358459472656,73.27075958251953,8.570414543151855,,23.95336151123047,,86.57154083251953,62.056983947753906,69.56907653808594,32.70060348510742,96.5,90.67145538330078,64.3627700805664,64.97209930419922,6.469635963439941,6.708590030670166,,67.76542663574219,,70.73731994628906,67.10086059570312,,6.3387451171875,79.38030242919922,86.95496368408203,62.10047149658203,,
2023-12-21,7.745843410491943,133.8199462890625,129.91262817382812,12.133822441101074,96.55448150634766,17.665651321411133,74.6642837524414,5.829711437225342,65.84027862548828,54.228546142578125,84.35453033447266,79.75010681152344,78.23014068603516,102.97784423828125,69.86004638671875,68.09033966064453,64.6619873046875,5.889089107513428,62.985877990722656,73.91688537597656,42.742156982421875,8.55300235748291,107.18258666992188,94.78777313232422,81.58509063720703,5.840041637420654,61.55728530883789,44.90586853027344,129.4178009033203,9.1387939453125,,77.81816864013672,,7.550046920776367,64.35626220703125,73.31605529785156,8.570414543151855,,23.66172981262207,,86.57154083251953,61.99583053588867,69.94700622558594,32.920074462890625,96.5,91.66694641113281,64.7385482788086,65.42781829833984,6.513799667358398,6.7016401290893555,,67.47071075439453,,71.18230438232422,67.19054412841797,,6.356610298156738,80.08401489257812,86.6929702758789,62.54410934448242,,
2023-12-22,7.745843410491943,132.75035095214844,130.72457885742188,12.412944793701172,96.90485382080078,17.863523483276367,74.67890167236328,5.837343215942383,66.98767852783203,55.127174377441406,85.09204864501953,80.9814224243164,78.84917449951172,103.92254638671875,70.65689849853516,68.54729461669922,65.6891860961914,5.964630126953125,63.2392578125,74.04932403564453,41.129234313964844,8.61685848236084,109.94097137451172,95.601318359375,82.22650146484375,5.877963542938232,61.02408981323242,44.94330978393555,136.85987854003906,9.22105884552002,,78.03267669677734,,7.550046920776367,64.35626220703125,73.15751647949219,8.662698745727539,,24.11243438720703,,86.57154083251953,62.12492370605469,70.41053009033203,33.237918853759766,96.5,93.49073791503906,64.8305892944336,65.89801025390625,6.6094818115234375,6.729445934295654,,70.15074920654297,,70.82632446289062,67.50104522705078,,6.37161922454834,80.49214935302734,87.26319885253906,63.87499237060547,,
2023-12-26,7.745843410491943,134.47314453125,131.34979248046875,12.708916664123535,97.66138458251953,17.809349060058594,74.95655822753906,5.955616474151611,67.14939880371094,56.59186553955078,85.4885482788086,81.28131103515625,79.2301254272461,105.36331939697266,72.14534759521484,69.49812316894531,66.2549057006836,6.127274513244629,63.470943450927734,74.81307220458984,42.51726531982422,8.62826156616211,109.47599792480469,97.38634490966797,82.22650146484375,5.794535160064697,61.387638092041016,44.7635612487793,129.19772338867188,9.210090637207031,,78.26199340820312,,7.550046920776367,64.50296783447266,73.74641418457031,8.66041088104248,,24.052780151367188,,86.57154083251953,62.831504821777344,71.03804779052734,34.23686981201172,96.5,94.4305191040039,67.63763427734375,66.53456115722656,6.690445423126221,6.729445934295654,,70.73096466064453,,71.15264892578125,67.62522888183594,,6.395914554595947,80.36831665039062,87.84884643554688,63.62044906616211,,
2023-12-27,7.760639190673828,135.1262969970703,131.87753295898438,12.40767765045166,97.94009399414062,17.93183708190918,75.62151336669922,5.970113754272461,67.5113296508789,57.50463104248047,86.33709716796875,81.79438018798828,78.80948638916016,106.11910247802734,71.98748779296875,70.57425689697266,66.80571746826172,6.143460750579834,63.81120681762695,77.0418701171875,42.51726531982422,8.619898796081543,110.20105743408203,96.770263671875,82.71127319335938,5.741444110870361,59.6507682800293,44.201866149902344,129.59710693359375,9.11372184753418,,78.77980041503906,,7.550046920776367,64.89896392822266,73.73885345458984,8.668037414550781,,24.30463981628418,,86.57154083251953,63.51089859008789,70.80272674560547,34.986087799072266,96.5,92.24835205078125,66.46420288085938,67.88001251220703,6.675724029541016,6.812870502471924,,69.74552154541016,,71.72370910644531,68.28070831298828,,6.4423675537109375,79.3465347290039,88.05693054199219,64.13680267333984,,
2023-12-28,7.819824695587158,135.1262969970703,131.52842712402344,12.336053848266602,98.60899353027344,18.11872100830078,76.24993133544922,6.104410171508789,67.68843078613281,58.021156311035156,86.36088562011719,81.98381805419922,78.78567504882812,104.81221771240234,71.84467315673828,69.70450592041016,66.35166931152344,6.2860636711120605,63.825687408447266,75.39755249023438,42.49399948120117,8.64118480682373,110.3350601196289,97.45738220214844,83.34522247314453,5.794535160064697,60.63634490966797,44.41157531738281,131.23553466796875,9.217141151428223,,77.75898742675781,,7.550046920776367,65.27302551269531,73.88984680175781,8.661173820495605,,26.15382957458496,,86.57154083251953,64.10879516601562,71.13075256347656,35.97747802734375,96.5,93.87301635742188,67.45356750488281,68.21998596191406,6.719885349273682,6.840677738189697,,70.36257934570312,,73.42204284667969,68.02542877197266,,6.490246295928955,79.65616607666016,88.14167785644531,63.205902099609375,,
2024-01-02,7.857076168060303,135.65757751464844,132.4276885986328,12.365549087524414,98.46450805664062,17.853370666503906,76.28985595703125,6.024424076080322,67.81165313720703,58.08484649658203,86.92801666259766,81.8496322631836,78.60195922851562,104.15283966064453,71.64008331298828,70.17623138427734,66.999267578125,6.258314609527588,64.78855895996094,75.5153579711914,42.6413459777832,8.629021644592285,111.67912292480469,96.99536895751953,83.6689224243164,5.785364151000977,60.11613082885742,44.22434616088867,130.08616638183594,9.245348930358887,,78.26683044433594,,7.550046920776367,65.20645141601562,75.76683807373047,8.695033073425293,,25.769412994384766,,87.5249252319336,64.60131072998047,71.30904388427734,35.90937805175781,96.5,94.26522064208984,67.95609283447266,67.2340316772461,6.742021083831787,6.833725929260254,,69.43238830566406,,71.81306457519531,67.5101547241211,,6.496750831604004,79.78350830078125,88.4586410522461,63.059181213378906,,
2024-01-03,7.909408092498779,135.91220092773438,132.38677978515625,12.323413848876953,99.20307922363281,18.038715362548828,75.99471282958984,6.014425277709961,67.84245300292969,58.26173782348633,87.06378173828125,82.3390121459961,77.49165344238281,104.62155151367188,72.93573760986328,70.38260650634766,67.44586944580078,6.251376628875732,64.79581451416016,75.35043334960938,42.63359451293945,8.695686340332031,111.35868072509766,97.70402526855469,83.97183990478516,5.79300594329834,59.8885383605957,44.48645782470703,131.76536560058594,9.335453987121582,,78.96137237548828,,7.550046920776367,65.33219146728516,75.91944122314453,8.695033073425293,,25.88208770751953,,87.5249252319336,64.91744232177734,71.30904388427734,36.325599670410156,96.5,95.62151336669922,67.63139343261719,67.19021606445312,6.6975178718566895,6.8545823097229,,69.99418640136719,,71.52870178222656,67.87224578857422,,6.6304426193237305,79.51750183105469,89.55766296386719,63.38935089111328,,
2024-01-04,7.909408092498779,135.37008666992188,132.41131591796875,12.102226257324219,98.35208892822266,18.246246337890625,76.28985595703125,6.0751848220825195,67.46514129638672,58.24757766723633,87.25546264648438,81.92855834960938,77.22003173828125,104.62155151367188,72.33716583251953,70.61109161376953,67.4086685180664,6.172752380371094,64.87542724609375,75.24829864501953,43.060081481933594,8.658905029296875,111.28656768798828,98.51616668701172,84.51703643798828,5.693655014038086,61.73363494873047,44.935813903808594,130.4285125732422,9.376978874206543,,78.16229248046875,,7.550046920776367,64.79226684570312,77.22419738769531,8.705803871154785,,25.89534568786621,,87.5249252319336,65.07550811767578,71.84386444091797,35.87152099609375,96.5,95.05172729492188,67.24483489990234,68.13233947753906,6.779106140136719,6.8545823097229,,71.05330657958984,,71.19192504882812,67.54497528076172,,6.57551908493042,81.3144302368164,90.72681427001953,64.89336395263672,,
2024-01-05,7.916886806488037,135.07440185546875,132.61569213867188,12.10117244720459,96.91507720947266,18.136934280395508,76.14228820800781,6.037497520446777,67.75003051757812,58.615516662597656,87.79862976074219,81.99960327148438,76.72477722167969,104.07335662841797,72.3144302368164,69.07061767578125,67.72870635986328,6.255229949951172,65.08540344238281,75.50658416748047,43.96733856201172,8.704883575439453,109.8525161743164,99.52738189697266,85.01681518554688,5.770079612731934,61.74177551269531,45.310279846191406,131.23553466796875,9.366008758544922,,78.11000061035156,,7.550046920776367,64.60735321044922,78.89519500732422,8.687335968017578,,25.848947525024414,,87.5249252319336,65.76274871826172,71.76541137695312,35.99260330200195,96.5,95.79804992675781,68.04888916015625,68.13233947753906,6.816190242767334,6.8545823097229,,71.36643981933594,,71.24432373046875,67.89311981201172,,6.592140197753906,81.00880432128906,91.22566223144531,64.35779571533203,,
2024-01-08,7.946784973144531,134.58152770996094,132.52578735351562,12.124342918395996,96.56185150146484,18.098920822143555,76.2308349609375,6.032883644104004,67.75003051757812,58.64381790161133,87.85454559326172,82.09429931640625,77.06826782226562,106.09925842285156,72.3598861694336,69.756103515625,67.73616027832031,6.274501323699951,65.15778350830078,75.23878479003906,43.94408416748047,8.720206260681152,110.42134094238281,99.16907501220703,84.81995391845703,5.869431018829346,62.213218688964844,45.482540130615234,131.23553466796875,9.366008758544922,,78.11000061035156,,7.550046920776367,64.7552719116211,79.5055923461914,8.695033073425293,,25.616971969604492,,87.5249252319336,65.9414291381836,71.5942611694336,35.87152099609375,96.5,95.26036834716797,68.4122085571289,67.8402099609375,6.831021785736084,6.889340877532959,,70.72175598144531,,71.35655212402344,67.64940643310547,,6.641284465789795,81.38517761230469,92.57408142089844,64.1303482055664,,
2024-01-09,7.946784973144531,134.49940490722656,132.4766845703125,12.197982788085938,97.0274429321289,18.059310913085938,76.1791763305664,6.032883644104004,66.37934112548828,58.60136413574219,87.78266906738281,81.69176483154297,76.70881652832031,106.13896179199219,72.3598861694336,69.6823959350586,67.41609191894531,6.239041805267334,64.59309387207031,74.84488677978516,45.19873046875,8.727104187011719,111.35066986083984,98.9699935913086,84.60033416748047,5.8541460037231445,62.43266677856445,45.52778244018555,131.1781005859375,9.358174324035645,,78.6402359008789,,7.550046920776367,64.3484878540039,78.5899658203125,8.638859748840332,,25.342741012573242,,87.5249252319336,66.64930725097656,71.52296447753906,35.07621765136719,96.5,95.32457733154297,68.37357330322266,67.884033203125,6.823606491088867,6.826775074005127,,70.45467376708984,,71.43140411376953,67.82349395751953,,6.634056091308594,80.089111328125,92.56629180908203,64.37244415283203,,
2024-01-10,7.9393110275268555,136.1915283203125,132.55845642089844,12.249776840209961,96.81070709228516,18.10683822631836,76.41526794433594,6.022116184234619,66.10211181640625,57.41264724731445,87.78266906738281,81.2892074584961,74.6558837890625,106.73477935791016,72.5341567993164,70.065673828125,67.73616027832031,6.301481246948242,64.6944580078125,74.75820922851562,45.08184051513672,8.716376304626465,111.35868072509766,99.00981140136719,84.72151184082031,5.823575973510742,62.83095169067383,45.271419525146484,129.78439331054688,9.38637924194336,,78.94644165039062,,7.550046920776367,64.20794677734375,78.20846557617188,8.6488618850708,,25.643728256225586,,87.5249252319336,66.64930725097656,71.30189514160156,34.885799407958984,96.5,95.14800262451172,68.49726104736328,68.17617797851562,6.80135440826416,6.8754377365112305,,70.67570495605469,,71.34906005859375,67.343017578125,,6.641284465789795,81.38517761230469,92.01288604736328,64.04964447021484,,
2024-01-11,7.931834697723389,135.12364196777344,132.39495849609375,12.187414169311523,96.64212036132812,18.059310913085938,76.14228820800781,5.9990434646606445,66.10981750488281,56.33490753173828,87.77466583251953,81.35237121582031,74.48815155029297,106.92544555664062,72.6705322265625,70.31626892089844,67.65364837646484,6.254918098449707,64.43382263183594,74.83700561523438,44.45062255859375,8.73476505279541,111.35066986083984,99.12924194335938,84.10054779052734,5.861788272857666,62.52207565307617,45.58055877685547,130.2107391357422,9.384027481079102,,78.95390319824219,,7.550046920776367,64.2745132446289,77.82696533203125,8.675795555114746,,25.509958267211914,,87.5249252319336,66.22321319580078,71.36658477783203,34.74868392944336,96.5,95.01960754394531,69.16986083984375,68.48287963867188,6.786522388458252,6.8754377365112305,,70.63886260986328,,70.58573913574219,67.6146011352539,,6.63550329208374,80.47681427001953,92.16878509521484,64.19635772705078,,
2024-01-12,7.946784973144531,135.32899475097656,132.77101135253906,12.208552360534668,96.44943237304688,18.071985244750977,76.10539245605469,6.019808769226074,66.57954406738281,56.86307907104492,87.65486145019531,81.297119140625,74.92747497558594,107.22735595703125,72.96604919433594,69.9739761352539,68.11864471435547,6.292167663574219,64.95227813720703,74.96305084228516,44.9571533203125,8.729408264160156,111.51889038085938,99.20886993408203,84.22928619384766,5.922929286956787,62.13193130493164,45.62580871582031,131.0797576904297,9.38637924194336,,80.0143814086914,,7.598086357116699,64.78483581542969,77.44546508789062,8.595769882202148,,25.590211868286133,,87.5249252319336,66.53247833251953,71.66911315917969,34.710609436035156,96.5,95.09986877441406,69.27037048339844,68.62167358398438,6.80135440826416,6.839746952056885,,71.05330657958984,,70.80277252197266,68.22737121582031,,6.642728805541992,81.22669982910156,91.5062484741211,65.25285339355469,,
2024-01-15,7.976687908172607,136.88973999023438,133.14707946777344,12.186355590820312,96.88298034667969,18.063270568847656,76.31200408935547,5.995197296142578,66.58722686767578,56.534767150878906,88.8929214477539,81.69176483154297,75.35083770751953,107.23529052734375,73.1024169921875,69.9739761352539,67.81116485595703,6.2913923263549805,64.99607849121094,74.83700561523438,44.41944122314453,8.750858306884766,112.15983581542969,99.35218048095703,84.24442291259766,5.922929286956787,62.54646301269531,45.64088821411133,130.6533966064453,9.382461547851562,,80.066650390625,,7.598086357116699,64.60735321044922,77.15552520751953,8.655017852783203,,25.683860778808594,,87.5249252319336,67.14413452148438,72.16612243652344,34.77154541015625,96.5,95.42086791992188,69.42498016357422,68.6874008178711,6.80135440826416,6.924103736877441,,70.73096466064453,,72.08245849609375,67.85830688476562,,6.6485090255737305,81.24935150146484,92.12980651855469,65.32622528076172,,
2024-01-16,7.999117374420166,136.10934448242188,133.69480895996094,12.17578411102295,97.35662841796875,18.070396423339844,76.32675170898438,5.9990434646606445,66.61805725097656,56.706058502197266,88.6532974243164,82.43802642822266,75.59046936035156,106.45673370361328,73.25395965576172,70.18978118896484,67.65364837646484,6.227756023406982,65.076416015625,74.91576385498047,44.01421356201172,8.750858306884766,111.87940216064453,100.03694915771484,84.23685455322266,5.976426124572754,62.912227630615234,45.73136520385742,131.21087646484375,9.369142532348633,,79.98452758789062,,7.598086357116699,64.8292236328125,77.29288482666016,8.664250373840332,,25.824312210083008,,87.5249252319336,67.69391632080078,71.88519287109375,34.68014144897461,96.5,95.34062194824219,69.41725158691406,68.32952880859375,6.80135440826416,6.874897003173828,,69.18373107910156,,71.66339874267578,67.55191040039062,,6.674525260925293,80.63810729980469,91.63096618652344,64.30644226074219,,
2024-01-17,7.976687908172607,136.12583923339844,133.70298767089844,12.225464820861816,97.33253479003906,18.151987075805664,76.14228820800781,6.0028886795043945,66.47174835205078,56.56330490112305,87.86254119873047,82.09598541259766,75.68633270263672,106.5997314453125,73.49642944335938,69.9367904663086,67.88615417480469,6.24017333984375,64.36080932617188,74.92366790771484,43.406368255615234,8.753154754638672,112.15983581542969,100.2359848022461,84.20658111572266,6.052850246429443,62.62773895263672,44.94718933105469,131.09616088867188,9.362874031066895,,80.16376495361328,,7.598086357116699,64.71089172363281,77.75067901611328,8.695033073425293,,25.917957305908203,,87.5249252319336,68.63542938232422,71.81317138671875,34.36783981323242,96.5,95.31653594970703,69.95069885253906,68.49021911621094,6.80135440826416,6.903015613555908,,69.71788787841797,,71.5735855102539,67.66334533691406,,6.6485090255737305,79.80047607421875,91.94273376464844,65.04011535644531,,
2024-01-18,7.984165668487549,135.63291931152344,133.66207885742188,12.260346412658691,97.27633666992188,18.178125381469727,76.45216369628906,5.993659973144531,66.34854125976562,56.09224319458008,87.86254119873047,82.5096435546875,75.39876556396484,105.39215087890625,73.11759948730469,70.04097747802734,67.57118225097656,6.24017333984375,64.4703140258789,75.06546020507812,43.281673431396484,8.73553466796875,112.15180206298828,100.67390441894531,84.11571502685547,6.14456033706665,62.22133255004883,44.871788024902344,131.1781005859375,9.339367866516113,,79.939697265625,,7.598086357116699,64.33369445800781,77.29288482666016,8.700417518615723,,25.362804412841797,,87.5249252319336,67.35719299316406,71.81317138671875,34.17741775512695,96.5,95.74188232421875,69.90433502197266,68.66548919677734,6.80135440826416,6.888956069946289,,69.58895111083984,,71.46133422851562,67.6842269897461,,6.6485090255737305,80.4117202758789,91.18667602539062,64.2917709350586,,
2024-01-19,7.999117374420166,135.65757751464844,133.91551208496094,12.242207527160645,97.5412826538086,18.26921272277832,77.21209716796875,5.98366117477417,65.90959167480469,56.86307907104492,87.86254119873047,82.81194305419922,75.48665618896484,106.42495727539062,73.39035034179688,70.68833923339844,67.49617767333984,6.2975993156433105,65.53644561767578,75.30964660644531,43.289459228515625,8.750858306884766,111.99957275390625,100.6420669555664,84.22171020507812,6.259197235107422,62.94474792480469,45.08290481567383,132.46533203125,9.239570617675781,,79.8874282836914,,7.598086357116699,65.08809661865234,77.1402816772461,8.686567306518555,,25.603593826293945,,87.5249252319336,67.90009307861328,72.15169525146484,34.15456771850586,96.5,95.6054458618164,69.37086486816406,69.38119506835938,6.779106140136719,6.888956069946289,,69.99418640136719,,71.5511474609375,69.62699890136719,,6.6123762130737305,80.94937133789062,91.64656066894531,65.27484893798828,,
2024-01-22,7.991641044616699,135.11550903320312,133.67843627929688,12.232621192932129,97.886474609375,18.25733184814453,76.14967346191406,6.0090413093566895,65.24734497070312,56.22785949707031,87.86254119873047,82.74826049804688,75.08722686767578,106.63151550292969,73.23124694824219,70.6659927368164,67.17367553710938,6.301479816436768,65.61676025390625,75.86897277832031,43.26609420776367,8.783041000366211,111.9194564819336,100.72168731689453,84.10812377929688,6.2439117431640625,62.42454147338867,44.494773864746094,131.6290740966797,9.281375885009766,,79.8426284790039,,7.598086357116699,64.940185546875,76.87321472167969,8.686567306518555,,25.28254508972168,,87.5249252319336,68.03755187988281,71.92121124267578,34.33736801147461,96.5,95.38076782226562,69.8115463256836,69.19132995605469,6.756855010986328,6.811629295349121,,69.74552154541016,,71.64842224121094,69.2579574584961,,6.623937606811523,80.65508270263672,92.59747314453125,65.51698303222656,,
2024-01-23,7.991641044616699,134.44190979003906,133.49856567382812,12.252863883972168,97.52520751953125,18.399904251098633,75.99471282958984,5.997504234313965,64.83148956298828,55.956642150878906,87.97435760498047,82.73237609863281,74.07276916503906,106.55206298828125,73.25395965576172,69.8177261352539,67.211181640625,6.324761390686035,66.58793640136719,76.03437805175781,42.47121810913086,8.773847579956055,111.9194564819336,99.0575942993164,84.31257629394531,6.175130844116211,62.42454147338867,45.24125671386719,130.77639770507812,9.290839195251465,,80.20855712890625,,7.598086357116699,65.01414489746094,75.45401763916016,8.66810131072998,,25.229036331176758,,87.5249252319336,68.69731140136719,72.01486206054688,34.48210144042969,96.5,95.42086791992188,69.51777648925781,69.0817642211914,6.756855010986328,6.783510684967041,,69.71788787841797,,71.43140411376953,68.82621765136719,,6.613096714019775,80.73429870605469,94.74872589111328,65.75176239013672,,
2024-01-24,7.999117374420166,134.1051025390625,133.41683959960938,12.233684539794922,97.22013854980469,18.233570098876953,75.74386596679688,6.0028886795043945,65.416748046875,55.71397399902344,87.86254119873047,82.29485321044922,73.86505889892578,105.62254333496094,73.14033508300781,70.39068603515625,66.77620697021484,6.2409491539001465,66.37617492675781,75.38842010498047,42.36991500854492,8.788405418395996,111.66309356689453,99.25662231445312,84.24442291259766,6.198056221008301,62.06692123413086,44.99243927001953,129.83355712890625,9.283740043640137,,79.90984344482422,,7.598086357116699,64.71827697753906,75.78208923339844,8.687335968017578,,24.70064926147461,,87.5249252319336,69.27458953857422,71.57547760009766,34.57350540161133,96.5,95.54930114746094,70.26768493652344,69.52727508544922,6.764270782470703,6.804600238800049,,69.90208435058594,,71.70829772949219,68.95851135253906,,6.627551555633545,81.02013397216797,94.81108093261719,64.84199523925781,,
2024-01-25,8.014069557189941,135.19760131835938,133.613037109375,12.220901489257812,97.16393280029297,17.923080444335938,75.98736572265625,5.9990434646606445,65.50147247314453,55.278594970703125,87.74272918701172,82.28687286376953,73.96092987060547,105.50337982177734,73.23882293701172,70.53205108642578,66.46122741699219,6.2556939125061035,66.07679748535156,75.34117126464844,42.6270751953125,8.803733825683594,111.5990219116211,99.68661499023438,83.98696899414062,6.182773113250732,61.35976791381836,44.705902099609375,129.9893035888672,9.282164573669434,,79.09578704833984,,7.598086357116699,64.78483581542969,76.45355224609375,8.618083953857422,,24.65382957458496,,87.5249252319336,69.48764038085938,71.41699981689453,34.657291412353516,96.5,95.228271484375,69.96615600585938,69.79750061035156,6.793938636779785,6.783510684967041,,70.9151611328125,,72.50902557373047,69.23009490966797,,6.613096714019775,81.15027618408203,96.64276123046875,64.90069580078125,,
2024-01-26,8.006592750549316,136.643310546875,134.12811279296875,12.230491638183594,97.71788787841797,18.059310913085938,76.03163146972656,5.991352081298828,65.87879943847656,55.52840042114258,87.78266906738281,81.14137268066406,73.99288940429688,105.76556396484375,73.13272857666016,70.98594665527344,66.2662353515625,6.366667747497559,66.15711212158203,75.79806518554688,43.406368255615234,8.779977798461914,110.55753326416016,100.53059387207031,84.16869354248047,6.175130844116211,61.65236282348633,45.01504135131836,129.74334716796875,9.307405471801758,,79.6036376953125,,7.598086357116699,64.99193572998047,76.68242645263672,8.636551856994629,,24.814353942871094,,87.5249252319336,69.72130584716797,71.63306427001953,34.58110809326172,96.5,95.5011215209961,69.89659118652344,69.52727508544922,6.80135440826416,6.825690746307373,,71.14540100097656,,72.2171859741211,70.26066589355469,,6.642728805541992,80.70602416992188,97.81970977783203,65.78843688964844,,
2024-01-29,8.006592750549316,136.24900817871094,134.13624572753906,12.220901489257812,97.42888641357422,18.167034149169922,75.8988037109375,5.968279838562012,65.68627166748047,55.24290084838867,87.9583740234375,81.30841827392578,73.97691345214844,104.55005645751953,73.17820739746094,70.42044067382812,66.31873321533203,6.324761390686035,65.75550842285156,75.60113525390625,42.85307693481445,8.811394691467285,110.44538879394531,99.52738189697266,84.04753112792969,5.968783378601074,61.977481842041016,45.98773956298828,129.70240783691406,9.283740043640137,,80.1114730834961,,7.598086357116699,65.25823974609375,77.0181884765625,8.65424919128418,,24.580249786376953,,87.5249252319336,70.78652954101562,71.75555419921875,33.529972076416016,96.5,95.66162872314453,69.27037048339844,69.13290405273438,6.80135440826416,6.790541648864746,,70.96121215820312,,72.06752014160156,70.1910629272461,72.9139633178711,6.6636857986450195,80.71168518066406,97.43000793457031,65.1941909790039,,
2024-01-30,8.02154541015625,134.93479919433594,133.82562255859375,12.231555938720703,97.22013854980469,18.098920822143555,76.1791763305664,5.9944281578063965,65.6169662475586,55.33568572998047,87.46316528320312,81.53911590576172,73.60946655273438,105.36038970947266,73.2160873413086,69.94422912597656,66.28874206542969,6.348818778991699,65.85041809082031,76.29435729980469,43.250511169433594,8.829017639160156,110.71778106689453,98.73114013671875,84.20658111572266,5.79300594329834,61.75802993774414,46.206398010253906,129.68597412109375,9.275068283081055,86.07186889648438,79.97702026367188,,7.598086357116699,65.08809661865234,76.98002624511719,8.667329788208008,,24.3996639251709,75.50873565673828,87.5249252319336,71.13016510009766,71.66189575195312,32.6006965637207,96.5,95.67768096923828,69.58734130859375,69.8851318359375,6.793938636779785,6.790541648864746,39.58458709716797,70.9151611328125,27.853412628173828,72.06752014160156,70.45563507080078,72.899169921875,6.649233341217041,81.52381896972656,97.42220306396484,65.34089660644531,,
2024-01-31,8.03649616241455,134.7129669189453,135.1009063720703,12.462760925292969,97.30043029785156,18.098920822143555,76.57022094726562,5.9990434646606445,65.77100372314453,55.45701217651367,87.35933685302734,81.68985748291016,74.28843688964844,106.01976776123047,73.18578338623047,69.57218933105469,66.19124603271484,6.301479816436768,66.04756927490234,76.16045379638672,44.62205505371094,8.830552101135254,111.87141418457031,98.30915832519531,84.4640121459961,5.8541460037231445,61.725502014160156,46.063148498535156,129.53843688964844,9.094438552856445,85.63947296142578,79.01363372802734,,7.598086357116699,64.71827697753906,77.51414489746094,8.675795555114746,,24.47992515563965,76.03041076660156,87.5249252319336,72.43592071533203,71.6762924194336,32.70733642578125,96.5,95.44493103027344,70.15172576904297,69.51264953613281,6.742021083831787,6.811629295349121,39.909385681152344,70.77701568603516,27.91701889038086,72.20223236083984,70.05176544189453,73.12882232666016,6.653570652008057,83.33773040771484,97.39881134033203,65.39961242675781,2.8658268451690674,
2024-02-01,7.930734634399414,133.80947875976562,134.6482696533203,12.465957641601562,96.62043762207031,18.1547908782959,76.03628540039062,5.993615627288818,65.68627166748047,55.264305114746094,86.12128448486328,81.52239227294922,74.16783142089844,105.32454681396484,72.70413970947266,69.49034118652344,66.20626831054688,6.278199672698975,66.0110855102539,76.17630767822266,44.01421356201172,8.821354866027832,109.47095489501953,97.82781982421875,84.62689971923828,5.757925033569336,61.33298110961914,45.1583137512207,133.02279663085938,9.11415958404541,85.42178344726562,79.30753326416016,27.49534797668457,7.598086357116699,64.72576141357422,78.2601318359375,8.672688484191895,,24.346158981323242,75.17107391357422,88.48880767822266,71.91200256347656,72.10128784179688,32.753047943115234,96.5,94.51263427734375,69.45050048828125,68.92237854003906,6.7044758796691895,6.804600238800049,39.54399108886719,70.36257934570312,27.88168716430664,72.65560150146484,69.46151733398438,72.75839233398438,6.576133728027344,82.478759765625,97.31050872802734,65.41442108154297,2.8586623668670654,
2024-02-02,7.96091890335083,133.67727661132812,134.4095916748047,12.612992286682129,97.33280944824219,18.26414680480957,76.18538665771484,5.993615627288818,65.6015625,55.59978103637695,86.22509002685547,81.50643920898438,74.44120788574219,105.32454681396484,72.83409881591797,70.01863098144531,67.03120422363281,6.285959720611572,66.42730712890625,76.50186920166016,44.107730865478516,8.81440544128418,109.47095489501953,98.22074890136719,84.72613525390625,6.112021446228027,62.56784439086914,45.44483947753906,133.72792053222656,9.170161247253418,85.6478271484375,78.5464096069336,27.49534797668457,7.598086357116699,64.83771514892578,78.45238494873047,8.734021186828613,,24.212387084960938,75.7711410522461,88.48880767822266,71.52967071533203,72.53346252441406,33.36239242553711,96.5,96.1805419921875,68.19611358642578,69.15849304199219,6.719438552856445,6.832718849182129,40.039306640625,70.18759155273438,28.037174224853516,71.86217498779297,70.79664611816406,73.12142181396484,6.611929893493652,81.34674072265625,97.29479217529297,65.89616394042969,2.82283878326416,
2024-02-05,7.862824440002441,133.71859741210938,134.42605590820312,12.527755737304688,97.66470336914062,18.277713775634766,75.63375854492188,6.06107234954834,65.64008331298828,55.4141960144043,86.2650375366211,81.48249816894531,73.64521789550781,105.08480834960938,72.90290832519531,68.72391510009766,67.3987045288086,6.29371976852417,66.37617492675781,76.78768157958984,44.388275146484375,8.769613265991211,109.90620422363281,98.9744873046875,84.72613525390625,5.911880016326904,61.66008377075195,45.806766510009766,134.8674774169922,9.227738380432129,85.6478271484375,77.72501373291016,27.515947341918945,7.598086357116699,64.44955444335938,78.25242614746094,8.726256370544434,,24.1455020904541,75.40812683105469,88.48880767822266,71.70343780517578,72.26695251464844,32.905391693115234,96.5,96.36676788330078,68.57009887695312,68.7748031616211,6.726921081542969,6.846777439117432,40.932498931884766,70.18759155273438,27.97355842590332,70.95539855957031,70.48041534423828,72.90656280517578,6.632382869720459,81.70227813720703,96.0931625366211,66.10368347167969,2.8085100650787354,
2024-02-06,7.9080963134765625,133.75164794921875,135.09266662597656,12.558650970458984,97.42185974121094,18.3695011138916,76.30463409423828,6.0440144538879395,65.68627166748047,55.2000617980957,86.60050964355469,81.48249816894531,73.56482696533203,105.11677551269531,73.00994873046875,68.92481231689453,67.42118835449219,6.3558030128479,66.36158752441406,77.17674255371094,44.01421356201172,8.776562690734863,110.0109634399414,98.589599609375,84.75667572021484,5.911880016326904,62.15074920654297,45.01504135131836,135.12985229492188,9.291627883911133,85.47201538085938,77.75514221191406,27.543418884277344,7.598086357116699,64.52421569824219,77.98326873779297,8.730137825012207,6.999257564544678,24.098676681518555,75.09697723388672,88.48880767822266,72.69749450683594,72.24535369873047,32.8292121887207,96.5,96.43155670166016,68.8038330078125,68.95187377929688,6.801750183105469,6.839746952056885,43.66889953613281,70.18759155273438,28.02303123474121,71.55990600585938,69.34204864501953,72.92877197265625,6.6389594078063965,82.47308349609375,97.38117980957031,66.04439544677734,2.880155086517334,
2024-02-07,7.915642738342285,134.37974548339844,135.7099151611328,12.50644588470459,97.57563781738281,18.30565071105957,76.55810546875,6.032383441925049,65.99430084228516,55.171531677246094,86.47271728515625,81.5941390991211,73.01009368896484,106.19559478759766,73.52980041503906,69.40847778320312,67.9461441040039,6.270437717437744,68.30392456054688,77.18470764160156,44.45062255859375,8.77347469329834,110.09964752197266,101.16360473632812,84.8177490234375,5.904181480407715,61.81547927856445,44.94718933105469,135.03094482421875,9.29715347290039,85.73155212402344,77.96615600585938,30.152862548828125,7.598086357116699,64.82279205322266,78.4447021484375,8.743337631225586,6.999257564544678,24.981555938720703,75.27478790283203,88.48880767822266,72.98250579833984,72.62709045410156,33.13388442993164,96.5,96.35057067871094,68.70257568359375,69.19539642333984,6.801750183105469,6.8538079261779785,44.342857360839844,70.18759155273438,27.853412628173828,71.71861267089844,65.8566665649414,72.84728240966797,6.653568744659424,82.48445129394531,97.09059143066406,65.2513656616211,2.8514976501464844,
2024-02-08,7.915642738342285,134.46237182617188,135.40538024902344,12.529884338378906,97.51898956298828,18.281702041625977,77.06501007080078,6.046339988708496,65.7418212890625,55.05732727050781,86.66439819335938,81.65794372558594,72.66438293457031,105.63619995117188,73.59098052978516,70.70318603515625,68.08233642578125,6.177314281463623,67.78549194335938,77.23233032226562,44.49763870239258,8.738718032836914,109.57575988769531,99.26318359375,84.8864517211914,5.842601299285889,61.251224517822266,44.90922164916992,134.66815185546875,9.31529426574707,85.60598754882812,78.81771850585938,28.607799530029297,7.598086357116699,64.86759185791016,77.69871520996094,8.771286964416504,6.999257564544678,24.61369514465332,75.2525634765625,88.48880767822266,73.66372680664062,72.89361572265625,32.923622131347656,96.5,96.04290771484375,68.95188903808594,69.39460754394531,6.794266223907471,6.860837459564209,45.17109298706055,70.18759155273438,27.660432815551758,71.78662109375,65.97615051269531,72.86209106445312,6.680597305297852,82.14313507080078,96.17167663574219,65.859130859375,2.8370230197906494,
2024-02-09,7.945827484130859,134.958251953125,135.54527282714844,12.60446834564209,97.70516967773438,18.342365264892578,77.37808990478516,6.047890663146973,66.02090454101562,55.49269485473633,86.84014892578125,81.81742095947266,73.16284942626953,105.62821197509766,73.69798278808594,71.06033325195312,67.72672271728516,6.208354949951172,68.41346740722656,76.62095642089844,45.20309066772461,8.77347469329834,111.22803497314453,100.2174072265625,85.1612777709961,5.904181480407715,60.948631286621094,45.159767150878906,133.2005157470703,9.344476699829102,86.08318328857422,79.84259796142578,28.54599380493164,7.598086357116699,65.24079132080078,77.7602310180664,8.823299407958984,6.969314098358154,23.811079025268555,75.41553497314453,88.48880767822266,74.32412719726562,72.94403839111328,32.96963119506836,96.5,96.36676788330078,69.72319793701172,70.08816528320312,6.854128360748291,6.874897003173828,46.275390625,70.18759155273438,27.874853134155273,71.779052734375,66.01127624511719,73.21034240722656,6.713472843170166,84.90208435058594,96.85496520996094,66.48165893554688,2.8442602157592773,
2024-02-14,7.877915382385254,134.94998168945312,135.58644104003906,12.572505950927734,97.70516967773438,18.268129348754883,77.12464904785156,6.07813024520874,65.73407745361328,54.91616439819336,86.98390197753906,81.83338928222656,72.60006713867188,104.97293853759766,73.62919616699219,70.51718139648438,67.68132781982422,6.2044477462768555,67.84391021728516,76.4462661743164,45.0698356628418,8.765751838684082,111.1554946899414,100.61832427978516,85.03148651123047,5.888785362243652,61.005882263183594,45.159767150878906,134.50323486328125,9.30661678314209,86.22551727294922,80.03097534179688,28.353721618652344,7.598086357116699,65.05420684814453,77.67564392089844,8.78836441040039,6.984286308288574,23.284337997436523,75.17847442626953,88.48880767822266,72.33600616455078,72.76192474365234,32.90060043334961,96.5,96.35057067871094,69.09212493896484,69.74876403808594,6.846644878387451,6.8538079261779785,44.41593551635742,70.18759155273438,28.1107234954834,71.80171966552734,66.00424194335938,73.15104675292969,6.715662956237793,84.6944580078125,96.83927154541016,66.0369873046875,2.764650344848633,
2024-02-15,7.9080963134765625,135.71029663085938,135.61941528320312,12.647087097167969,97.79420471191406,18.34556007385254,77.325927734375,6.040136814117432,65.75731658935547,54.772029876708984,87.63888549804688,82.09654998779297,72.8814697265625,105.56428527832031,74.15669250488281,70.15991973876953,68.15802764892578,6.243517875671387,67.28662872314453,76.14454650878906,45.289302825927734,8.762660026550293,109.8578109741211,98.78206634521484,85.29867553710938,5.82720422744751,61.77460479736328,45.00033187866211,135.21229553222656,9.260080337524414,86.14178466796875,80.00837707519531,28.491064071655273,7.650171756744385,65.38262176513672,77.54491424560547,8.733242988586426,6.991769790649414,22.703582763671875,75.45999145507812,88.48880767822266,72.36383819580078,72.83468627929688,32.94662857055664,96.5,96.59347534179688,69.7076187133789,69.71186828613281,6.839162349700928,6.888565540313721,46.4459114074707,70.18759155273438,28.024944305419922,72.64802551269531,65.96912384033203,73.27702331542969,6.724428176879883,84.61483001708984,96.25807189941406,66.39273071289062,2.7863614559173584,
2024-02-16,7.923190593719482,135.7516326904297,135.92388916015625,12.64495849609375,97.891357421875,18.28649139404297,77.37808990478516,6.05564546585083,65.78057098388672,55.18281555175781,87.78266906738281,82.52092742919922,73.4442367553711,105.32454681396484,73.88911437988281,69.85224914550781,68.09748077392578,6.23570442199707,67.24979400634766,76.3113021850586,44.79549026489258,8.766521453857422,110.2608642578125,98.8141098022461,85.55058288574219,5.81950569152832,61.63555908203125,45.00033187866211,135.17935180664062,9.343688011169434,86.29248809814453,79.46578979492188,28.53913116455078,7.650171756744385,65.12884521484375,77.84484100341797,8.828737258911133,6.999257564544678,22.528003692626953,75.16364288330078,88.48880767822266,72.43334197998047,72.68183898925781,33.06937026977539,96.5,96.17245483398438,69.48168182373047,69.07732391357422,6.824196815490723,6.895674705505371,46.795066833496094,70.18759155273438,28.289398193359375,72.17955017089844,66.2291030883789,73.32888793945312,6.7419610023498535,84.2109375,95.93606567382812,66.42240142822266,2.7935986518859863,
2024-02-19,7.930734634399414,136.66065979003906,136.40945434570312,12.639562606811523,98.35277557373047,18.509984970092773,77.60172271728516,6.0595221519470215,66.0906753540039,55.175601959228516,88.90090942382812,83.00303649902344,73.42817687988281,105.28459167480469,73.78973388671875,69.91229248046875,68.09748077392578,6.2513322830200195,67.91265106201172,76.62095642089844,44.98360824584961,8.792779922485352,109.93841552734375,99.22306823730469,85.7032470703125,5.781017780303955,61.34933853149414,44.84088897705078,134.659912109375,9.314685821533203,86.25062561035156,79.87271881103516,28.566593170166016,7.650171756744385,65.16617584228516,77.67564392089844,8.792244911193848,6.991769790649414,22.176851272583008,75.25996398925781,88.48880767822266,71.70343780517578,72.60179901123047,33.09237289428711,96.5,95.9376449584961,69.94915008544922,69.483154296875,6.884058952331543,6.9241108894348145,45.40656280517578,70.18759155273438,28.45378875732422,72.52713775634766,66.40475463867188,73.23521423339844,6.745614051818848,85.04431915283203,95.8182601928711,66.98565673828125,2.7935986518859863,
2024-02-20,7.930734634399414,137.16488647460938,137.40524291992188,12.614873886108398,98.3122787475586,18.473262786865234,77.36320495605469,6.041687965393066,66.03641510009766,55.290924072265625,89.22837829589844,82.74594116210938,73.54072570800781,104.20576477050781,73.93499755859375,69.74720001220703,68.64981842041016,6.282589435577393,67.9642105102539,76.97826385498047,44.99144744873047,8.809771537780762,109.93841552734375,98.88630676269531,85.87882232666016,5.757925033569336,61.537445068359375,44.88644027709961,134.47848510742188,9.29880142211914,86.6189956665039,79.62406921386719,28.642135620117188,7.650171756744385,65.47969055175781,76.68355560302734,8.8038911819458,6.984286308288574,22.008024215698242,75.04512786865234,88.48880767822266,71.0083236694336,72.82012939453125,33.10005187988281,96.5,95.80809783935547,70.60359954833984,69.2691650390625,6.794266223907471,6.988091945648193,44.74884796142578,70.18759155273438,28.3823184967041,72.7916259765625,66.27127838134766,73.15292358398438,6.720775127410889,84.23085021972656,95.98320007324219,66.46686553955078,2.8225483894348145,
2024-02-21,7.923190593719482,137.16488647460938,138.44219970703125,12.604134559631348,98.43370056152344,18.496417999267578,77.34082794189453,6.041687965393066,66.04417419433594,55.312530517578125,89.46003723144531,82.70572662353516,73.71760559082031,103.5025405883789,73.8203125,69.63465118408203,68.49091339111328,6.274775505065918,67.80953979492188,76.85914611816406,44.95226287841797,8.8082275390625,109.68856811523438,98.63772583007812,86.03150177001953,5.757925033569336,61.3575325012207,44.491641998291016,134.42901611328125,9.312301635742188,86.61063385009766,79.83506774902344,28.69019889831543,7.650171756744385,65.42742156982422,76.89888000488281,8.772062301635742,7.006741046905518,21.26519775390625,74.69692993164062,88.48880767822266,71.46015167236328,72.64545440673828,33.10771942138672,96.5,96.26959228515625,70.72046661376953,68.98878479003906,6.801750183105469,6.94543981552124,44.18858337402344,70.18759155273438,28.432355880737305,72.4666976928711,66.33451080322266,73.15292358398438,6.7317352294921875,82.20286560058594,95.8889389038086,66.31863403320312,2.8008360862731934,
2024-02-22,7.9080963134765625,136.9417266845703,136.77976989746094,12.654593467712402,98.32038879394531,18.502798080444336,77.43029022216797,6.032383441925049,66.20697784423828,55.514320373535156,89.07664489746094,82.6414566040039,73.64521789550781,103.31871795654297,73.3921890258789,69.78472137451172,68.55144500732422,6.345102787017822,67.74324798583984,76.51774597167969,45.37552261352539,8.818266868591309,109.20498657226562,98.589599609375,86.10020446777344,5.757925033569336,61.48836135864258,44.30183029174805,131.92250061035156,9.306741714477539,86.79483795166016,79.7144775390625,28.4979248046875,7.650171756744385,65.61404418945312,76.25285339355469,8.77284049987793,7.021713733673096,20.812744140625,74.7932357788086,88.48880767822266,71.65478515625,72.84196472167969,33.44524383544922,96.5,96.26959228515625,69.59856414794922,69.15111541748047,6.801750183105469,6.952548027038574,45.47964096069336,70.18759155273438,28.32514190673828,72.06620788574219,66.42587280273438,72.97339630126953,6.739040374755859,83.02201843261719,95.77898406982422,65.88876342773438,2.8153107166290283,
2024-02-23,7.923190593719482,137.89215087890625,136.8209228515625,12.693245887756348,98.49036407470703,18.535526275634766,77.39301300048828,6.047890663146973,66.82717895507812,55.413429260253906,89.0606460571289,82.61734771728516,74.48139190673828,103.4705581665039,74.03436279296875,70.00983428955078,68.74060821533203,6.407615661621094,68.4576644897461,76.23189544677734,46.21421813964844,8.800503730773926,109.55155181884766,98.91035461425781,86.10783386230469,5.781017780303955,61.82365417480469,44.73460006713867,133.40663146972656,9.365506172180176,86.81158447265625,79.86519622802734,28.21638298034668,7.650171756744385,65.74842834472656,76.9911880493164,8.77284049987793,7.0142292976379395,20.670930862426758,74.50432586669922,88.48880767822266,72.74616241455078,73.11125183105469,33.4682502746582,96.5,95.54090118408203,69.76994323730469,69.3872299194336,6.861610412597656,6.94543981552124,43.887733459472656,70.18759155273438,28.375173568725586,72.44402313232422,66.37667083740234,73.39229583740234,6.745614051818848,84.93907165527344,94.52234649658203,65.94062042236328,2.8008360862731934,
2024-02-26,7.8854594230651855,137.58639526367188,137.1912841796875,12.691096305847168,98.74131774902344,18.533132553100586,77.72101593017578,6.016102313995361,66.0906753540039,55.0819206237793,88.79708099365234,82.21559143066406,73.82212829589844,102.2878646850586,73.82796478271484,69.90477752685547,68.2488021850586,6.313846111297607,67.37500762939453,76.22396850585938,45.0698356628418,8.789692878723145,109.77723693847656,98.21273040771484,86.02388763427734,5.696342945098877,61.31663513183594,44.096832275390625,133.15106201171875,9.302772521972656,87.07111358642578,79.46578979492188,27.87302589416504,7.650171756744385,65.27812957763672,76.98348236083984,8.74954891204834,7.0142292976379395,20.225231170654297,74.06723022460938,88.48880767822266,73.01031494140625,72.907470703125,33.03868103027344,96.5,95.10608673095703,69.34143829345703,69.17325592041016,6.824196815490723,6.831695556640625,45.512298583984375,70.18759155273438,28.368019104003906,73.29791259765625,66.27127838134766,73.0781021118164,6.73027229309082,84.94474792480469,95.142822265625,65.93323516845703,2.7935986518859863,
2024-02-27,7.862824440002441,135.53675842285156,137.62745666503906,12.695392608642578,98.58751678466797,18.5770320892334,77.26631164550781,6.016876697540283,65.6487808227539,54.274742126464844,87.86254119873047,83.10749053955078,73.53268432617188,101.48876953125,73.58333587646484,69.8222427368164,67.72672271728516,6.313846111297607,67.13931274414062,75.90634155273438,45.22659683227539,8.768840789794922,109.72886657714844,98.46932220458984,87.40555572509766,5.696342945098877,60.27805709838867,43.952571868896484,132.16162109375,9.30039119720459,87.1380844116211,79.51853942871094,27.859294891357422,7.650171756744385,65.31544494628906,77.49105834960938,8.719268798828125,6.984286308288574,20.049654006958008,72.80785369873047,88.48880767822266,72.82958984375,73.1327133178711,33.03868103027344,96.5,95.17886352539062,69.26350402832031,69.91111755371094,6.824196815490723,6.881457328796387,46.45928192138672,70.18759155273438,28.368019104003906,73.06365203857422,66.25721740722656,72.8985595703125,6.738308906555176,84.47830200195312,94.64016723632812,65.6960678100586,2.7863614559173584,
2024-02-28,7.742088317871094,137.10696411132812,137.8990478515625,12.582663536071777,97.78612518310547,18.278507232666016,77.37808990478516,6.021528244018555,66.36199951171875,53.669376373291016,87.86254119873047,83.22801971435547,74.3768539428711,102.15200805664062,74.2943115234375,69.40203857421875,67.94615936279297,6.274775505065918,67.64014434814453,76.12073516845703,46.20637512207031,8.775020599365234,109.93841552734375,98.22876739501953,86.83306121826172,5.680947780609131,60.351661682128906,45.40272903442383,131.7163848876953,9.306741714477539,86.97064208984375,80.09882354736328,27.63956069946289,7.650171756744385,65.67376708984375,77.59874725341797,8.724703788757324,6.999257564544678,19.77278709411621,70.65946197509766,88.48880767822266,72.94774627685547,72.63090515136719,33.023338317871094,96.5,94.7312240600586,68.25064849853516,69.27652740478516,6.779300212860107,6.860129356384277,47.512386322021484,70.18759155273438,28.368019104003906,73.15433502197266,66.39775085449219,72.92850494384766,6.744883060455322,82.76888275146484,94.38883972167969,65.29583740234375,2.7501747608184814,
2024-02-29,7.802454948425293,137.627685546875,139.8988800048828,12.687875747680664,97.8994369506836,18.326398849487305,77.6762924194336,6.042464256286621,66.48606872558594,53.97206497192383,89.2843017578125,83.32443237304688,73.96684265136719,104.2297134399414,74.69184112548828,70.53510284423828,68.09748077392578,6.368544101715088,68.42081451416016,76.97030639648438,46.59828186035156,8.917896270751953,110.2608642578125,98.54949951171875,87.03915405273438,5.719436168670654,61.66828918457031,45.326805114746094,132.16986083984375,9.202716827392578,86.20877075195312,80.00837707519531,27.502206802368164,7.650171756744385,65.77079772949219,77.71409606933594,8.78836441040039,7.006741046905518,19.590450286865234,72.18555450439453,88.48880767822266,73.05199432373047,72.61634826660156,33.00032424926758,96.5,95.41944885253906,68.1727523803711,70.0439224243164,6.854128360748291,6.895674705505371,47.34911346435547,70.18759155273438,28.332279205322266,72.98052978515625,66.46802520751953,73.31002044677734,6.7405009269714355,83.33203887939453,95.99104309082031,65.88135528564453,2.735700845718384,
2024-03-01,7.840436935424805,136.10353088378906,139.989990234375,12.700762748718262,98.34837341308594,18.54758644104004,77.10791015625,6.050282001495361,67.36209869384766,54.13060760498047,88.47994232177734,84.20830535888672,73.30353546142578,103.34542083740234,74.79219055175781,70.26496887207031,68.55144500732422,6.3763604164123535,68.95846557617188,77.25851440429688,47.123451232910156,8.944927215576172,110.7164306640625,98.7431411743164,86.94171905517578,5.762088298797607,61.98915481567383,45.40272903442383,133.40663146972656,9.24321460723877,85.93074035644531,79.40766143798828,28.140838623046875,7.650171756744385,65.95171356201172,77.73735046386719,8.880008697509766,7.052143096923828,20.117189407348633,72.3798599243164,89.47075653076172,73.13375091552734,72.55059051513672,32.93896484375,96.5,95.68213653564453,68.44764709472656,70.0960922241211,6.846444606781006,6.90989351272583,46.12457275390625,70.18759155273438,28.3966064453125,72.56086730957031,66.29774475097656,73.31002044677734,6.7559990882873535,84.59568786621094,97.57215881347656,65.51446533203125,2.7574126720428467,
2024-03-04,7.870913982391357,135.8540802001953,139.6172637939453,12.711498260498047,98.35652160644531,18.49932861328125,76.65656280517578,6.052626609802246,67.44737243652344,53.69099044799805,89.4371337890625,84.3689956665039,74.41981506347656,102.84699249267578,74.40620422363281,70.15991973876953,68.73304748535156,6.384173393249512,66.94047546386719,77.75491333007812,46.72369384765625,8.884211540222168,110.7001953125,99.09848022460938,86.91863250732422,5.700047016143799,61.53662872314453,45.379947662353516,133.43960571289062,9.24242115020752,86.3941421508789,79.47611999511719,28.0653018951416,7.650171756744385,65.64265441894531,78.29551696777344,8.799331665039062,7.021875381469727,20.12393569946289,72.60404968261719,89.47075653076172,72.85247802734375,72.37594604492188,32.977325439453125,96.5,96.36652374267578,68.87174987792969,69.86495208740234,6.846444606781006,6.888565540313721,46.62255096435547,70.18759155273438,28.32514190673828,73.09498596191406,65.69464874267578,73.33995819091797,6.730168342590332,84.0439224243164,95.80704498291016,66.06104278564453,2.764650344848633,
2024-03-05,7.817575931549072,136.2365264892578,139.65870666503906,12.685729026794434,98.43814849853516,18.632043838500977,77.03267669677734,6.056533336639404,67.54041290283203,54.411678314208984,90.0323715209961,84.28865814208984,74.52498626708984,103.00776672363281,74.15916442871094,70.76019287109375,68.91464233398438,6.3763604164123535,68.27352142333984,77.68283081054688,46.64531326293945,8.877208709716797,110.26228332519531,99.31651306152344,86.65294647216797,5.684536933898926,61.91511154174805,45.023101806640625,131.92250061035156,9.29880142211914,86.09925079345703,79.65099334716797,28.113380432128906,7.650171756744385,65.59744262695312,78.0241928100586,8.846328735351562,7.021875381469727,19.77953338623047,72.3798599243164,89.47075653076172,72.99312591552734,72.45597839355469,33.322505950927734,96.5,96.78205871582031,69.19377136230469,69.8873062133789,6.853994846343994,6.90989351272583,47.65117263793945,70.18759155273438,28.375173568725586,73.19418334960938,65.54564666748047,73.28008270263672,6.725003242492676,83.05187225341797,93.32482147216797,66.18834686279297,2.7212259769439697,7.007762432098389
2024-03-06,7.832816123962402,135.93722534179688,139.96517944335938,12.652446746826172,98.80547332763672,18.3947696685791,76.7694091796875,6.040119171142578,67.21480560302734,54.66392135620117,89.91974639892578,84.2725830078125,74.82428741455078,103.22481536865234,74.30585479736328,69.40203857421875,69.10379028320312,6.321661949157715,67.92003631591797,77.65884399414062,47.09210205078125,8.87331771850586,111.02459716796875,98.7673568725586,86.3843002319336,5.9249467849731445,61.77523422241211,45.43309783935547,132.6563262939453,9.313095092773438,85.93917083740234,79.32404327392578,28.257583618164062,7.650171756744385,65.34870147705078,77.53579711914062,8.843195915222168,7.037007808685303,19.799795150756836,72.3425064086914,89.47075653076172,73.00016021728516,71.90306091308594,33.29948425292969,96.5,96.57698059082031,69.74354553222656,69.87240600585938,6.801155090332031,6.938329696655273,48.092010498046875,70.18759155273438,28.339433670043945,73.59855651855469,65.02059936523438,72.93597412109375,6.722788333892822,82.72881317138672,93.41243743896484,66.83226013183594,2.742938280105591,6.9844536781311035
2024-03-07,7.840436935424805,136.9016876220703,140.23020935058594,12.678216934204102,98.45448303222656,18.48967933654785,76.66407012939453,6.031520366668701,67.462890625,54.82967758178711,90.00822448730469,84.36097717285156,74.50072479248047,103.01580047607422,74.42164611816406,70.03985595703125,69.48970794677734,6.462316513061523,68.40609741210938,77.25851440429688,47.342918395996094,8.91223430633545,111.105712890625,98.68661499023438,86.5378189086914,5.824129581451416,61.96449279785156,45.539390563964844,131.09800720214844,9.362330436706543,85.78748321533203,79.628173828125,28.326251983642578,7.650171756744385,65.2733383178711,77.91565704345703,8.811863899230957,7.037007808685303,20.853261947631836,73.23930358886719,93.9555435180664,72.85247802734375,72.49991607666016,33.176761627197266,96.5,96.68305206298828,69.11524963378906,69.7157974243164,6.831345558166504,6.973875522613525,48.206295013427734,70.18759155273438,28.339433670043945,73.4688491821289,64.70840454101562,73.0332260131836,6.744929313659668,88.62391662597656,93.42032623291016,67.13175201416016,2.7212259769439697,7.007762432098389
2024-03-08,7.86329460144043,136.84344482421875,141.28219604492188,12.721160888671875,98.56060791015625,18.579761505126953,76.64904022216797,6.076076984405518,66.98184967041016,54.851295471191406,89.9519271850586,84.6020278930664,74.90518188476562,104.39053344726562,75.00066375732422,70.62515258789062,69.47455596923828,6.618598937988281,68.8701171875,77.65884399414062,47.374446868896484,8.951150894165039,111.105712890625,99.42151641845703,86.46871185302734,5.824129581451416,61.832820892333984,45.1648063659668,134.44862365722656,9.406003952026367,86.02342224121094,80.2745132446289,28.430770874023438,7.650171756744385,65.66527557373047,78.29551696777344,8.83144760131836,7.029442310333252,21.145965576171875,73.71759796142578,93.8219985961914,73.1267318725586,72.78372192382812,33.07313919067383,96.5,97.08283233642578,69.54720306396484,70.43912506103516,6.899284839630127,6.988091945648193,47.59402847290039,70.18759155273438,28.411705017089844,73.46122741699219,65.88622283935547,73.33995819091797,6.709506511688232,89.46444702148438,93.81507110595703,66.80229187011719,2.6846508979797363,7.031068801879883
2024-03-11,7.840436935424805,136.90997314453125,141.0254364013672,12.692171096801758,98.91974639892578,18.49932861328125,76.61894226074219,6.069822788238525,66.3805923461914,54.772029876708984,89.28429412841797,84.7386245727539,74.10436248779297,104.08503723144531,74.65325927734375,70.68517303466797,68.47579193115234,6.6576690673828125,68.75225067138672,78.01911163330078,46.215518951416016,8.927802085876465,111.02459716796875,99.05522155761719,85.15625762939453,5.79310941696167,61.4954833984375,44.836082458496094,134.2744903564453,9.375038146972656,85.93074035644531,80.50262451171875,28.019641876220703,7.650171756744385,65.60497283935547,77.98542022705078,8.716304779052734,7.014309883117676,20.544143676757812,72.50691986083984,93.47334289550781,73.1126937866211,72.95841979980469,32.74094772338867,96.5,96.71569061279297,69.36656951904297,69.94696807861328,6.89173698425293,6.9952006340026855,48.932865142822266,70.18759155273438,28.158750534057617,73.79694366455078,65.53856658935547,73.45963287353516,6.648255825042725,88.46668243408203,91.97554779052734,67.3788070678711,2.6407594680786133,7.007762432098389
2024-03-12,7.817575931549072,136.6688690185547,139.23623657226562,12.699686050415039,98.6585464477539,18.49932861328125,76.88224029541016,6.050282001495361,66.99747467041016,54.779300689697266,89.28429412841797,84.54579162597656,73.6270751953125,103.94032287597656,74.32128143310547,70.8802719116211,68.88819885253906,6.614412307739258,69.10577392578125,77.70684814453125,46.87776565551758,8.904452323913574,109.79190826416016,98.49813842773438,85.20230102539062,5.731068134307861,61.66828536987305,44.698486328125,133.7022247314453,9.339299201965332,85.52629089355469,80.1452407836914,28.082359313964844,7.650171756744385,65.7255859375,78.07843780517578,8.692023277282715,7.044576168060303,19.901283264160156,71.93146514892578,93.30272674560547,73.09861755371094,73.06135559082031,32.67913818359375,96.5,96.27510833740234,69.40583801269531,70.08865356445312,6.9370269775390625,6.952548027038574,48.75326156616211,70.18759155273438,28.194883346557617,73.85797119140625,65.53856658935547,73.75883483886719,6.657110691070557,88.08358764648438,91.5808334350586,67.0568618774414,2.5968687534332275,7.023298740386963
2024-03-13,7.840436935424805,136.98484802246094,137.91090393066406,12.690023422241211,99.00952911376953,18.45911979675293,76.8521499633789,6.037774085998535,67.04431915283203,54.54629135131836,89.28429412841797,85.00376892089844,73.69181823730469,103.54639434814453,74.45252990722656,70.53215026855469,69.52210235595703,6.543628215789795,68.43701171875,77.73889923095703,46.43627166748047,8.935586929321289,108.82682800292969,98.49813842773438,85.38652038574219,5.762088298797607,60.63157272338867,44.683189392089844,133.56121826171875,9.354388236999512,85.93074035644531,80.09202575683594,28.242631912231445,7.707148551940918,66.1099853515625,77.54354858398438,8.71317195892334,7.021875381469727,20.085935592651367,71.63251495361328,93.46592712402344,72.90875244140625,72.9804916381836,32.64051055908203,96.5,96.51985931396484,69.61003875732422,69.96188354492188,6.91438102722168,6.959183692932129,48.5328483581543,70.18759155273438,28.404478073120117,73.79694366455078,65.46052551269531,73.54939270019531,6.69179630279541,87.70906066894531,91.5808334350586,66.56270599365234,2.5822384357452393,6.992223739624023
2024-03-14,7.840436935424805,136.95985412597656,138.49896240234375,12.599842071533203,98.84626007080078,18.49932861328125,76.78443908691406,6.034646987915039,66.73979949951172,54.60454559326172,89.01083374023438,85.23680877685547,73.58665466308594,103.28914642333984,74.79993438720703,70.32026672363281,69.36173248291016,6.464979648590088,67.91687774658203,77.89903259277344,46.01054000854492,8.935586929321289,110.33528137207031,98.03795623779297,85.2490463256836,5.746579170227051,60.606876373291016,44.60674285888672,133.39532470703125,9.33056640625,85.77906799316406,81.3542709350586,28.291412353515625,7.707148551940918,65.95923614501953,78.09396362304688,8.678705215454102,7.037007808685303,20.311616897583008,70.84033966064453,93.54010009765625,73.4502182006836,72.86283874511719,32.524627685546875,96.5,96.356689453125,69.80638885498047,70.01406860351562,6.899284839630127,6.980751991271973,48.46753692626953,70.18759155273438,28.216562271118164,73.74352264404297,65.205078125,73.61670684814453,6.660801887512207,86.93143463134766,91.4536361694336,66.6600341796875,2.677335023880005,6.999991416931152
2024-03-15,7.870913982391357,137.35067749023438,137.9191131591797,12.699686050415039,99.37682342529297,18.097171783447266,77.55176544189453,6.042463779449463,67.4737777709961,54.597267150878906,86.31620788574219,84.20830535888672,73.83741760253906,103.91620635986328,74.88484954833984,71.16027069091797,69.12496185302734,6.496438503265381,67.99117279052734,77.86697387695312,45.726715087890625,8.94337272644043,110.84622192382812,98.47394561767578,85.30288696289062,5.746579170227051,60.88662338256836,44.50737380981445,134.23300170898438,9.352005958557129,85.64427185058594,80.40379333496094,28.444713592529297,7.707148551940918,65.95923614501953,77.6675796508789,8.695155143737793,7.021875381469727,20.612529754638672,70.60121154785156,93.16917419433594,73.55569458007812,73.1422348022461,32.486000061035156,96.5,96.90333557128906,69.84565734863281,70.13339233398438,6.959671974182129,7.002318382263184,48.492034912109375,70.18759155273438,27.826269149780273,73.93428802490234,65.63078308105469,73.93001556396484,6.656373023986816,87.31168365478516,91.8177261352539,67.303955078125,2.6627047061920166,7.0388383865356445
2024-03-18,7.924249172210693,136.33106994628906,139.3687286376953,12.645140647888184,99.41764831542969,18.337661743164062,76.8521499633789,6.072168350219727,67.45034790039062,54.67008590698242,87.88469696044922,84.72486877441406,74.015380859375,103.98855590820312,74.69184875488281,71.05431365966797,69.93452453613281,6.622276782989502,68.06546783447266,78.13117980957031,45.55326843261719,8.865532875061035,110.24606323242188,98.28015899658203,85.31058502197266,5.777599334716797,60.74677658081055,44.881954193115234,132.98898315429688,9.37821102142334,85.61056518554688,80.5863037109375,28.61892318725586,7.707148551940918,65.86125183105469,77.62106323242188,8.771134376525879,7.021875381469727,21.063901901245117,70.99729919433594,93.35464477539062,73.61897277832031,73.45105743408203,32.486000061035156,96.5,96.55250549316406,70.74099731445312,70.27507781982422,6.96721887588501,7.016695976257324,49.471656799316406,70.18759155273438,28.25993537902832,74.01820373535156,67.40458679199219,73.93755340576172,6.672608852386475,88.1379165649414,91.6752700805664,67.0568618774414,2.6553900241851807,7.062145709991455
2024-03-19,7.924249172210693,137.55763244628906,139.58409118652344,12.569398880004883,99.79310607910156,18.298248291015625,77.18314361572266,6.056533336639404,67.38789367675781,54.69190979003906,88.07777404785156,84.8543701171875,74.13671875,103.61071014404297,74.49883270263672,71.22080993652344,69.85051727294922,6.575087547302246,68.50389099121094,78.44343566894531,46.183990478515625,8.865532875061035,109.7837905883789,98.42817687988281,85.31830596923828,5.893925666809082,60.573970794677734,44.62967300415039,132.55767822265625,9.337820053100586,85.58526611328125,80.05399322509766,28.37503433227539,7.707148551940918,65.92909240722656,78.39627838134766,8.771918296813965,7.037007808685303,21.234878540039062,70.87769317626953,93.399169921875,73.13375091552734,73.37751770019531,32.50918197631836,96.5,96.51171112060547,71.28295135498047,70.37202453613281,6.906832695007324,7.031076431274414,49.104305267333984,70.18759155273438,28.165969848632812,74.2699966430664,67.02854919433594,73.64298248291016,6.671870708465576,87.7061996459961,91.8177261352539,67.25152587890625,2.531032085418701,7.0776848793029785
2024-03-20,7.954726696014404,136.70404052734375,139.2445526123047,12.570478439331055,100.51139068603516,18.305490493774414,77.25836944580078,6.058097839355469,67.66117095947266,54.786582946777344,88.52015686035156,84.88673400878906,74.08817291259766,103.45795440673828,74.84624481201172,71.28890991210938,69.90396881103516,6.590816020965576,69.67794036865234,78.29933166503906,46.38108825683594,8.888885498046875,109.73513793945312,98.38778686523438,85.36444091796875,5.917192459106445,60.68093490600586,44.58380126953125,131.5873260498047,9.35221004486084,85.7706527709961,80.358154296875,28.5213623046875,7.707148551940918,66.01953125,78.1017074584961,8.784451484680176,7.037007808685303,21.583660125732422,72.94036102294922,93.38431549072266,73.2744369506836,73.37017059326172,32.486000061035156,96.5,96.24244689941406,71.73845672607422,70.26016235351562,6.884186267852783,6.995129108428955,49.104305267333984,70.18759155273438,28.151521682739258,74.24710845947266,66.51769256591797,73.86203002929688,6.7006516456604,87.3431396484375,91.8177261352539,67.13175201416016,2.552978515625,7.085452556610107
2024-03-21,7.969965934753418,136.3559112548828,139.1367950439453,12.563989639282227,100.3971176147461,18.341686248779297,77.49909973144531,6.057314872741699,67.66117095947266,54.96133804321289,88.5362548828125,85.00003814697266,74.42790985107422,103.53833770751953,74.95433807373047,71.82624053955078,70.62186431884766,6.512167930603027,69.51447296142578,78.3153305053711,46.34166717529297,8.98228645324707,109.92977142333984,98.29898071289062,85.29521179199219,6.033520698547363,60.59043502807617,44.19393539428711,134.16665649414062,9.361802101135254,85.76221466064453,80.59387969970703,28.479551315307617,7.707148551940918,66.14014434814453,78.6986083984375,8.782881736755371,7.052143096923828,22.08290672302246,72.19304656982422,93.17660522460938,73.4502182006836,73.42897033691406,32.524627685546875,96.5,95.04312133789062,71.84843444824219,70.20796966552734,6.906832695007324,7.0454535484313965,47.65933609008789,70.18759155273438,28.38280487060547,74.07160186767578,66.69508361816406,73.90734100341797,6.69622278213501,87.42603302001953,91.9681396484375,67.37133026123047,2.552978515625,7.085452556610107
2024-03-22,7.969965934753418,136.73712158203125,139.1616668701172,12.548847198486328,100.7317886352539,18.469560623168945,77.70973205566406,6.0588788986206055,67.92668151855469,55.87882614135742,88.52015686035156,85.17002868652344,75.30963897705078,104.02874755859375,75.08557891845703,71.93220520019531,70.4156494140625,6.527897834777832,69.38072204589844,78.45943450927734,48.848751068115234,8.98228645324707,110.31906127929688,98.50088500976562,85.35676574707031,6.025763988494873,60.96891784667969,44.10984420776367,134.5066680908203,9.364201545715332,85.80435180664062,81.28585815429688,28.61892318725586,7.707148551940918,65.97431182861328,78.13269805908203,8.84476089477539,7.059710502624512,22.630014419555664,73.15711975097656,94.20035552978516,73.78776550292969,73.30399322509766,32.59415054321289,96.5,95.81820678710938,71.4478988647461,70.32727813720703,6.952123641967773,7.059832572937012,46.93722152709961,70.18759155273438,28.3177547454834,74.01057434082031,67.69548797607422,74.35296630859375,6.755258083343506,88.0778579711914,92.36388397216797,67.23657989501953,2.5383477210998535,7.085452556610107
2024-03-25,7.985203742980957,138.23721313476562,139.17822265625,12.568097114562988,100.92768859863281,18.498525619506836,77.10791015625,6.042463779449463,68.0516128540039,55.59483337402344,88.47994232177734,85.50995635986328,74.74341583251953,103.98855590820312,74.79219055175781,71.48568725585938,70.69061279296875,6.5672221183776855,69.06119537353516,78.29933166503906,47.46906661987305,8.990074157714844,110.7001953125,99.24385070800781,85.38755798339844,5.9249467849731445,61.051185607910156,43.15426254272461,132.75672912597656,9.353806495666504,85.7706527709961,81.0044937133789,28.577106475830078,7.707148551940918,66.35871124267578,78.06294250488281,8.83144760131836,7.082407474517822,22.5958194732666,72.17060089111328,94.2671127319336,73.6119613647461,73.3922119140625,32.54780197143555,96.5,95.850830078125,71.37718963623047,70.87163543701172,6.899284839630127,7.0454535484313965,48.094242095947266,70.18759155273438,28.418933868408203,74.07923889160156,68.33406066894531,73.8922348022461,6.7559990882873535,88.05500030517578,92.59344482421875,67.34886932373047,2.552978515625,7.0699143409729
2024-03-26,7.985203742980957,137.15982055664062,139.1616668701172,12.560521125793457,100.52771759033203,18.40281105041504,77.18314361572266,6.038554668426514,67.91888427734375,55.492889404296875,88.07777404785156,85.67184448242188,75.28535461425781,103.08814239501953,74.97749328613281,71.17542266845703,71.37030792236328,6.543628215789795,69.46987915039062,78.68363189697266,46.9093017578125,8.98228645324707,110.65155792236328,99.00963592529297,85.74146270751953,5.932702541351318,61.4954833984375,43.57471466064453,133.7022247314453,9.353806495666504,85.52629089355469,80.82958984375,28.95339584350586,7.707148551940918,66.72051239013672,78.18695831298828,8.865126609802246,7.105109691619873,22.910411834716797,71.81934356689453,94.437744140625,73.26737976074219,73.47309112548828,32.61733627319336,96.5,96.27510833740234,71.07872772216797,70.9312973022461,6.94457483291626,7.052643775939941,48.340415954589844,70.18759155273438,28.2454776763916,74.697265625,67.40458679199219,73.98286437988281,6.761901378631592,87.486083984375,92.52218627929688,67.7531967163086,2.5822384357452393,7.100989818572998
2024-03-27,7.992823123931885,137.1011962890625,139.1616668701172,12.538884162902832,99.6788330078125,18.417293548583984,77.22074890136719,6.065134048461914,68.23121643066406,55.41279220581055,88.4397201538086,86.17362976074219,74.872802734375,103.7956314086914,75.61054992675781,70.94837951660156,71.1717529296875,6.551492691040039,69.18009948730469,78.53948974609375,46.5466423034668,8.997856140136719,110.40015411376953,98.96927642822266,85.9876708984375,5.963723659515381,60.91130065917969,43.37594985961914,133.7022247314453,9.345812797546387,85.71166229248047,80.71553802490234,29.30182456970215,7.707148551940918,67.444091796875,78.18695831298828,8.84006404876709,7.11267614364624,23.389142990112305,71.72968292236328,93.76268005371094,73.4502182006836,74.25981140136719,32.73321533203125,96.5,96.4627456665039,71.1023178100586,70.85670471191406,6.959671974182129,7.088588714599609,48.14347457885742,70.18759155273438,28.187652587890625,74.5294189453125,68.22056579589844,73.87713623046875,6.761901378631592,88.12647247314453,92.40345764160156,67.7981185913086,2.626129627227783,7.100989818572998
2024-03-28,8.008061408996582,138.3483428955078,139.989990234375,12.575668334960938,100.07878875732422,18.410045623779297,77.8000259399414,6.09249210357666,68.94960021972656,56.060855865478516,88.6971206665039,85.88224792480469,75.30963897705078,104.89698791503906,75.73406982421875,71.2132568359375,71.62998962402344,6.606546878814697,68.55589294433594,78.45943450927734,46.27070236206055,9.028987884521484,110.61099243164062,99.03387451171875,86.09536743164062,6.025763988494873,60.59865951538086,44.15570068359375,133.9676055908203,9.430558204650879,85.56002044677734,80.5863037109375,29.685075759887695,7.707148551940918,67.83602905273438,77.83037567138672,8.869043350219727,7.173208713531494,23.806310653686523,71.93146514892578,94.5935287475586,73.69634246826172,73.98042297363281,33.134952545166016,96.5,97.25418090820312,71.58140563964844,70.93875885009766,6.989864349365234,7.095779895782471,47.76601028442383,76.20999908447266,28.310518264770508,74.21658325195312,68.68171691894531,73.96774291992188,6.829793930053711,87.44316864013672,92.47468566894531,68.31474304199219,2.6846508979797363,7.1242995262146
2024-04-01,7.938708305358887,136.299072265625,140.4068603515625,12.6102876663208,99.79077911376953,18.447330474853516,77.14288330078125,6.083823204040527,69.39469146728516,56.28660202026367,88.30017852783203,86.07652282714844,77.05155944824219,105.94840240478516,75.16437530517578,68.97319030761719,70.94264221191406,6.402059555053711,69.99002075195312,78.23341369628906,46.79104995727539,9.083471298217773,111.1592025756836,98.90373992919922,86.79771423339844,6.146827697753906,61.28604507446289,44.01810073852539,133.77684020996094,9.409770011901855,85.7635269165039,80.91619873046875,30.570051193237305,7.707148551940918,67.44774627685547,78.14295959472656,8.902234077453613,7.012957572937012,23.519073486328125,71.64479064941406,93.7042236328125,74.05648803710938,72.50993347167969,32.80274200439453,96.5,97.16374969482422,71.19356536865234,71.58708190917969,6.913488864898682,7.153293132781982,48.38144302368164,76.20999908447266,28.404478073120117,75.31819915771484,70.12857818603516,73.99042510986328,6.828303337097168,87.48340606689453,92.7619857788086,67.22582244873047,2.670020580291748,7.074694633483887
2024-04-02,7.961790084838867,136.73402404785156,140.2818145751953,12.644906044006348,100.6054916381836,18.43922996520996,77.18084716796875,6.077518463134766,69.64458465576172,56.47590255737305,88.6971206665039,86.6106948852539,77.32830047607422,104.73524475097656,75.242431640625,70.09320831298828,72.00421905517578,6.472842693328857,69.84884643554688,78.62088012695312,46.98815155029297,8.97365951538086,110.408447265625,98.87934112548828,86.78997039794922,6.193688869476318,61.08728790283203,43.605289459228516,133.74368286132812,9.452942848205566,86.07727813720703,80.61698150634766,31.39231300354004,7.707148551940918,67.47820281982422,77.58032989501953,8.843754768371582,6.9824323654174805,23.731081008911133,71.66742706298828,93.63676452636719,74.12764739990234,72.71578979492188,32.7486686706543,96.5,96.44029235839844,70.29127502441406,71.11214447021484,6.959222793579102,7.124535083770752,47.80703353881836,76.20999908447266,28.39002799987793,74.60174560546875,68.68891143798828,74.19438171386719,6.832032680511475,87.36561584472656,92.5704574584961,67.30900573730469,2.6553900241851807,7.106067180633545
2024-04-03,8.000252723693848,136.38267517089844,140.14012145996094,12.660054206848145,100.72891998291016,18.588367462158203,77.56045532226562,6.087762832641602,70.06624603271484,56.687068939208984,88.30017852783203,86.07652282714844,77.74345397949219,104.49263000488281,75.64822387695312,69.85859680175781,71.5612564086914,6.512167930603027,69.92314147949219,78.93567657470703,47.3823356628418,9.012879371643066,111.3223876953125,98.82239532470703,86.5417709350586,6.170258522033691,60.88021469116211,42.840816497802734,132.6820831298828,9.429758071899414,85.98399353027344,80.93155670166016,32.3121337890625,7.707148551940918,67.45537567138672,78.14295959472656,8.850076675415039,7.020589351654053,24.004636764526367,72.32374572753906,93.7042236328125,74.28412628173828,72.74520111083984,32.91864013671875,96.5,97.70632934570312,70.8690414428711,71.46646118164062,6.974467754364014,7.124535083770752,47.011077880859375,76.20999908447266,28.51289939880371,74.72501373291016,68.68891143798828,74.06596374511719,6.820847511291504,87.33975982666016,92.7619857788086,67.10482025146484,2.670020580291748,7.113908767700195
2024-04-04,8.015637397766113,136.63360595703125,139.99000549316406,12.645990371704102,100.58904266357422,18.528385162353516,77.89450073242188,6.068850517272949,69.91007232666016,56.71620559692383,88.13816833496094,86.51358032226562,77.00271606445312,105.38228607177734,75.82769012451172,70.17645263671875,72.24861145019531,6.512167930603027,68.68966674804688,78.95990753173828,47.24043655395508,9.012879371643066,111.28975677490234,99.00948333740234,86.24703979492188,6.240551948547363,60.52410888671875,42.61913299560547,132.29229736328125,9.415367126464844,86.28924560546875,80.90852355957031,32.402713775634766,7.707148551940918,67.20411682128906,78.36174774169922,8.81372356414795,7.035851001739502,24.298707962036133,74.68500518798828,94.19149780273438,74.6967544555664,73.19369506835938,32.89544677734375,96.5,97.3034896850586,70.13298034667969,71.29307556152344,6.989710330963135,7.088588714599609,47.503421783447266,76.20999908447266,28.621313095092773,75.11019897460938,68.7676773071289,74.11885070800781,6.828303337097168,87.8856201171875,93.38444519042969,67.45268249511719,2.6480743885040283,7.082536697387695
2024-04-05,8.031023025512695,136.5332794189453,140.22344970703125,12.636253356933594,100.48204040527344,18.615108489990234,78.09188842773438,6.101949214935303,70.25363159179688,57.05842971801758,88.13816833496094,86.7159194946289,78.67137908935547,105.18009185791016,75.69503021240234,70.35050201416016,72.47010040283203,6.512167930603027,68.98689270019531,79.14556884765625,47.35868835449219,9.059944152832031,110.57164001464844,99.14775085449219,86.51849365234375,6.365518569946289,60.64006042480469,42.83317184448242,132.6820831298828,9.43295669555664,86.13662719726562,80.93155670166016,32.17973709106445,7.707148551940918,68.28523254394531,78.28361511230469,8.869043350219727,6.9824323654174805,23.785797119140625,74.8811264038086,94.37139892578125,74.68962097167969,73.50251007080078,32.70231628417969,96.5,97.17196655273438,70.36251831054688,71.44386291503906,6.997334003448486,7.153293132781982,46.92900466918945,76.20999908447266,28.69358253479004,74.98694610595703,69.28340148925781,73.83181762695312,6.9103007316589355,88.65560150146484,93.40040588378906,67.5510025024414,2.6627047061920166,7.1766557693481445
2024-04-08,8.05410099029541,136.90965270996094,139.90664672851562,12.636253356933594,100.82767486572266,18.614299774169922,78.46388244628906,6.125591278076172,69.98340606689453,57.26960372924805,88.35686492919922,86.44072723388672,77.75969696044922,105.30139923095703,75.71066284179688,70.9635009765625,71.9813003540039,6.457113265991211,69.90828704833984,79.05677795410156,47.184234619140625,8.957969665527344,109.67404174804688,99.29415130615234,86.59606170654297,6.365518569946289,60.996185302734375,43.27284622192383,133.54969787597656,9.420963287353516,85.7719955444336,80.89318084716797,31.472496032714844,7.707148551940918,68.28523254394531,78.45552825927734,8.888800621032715,7.020589351654053,22.646896362304688,74.68500518798828,95.01609802246094,74.38372802734375,73.5907211303711,31.94437026977539,96.5,97.62409973144531,70.91653442382812,71.45138549804688,6.982089996337891,7.160481929779053,47.39674758911133,76.20999908447266,28.766672134399414,75.3489990234375,66.61175537109375,73.98286437988281,6.917757034301758,89.77607727050781,94.90866088867188,67.56611633300781,2.6331193447113037,7.121752738952637
2024-04-09,8.05410099029541,136.71726989746094,139.94833374023438,12.633007049560547,100.79473876953125,18.5364933013916,78.45629119873047,6.087762832641602,70.05420684814453,57.473487854003906,88.59992980957031,86.52167510986328,78.14229583740234,105.00216674804688,76.47541046142578,70.7137680053711,71.2939453125,6.48070764541626,69.77455139160156,78.87110137939453,46.954254150390625,8.91874885559082,109.42105865478516,99.11519622802734,86.55729675292969,6.28741455078125,60.95476531982422,43.04915237426758,134.709228515625,9.40257453918457,85.78050994873047,80.8471450805664,31.437131881713867,7.707148551940918,68.0720443725586,78.61181640625,8.882477760314941,6.936644554138184,22.5916748046875,74.3228988647461,94.62625885009766,74.803466796875,73.63484191894531,31.726627349853516,96.5,97.19661712646484,70.3941650390625,72.22785949707031,6.96684455871582,7.153293132781982,47.224430084228516,76.20999908447266,28.766672134399414,75.34130096435547,67.46411895751953,74.01309204101562,6.984847068786621,89.71000671386719,95.36354064941406,67.26362609863281,2.588740825653076,7.145285129547119
2024-04-10,8.046406745910645,136.99331665039062,140.0650634765625,12.603797912597656,100.86058044433594,18.560808181762695,78.35001373291016,6.135047435760498,69.73167419433594,57.19395065307617,88.61610412597656,86.48119354248047,78.40277099609375,104.3551254272461,76.3895492553711,70.9105224609375,71.03959655761719,6.468830585479736,69.373291015625,79.16976165771484,47.02561569213867,8.981501579284668,109.63322448730469,98.90373992919922,86.45645904541016,6.326467990875244,60.44955825805664,42.42435836791992,134.59243774414062,9.341818809509277,85.97552490234375,80.56326293945312,31.49370002746582,7.707148551940918,67.95784759521484,78.84622955322266,8.877737998962402,6.974803447723389,22.867769241333008,74.15689849853516,94.57380676269531,74.6967544555664,73.71653747558594,31.578887939453125,96.5,97.509033203125,70.57622528076172,71.63985443115234,7.004956245422363,7.14610481262207,46.93722152709961,76.20999908447266,28.66434669494629,75.26427459716797,67.48560333251953,74.0206527709961,7.044480800628662,87.68165588378906,95.67475891113281,67.3392562866211,2.596137285232544,7.137439727783203
2024-04-11,8.046406745910645,137.17730712890625,139.89830017089844,12.582159042358398,100.7042236328125,18.528385162353516,78.38037109375,6.131106853485107,70.14862060546875,57.20866775512695,88.30827331542969,86.25459289550781,78.75277709960938,104.3227767944336,76.24130249023438,70.83421325683594,71.3402099609375,6.437160968780518,69.76335906982422,79.03254699707031,47.54108428955078,8.950126647949219,109.57610321044922,98.93628692626953,86.33235931396484,6.303034782409668,60.482704162597656,41.94612503051758,134.97621154785156,9.362602233886719,85.87377166748047,80.48653411865234,31.543222427368164,7.766829967498779,67.84366607666016,79.33853912353516,8.866673469543457,6.959538459777832,22.9851131439209,73.32707214355469,94.55130004882812,74.45487213134766,73.56057739257812,31.37670135498047,96.5,97.5830078125,70.44166564941406,71.6247787475586,6.997334003448486,7.138332366943359,48.41427230834961,76.20999908447266,28.700897216796875,75.61865234375,67.47127532958984,74.00554656982422,6.999756336212158,89.34799194335938,94.9166488647461,67.41487884521484,2.596137285232544,7.145285129547119
2024-04-12,8.069483757019043,137.67921447753906,139.65652465820312,12.551868438720703,100.6466293334961,18.599708557128906,78.50186920166016,6.129530906677246,70.10928344726562,57.26750946044922,87.95994567871094,86.52167510986328,79.93303680419922,104.33087158203125,76.30372619628906,71.65856170654297,71.58682250976562,6.4292426109313965,69.92089080810547,78.93567657470703,47.58073425292969,8.987022399902344,110.14730834960938,98.82239532470703,86.2625732421875,6.357709884643555,60.830535888671875,42.57863998413086,134.55908203125,9.412171363830566,86.12815856933594,80.86249542236328,31.536136627197266,7.766829967498779,68.40704345703125,79.54950714111328,8.928313255310059,7.012957572937012,23.061037063598633,73.92305755615234,94.42386627197266,74.3410415649414,73.89478302001953,31.353374481201172,96.5,97.94474029541016,70.85323333740234,72.27308654785156,6.96684455871582,7.1238112449646,47.57728576660156,76.20999908447266,28.700897216796875,75.68025970458984,67.3781509399414,74.42096710205078,7.022119045257568,89.48590087890625,94.09468078613281,67.70980072021484,2.6109299659729004,7.1531267166137695
2024-04-15,8.015637397766113,137.2943878173828,137.7721710205078,12.548622131347656,99.93067932128906,18.440853118896484,78.19815826416016,6.083034515380859,70.00701904296875,57.157169342041016,87.11743927001953,86.26266479492188,79.44466400146484,104.16911315917969,76.19447326660156,70.7349853515625,71.44810485839844,6.421325206756592,68.94569396972656,79.03254699707031,46.76393508911133,8.963455200195312,109.2823257446289,98.81426239013672,86.30909729003906,6.349897384643555,60.54067611694336,42.60948181152344,133.54132080078125,9.388985633850098,86.40799713134766,80.2640151977539,31.684661865234375,7.766829967498779,68.2699966430664,81.30775451660156,8.852446556091309,6.990063667297363,22.881574630737305,72.96497344970703,94.69374084472656,73.9640121459961,73.89478302001953,31.042333602905273,96.5,97.17196655273438,70.36251831054688,71.88864135742188,7.043068885803223,7.131071090698242,47.4213752746582,76.20999908447266,28.67896842956543,75.34130096435547,67.46411895751953,74.34070587158203,7.014664649963379,87.59833526611328,95.75456237792969,67.93665313720703,2.596137285232544,7.168812274932861
2024-04-16,8.007944107055664,136.59178161621094,138.82269287109375,12.538884162902832,99.66732788085938,18.398706436157227,78.46388244628906,6.0806708335876465,69.57434844970703,56.840858459472656,86.67999267578125,84.89989471435547,79.13533782958984,104.02352142333984,76.03840637207031,70.2159194946289,71.0241928100586,6.3263115882873535,69.00570678710938,78.13655853271484,45.8916130065918,8.908466339111328,110.14730834960938,98.25304412841797,86.02210998535156,6.388950824737549,60.192832946777344,42.07724380493164,131.3389892578125,9.37299633026123,86.11119079589844,79.68090057373047,31.819040298461914,7.766829967498779,68.14057159423828,81.25304412841797,8.827160835266113,6.913753509521484,22.557161331176758,73.10076904296875,94.30394744873047,74.1205062866211,73.8725357055664,30.793502807617188,96.5,97.23773956298828,69.571044921875,71.6549301147461,6.997334003448486,7.102025032043457,47.404964447021484,76.20999908447266,28.642419815063477,75.3952407836914,67.99412536621094,74.17294311523438,7.007208824157715,87.4891586303711,95.22787475585938,67.83075714111328,2.596137285232544,7.1531267166137695
2024-04-17,7.977173328399658,136.3994140625,137.56378173828125,12.517245292663574,99.55209350585938,18.302249908447266,78.37281036376953,6.083034515380859,69.84184265136719,56.72315979003906,86.5584716796875,84.25589752197266,78.5655517578125,103.3360824584961,75.89012908935547,70.07854461669922,71.35560607910156,6.318393707275391,68.71315002441406,77.97511291503906,47.17629623413086,8.869184494018555,108.86613464355469,98.10665130615234,85.85148620605469,6.349897384643555,59.96095275878906,41.19020080566406,131.0553741455078,9.334620475769043,85.80592346191406,79.91875457763672,31.826108932495117,7.766829967498779,67.83602905273438,79.11972045898438,8.888010025024414,6.8603363037109375,22.536455154418945,72.6556625366211,94.24397277832031,74.05648803710938,73.53087615966797,30.75463104248047,96.5,96.73623657226562,69.00908660888672,71.71524047851562,6.982089996337891,7.102025032043457,47.25724792480469,76.20999908447266,28.63511848449707,75.35671997070312,68.1875228881836,74.12716674804688,6.999756336212158,87.23921966552734,95.75456237792969,67.15776062011719,2.596137285232544,7.137439727783203
2024-04-18,8.000252723693848,137.13551330566406,137.09677124023438,12.538884162902832,99.19823455810547,18.294958114624023,78.78276062011719,6.074366092681885,69.68449401855469,56.458335876464844,86.11292266845703,83.12281799316406,78.95628356933594,103.16624450683594,76.1398696899414,69.91824340820312,71.74867248535156,6.342147350311279,68.41309356689453,77.33744812011719,47.00975036621094,8.892754554748535,109.33946990966797,97.32582092285156,85.84373474121094,6.279604911804199,59.290096282958984,41.9615478515625,130.13772583007812,9.33142375946045,85.9500732421875,79.34330749511719,31.925119400024414,7.766829967498779,67.76751708984375,79.33853912353516,8.816887855529785,6.753500938415527,22.702106475830078,72.37657165527344,93.80917358398438,74.00669860839844,73.67195892333984,30.4124755859375,96.5,96.1772232055664,68.62125396728516,71.14230346679688,6.982089996337891,7.065715312957764,46.502315521240234,76.20999908447266,28.50356101989746,75.1178970336914,67.54288482666016,74.0509262084961,7.022119045257568,87.76496124267578,95.67475891113281,67.17288970947266,2.596137285232544,7.129596710205078
2024-04-19,7.9925618171691895,137.7795867919922,136.48817443847656,12.626103401184082,99.1241683959961,18.207420349121094,78.79035949707031,6.083823204040527,69.86540985107422,56.686370849609375,86.01569366455078,83.06575775146484,78.14229583740234,102.82656860351562,76.14765167236328,69.9564208984375,71.98762512207031,6.38965368270874,68.7806625366211,77.7813720703125,47.16836166381836,8.87704086303711,108.70294189453125,98.39946746826172,85.65758514404297,6.318656921386719,59.04991912841797,42.7714729309082,131.38905334472656,9.278975486755371,85.72960662841797,79.79598999023438,32.6960334777832,7.766829967498779,67.13560485839844,78.51021575927734,8.895912170410156,6.7458696365356445,22.812551498413086,72.57270050048828,94.13151550292969,74.14897155761719,74.11758422851562,30.249174118041992,96.5,96.10324096679688,69.48396301269531,70.90106201171875,7.004956245422363,7.087501049041748,46.74028015136719,76.20999908447266,28.657045364379883,75.09480285644531,67.53573608398438,74.51610565185547,7.074298858642578,87.77072143554688,95.76253509521484,67.8156509399414,2.588740825653076,7.160970211029053
2024-04-22,7.9925618171691895,136.85108947753906,136.5799102783203,12.645731925964355,99.23114776611328,18.236600875854492,78.34243774414062,6.083823204040527,69.82609558105469,56.41419982910156,85.94278717041016,83.01683807373047,76.91317749023438,101.88031768798828,75.51558685302734,69.29998779296875,72.2728042602539,6.357982635498047,69.38077545166016,77.66030883789062,46.81942367553711,8.908466339111328,108.59685516357422,97.13062286376953,85.62654876708984,6.279604911804199,58.67723083496094,43.18800354003906,131.11378479003906,9.200108528137207,85.18692016601562,79.48141479492188,33.0142822265625,7.766829967498779,67.29547882080078,78.92438507080078,8.824002265930176,6.639034748077393,22.847064971923828,72.36900329589844,94.08656311035156,74.3410415649414,73.71653747558594,30.054765701293945,96.5,94.77965545654297,68.94576263427734,69.02392578125,6.943978309631348,7.0439300537109375,45.320682525634766,76.20999908447266,28.576644897460938,75.11019897460938,66.00294494628906,74.34070587158203,6.992300510406494,87.63282012939453,96.46479797363281,67.3694839477539,2.596137285232544,7.121752738952637
2024-04-23,7.9925618171691895,136.1986846923828,136.61325073242188,12.62828254699707,98.8279037475586,18.144201278686523,78.57777404785156,6.052301406860352,69.83394622802734,56.28179931640625,85.86991119384766,82.73967742919922,76.18873596191406,101.37887573242188,74.95370483398438,69.048095703125,71.92595672607422,6.294641017913818,69.18574523925781,77.24864959716797,46.83530807495117,8.87704086303711,108.4091796875,97.18756103515625,85.68084716796875,6.178069114685059,59.281837463378906,43.010589599609375,130.13772583007812,9.146185874938965,85.0342788696289,79.5581283569336,32.957706451416016,7.766829967498779,66.96048736572266,79.15882110595703,8.836640357971191,6.5856170654296875,22.812551498413086,71.946533203125,93.95909118652344,73.99957275390625,73.82794189453125,29.899246215820312,96.5,94.62345886230469,68.89827728271484,69.15962982177734,6.936356067657471,7.03666877746582,44.967830657958984,76.20999908447266,28.613189697265625,74.94844055175781,66.11753845214844,74.35596466064453,7.007208824157715,87.36849212646484,96.95159912109375,67.23339080810547,2.6035337448120117,7.121752738952637
2024-04-24,7.938708305358887,136.0983123779297,136.17967224121094,12.63809585571289,98.47403717041016,18.02181053161621,78.82071685791016,6.0601806640625,69.84184265136719,56.03903579711914,84.89778900146484,82.53589630126953,75.79802703857422,100.77230072021484,75.44532775878906,68.96412658691406,71.57142639160156,6.207544803619385,68.85568237304688,76.28001403808594,47.15250778198242,8.87704086303711,108.34390258789062,97.00862121582031,85.58002471923828,6.006239414215088,58.34596633911133,42.972015380859375,129.30349731445312,9.089855194091797,84.79685974121094,79.5581283569336,32.76675033569336,7.766829967498779,67.14319610595703,78.51802825927734,8.799497604370117,6.600879669189453,22.61237907409668,71.66742706298828,93.83165740966797,74.1205062866211,73.89478302001953,29.673744201660156,96.5,94.17131042480469,68.55792999267578,69.29532623291016,6.951599597930908,7.03666877746582,44.14272689819336,76.20999908447266,28.52548599243164,74.50932312011719,66.00294494628906,74.2949447631836,7.007208824157715,87.13863372802734,97.35858917236328,67.3619384765625,2.596137285232544,7.082536697387695
2024-04-25,7.984865665435791,136.750732421875,137.12184143066406,12.59556770324707,98.04611206054688,18.007221221923828,78.88145446777344,6.028659343719482,69.37767791748047,55.39170455932617,84.8572769165039,82.25059509277344,75.0735855102539,99.87458801269531,75.45311737060547,68.22370910644531,71.78722381591797,6.152120590209961,68.47311401367188,76.64324951171875,46.946319580078125,8.88489818572998,108.93960571289062,96.91914367675781,85.65758514404297,5.896892547607422,57.62546157836914,42.655765533447266,129.50376892089844,9.182404518127441,84.6527099609375,79.90340423583984,32.7808952331543,7.766829967498779,66.86912536621094,77.90849304199219,8.866673469543457,6.684820652008057,22.22584342956543,71.59198760986328,93.98908996582031,74.07072448730469,74.03587341308594,29.603759765625,96.5,93.43144989013672,68.84288024902344,68.9033203125,6.982089996337891,7.03666877746582,43.54866409301758,76.20999908447266,28.423166275024414,74.30132293701172,66.06742095947266,74.14241027832031,6.9326677322387695,87.4173355102539,96.4089584350586,66.99893951416016,2.596137285232544,7.059007167816162
2024-04-26,7.969481945037842,136.71726989746094,136.91342163085938,12.63809585571289,97.19024658203125,17.977237701416016,78.94979858398438,6.020778179168701,69.4012680053711,55.39170455932617,84.8572769165039,82.33210754394531,75.13055419921875,100.54585266113281,75.46094512939453,68.84962463378906,71.78722381591797,6.152120590209961,68.32308959960938,76.7966079711914,47.58073425292969,8.87704086303711,109.02937316894531,97.39900970458984,85.58778381347656,5.998428821563721,57.40182876586914,42.88716506958008,131.80615234375,9.25644302368164,85.31410217285156,79.98014068603516,33.24060821533203,7.766829967498779,66.88433837890625,77.90849304199219,8.88168716430664,6.913753509521484,22.267257690429688,71.29022979736328,93.7042236328125,74.00669860839844,73.37492370605469,29.658193588256836,96.5,94.11376190185547,68.84288024902344,68.26252746582031,7.012579441070557,7.051192283630371,45.07508850097656,76.20999908447266,28.430484771728516,74.66339111328125,66.47569274902344,74.16529083251953,6.873027801513672,87.59259033203125,96.83187103271484,67.45268249511719,2.588740825653076,7.043320655822754
2024-04-29,8.023326873779297,137.17730712890625,139.02284240722656,12.650092124938965,98.15309143066406,17.98939323425293,79.16995239257812,6.044421672821045,69.18098449707031,55.75950622558594,84.81678009033203,82.73967742919922,75.56197357177734,101.50019836425781,75.30487060546875,68.75804901123047,71.794921875,6.3263115882873535,68.23306274414062,77.07913208007812,47.35868453979492,8.900609016418457,109.99225616455078,97.51289367675781,85.84373474121094,5.998428821563721,57.14509963989258,42.925743103027344,129.7373046875,9.312775611877441,84.8053207397461,80.40979766845703,33.806392669677734,7.766829967498779,66.8462905883789,75.39231872558594,8.929893493652344,6.784024238586426,22.29486656188965,71.6598892211914,94.82867431640625,73.87863159179688,73.1595458984375,29.386024475097656,96.5,94.8783187866211,69.30193328857422,69.4988784790039,6.997334003448486,7.051192283630371,43.83744430541992,76.20999908447266,28.306230545043945,75.11019897460938,66.41838073730469,74.34834289550781,6.843210697174072,87.670166015625,97.35858917236328,67.29387664794922,2.596137285232544,7.090379238128662
2024-04-30,8.023326873779297,137.16058349609375,138.93113708496094,12.682802200317383,98.99250030517578,18.049365997314453,79.72417449951172,6.035752296447754,69.30687713623047,55.66387939453125,84.84916687011719,82.73967742919922,75.57012176513672,100.44071960449219,75.69503021240234,70.10907745361328,71.52518463134766,6.357982635498047,68.77318572998047,78.09620666503906,48.37373733520508,8.924176216125488,110.5308609008789,97.43157196044922,85.7196273803711,5.998428821563721,57.69997787475586,42.73290252685547,132.7988739013672,9.394057273864746,85.10209655761719,80.20263671875,34.018577575683594,7.766829967498779,67.4858169555664,74.76714324951172,8.865092277526855,6.837442398071289,22.29486656188965,71.96917724609375,94.6712646484375,74.05648803710938,73.1595458984375,29.23828125,96.5,95.22357940673828,69.77682495117188,70.5995101928711,6.96684455871582,7.065715312957764,43.64767837524414,76.20999908447266,28.255064010620117,74.632568359375,66.54014587402344,74.18054962158203,6.9326677322387695,88.1786880493164,97.25486755371094,67.22582244873047,2.588740825653076,7.129596710205078
2024-05-02,8.0154447555542,137.1353302001953,138.4695281982422,12.64900016784668,99.15845489501953,18.039573669433594,79.1371841430664,6.022244453430176,69.2203369140625,55.943416595458984,85.67351531982422,82.90272521972656,74.95565032958984,100.38372039794922,75.63192749023438,68.0252914428711,71.94134521484375,6.302558422088623,68.1805648803711,77.76248168945312,48.17548370361328,8.892754554748535,109.2103042602539,97.87398529052734,85.7943344116211,6.408306121826172,60.00164794921875,43.31141662597656,129.30349731445312,9.37313461303711,83.94135284423828,79.83098602294922,34.65510177612305,7.766829967498779,67.10892486572266,74.11311340332031,8.834792137145996,6.806609630584717,22.329378128051758,72.20527648925781,94.17395782470703,74.7519302368164,72.9813003540039,29.308252334594727,96.5,94.73473358154297,69.71299743652344,69.7213134765625,6.958992004394531,7.033451080322266,43.21038055419922,76.20999908447266,28.40123748779297,73.9947509765625,65.83125305175781,73.9517822265625,6.852840900421143,87.1912841796875,97.68113708496094,66.92023468017578,2.596137285232544,7.134944915771484
2024-05-03,7.937771797180176,138.01895141601562,139.82078552246094,12.66862964630127,100.74348449707031,18.10002326965332,79.42080688476562,6.038929462432861,69.61368560791016,55.796287536621094,85.65718841552734,83.35106658935547,76.8154067993164,100.67671203613281,76.4760513305664,68.13976287841797,71.94908905029297,6.397571086883545,68.63814544677734,79.3333740234375,48.9288444519043,8.932348251342773,109.10353088378906,97.87398529052734,85.83343505859375,6.305838108062744,58.62565231323242,42.74832534790039,133.24937438964844,9.415782928466797,85.4691162109375,79.59867858886719,35.07944107055664,7.766829967498779,67.22427368164062,74.23919677734375,8.771002769470215,7.014737129211426,22.329378128051758,71.7863998413086,94.99976348876953,74.69434356689453,73.90961456298828,29.658193588256836,96.5,95.77042388916016,70.04808044433594,70.94315338134766,6.989782810211182,7.0696306228637695,42.98759078979492,,28.510866165161133,73.94808197021484,66.03378295898438,74.88980865478516,6.965799331665039,88.22198486328125,98.01895904541016,66.82856750488281,2.6035337448120117,7.182458877563477
2024-05-06,7.984372615814209,138.0526580810547,139.86277770996094,12.736234664916992,100.57752227783203,18.064891815185547,79.8270034790039,6.089784622192383,69.77887725830078,56.164093017578125,85.29806518554688,83.00053405761719,75.53734588623047,100.67671203613281,76.57861328125,69.02519226074219,72.97416687011719,6.413407802581787,68.38310241699219,78.99151611328125,49.57120132446289,8.924429893493652,107.66655731201172,97.9067611694336,85.8569107055664,6.227015018463135,57.46648025512695,43.03372573852539,133.74154663085938,9.391640663146973,84.60708618164062,79.80775451660156,34.66924285888672,7.766829967498779,67.6935043334961,75.5709457397461,8.635451316833496,6.929945468902588,22.29486656188965,73.67510223388672,94.85581970214844,74.60798645019531,73.53087615966797,29.518213272094727,96.5,95.69586181640625,70.3592300415039,70.56134033203125,6.974389553070068,7.076868057250977,42.641056060791016,,28.825136184692383,74.47702026367188,67.06819152832031,74.35596466064453,6.995922565460205,87.88131713867188,98.52561950683594,66.84386444091797,2.6109299659729004,7.1428656578063965
2024-05-07,8.023211479187012,138.27149963378906,139.19972229003906,12.737324714660645,100.41153717041016,18.037113189697266,79.84233093261719,6.070713520050049,69.91260528564453,56.42891311645508,85.5347671508789,83.14727020263672,75.90599060058594,99.86284637451172,76.59439086914062,69.21599578857422,72.42694091796875,6.381735801696777,68.63064575195312,79.34966278076172,50.03907775878906,8.932348251342773,107.57622528076172,98.02965545654297,85.88816833496094,6.305838108062744,57.49983215332031,43.15714645385742,133.23268127441406,9.25644302368164,83.64263916015625,79.94711303710938,34.1600341796875,7.766829967498779,67.4473648071289,77.90350341796875,8.655385971069336,6.922235012054443,22.198240280151367,74.02544403076172,94.10577392578125,74.4928207397461,74.02102661132812,29.479339599609375,96.5,95.5715560913086,70.3193359375,71.10352325439453,6.997482776641846,7.084105491638184,41.914974212646484,,28.576644897460938,74.578125,66.33035278320312,74.68389129638672,6.958268642425537,87.59547424316406,98.44518280029297,66.89733123779297,2.6035337448120117,7.134944915771484
2024-05-08,8.0154447555542,137.51405334472656,139.09901428222656,12.763493537902832,100.5360107421875,18.053455352783203,79.5740737915039,6.094552516937256,70.36888122558594,56.99533462524414,85.6490249633789,83.86461639404297,75.18505096435547,100.51396179199219,76.52338409423828,69.45263671875,71.92595672607422,6.381735801696777,69.13324737548828,79.42291259765625,50.09457015991211,8.9481840133667,107.31348419189453,97.38240051269531,85.8569107055664,6.297954082489014,57.49983215332031,43.650814056396484,133.04803466796875,9.373937606811523,83.9840316772461,80.32650756835938,34.40757369995117,7.766829967498779,67.33967590332031,77.84831237792969,8.635451316833496,6.945363521575928,22.12921142578125,73.96453094482422,94.24972534179688,74.3272705078125,74.26609802246094,29.619300842285156,96.5,96.25923919677734,70.3592300415039,70.64533996582031,7.043670177459717,7.098576545715332,43.07011032104492,,28.722824096679688,74.59368133544922,66.76437377929688,74.54662322998047,6.852840900421143,87.91596984863281,98.11544799804688,66.62994384765625,2.6109299659729004,7.158701419830322
2024-05-09,8.023211479187012,136.7987060546875,138.04147338867188,12.705703735351562,100.78496551513672,18.00198745727539,79.604736328125,6.075482368469238,69.98311614990234,57.01005935668945,85.55105590820312,83.48149108886719,75.02119445800781,100.51396179199219,76.01847076416016,69.46026611328125,72.41153717041016,6.342147350311279,68.55562591552734,79.42291259765625,49.886226654052734,8.916508674621582,107.14925384521484,96.88262176513672,85.56758117675781,6.258543491363525,57.25799560546875,44.11774826049805,132.49424743652344,9.254834175109863,83.6682357788086,80.1097183227539,33.86994552612305,7.766829967498779,67.25505065917969,77.21792602539062,8.633058547973633,6.860568046569824,22.54134178161621,73.53041076660156,94.0224380493164,74.64396667480469,74.39234924316406,29.80963706970215,96.5,96.44152069091797,69.85659790039062,70.00387573242188,7.020575523376465,7.116548538208008,45.751678466796875,,28.434476852416992,74.189208984375,65.96871185302734,74.44749450683594,6.664575099945068,88.11517333984375,97.70525360107422,66.60704040527344,2.6109304428100586,7.1428656578063965
2024-05-10,8.023211479187012,136.3611297607422,137.9071502685547,12.72424030303955,100.90943908691406,18.03384780883789,79.29048156738281,6.074686527252197,70.11825561523438,57.46614074707031,85.6816635131836,83.7178955078125,75.49639129638672,103.07766723632812,76.3104019165039,70.28465270996094,72.21884155273438,6.4292426109313965,69.02071380615234,79.35778045654297,49.028743743896484,8.940265655517578,106.82902526855469,97.38240051269531,85.70832061767578,6.345249652862549,58.0669059753418,43.853153228759766,132.11668395996094,9.311166763305664,83.54021453857422,80.75240325927734,33.69074630737305,7.766829967498779,67.4396743774414,75.4921646118164,8.70482063293457,6.883693218231201,22.42957305908203,74.5890121459961,94.15879821777344,74.47843170166016,74.7785415649414,29.77046012878418,96.5,97.17063903808594,69.51356506347656,70.40860748291016,7.020575523376465,7.152857780456543,46.18897247314453,,28.34576988220215,74.36034393310547,67.19837951660156,74.98894500732422,6.762473106384277,88.34613037109375,98.099365234375,67.08832550048828,2.6109304428100586,7.19829797744751
2024-05-13,7.961075305938721,135.17445373535156,136.471923828125,12.676259994506836,100.24557495117188,17.92110824584961,78.38605499267578,6.062768936157227,69.78443908691406,56.58158493041992,84.69409942626953,83.22879028320312,74.55419921875,100.38372039794922,75.85282897949219,69.65110778808594,72.17996215820312,6.249877452850342,68.28556823730469,78.99151611328125,48.72421646118164,8.908591270446777,106.00788116455078,96.67780303955078,85.58321380615234,6.219132900238037,57.474815368652344,43.30839538574219,131.235595703125,9.060881614685059,82.49041748046875,80.76788330078125,33.117279052734375,7.766829967498779,67.22427368164062,74.67261505126953,8.690470695495605,6.837442398071289,22.10825538635254,74.1396713256836,93.9466552734375,74.63678741455078,74.5986099243164,29.511932373046875,96.5,97.07122802734375,70.20763397216797,70.4468002319336,6.982086181640625,7.072975158691406,47.29460906982422,,28.449268341064453,74.23589324951172,67.05371856689453,74.87454223632812,6.785065174102783,88.70701599121094,98.00285339355469,67.07302856445312,2.6109304428100586,7.182458877563477
2024-05-14,7.945538520812988,135.26699829101562,135.59906005859375,12.647910118103027,100.11280822753906,17.925195693969727,78.54702758789062,6.028600215911865,69.70494079589844,56.12815856933594,84.55535125732422,83.06575775146484,74.43132019042969,99.48844146728516,76.12894439697266,68.99655151367188,71.86882781982422,6.178131580352783,68.2779769897461,78.86943054199219,47.89076232910156,8.884835243225098,106.46773529052734,96.27632904052734,85.4659423828125,6.093015670776367,56.55748748779297,43.22279357910156,131.7978057861328,9.097901344299316,81.65398406982422,80.6904525756836,33.117279052734375,7.827740669250488,66.52435302734375,74.3731689453125,8.652195930480957,6.81431770324707,22.00347900390625,73.073486328125,93.7951431274414,74.7807388305664,73.90135192871094,29.261234283447266,96.5,96.51610565185547,70.20763397216797,70.5537109375,6.966689109802246,7.1094183921813965,46.83253860473633,,28.212690353393555,74.09589385986328,66.9018325805664,74.8516616821289,6.845310211181641,88.45873260498047,98.00285339355469,66.8820571899414,2.588486433029175,7.174540042877197
2024-05-15,7.968840599060059,134.65267944335938,135.78367614746094,12.659903526306152,100.56919860839844,17.939085006713867,78.77649688720703,5.959469795227051,70.24542236328125,56.60387420654297,85.08587646484375,83.06575775146484,73.20238494873047,100.24535369873047,76.01060485839844,68.68855285644531,71.70550537109375,6.122329235076904,67.96672821044922,78.96711730957031,49.381343841552734,8.908591270446777,106.73870086669922,96.61225891113281,85.4659423828125,6.148192405700684,56.8994026184082,43.22279357910156,132.0830841064453,9.174355506896973,81.07360076904297,80.3962173461914,33.69074630737305,7.827740669250488,66.99356079101562,74.27861022949219,8.743890762329102,6.8297343254089355,22.40163230895996,73.25626373291016,93.825439453125,74.77352142333984,73.98381805419922,29.28473663330078,96.5,96.67353057861328,70.55868530273438,70.29405212402344,7.043670177459717,7.102074146270752,46.601524353027344,,28.471445083618164,74.63258361816406,66.65586853027344,74.6839370727539,6.905555248260498,88.92645263671875,98.00285339355469,67.04247283935547,2.6109304428100586,7.2220540046691895
2024-05-16,8.046509742736816,134.90516662597656,136.3879852294922,12.771129608154297,100.5609130859375,17.972578048706055,79.235595703125,6.002378940582275,70.58719635009766,56.299110412597656,85.06952667236328,83.483154296875,73.06311798095703,99.90354919433594,76.050048828125,68.68855285644531,71.01325988769531,6.2339348793029785,67.35942840576172,78.99151611328125,49.36532211303711,8.90067195892334,107.51876068115234,96.67780303955078,85.47373962402344,6.116662979125977,57.36640930175781,43.036006927490234,131.32789611816406,9.108266830444336,81.76496124267578,80.64398956298828,34.33588790893555,7.827740669250488,66.9166259765625,73.90034484863281,8.72475528717041,6.8297343254089355,22.555313110351562,73.24864196777344,93.83301544189453,74.86709594726562,73.63145446777344,29.37874412536621,96.5,95.94441986083984,70.6065444946289,70.92789459228516,7.082160949707031,7.1094183921813965,46.08171081542969,,28.671070098876953,74.65592193603516,66.78607940673828,74.7358169555664,6.973330020904541,89.00440979003906,97.96263122558594,67.51611328125,2.6034488677978516,7.245810031890869
2024-05-17,8.046509742736816,134.77896118164062,136.95872497558594,12.78203296661377,100.85965728759766,17.939899444580078,79.58758544921875,6.054027080535889,70.54747009277344,56.55185317993164,85.46947479248047,83.51600646972656,73.43179321289062,100.08260345458984,76.32616424560547,69.34307861328125,72.25775146484375,6.377425670623779,67.44291687011719,79.39846801757812,49.197025299072266,8.932348251342773,107.32991790771484,96.99732971191406,85.54412078857422,6.211250305175781,57.4581413269043,43.036006927490234,131.646728515625,9.094371795654297,82.25143432617188,80.992431640625,34.40757369995117,7.827740669250488,67.53196716308594,73.77427673339844,8.764625549316406,6.8759846687316895,22.771848678588867,73.6827392578125,94.23455810546875,74.8526840209961,74.14878845214844,29.339569091796875,96.5,96.5078353881836,70.8060073852539,70.90496826171875,7.136045932769775,7.12410831451416,45.68566131591797,,28.589744567871094,75.06038665771484,67.25625610351562,75.027587890625,6.995922565460205,89.47211456298828,97.95458984375,67.97447204589844,2.6034488677978516,7.237891674041748
2024-05-20,8.054275512695312,134.51803588867188,137.0678253173828,12.775422096252441,101.23307037353516,17.931734085083008,79.93956756591797,6.02939510345459,71.00049591064453,56.60387420654297,85.44497680664062,83.27783966064453,73.4072265625,99.84656524658203,76.37350463867188,69.51248168945312,72.18772888183594,6.3136515617370605,67.67826080322266,79.47986602783203,48.24338150024414,8.940265655517578,106.68942260742188,96.82528686523438,85.38772583007812,6.148192405700684,57.791717529296875,43.144962310791016,131.10134887695312,9.039379119873047,82.43920135498047,80.992431640625,34.020477294921875,7.827740669250488,67.47042846679688,73.5772705078125,8.72475528717041,6.860568046569824,22.380680084228516,73.32479095458984,94.09819030761719,74.78791809082031,74.0962905883789,29.300403594970703,96.5,97.3529281616211,70.542724609375,70.6377182006836,7.1514410972595215,7.131453037261963,46.230224609375,,28.656282424926758,74.9981460571289,66.06272888183594,74.85098266601562,6.988391399383545,89.10256958007812,97.72134399414062,68.63909912109375,2.6184113025665283,7.245810031890869
2024-05-21,8.023211479187012,134.23190307617188,136.37962341308594,12.747944831848145,100.80155944824219,17.938268661499023,79.57229614257812,5.983307361602783,71.04021453857422,56.343711853027344,85.25725555419922,83.03144073486328,73.24337005615234,98.27579498291016,76.20781707763672,69.51248168945312,72.33551025390625,6.393369674682617,67.76934814453125,78.78804016113281,47.71446228027344,8.916508674621582,107.54338836669922,96.7187728881836,85.30172729492188,6.124544620513916,58.36714172363281,42.997100830078125,131.1097412109375,9.029509544372559,82.19168853759766,81.49573516845703,33.90578842163086,7.827740669250488,67.28585052490234,75.20845031738281,8.754261016845703,6.837442398071289,22.317811965942383,73.27147674560547,94.09819030761719,74.79510498046875,73.64643859863281,29.151546478271484,96.5,97.02149963378906,70.08797454833984,70.86679077148438,7.159138202667236,7.131453037261963,46.19723129272461,,28.66368293762207,75.06038665771484,65.96871185302734,74.47478485107422,6.995922565460205,89.9167251586914,97.72134399414062,68.53213500976562,2.6109304428100586,7.245810031890869
2024-05-22,8.030975341796875,134.23190307617188,136.04393005371094,12.66991138458252,101.0920181274414,17.944801330566406,79.78653717041016,5.983307361602783,70.93690490722656,56.343711853027344,85.11849975585938,83.18750762939453,73.07131958007812,97.46190643310547,76.1999282836914,69.64337158203125,72.09440612792969,6.377425670623779,67.64031982421875,78.74735260009766,47.37787628173828,8.908591270446777,106.64836120605469,96.69418334960938,85.30172729492188,6.1876020431518555,57.9835205078125,43.129390716552734,130.9419403076172,8.990029335021973,82.19168853759766,81.39505767822266,33.48286437988281,7.827740669250488,67.53196716308594,76.2092514038086,8.735121726989746,6.837442398071289,22.1152400970459,73.11915588378906,94.08303833007812,74.7519302368164,73.54896545410156,29.14371681213379,96.5,96.63211059570312,70.22359466552734,70.51548767089844,7.174535274505615,7.146141529083252,45.79292678833008,,28.515804290771484,74.84259796142578,66.01209259033203,74.47478485107422,6.950736999511719,89.08235168457031,97.53633880615234,67.95156860351562,2.6109304428100586,7.206216812133789
2024-05-23,8.054275512695312,133.9794158935547,135.86769104003906,12.680903434753418,100.66877746582031,17.927648544311523,79.9242935180664,5.94516658782959,70.78588104248047,56.343711853027344,84.78387451171875,83.00680541992188,72.71903991699219,97.33169555664062,76.3656234741211,69.62030029296875,71.09103393554688,6.345539093017578,67.39736938476562,78.17760467529297,46.48033142089844,8.884835243225098,106.3034896850586,96.10428619384766,85.20787048339844,6.179720401763916,57.04117202758789,42.452327728271484,130.32936096191406,8.998254776000977,81.97833251953125,80.91500854492188,33.525875091552734,7.827740669250488,66.92431640625,74.79869079589844,8.746284484863281,6.845150470733643,22.10825538635254,72.77644348144531,93.93907928466797,74.4928207397461,73.08415222167969,29.065372467041016,96.5,95.43072509765625,70.21562194824219,70.51548767089844,7.066762924194336,7.146141529083252,45.3803825378418,,28.478837966918945,74.90480041503906,65.8746566772461,74.47478485107422,6.965799331665039,88.77920532226562,95.28435516357422,68.24183654785156,2.595968008041382,7.206216812133789
2024-05-24,8.023211479187012,134.2487335205078,135.80050659179688,12.710576057434082,100.99242401123047,17.898237228393555,80.06460571289062,5.951524257659912,70.4361801147461,56.49238967895508,84.80020141601562,83.00680541992188,72.82553100585938,96.517822265625,75.99483489990234,70.53663635253906,71.65105438232422,6.385398864746094,68.0958023071289,78.78804016113281,46.496360778808594,8.90067195892334,106.41845703125,96.26815032958984,85.2235336303711,6.195486068725586,58.14196014404297,42.670249938964844,130.71534729003906,9.007302284240723,82.19168853759766,80.69817352294922,33.53303527832031,7.827740669250488,66.96279907226562,74.76715850830078,8.787747383117676,6.899110317230225,22.13619613647461,73.04301452636719,94.0678939819336,74.61518859863281,73.06916046142578,29.14371681213379,96.5,96.93864440917969,69.36992645263672,70.82861328125,7.120650768280029,7.131453037261963,45.264869689941406,,28.464054107666016,75.06038665771484,65.88912963867188,74.65676879882812,6.965799331665039,88.99861907958984,96.70791625976562,68.64673614501953,2.6034488677978516,7.190377712249756
2024-05-27,8.0154447555542,134.65267944335938,135.80050659179688,12.608366012573242,100.41153717041016,17.809192657470703,80.47083282470703,5.951524257659912,70.33287048339844,56.30655288696289,84.55535125732422,82.94110107421875,72.14552307128906,96.55850219726562,76.2393798828125,69.62798309326172,71.16880798339844,6.3136515617370605,69.2648696899414,78.78804016113281,46.239925384521484,8.884835243225098,106.31169128417969,96.06331634521484,85.20008087158203,6.13242769241333,58.200340270996094,42.86479949951172,129.8678741455078,9.013882637023926,81.09066772460938,81.30216217041016,33.389678955078125,7.827740669250488,66.7166748046875,73.81365203857422,8.763827323913574,6.8297343254089355,21.863773345947266,73.66751098632812,93.61250305175781,74.50721740722656,73.15910339355469,29.182889938354492,96.5,96.19297790527344,70.12786102294922,70.47733306884766,7.14374303817749,7.12410831451416,44.55528259277344,,28.48624038696289,75.03704833984375,65.81678771972656,74.69527435302734,6.958268642425537,88.75321197509766,97.31919860839844,67.83695220947266,2.6109304428100586,7.182458877563477
2024-05-28,7.999908447265625,134.3328857421875,135.12905883789062,12.507251739501953,100.39493560791016,17.85004234313965,79.66603088378906,5.919741153717041,70.32490539550781,56.120731353759766,84.84101104736328,81.98020935058594,70.95758819580078,96.1190185546875,76.57073974609375,70.19013214111328,70.35210418701172,6.377425670623779,68.37667846679688,78.3810806274414,46.23190689086914,8.829402923583984,105.95040893554688,95.8748779296875,85.06713104248047,6.156074047088623,57.92512893676758,42.7558479309082,129.0959014892578,9.006479263305664,80.3310546875,81.30216217041016,33.712242126464844,7.827740669250488,66.8935775756836,73.28570556640625,8.804489135742188,6.883693218231201,21.72406768798828,73.7360610961914,92.67355346679688,74.57919311523438,72.72427368164062,29.026201248168945,96.5,95.48870849609375,69.56939697265625,70.56134033203125,7.11295223236084,7.131453037261963,43.56515884399414,,28.464054107666016,74.85814666748047,64.9560317993164,74.59517669677734,6.905555248260498,88.09207153320312,97.30311584472656,67.53137969970703,2.6109304428100586,7.150784015655518
2024-05-29,8.0154447555542,134.77896118164062,135.8256378173828,12.519341468811035,100.67710876464844,17.857391357421875,80.07994842529297,5.9459614753723145,70.93690490722656,55.697021484375,84.2288818359375,82.86719512939453,70.68722534179688,95.83415985107422,76.57073974609375,70.06692504882812,70.5699234008789,6.289735794067383,68.31595611572266,78.78804016113281,46.247928619384766,8.892752647399902,106.72225952148438,95.3669204711914,85.15314483642578,6.211250305175781,57.44144821166992,43.11383056640625,129.4903106689453,9.0114164352417,80.42494201660156,81.30216217041016,33.55454635620117,7.827740669250488,67.16277313232422,73.44331359863281,8.82681941986084,6.868276596069336,21.549434661865234,74.17776489257812,93.75054931640625,74.67277526855469,73.18159484863281,28.7363338470459,96.5,95.24015808105469,69.25025939941406,70.43914794921875,7.189931869506836,7.168176174163818,45.355628967285156,,28.464054107666016,74.71814727783203,64.79688262939453,74.76457214355469,6.913086414337158,88.38656616210938,97.13420867919922,67.41680908203125,2.6109304428100586,7.182458877563477
2024-05-31,8.0154447555542,134.69480895996094,137.14340209960938,12.51494312286377,101.17499542236328,17.85004234313965,80.07994842529297,5.967416286468506,71.13561248779297,56.343711853027344,85.57555389404297,82.86719512939453,72.58792114257812,96.1190185546875,76.44450378417969,69.97451782226562,70.02543640136719,6.417285919189453,68.80941009521484,78.74735260009766,49.4294319152832,8.924429893493652,106.62374114990234,95.32595825195312,85.15314483642578,6.195486068725586,58.016876220703125,42.958187103271484,129.2217254638672,9.046783447265625,81.64544677734375,81.48799896240234,34.03481674194336,7.827740669250488,67.17814636230469,73.28570556640625,8.822831153869629,6.868276596069336,22.00347900390625,74.71086883544922,94.10954284667969,74.8526840209961,73.56398010253906,28.830339431762695,96.5,96.19297790527344,69.19441223144531,70.4620590209961,7.082160949707031,7.212239742279053,44.431514739990234,,28.523197174072266,75.02149200439453,65.20917510986328,74.7337646484375,6.935677528381348,88.92356872558594,97.20658874511719,68.1348876953125,2.6034488677978516,7.2220540046691895
2024-06-03,8.046690940856934,134.90647888183594,135.867431640625,12.529231071472168,99.42627716064453,17.854156494140625,80.2469482421875,5.941773891448975,70.85741424560547,56.29168701171875,84.76972198486328,82.86719512939453,71.80433654785156,95.03754425048828,76.08654022216797,69.97451782226562,70.54657745361328,6.305680274963379,68.52091217041016,78.3780288696289,47.40192794799805,8.892752647399902,106.43510437011719,94.9132080078125,85.37039184570312,6.076341152191162,57.647396087646484,42.43677520751953,130.7405242919922,9.030333518981934,82.82273864746094,80.84727478027344,33.86277770996094,7.827740669250488,66.92167663574219,72.96774291992188,8.7689208984375,6.852701187133789,21.116355895996094,73.9114990234375,94.42743682861328,74.97376251220703,74.3362045288086,28.66582679748535,96.5,96.65223693847656,68.72791290283203,70.4697494506836,7.027663230895996,7.190207481384277,42.92158508300781,,28.39750862121582,74.62879180908203,65.33341217041016,74.70298767089844,6.9744672775268555,90.50578308105469,97.41737365722656,68.01918029785156,2.6109304428100586,7.227452754974365
2024-06-04,8.01531982421875,134.1019744873047,136.4420623779297,12.525936126708984,97.95366668701172,17.70591926574707,80.15408325195312,5.927350044250488,70.74615478515625,56.02409362792969,85.41931915283203,82.86719512939453,72.15901947021484,95.62745666503906,76.04676055908203,70.48274230957031,70.94322204589844,6.202046871185303,69.19656372070312,78.46007537841797,47.12144470214844,8.852840423583984,106.20369720458984,94.10425567626953,85.2994384765625,6.020740032196045,57.101566314697266,42.74027633666992,129.34764099121094,8.971111297607422,81.7485580444336,80.79258728027344,33.54737854003906,7.827740669250488,66.80512237548828,72.58621978759766,8.7689208984375,6.837129592895508,21.067455291748047,73.85000610351562,94.79508972167969,74.88639068603516,74.54612731933594,28.540468215942383,96.5,96.25978088378906,68.56704711914062,70.8010025024414,6.996603488922119,7.234275817871094,42.24501037597656,,28.427091598510742,74.62879180908203,65.28955078125,75.04178619384766,6.959253311157227,90.30838012695312,97.23090362548828,67.38655090332031,2.6034488677978516,7.211466312408447
2024-06-05,8.002869606018066,133.79710388183594,135.79139709472656,12.429219245910645,97.63573455810547,17.638385772705078,80.15408325195312,5.8536295890808105,70.68257141113281,55.77135467529297,85.13976287841797,82.86719512939453,69.92362976074219,95.15222930908203,76.03089141845703,70.62135314941406,70.865478515625,6.138272285461426,68.86254119873047,78.78837585449219,46.88103103637695,8.812926292419434,105.78218841552734,94.21156311035156,85.14964294433594,5.941311359405518,56.59773635864258,42.07878494262695,129.97695922851562,8.948904991149902,80.84626007080078,81.27702331542969,33.50436019897461,7.827740669250488,67.27141571044922,74.89926147460938,8.696503639221191,6.9305739402771,21.053485870361328,72.99681091308594,94.23593139648438,74.69709014892578,74.67357635498047,28.368122100830078,96.5,97.08644104003906,68.76813507080078,70.46206665039062,7.027663230895996,7.3003740310668945,41.584930419921875,,28.3901309967041,74.62093353271484,63.85735321044922,75.04949188232422,6.94404411315918,90.20095825195312,97.63623809814453,66.91602325439453,2.6034488677978516,7.235448360443115
2024-06-06,7.995042324066162,134.61009216308594,136.19700622558594,12.45119857788086,97.05001068115234,17.541210174560547,80.06121826171875,5.881675720214844,70.32490539550781,55.5037727355957,85.2630844116211,82.7440185546875,69.61843872070312,95.16044616699219,76.4683609008789,70.44425201416016,71.04436492919922,6.162187576293945,68.39945220947266,79.37108612060547,46.88103103637695,8.836873054504395,105.83177947998047,94.10425567626953,85.15753173828125,5.965139865875244,56.69849395751953,42.46790313720703,128.9197235107422,8.953839302062988,80.77753448486328,81.57392883300781,33.60472106933594,7.827740669250488,66.836181640625,73.90570068359375,8.697308540344238,6.985084533691406,21.053485870361328,72.98145294189453,94.21297454833984,74.57329559326172,73.97633361816406,28.469959259033203,96.5,98.07173919677734,68.76813507080078,70.45436096191406,7.07425594329834,7.285688400268555,42.97110366821289,,28.3901309967041,74.84085083007812,63.2070198059082,75.03409576416016,6.9744672775268555,89.55355834960938,97.67676544189453,66.59200286865234,2.6034488677978516,7.235448360443115
2024-06-07,7.9793782234191895,134.82180786132812,136.2476806640625,12.435815811157227,96.96634674072266,17.476160049438477,80.71125030517578,5.849623203277588,69.54598236083984,55.13954544067383,85.27953338623047,82.31694793701172,69.89061737060547,95.03754425048828,76.47632598876953,69.26606750488281,70.67878723144531,6.146244049072266,69.0371322631836,79.91276550292969,46.568485260009766,8.860822677612305,105.79045104980469,93.48513793945312,85.08656311035156,5.941311359405518,56.27023696899414,42.6935920715332,128.21055603027344,8.98098087310791,80.93222045898438,81.40986633300781,33.63338851928711,7.827740669250488,67.1703872680664,72.57032012939453,8.713400840759277,7.070743560791016,20.98363494873047,72.91996765136719,94.25891876220703,74.73348236083984,73.99131774902344,28.462133407592773,96.5,98.47254943847656,68.92094421386719,70.7933120727539,7.050960063934326,7.3003740310668945,41.947975158691406,,28.427091598510742,74.87225341796875,63.199729919433594,74.9339828491211,6.966861724853516,89.48967742919922,97.47411346435547,65.88224029541016,2.6258926391601562,7.251438140869141
2024-06-10,7.963719367980957,133.7632598876953,135.90969848632812,12.356681823730469,96.33879089355469,17.514860153198242,80.40170288085938,5.833596706390381,68.92929077148438,55.176700592041016,84.94241333007812,82.48118591308594,69.78340911865234,94.46405029296875,76.36495208740234,68.38050842285156,70.46878051757812,6.114357948303223,69.31043243408203,79.46957397460938,46.34962844848633,8.82090950012207,105.73258209228516,94.04647827148438,84.90523529052734,5.925424575805664,54.59077835083008,42.253780364990234,126.61498260498047,8.970287322998047,79.25647735595703,81.6520767211914,31.214452743530273,7.827740669250488,68.9267807006836,71.39395141601562,8.699723243713379,6.9305739402771,20.6729736328125,72.28968811035156,93.63850402832031,74.73348236083984,73.62395477294922,28.06175994873047,96.5,97.03632354736328,68.71182250976562,71.00899505615234,7.043196201324463,7.344440460205078,41.34565353393555,,29.362197875976562,74.61309051513672,61.745582580566406,74.88008117675781,6.921226501464844,89.66387176513672,97.31197357177734,66.07510375976562,2.6031904220581055,7.267427921295166
2024-06-11,7.955888271331787,133.94952392578125,135.2928466796875,12.324808120727539,95.51883697509766,17.531328201293945,80.564208984375,5.769491672515869,68.21752166748047,54.92396545410156,84.9835205078125,82.0130615234375,69.6844253540039,94.05439758300781,76.37291717529297,68.22647857666016,70.4299087524414,6.178131580352783,68.7031021118164,78.78837585449219,46.171295166015625,8.82090950012207,105.37718963623047,93.44388580322266,84.35333251953125,5.853940010070801,54.792327880859375,42.379432678222656,124.09923553466797,8.962886810302734,78.09636688232422,81.40204620361328,30.359853744506836,7.827740669250488,68.1573715209961,71.13959503173828,8.665122985839844,6.868276119232178,20.46821403503418,72.19744110107422,93.72274017333984,74.6460952758789,72.91169738769531,27.89594841003418,96.5,95.81722259521484,68.70377349853516,71.05521392822266,7.019898891448975,7.293030261993408,43.721927642822266,,29.504322052001953,74.6523666381836,61.8332633972168,74.82618713378906,6.906014442443848,90.28804016113281,97.47411346435547,66.30654907226562,2.572920799255371,7.235448360443115
2024-06-12,7.94022798538208,133.3821258544922,135.09848022460938,12.209405899047852,94.12989807128906,17.51650619506836,80.74993896484375,5.739842414855957,68.16954040527344,54.556060791015625,84.1859130859375,81.55313873291016,68.93379211425781,92.41584014892578,76.36495208740234,68.68855285644531,70.35138702392578,5.965369701385498,68.32351684570312,78.42725372314453,46.171295166015625,8.749065399169922,105.37718963623047,92.04055786132812,83.49394989013672,5.742737770080566,54.45642852783203,41.491943359375,123.24654388427734,8.948904991149902,77.76985168457031,80.87069702148438,30.417795181274414,7.827740669250488,67.76103973388672,69.94731903076172,8.680412292480469,6.829341888427734,20.447038650512695,71.45954895019531,94.21297454833984,74.55874633789062,72.75269317626953,27.698551177978516,96.5,94.6482162475586,67.95578002929688,70.56220245361328,7.027663230895996,7.226930618286133,43.58992385864258,,29.392112731933594,74.62093353271484,61.0148811340332,74.83390045166016,6.860379219055176,90.28804016113281,97.36062622070312,65.95939636230469,2.572920799255371,7.219460487365723
2024-06-13,7.948058128356934,132.18801879882812,133.518310546875,11.987398147583008,92.41464233398438,17.377328872680664,80.71125030517578,5.702179908752441,67.56974792480469,54.398380279541016,83.50338745117188,81.38888549804688,67.88621520996094,91.59654235839844,75.79222106933594,67.52301025390625,69.79390716552734,5.764650344848633,67.72663116455078,77.91021728515625,45.87948989868164,8.701168060302734,104.16226196289062,90.73628997802734,83.04454803466797,5.647423267364502,53.700679779052734,41.35057830810547,122.41080474853516,8.933274269104004,76.58397674560547,80.72225952148438,30.23674201965332,7.887584686279297,67.27141571044922,70.09832763671875,8.620063781738281,6.829341888427734,20.334075927734375,70.81391143798828,94.0827407836914,74.26751708984375,72.4649887084961,27.50116539001465,96.5,93.35395050048828,67.19169616699219,70.80872344970703,7.035429954528809,7.204363822937012,44.390254974365234,,29.384634017944336,74.69161987304688,62.169403076171875,74.67988586425781,6.883195877075195,89.23711395263672,97.1984634399414,66.19082641601562,2.519948720932007,7.171490669250488
2024-06-14,7.983949661254883,131.8154296875,134.7689208984375,12.184131622314453,93.70317077636719,17.425920486450195,80.47134399414062,5.737438678741455,68.33747100830078,54.48097610473633,84.42435455322266,81.3067855834961,67.63876342773438,93.06304168701172,76.00698852539062,67.75611877441406,70.8538818359375,5.772679805755615,68.26231384277344,78.25491333007812,46.01728439331055,8.669234275817871,105.0466079711914,90.70327758789062,83.2179946899414,5.7268524169921875,55.002254486083984,41.57048797607422,123.24654388427734,8.970287322998047,77.89875793457031,80.87069702148438,30.410552978515625,7.887584686279297,67.62112426757812,70.65473175048828,8.786622047424316,6.868276119232178,20.454099655151367,71.39806365966797,94.28955841064453,74.61699676513672,73.05555725097656,27.48536491394043,96.5,93.3790054321289,66.99866485595703,71.10143280029297,7.004368305206299,7.286064147949219,44.55528259277344,,29.175168991088867,74.84085083007812,62.702823638916016,74.70298767089844,6.83756160736084,89.41710662841797,98.09021759033203,65.9362564086914,2.5123815536499023,7.187478065490723
2024-06-17,7.96042013168335,130.46044921875,134.1774444580078,12.098405838012695,96.00413513183594,17.431686401367188,80.44812774658203,5.63727331161499,69.06524658203125,54.368350982666016,84.31746673583984,81.12320709228516,67.7624740600586,92.99752807617188,76.18199920654297,68.13684844970703,71.10514831542969,5.764650344848633,67.72663116455078,77.38495635986328,45.79841613769531,8.629324913024902,104.92265319824219,90.80235290527344,83.1943359375,5.679194927215576,54.809104919433594,40.61231231689453,123.29721069335938,8.985918045043945,77.72688293457031,81.27702331542969,30.272951126098633,7.887584686279297,67.52787780761719,69.5578384399414,8.730300903320312,6.860489845275879,20.34113311767578,70.9983901977539,93.82997131347656,74.57329559326172,73.31299591064453,27.374828338623047,96.5,92.31853485107422,66.99061584472656,70.40812683105469,7.058726787567139,7.315774917602539,45.79292678833008,,28.875932693481445,74.84870147705078,62.571292877197266,74.89550018310547,6.913620471954346,89.41710662841797,97.6686782836914,65.84367370605469,2.4518420696258545,7.1954731941223145
2024-06-18,7.96042013168335,130.26568603515625,133.98309326171875,12.100601196289062,96.20494079589844,17.484390258789062,80.5100326538086,5.753463268280029,69.25719451904297,54.180641174316406,84.32569885253906,80.2790298461914,67.56452941894531,93.00569915771484,76.3251724243164,69.31792449951172,70.66545104980469,5.804795265197754,67.65010833740234,76.05538177490234,45.63630294799805,8.581426620483398,104.96394348144531,91.43795776367188,82.94205474853516,5.607708930969238,55.17020034790039,40.59660339355469,123.08617401123047,8.986740112304688,77.36595153808594,80.87854766845703,30.229503631591797,7.887584686279297,67.24032592773438,70.55935668945312,8.684432983398438,6.883851528167725,20.27052879333496,71.0214614868164,94.12870788574219,74.44953155517578,73.55525970458984,27.00372314453125,96.5,92.34358978271484,67.11930847167969,70.10771942138672,6.996603488922119,7.271209716796875,45.29787063598633,,28.726329803466797,74.63665008544922,62.878211975097656,74.89550018310547,6.791929721832275,88.85389709472656,97.23902893066406,66.03653717041016,2.406437397003174,7.1954731941223145
2024-06-19,7.929050922393799,130.07086181640625,133.76344299316406,12.182600975036621,94.96662139892578,17.40945053100586,80.64160919189453,5.698173999786377,69.39311981201172,54.24070739746094,84.144775390625,81.0239028930664,67.58927154541016,93.80860137939453,76.40472412109375,69.01488494873047,70.63404846191406,5.780708312988281,67.91793823242188,76.76942443847656,45.55523681640625,8.6612548828125,104.55899047851562,91.52051544189453,83.02088928222656,5.552107810974121,55.019039154052734,40.13322830200195,122.8244857788086,8.966024398803711,77.03083038330078,81.48017883300781,29.59941291809082,7.887584686279297,67.07713317871094,72.33983612060547,8.641786575317383,6.868276119232178,20.150501251220703,70.7370376586914,93.37042236328125,74.41312408447266,73.74454498291016,26.99582290649414,96.5,93.27044677734375,66.1139144897461,70.63923645019531,7.0121331214904785,7.3380537033081055,45.3803825378418,,28.57670783996582,74.6523666381836,63.19240188598633,74.94996643066406,6.7767181396484375,90.10514068603516,97.23902893066406,66.0982437133789,2.3988699913024902,7.211466312408447
2024-06-20,7.944735050201416,129.89303588867188,133.29861450195312,12.164864540100098,95.88699340820312,17.417682647705078,80.61064910888672,5.68936014175415,69.44112396240234,54.32330322265625,83.38006591796875,81.35493469238281,67.35005187988281,95.45538330078125,76.41268920898438,69.00711059570312,70.64189910888672,5.901138782501221,67.98681640625,76.32622528076172,45.79841613769531,8.605374336242676,104.88957977294922,92.86602020263672,82.86321258544922,5.536221027374268,54.909881591796875,40.054691314697266,122.59651947021484,8.962711334228516,76.35198211669922,81.7770767211914,29.44731903076172,7.887584686279297,67.25587463378906,73.50031280517578,8.651444435119629,6.860489845275879,20.143444061279297,70.7293701171875,93.72274017333984,74.3621597290039,73.77484130859375,26.845802307128906,96.5,93.18695831298828,65.71176147460938,70.9396743774414,7.07425594329834,7.390044689178467,46.20548629760742,,28.614107131958008,74.66020965576172,61.39485168457031,75.01215362548828,6.7767181396484375,89.58837890625,97.27955627441406,66.298828125,2.444274425506592,7.187478065490723
2024-06-21,7.944735050201416,129.5288543701172,131.4396209716797,12.63478946685791,95.3096694946289,17.438274383544922,80.71125030517578,5.68936014175415,68.93730163574219,54.180641174316406,79.77021789550781,79.42658233642578,67.63876342773438,94.95564270019531,76.64337158203125,69.5044174194336,70.84605407714844,5.860995769500732,67.0455322265625,76.9007339477539,45.84706115722656,8.653271675109863,104.96394348144531,92.04055786132812,82.62669372558594,5.528278827667236,55.19538497924805,39.70126724243164,121.904296875,8.97430419921875,76.48082733154297,81.0269775390625,29.041751861572266,7.887584686279297,67.55894470214844,73.42876434326172,8.68121337890625,6.9305739402771,20.023414611816406,70.71399688720703,94.36615753173828,74.5223388671875,73.44927215576172,27.153743743896484,96.5,92.52728271484375,66.16219329833984,71.07832336425781,7.07425594329834,7.397470951080322,46.378746032714844,,28.56174659729004,74.67591857910156,61.58483123779297,75.0510482788086,6.799534797668457,89.12678527832031,97.23902893066406,66.44540405273438,2.4367074966430664,7.171490669250488
2024-06-24,7.99179220199585,129.30020141601562,133.323974609375,12.467436790466309,95.25108337402344,17.106388092041016,80.59516143798828,5.677339553833008,69.3211669921875,54.248207092285156,80.00868225097656,79.94799041748047,67.49029541015625,94.7262191772461,76.36495208740234,69.3101577758789,70.66545104980469,5.973398685455322,66.56341552734375,77.0402603149414,45.57146453857422,8.63730525970459,104.83997344970703,92.61839294433594,82.49266052246094,5.504450798034668,54.24649429321289,39.764102935791016,120.7224349975586,8.96353816986084,76.71286010742188,81.26139831542969,28.98381233215332,7.887584686279297,67.31804656982422,74.47797393798828,8.585464477539062,6.876064777374268,19.95986557006836,70.7370376586914,93.30148315429688,74.51506805419922,73.15399169921875,27.10636329650879,96.5,92.40203857421875,67.96382141113281,70.82414245605469,7.167441368103027,7.412326335906982,44.42936325073242,,28.659000396728516,73.86695098876953,61.41676330566406,75.01992797851562,6.8147454261779785,89.01067352294922,97.25523376464844,65.95939636230469,2.406437397003174,7.1954731941223145
2024-06-25,7.96042013168335,131.2649688720703,134.3379669189453,12.373230934143066,96.50614166259766,17.294153213500977,80.92790222167969,5.629260063171387,68.47344207763672,53.82773971557617,80.88851165771484,80.38663482666016,67.85322570800781,94.95564270019531,76.3251724243164,68.93718719482422,70.83820343017578,6.013542175292969,66.72410583496094,77.08950805664062,46.09022903442383,8.653271675109863,105.66644287109375,93.36132049560547,82.5872573852539,5.4965081214904785,54.35566711425781,39.30857467651367,118.4261245727539,8.97927188873291,77.31439971923828,81.12075805664062,29.041751861572266,7.887584686279297,67.34912872314453,74.16004943847656,8.588679313659668,6.883851528167725,19.9739933013916,71.55948638916016,93.0716781616211,74.63155364990234,73.40384674072266,27.074790954589844,96.5,93.52094268798828,66.75737762451172,70.6777572631836,7.082019805908203,7.412326335906982,43.59154510498047,,28.629070281982422,74.00833129882812,61.899024963378906,75.00440216064453,6.860379219055176,89.19935607910156,97.26335144042969,65.85140228271484,2.3988699913024902,7.219460487365723
2024-06-26,7.96042013168335,133.1280517578125,135.06468200683594,12.321136474609375,97.21736907958984,17.21015167236328,81.71721649169922,5.621246814727783,68.68135070800781,53.655052185058594,81.669677734375,80.9328384399414,68.08419036865234,95.1932144165039,76.34904479980469,70.04054260253906,71.0030746459961,6.005513668060303,67.03787231445312,77.3274917602539,46.446895599365234,8.605374336242676,106.1871566772461,93.3117904663086,82.59515380859375,5.480621814727783,54.19611740112305,39.544185638427734,119.17748260498047,8.968505859375,77.55500793457031,81.31610107421875,28.317520141601562,7.887584686279297,67.4656982421875,73.92156982421875,8.633740425109863,6.891638278961182,19.846904754638672,71.81314086914062,93.06402587890625,74.94464874267578,73.46441650390625,27.145849227905273,96.5,95.26609802246094,66.34716033935547,70.32339477539062,7.128613471984863,7.419753551483154,42.538047790527344,,29.354713439941406,73.82768249511719,61.77482223510742,75.01992797851562,6.883195877075195,89.12387084960938,97.3525161743164,66.11368560791016,2.421572208404541,7.211466312408447
2024-06-27,7.99179220199585,134.90647888183594,136.98284912109375,12.413129806518555,97.01652526855469,17.236509323120117,82.0190200805664,5.649292945861816,68.06558227539062,53.835262298583984,82.04795837402344,81.71907806396484,70.18758392333984,96.65155792236328,76.51609802246094,70.09494018554688,71.69400787353516,6.005513668060303,66.83123779296875,78.30416870117188,46.98188018798828,8.645289421081543,106.82353973388672,93.36957550048828,82.68187713623047,5.488564968109131,54.909881591796875,39.575599670410156,121.79451751708984,8.975958824157715,77.55500793457031,81.6520767211914,28.40442657470703,7.887584686279297,68.03302764892578,73.92156982421875,8.661101341247559,6.9305739402771,20.044597625732422,72.38191986083984,92.71934509277344,74.76262664794922,73.74454498291016,27.02741813659668,96.5,94.62316131591797,66.74127197265625,70.60073852539062,7.151909828186035,7.442033767700195,42.18134307861328,,29.070438385009766,73.64704132080078,61.81864929199219,75.36213684082031,6.898407936096191,89.97740173339844,97.23090362548828,66.39911651611328,2.421572208404541,7.211466312408447
2024-06-28,8.031004905700684,135.2029266357422,137.01663208007812,12.496252059936523,97.35122680664062,17.439922332763672,82.02676391601562,5.68936014175415,68.52141571044922,54.23320388793945,82.13017272949219,82.55499267578125,68.90906524658203,97.78217315673828,76.60360717773438,70.70878601074219,71.85106658935547,5.973398685455322,67.52764129638672,79.89632415771484,47.40339660644531,8.653271675109863,107.14588165283203,93.7162857055664,82.94205474853516,5.5600504875183105,56.009925842285156,40.07040786743164,123.84593963623047,8.97927188873291,79.28226470947266,81.88648223876953,28.6217041015625,7.887584686279297,69.03556060791016,74.98668670654297,8.76972770690918,7.008443832397461,20.39761734008789,72.7892837524414,92.84954071044922,74.9956283569336,74.1988296508789,27.540639877319336,96.5,93.20364379882812,67.07103729248047,71.61756134033203,7.1441450119018555,7.456889629364014,42.08180618286133,,29.294862747192383,73.59992218017578,61.59943771362305,75.84432983398438,6.906014442443848,89.97740173339844,98.88467407226562,67.11659240722656,2.4140045642852783,7.243446350097656
2024-07-01,8.007247924804688,134.72564697265625,134.88119506835938,12.393179893493652,92.17604064941406,17.500539779663086,81.47666931152344,5.691783428192139,68.86531066894531,53.97039794921875,82.13017272949219,81.79358673095703,69.05868530273438,96.28868103027344,76.10601806640625,69.93177032470703,72.1180191040039,5.901138782501221,67.22154998779297,77.94341278076172,46.633331298828125,8.733098030090332,105.68384552001953,92.89274597167969,82.97772979736328,5.568062782287598,53.793888092041016,39.98400115966797,118.61186218261719,8.959396362304688,78.39952850341797,81.53166961669922,28.723094940185547,7.887584686279297,68.10914611816406,74.20148468017578,8.556146621704102,6.937652111053467,20.574125289916992,72.1684799194336,92.93476104736328,74.88239288330078,73.933837890625,27.88805389404297,96.5,90.82135772705078,66.12203216552734,71.13529968261719,7.096932888031006,7.419753551483154,42.54634475708008,,29.00312042236328,74.4090576171875,60.73611068725586,75.49436950683594,6.91446590423584,89.6621322631836,98.20584869384766,66.39079284667969,2.4291393756866455,7.248894691467285
2024-07-02,7.999326705932617,133.20021057128906,135.27256774902344,12.197006225585938,93.10316467285156,17.53042984008789,81.3595199584961,5.6659135818481445,68.36946868896484,53.99294662475586,81.45889282226562,82.00048828125,69.95653533935547,95.06069946289062,75.8171157836914,69.42669677734375,72.43209838867188,5.8449387550354,67.05317687988281,77.06623077392578,46.03349685668945,8.719412803649902,105.78398132324219,91.39540100097656,82.8184585571289,5.519992828369141,52.41520309448242,39.11222457885742,117.4805908203125,8.959396362304688,78.38224029541016,81.61051177978516,28.896909713745117,7.887584686279297,67.38682556152344,73.31212615966797,8.461943626403809,6.866860389709473,20.623554229736328,71.58647155761719,92.02863311767578,74.21936798095703,73.82025146484375,27.809101104736328,96.5,90.66983795166016,65.93548583984375,70.70746612548828,7.08909273147583,7.464314937591553,42.22283172607422,,29.175168991088867,73.75859069824219,60.499977111816406,75.39324188232422,6.868370056152344,89.61834716796875,98.13226318359375,66.74195861816406,2.4291393756866455,7.232753753662109
2024-07-03,8.007247924804688,132.007080078125,134.88119506835938,12.27237319946289,93.2296142578125,17.632572174072266,81.00797271728516,5.656210422515869,67.92961120605469,54.03047180175781,81.84009552001953,83.42400360107422,70.7878646850586,95.6332015991211,75.9294662475586,70.31249237060547,71.76470947265625,5.8128228187561035,67.12973022460938,75.5684585571289,45.79841613769531,8.83212947845459,105.71721649169922,92.66815185546875,82.96975708007812,5.431865215301514,52.922706604003906,39.30857467651367,115.23501586914062,8.951116561889648,77.22256469726562,81.9259033203125,29.128665924072266,7.887584686279297,67.5202865600586,72.17439270019531,8.461943626403809,6.858994483947754,20.496461868286133,70.9268798828125,91.25418853759766,74.14570617675781,73.60069274902344,27.588008880615234,96.5,89.3398208618164,65.70025634765625,70.54411315917969,7.073409557342529,7.404898643493652,43.09382629394531,,29.347230911254883,73.7665023803711,60.00559997558594,75.30770874023438,6.883736610412598,89.61834716796875,98.13226318359375,66.8824462890625,2.4367074966430664,7.224679470062256
2024-07-04,8.03892707824707,131.92190551757812,136.080810546875,12.523961067199707,95.55590057373047,17.75381088256836,81.2501220703125,5.663486480712891,68.2655029296875,54.51100540161133,83.20756530761719,83.5895004272461,72.35074615478516,96.16423797607422,75.78498840332031,70.07161712646484,72.22010040283203,5.885082244873047,67.5965347290039,76.54491424560547,46.46310806274414,8.880434036254883,106.51827239990234,93.53326416015625,83.41570281982422,5.423853874206543,52.981910705566406,39.33998107910156,115.15057373046875,8.975130081176758,78.76300811767578,81.9259033203125,29.30247688293457,7.887584686279297,68.30540466308594,73.28008270263672,8.437581062316895,6.843263149261475,20.61648941040039,71.16742706298828,92.32292938232422,73.89523315429688,73.36600494384766,27.698551177978516,96.5,91.41902923583984,66.05716705322266,70.53633117675781,7.120461463928223,7.449460983276367,43.98971176147461,,29.422039031982422,73.7665023803711,60.44094467163086,75.5876693725586,6.853004455566406,90.02996063232422,98.31217956542969,67.18680572509766,2.466977119445801,7.240826606750488
2024-07-05,8.046847343444824,133.11502075195312,136.5061798095703,12.632575988769531,97.03936004638672,18.0195369720459,81.55480194091797,5.692592620849609,68.33747100830078,54.86391067504883,84.11922454833984,83.62261199951172,74.7366943359375,94.86984252929688,75.75289154052734,70.04830932617188,71.9295883178711,6.037627696990967,67.84140014648438,76.96693420410156,47.12779998779297,8.912638664245605,107.46955108642578,93.04246520996094,84.33148956298828,5.431865215301514,53.836185455322266,39.583457946777344,117.34554290771484,8.985893249511719,80.28617095947266,81.7918701171875,29.44731903076172,7.887584686279297,68.69799041748047,73.39225006103516,8.51067066192627,6.914054870605469,20.764760971069336,71.42350769042969,92.7333755493164,74.38880920410156,73.51741790771484,27.753826141357422,96.5,91.26752471923828,66.4546127319336,70.40409088134766,7.1361470222473145,7.464314937591553,45.61559295654297,,29.564180374145508,73.56024932861328,60.669715881347656,75.78211975097656,6.86068868637085,90.20218658447266,98.34488677978516,67.50680541992188,2.474544048309326,7.2892584800720215
2024-07-08,8.054767608642578,134.3592071533203,136.3530731201172,12.56053638458252,96.9129409790039,17.686548233032227,82.02349090576172,5.692592620849609,68.11550903320312,55.569698333740234,85.20487976074219,83.8460693359375,74.61199951171875,94.7785873413086,75.74486541748047,71.25267028808594,72.32217407226562,6.254404067993164,69.425537109375,78.3819808959961,47.144187927246094,8.880434036254883,106.81034088134766,93.0341567993164,83.9333267211914,5.127425670623779,54.724281311035156,39.218570709228516,115.72151947021484,8.984237670898438,78.8062973022461,82.24130249023438,28.451845169067383,7.887584686279297,68.50955200195312,74.14541625976562,8.4952392578125,6.906191349029541,22.57663917541504,72.94450378417969,92.0053939819336,74.58770751953125,73.76725769042969,27.487585067749023,96.5,89.94589233398438,66.73039245605469,70.44298553466797,7.206721305847168,7.5385894775390625,45.55751419067383,,29.175168991088867,74.18693542480469,59.36362075805664,75.63435363769531,6.876052379608154,90.45323944091797,98.14044189453125,68.58377075195312,2.451561212539673,7.297328948974609
2024-07-09,8.031004905700684,135.07505798339844,136.3275146484375,12.579374313354492,96.97196960449219,17.685718536376953,82.05474090576172,5.687742233276367,68.43759155273438,55.56217956542969,85.32090759277344,83.96195220947266,75.44332885742188,94.74540710449219,75.78498840332031,71.18276977539062,71.92172241210938,6.133973121643066,69.48674011230469,77.94341278076172,47.070396423339844,8.920690536499023,106.81034088134766,93.19220733642578,83.92536926269531,5.055319786071777,54.85116195678711,39.202701568603516,116.23165130615234,8.98755168914795,79.26496124267578,82.0047607421875,28.66411781311035,7.887584686279297,69.01988983154297,72.52692413330078,8.543153762817383,6.8904571533203125,23.367544174194336,72.64961242675781,92.93476104736328,74.72767639160156,73.6158447265625,27.67863655090332,96.5,90.3752212524414,67.32249450683594,70.42742919921875,7.191038608551025,7.427179336547852,45.46626663208008,,29.205095291137695,73.89342498779297,59.38575744628906,75.5721206665039,6.876052379608154,90.41529846191406,98.33671569824219,68.13111114501953,2.474543809890747,7.3054022789001465
2024-07-10,8.031004905700684,135.0665283203125,136.97409057617188,12.600435256958008,96.90452575683594,17.936494827270508,81.3907470703125,5.687742233276367,68.47785186767578,55.17539596557617,85.36235809326172,84.4171371459961,75.86731719970703,94.65413665771484,75.68871307373047,71.43917083740234,72.60491943359375,6.237829208374023,69.50204467773438,77.63721466064453,47.176998138427734,8.904590606689453,106.81034088134766,93.5,84.13241577148438,4.9591803550720215,53.45556640625,39.3692741394043,119.02056884765625,8.983412742614746,80.66698455810547,81.8707275390625,28.66411781311035,7.887584686279297,69.09838104248047,72.27053833007812,8.477374076843262,6.88259220123291,22.066150665283203,72.36248779296875,92.46231842041016,74.05728149414062,73.45518493652344,27.622909545898438,96.5,91.47795104980469,68.9447250366211,70.54411315917969,7.191038608551025,7.419753551483154,44.20539093017578,,28.920820236206055,73.93309020996094,59.51858901977539,75.87543487548828,6.876052379608154,90.47075653076172,98.12408447265625,68.57596588134766,2.512849807739258,7.297328948974609
2024-07-11,8.070608139038086,134.65748596191406,137.6717529296875,12.618167877197266,96.28922271728516,18.03116226196289,81.41417694091797,5.695826053619385,68.2363052368164,55.13747024536133,85.6109848022461,84.3923110961914,74.5704116821289,94.46329498291016,75.64856719970703,71.39213562011719,72.33513641357422,6.302638530731201,69.1153793334961,77.4551773071289,46.906375885009766,8.87238597869873,106.8187026977539,93.99909973144531,83.80592346191406,4.935146331787109,54.17450714111328,39.66278076171875,117.49857330322266,9.000798225402832,80.84004974365234,81.68936157226562,29.271650314331055,7.947103977203369,68.71366119384766,72.27854919433594,8.461943626403809,6.8904571533203125,22.504743576049805,72.38574981689453,92.25323486328125,74.1309814453125,73.58524322509766,27.543296813964844,96.5,92.201904296875,69.51249694824219,70.4740982055664,7.183196544647217,7.44950008392334,44.65333938598633,,29.02555274963379,73.86170196533203,59.4669303894043,75.60323333740234,6.899101257324219,90.19926452636719,98.13226318359375,67.96723175048828,2.5971224308013916,7.329619407653809
2024-07-12,8.07852554321289,135.7994384765625,137.9524688720703,12.62370777130127,96.28922271728516,18.039464950561523,81.2423095703125,5.706336498260498,68.93675994873047,55.402915954589844,85.76014709472656,84.955078125,76.06681060791016,95.3759765625,75.9294662475586,71.54108428955078,73.12069702148438,6.237829208374023,69.54071044921875,78.10889434814453,47.15239334106445,8.952896118164062,107.82838439941406,94.6978530883789,84.7774429321289,4.9591803550720215,54.859622955322266,40.13079833984375,124.14766693115234,9.04220199584961,82.64881896972656,81.91802978515625,29.835277557373047,7.947103977203369,69.20832061767578,72.8313980102539,8.517167091369629,6.945519924163818,22.972095489501953,73.27040100097656,92.81858825683594,74.31513214111328,73.66939544677734,27.806005477905273,96.5,93.23731231689453,69.8856201171875,70.63744354248047,7.183196544647217,7.472006320953369,43.96482849121094,,29.02555274963379,74.5201187133789,60.07200241088867,76.02320861816406,6.991292953491211,90.49118041992188,98.13226318359375,68.13111114501953,2.6277666091918945,7.337691307067871
2024-07-15,8.086446762084961,136.3533935546875,138.42037963867188,12.632575988769531,95.24407196044922,18.085968017578125,81.36731719970703,5.707952976226807,68.84822082519531,55.592525482177734,85.7518539428711,84.74818420410156,76.2995834350586,96.98563385009766,75.86524963378906,71.71351623535156,72.69222259521484,6.26213264465332,69.56391906738281,78.13374328613281,47.02939224243164,8.920690536499023,108.01195526123047,95.42157745361328,85.5578384399414,4.96719217300415,55.60392761230469,40.70987319946289,120.56805419921875,9.056280136108398,81.92185974121094,82.31226348876953,29.791353225708008,7.947103977203369,69.31036376953125,72.65511322021484,8.719377517700195,6.9769816398620605,23.47539520263672,72.95225524902344,92.84954071044922,74.61714935302734,74.31198120117188,28.25178337097168,96.5,93.72554779052734,71.13472747802734,70.48966217041016,7.183196544647217,7.483458518981934,44.21368408203125,,29.130285263061523,75.22612762451172,59.63664627075195,76.13912200927734,6.991292953491211,90.45907592773438,98.11591339111328,68.09209442138672,2.620105743408203,7.361909866333008
2024-07-16,8.07852554321289,136.20851135253906,139.4413299560547,12.635899543762207,95.91837310791016,17.98299789428711,81.60165405273438,5.693401336669922,68.7193832397461,56.1234245300293,85.65242004394531,84.72168731689453,76.19151306152344,97.32582092285156,76.09799194335938,71.56459045410156,73.02545928955078,6.26213264465332,69.52525329589844,78.36544036865234,46.78337478637695,8.896537780761719,107.54469299316406,95.19697570800781,86.02767181396484,4.96719217300415,56.111427307128906,40.79713821411133,121.35028839111328,9.050482749938965,82.99497985839844,82.10726165771484,29.80599594116211,7.947103977203369,70.189697265625,72.75126647949219,8.72181224822998,6.984847545623779,24.04340934753418,73.0453872680664,92.87279510498047,74.63191223144531,74.24314880371094,28.530405044555664,96.5,96.57925415039062,71.07794952392578,70.62969207763672,7.238089561462402,7.513362407684326,43.624717712402344,,29.11532211303711,75.4403076171875,59.629276275634766,76.09200286865234,6.960561275482178,90.53205108642578,98.06684875488281,68.35746002197266,2.650750160217285,7.394196510314941
2024-07-17,8.070608139038086,135.91873168945312,139.9178009033203,12.59045696258545,96.36508178710938,18.252042770385742,81.5938491821289,5.748379230499268,68.49394989013672,56.2296028137207,85.85131072998047,84.48822021484375,76.08343505859375,96.98563385009766,76.16219329833984,71.6272964477539,72.78743743896484,6.237829208374023,69.23136901855469,78.87020874023438,46.66857147216797,8.944843292236328,107.87846374511719,97.49285888671875,86.00379943847656,4.999238014221191,56.77116394042969,40.61469650268555,119.81129455566406,9.072837829589844,83.94696044921875,82.12303924560547,29.791353225708008,7.947103977203369,70.29960632324219,72.81535339355469,8.729931831359863,7.0084452629089355,23.187793731689453,73.34024047851562,92.93476104736328,74.4035415649414,74.12074279785156,28.347318649291992,96.5,98.24600219726562,71.0536117553711,70.6996841430664,7.245931625366211,7.505887031555176,43.96482849121094,,28.965709686279297,75.36097717285156,59.58500289916992,75.93492126464844,7.006659030914307,90.20218658447266,98.14044189453125,68.36524200439453,2.650750160217285,7.369980812072754
2024-07-18,8.054767608642578,135.4500732421875,138.25025939941406,12.570509910583496,96.4409408569336,18.009572982788086,81.81258392333984,5.748379230499268,68.6066665649414,56.27510452270508,85.41207885742188,84.48822021484375,76.22478485107422,97.15987396240234,76.47518157958984,71.69783782958984,72.67633819580078,6.197324275970459,69.3319091796875,78.9446792602539,46.86537551879883,8.93679428100586,108.09540557861328,97.3265151977539,85.87637329101562,4.999238014221191,56.16218566894531,40.630558013916016,119.87081909179688,9.060419082641602,83.29788208007812,82.0836181640625,29.644962310791016,7.947103977203369,69.9149169921875,72.23047637939453,8.641414642333984,7.0084452629089355,23.187793731689453,73.0531234741211,92.98121643066406,74.4035415649414,74.13604736328125,28.315473556518555,96.5,97.58940124511719,70.704833984375,70.76971435546875,7.22240686416626,7.505887031555176,43.5583610534668,,28.99598503112793,75.55931854248047,59.40052795410156,76.11554718017578,6.960561275482178,90.25181579589844,97.78876495361328,68.02967834472656,2.6430888175964355,7.34576416015625
2024-07-19,8.062687873840332,134.30810546875,137.82485961914062,12.626361846923828,96.50837707519531,17.853456497192383,82.17973327636719,5.739486217498779,68.67914581298828,56.37370300292969,86.31541442871094,85.08856964111328,76.23307800292969,97.48346710205078,77.06907653808594,71.94083404541016,73.2000503540039,6.205424785614014,69.60258483886719,79.87976837158203,47.08678436279297,8.928743362426758,108.48760223388672,97.34315490722656,85.97988891601562,5.031285762786865,57.007991790771484,40.49570846557617,120.55104064941406,9.041107177734375,82.96036529541016,82.51728820800781,29.81331443786621,7.947103977203369,69.9149169921875,73.1839370727539,8.785155296325684,7.000579357147217,23.144655227661133,73.56529998779297,93.08189392089844,74.53612518310547,74.2890396118164,27.981130599975586,96.5,98.07764434814453,70.40471649169922,71.25196075439453,7.245931625366211,7.475982666015625,43.55007553100586,,29.11708641052246,75.51963806152344,59.887542724609375,76.34330749511719,6.983610153198242,90.143798828125,97.82966613769531,68.05308532714844,2.6584115028381348,7.369980812072754
2024-07-22,8.070608139038086,135.11766052246094,138.16517639160156,12.61965560913086,96.50837707519531,18.03697395324707,81.75790405273438,5.800930500030518,68.7193832397461,55.44842529296875,86.35685729980469,85.2052993774414,76.64044189453125,97.37560272216797,76.88449096679688,72.03490447998047,72.76363372802734,6.205424785614014,69.54845428466797,80.46732330322266,45.84852600097656,8.952896118164062,106.53135681152344,98.24153900146484,86.00379943847656,5.151459217071533,57.007991790771484,40.543304443359375,119.6327133178711,9.042774200439453,83.18537139892578,82.26495361328125,29.68887710571289,7.947103977203369,69.8128433227539,72.99964904785156,8.786778450012207,7.024176597595215,23.187793731689453,73.41008758544922,93.91830444335938,74.59506225585938,74.26609802246094,28.196063995361328,96.5,97.252685546875,70.7210693359375,71.25196075439453,7.2694573402404785,7.461033344268799,43.55007553100586,,29.245750427246094,75.53551483154297,58.73639678955078,76.22549438476562,7.014341354370117,90.20218658447266,97.1590576171875,67.89701843261719,2.6660726070404053,7.361909866333008
2024-07-23,8.070608139038086,134.75970458984375,138.73521423339844,12.560436248779297,95.9352035522461,17.997943878173828,81.70321655273438,5.7605061531066895,68.5583724975586,55.273990631103516,86.31541442871094,84.57160949707031,76.04188537597656,97.57472229003906,76.64373016357422,72.19950103759766,72.39070129394531,6.205424785614014,69.13084411621094,80.31008911132812,46.414363861083984,8.880434036254883,106.61408233642578,98.04190063476562,85.81266021728516,5.127425670623779,57.12640380859375,40.45603942871094,119.55622863769531,9.022773742675781,82.64018249511719,82.2807388305664,29.52784538269043,7.947103977203369,69.9463119506836,72.89549255371094,8.777847290039062,7.05564022064209,23.187793731689453,73.44889068603516,93.8021469116211,74.41089630126953,74.14369201660156,27.981130599975586,96.5,97.22742462158203,70.7210693359375,71.36087799072266,7.2929816246032715,7.464505195617676,43.68278503417969,,29.31386947631836,76.22566223144531,58.78806686401367,76.16267395019531,7.029706001281738,89.70008087158203,96.82372283935547,68.09992980957031,2.650750160217285,7.369980812072754
2024-07-24,8.054767608642578,132.94451904296875,138.42037963867188,12.586135864257812,96.53365325927734,17.99877166748047,82.32816314697266,5.740293979644775,68.67914581298828,54.75067138671875,86.31541442871094,84.14635467529297,75.22718048095703,97.49178314208984,76.72396850585938,72.22301483154297,72.49384307861328,6.197324275970459,69.43244934082031,80.13632202148438,46.119140625,8.807975769042969,106.68850708007812,97.88385009765625,85.24727630615234,5.031285762786865,57.06720733642578,40.45603942871094,118.67198181152344,9.030274391174316,83.08152770996094,82.2334213256836,29.20577621459961,7.947103977203369,70.02482604980469,72.63108825683594,8.746175765991211,7.016310214996338,22.734827041625977,72.97554779052734,94.1274185180664,74.46247100830078,73.86064147949219,27.861722946166992,96.5,97.3873519897461,68.95284271240234,71.00304412841797,7.285139560699463,7.442000865936279,43.641319274902344,,28.99598503112793,76.01940155029297,58.8544807434082,76.17838287353516,7.022026538848877,89.64753723144531,97.101806640625,68.48233032226562,2.650750160217285,7.34576416015625
2024-07-25,8.03892707824707,131.99009704589844,138.47994995117188,12.544790267944336,95.41264343261719,17.88750648498535,82.25785827636719,5.756464004516602,68.55030822753906,54.82651138305664,85.78501892089844,84.21307373046875,74.83643341064453,97.45027923583984,77.04499816894531,72.63844299316406,72.44622802734375,6.148716449737549,69.57166290283203,79.8963394165039,46.0781364440918,8.81602668762207,106.68850708007812,97.60933685302734,85.2870864868164,4.951169967651367,57.22789764404297,40.083221435546875,118.56990814208984,9.016103744506836,82.908447265625,82.0836181640625,28.62019157409668,7.947103977203369,69.87565612792969,72.72721862792969,8.681206703186035,7.024176597595215,22.09491729736328,72.98330688476562,93.86408996582031,74.74977111816406,73.7764892578125,27.622909545898438,96.5,97.8503646850586,69.15560913085938,70.7463607788086,7.3165082931518555,7.44950008392334,45.12025451660156,,28.897594451904297,75.75762176513672,58.80282211303711,76.16267395019531,7.029706001281738,89.6621322631836,96.99546813964844,68.0452880859375,2.650750160217285,7.32154655456543
2024-07-26,8.054767608642578,131.0867462158203,139.00746154785156,12.557082176208496,95.40421295166016,17.927366256713867,82.69530487060547,5.740293979644775,68.51004791259766,54.62174606323242,85.87618255615234,84.06298065185547,73.28185272216797,97.46687316894531,76.65977478027344,73.11660766601562,72.59697723388672,6.124413967132568,69.60258483886719,80.36802673339844,46.58656692504883,8.856281280517578,107.1020278930664,97.62596893310547,85.3985824584961,4.951169967651367,57.515472412109375,39.9721565246582,119.71778106689453,8.992769241333008,83.4969253540039,82.0757064819336,28.554317474365234,7.947103977203369,70.11903381347656,72.39070129394531,8.719377517700195,7.0084452629089355,21.50533676147461,72.95225524902344,93.63175964355469,74.77185821533203,73.66939544677734,27.646791458129883,96.5,98.16183471679688,68.75005340576172,71.01083374023438,7.300824165344238,7.44950008392334,43.866920471191406,,28.799196243286133,75.97179412841797,59.04632568359375,76.06842803955078,6.968245983123779,89.89275360107422,96.77464294433594,68.05308532714844,2.6354281902313232,7.32154655456543
2024-07-29,7.943885326385498,130.20895385742188,137.28887939453125,12.383890151977539,95.2103500366211,17.778722763061523,81.63290405273438,5.691783428192139,67.19764709472656,54.28044891357422,85.36235809326172,83.37093353271484,74.7366943359375,97.31752014160156,75.52819061279297,73.2890396118164,71.6527328491211,6.067706108093262,69.35511779785156,80.76522064208984,45.82392501831055,8.83212947845459,106.55998992919922,97.73411560058594,85.12782287597656,4.96719217300415,57.938385009765625,39.09164047241211,119.67528533935547,8.976102828979492,81.77471923828125,82.0047607421875,28.576278686523438,7.947103977203369,70.15045928955078,72.10228729248047,8.678771018981934,6.992713451385498,21.246488571166992,72.47888946533203,92.6094741821289,74.75713348388672,72.87378692626953,27.821916580200195,96.5,97.36212921142578,68.78250122070312,71.17418670654297,7.261614799499512,7.434494972229004,43.44913101196289,,28.7386474609375,76.00352478027344,59.289833068847656,76.06057739257812,7.006659030914307,89.53369140625,95.57244110107422,67.84237670898438,2.620105743408203,7.32154655456543
2024-07-30,8.070608139038086,131.31680297851562,135.91912841796875,12.44758129119873,95.1429214477539,17.679075241088867,82.33596801757812,5.691783428192139,68.38927459716797,54.13636016845703,85.4037857055664,84.2630844116211,73.58946228027344,97.80706024169922,76.13813018798828,73.09307861328125,71.69241333007812,6.075808048248291,69.5948715209961,80.83142852783203,45.758331298828125,8.83212947845459,106.55998992919922,97.2100601196289,85.33486938476562,4.9591803550720215,56.98262023925781,40.289459228515625,117.83020782470703,8.939432144165039,81.92185974121094,82.1624526977539,28.027292251586914,7.947103977203369,70.40953826904297,71.86992645263672,8.628421783447266,6.937652111053467,21.311203002929688,72.47114562988281,93.22129821777344,74.7645034790039,73.13388061523438,27.821916580200195,96.5,97.96820831298828,68.69328308105469,71.04193878173828,7.2929816246032715,7.411989688873291,43.27366638183594,,28.67052459716797,76.0431900024414,59.01681137084961,75.94277954101562,6.991292953491211,89.46947479248047,94.67280578613281,67.77994537353516,2.620105743408203,7.32154655456543
2024-07-31,8.070608139038086,131.836669921875,136.46363830566406,12.468809127807617,95.15977478027344,17.836849212646484,82.64063262939453,5.756464004516602,68.67914581298828,54.56865692138672,86.11651611328125,83.91291809082031,73.34835815429688,97.0851821899414,76.54743194580078,73.01470947265625,71.6051025390625,6.035301685333252,69.56391906738281,80.1694107055664,46.28315353393555,8.87238597869873,106.43484497070312,97.2932357788086,85.22337341308594,4.935146331787109,55.56165313720703,39.654850006103516,116.73333740234375,8.982767105102539,81.65355682373047,82.21764373779297,28.202966690063477,7.947103977203369,70.57440185546875,71.70967864990234,8.637354850769043,6.9769816398620605,21.57004165649414,72.92122650146484,93.17481994628906,75.28754425048828,73.43988037109375,27.813966751098633,96.5,97.0506591796875,68.67706298828125,71.74202728271484,7.2929816246032715,7.442000865936279,42.94779968261719,,28.837039947509766,75.9638671875,59.49644088745117,76.06057739257812,7.022026538848877,89.91026306152344,94.69734954833984,67.53800201416016,2.604783296585083,7.329619407653809
2024-08-01,8.070606231689453,132.52285766601562,137.0718231201172,12.514623641967773,96.051513671875,17.7364559173584,82.59020233154297,5.730361461639404,68.47785186767578,54.68240737915039,85.27313995361328,85.46375274658203,72.19261932373047,96.30839538574219,76.31253814697266,71.9565200805664,72.00981140136719,6.019099712371826,70.10527801513672,79.68546295166016,46.0781364440918,8.896537780761719,106.68628692626953,94.70355224609375,85.31607818603516,5.049880027770996,55.893943786621094,39.67070770263672,117.54959869384766,9.005270957946777,82.00212860107422,82.09829711914062,28.444517135620117,7.947103977203369,70.55854797363281,71.39454650878906,8.657032012939453,6.969037055969238,21.577238082885742,73.09358215332031,92.20465850830078,75.10597229003906,73.65408325195312,27.92540168762207,96.5,96.35494232177734,69.46221160888672,71.35667419433594,7.253234386444092,7.4269938468933105,42.880950927734375,,28.988414764404297,76.68482208251953,60.07048034667969,76.17838287353516,6.997973442077637,89.64022064208984,94.99419403076172,68.03468322753906,2.5971224308013916,7.3758745193481445
2024-08-02,8.070606231689453,132.9517822265625,137.0633087158203,12.598426818847656,96.12794494628906,18.102054595947266,82.94490814208984,5.734438896179199,68.59862518310547,54.62932205200195,85.22303009033203,83.75448608398438,71.8492202758789,96.5005111694336,76.42593383789062,71.3059310913086,72.06535339355469,6.059605598449707,70.06661224365234,80.70343780517578,46.2995491027832,8.889230728149414,106.68628692626953,94.09174346923828,85.3000259399414,5.041799545288086,56.20066833496094,40.8526725769043,116.9373779296875,9.03277587890625,81.49669647216797,82.67919921875,28.51040267944336,7.947103977203369,70.62199401855469,71.0551986694336,8.621781349182129,6.984928131103516,21.692272186279297,72.78801727294922,93.51908111572266,75.16557312011719,73.97538757324219,27.885604858398438,96.5,94.79386901855469,69.44586181640625,71.64765167236328,7.308660984039307,7.419492721557617,41.970191955566406,,28.8900146484375,76.26025390625,59.73500061035156,75.9820556640625,6.997973442077637,89.52867889404297,95.4394760131836,68.10562133789062,2.6430888175964355,7.36772346496582
2024-08-05,8.046611785888672,132.47140502929688,136.9091339111328,12.55038070678711,95.24469757080078,17.94561004638672,82.73995971679688,5.7124152183532715,68.03500366210938,53.94674301147461,85.15625,83.46266174316406,71.4807357788086,95.82390594482422,76.57172393798828,70.52207946777344,72.53350830078125,6.067706108093262,69.13858795166016,79.61870574951172,45.88134002685547,8.832406997680664,106.71988677978516,93.8906021118164,84.86624908447266,4.9529218673706055,55.314552307128906,40.4322509765625,115.6194839477539,9.001103401184082,81.21784210205078,82.36089324951172,28.33472442626953,7.947103977203369,69.94789123535156,70.78857421875,8.549636840820312,6.921356678009033,21.60599136352539,72.63130950927734,91.93083953857422,74.74825286865234,74.20488739013672,27.766202926635742,96.5,94.59873962402344,68.35807800292969,71.6161880493164,7.300741672515869,7.419492721557617,41.193119049072266,,28.8673038482666,76.1961669921875,58.370792388916016,75.8249740600586,6.9203901290893555,89.26742553710938,95.63739013671875,68.34212493896484,2.650750160217285,7.3595757484436035
2024-08-06,8.014617919921875,132.08541870117188,137.0633087158203,12.514623641967773,95.53345489501953,17.87114715576172,82.14091491699219,5.63002872467041,68.03500366210938,53.97706985473633,84.51326751708984,83.41263580322266,71.69012451171875,95.38123321533203,76.40161895751953,69.9342041015625,71.81938171386719,6.092009544372559,69.09990692138672,79.42680358886719,46.242149353027344,8.808053016662598,106.68628692626953,93.86546325683594,84.61723327636719,4.86404275894165,55.46792984008789,40.45603942871094,116.12115478515625,9.025274276733398,80.63397216796875,82.15399932861328,28.364002227783203,7.947103977203369,70.58234405517578,71.0147933959961,8.542258262634277,6.913410663604736,21.447811126708984,73.19542694091797,92.06382751464844,74.73333740234375,73.89125061035156,27.630870819091797,96.5,94.42904663085938,67.94914245605469,71.83638000488281,7.261149883270264,7.419492721557617,40.74191665649414,,28.844614028930664,76.10006713867188,58.296226501464844,75.95063781738281,7.00573205947876,88.94159698486328,95.3322982788086,67.71932983398438,2.620105743408203,7.351425647735596
2024-08-07,8.00661849975586,132.71153259277344,137.27748107910156,12.601777076721191,95.48249816894531,17.786651611328125,82.03844451904297,5.643081188201904,68.04304504394531,54.14393615722656,84.42140197753906,83.27088165283203,71.9330062866211,94.93017578125,76.87138366699219,70.15369415283203,71.90664672851562,6.083909034729004,69.40151977539062,79.28494262695312,46.086334228515625,8.808053016662598,106.67788696289062,94.41862487792969,84.40036010742188,4.86404275894165,55.12709045410156,40.535369873046875,116.65680694580078,9.015271186828613,80.59912872314453,81.96302032470703,28.51772117614746,7.947103977203369,70.55854797363281,71.95207977294922,8.547178268432617,6.913410663604736,21.490949630737305,73.05440521240234,91.84476470947266,74.87495422363281,73.86064147949219,27.622909545898438,96.5,94.96355438232422,68.21086883544922,71.71841430664062,7.300741672515869,7.366977691650391,40.28236389160156,,29.28360366821289,76.10006713867188,57.789306640625,76.17838287353516,7.0677971839904785,88.95626831054688,95.61264038085938,67.5616683959961,2.604783296585083,7.351425647735596
2024-08-08,7.998620510101318,132.6171875,137.1917724609375,12.597308158874512,95.7882308959961,17.811752319335938,81.8650131225586,5.666736125946045,68.11820983886719,54.22735595703125,84.33789825439453,83.46266174316406,75.3499984741211,94.37051391601562,76.26393127441406,70.0752944946289,71.87490844726562,6.051504611968994,70.3836898803711,78.93448638916016,45.713680267333984,8.783696174621582,106.66950225830078,95.05554962158203,84.28788757324219,4.839804649353027,55.55311584472656,40.36713409423828,115.03907012939453,8.96943187713623,79.95426940917969,81.55718231201172,28.14735221862793,7.947103977203369,69.40860748291016,71.32991027832031,8.603744506835938,6.913410663604736,21.112512588500977,72.78015899658203,92.24378204345703,74.94947814941406,73.6999740600586,27.306190490722656,96.5,93.5890884399414,67.63835144042969,71.56114196777344,7.229477882385254,7.336970806121826,40.15703201293945,,29.19925308227539,75.9478530883789,59.63063049316406,76.17838287353516,6.943665027618408,88.92105102539062,95.62915802001953,68.15293884277344,2.5818002223968506,7.3595757484436035
2024-08-09,7.990619659423828,133.2262420654297,137.74856567382812,12.587252616882324,95.83917236328125,17.89373779296875,81.9596176147461,5.638185024261475,68.07768249511719,54.30320739746094,85.19798278808594,83.3792724609375,74.54598236083984,94.79652404785156,76.53932189941406,70.25558471679688,71.7162094116211,6.108211517333984,69.67219543457031,78.97621154785156,46.61635971069336,8.775581359863281,106.70308685302734,96.5389404296875,84.44049835205078,4.872123718261719,55.18674087524414,40.53537368774414,113.73802185058594,8.991103172302246,80.73854064941406,82.08238983154297,28.265871047973633,7.947103977203369,69.36102294921875,71.39454650878906,8.594727516174316,6.913410663604736,21.178014755249023,72.64698791503906,91.53961181640625,75.08361053466797,73.44755554199219,27.442604064941406,96.5,94.7684097290039,67.95732879638672,71.37242126464844,7.221557140350342,7.411989688873291,40.4828987121582,,29.482969284057617,76.42847442626953,59.839359283447266,76.05271911621094,7.00573205947876,89.17642974853516,95.61264038085938,67.71932983398438,2.5741384029388428,7.343274116516113
2024-08-12,8.00661849975586,132.82308959960938,137.69723510742188,12.593955993652344,95.91561889648438,17.80422019958496,81.73101806640625,5.669182300567627,67.85873413085938,54.111610412597656,85.42346954345703,83.76282501220703,74.07698059082031,94.38724517822266,76.8875961303711,70.19287109375,71.53196716308594,6.095971584320068,69.46338653564453,78.70919799804688,46.6246337890625,8.775581359863281,106.57707977294922,97.69552612304688,84.74575805664062,4.880202293395996,55.51905059814453,40.39116668701172,113.86641693115234,8.976102828979492,81.33983612060547,81.96302032470703,28.228836059570312,7.947103977203369,69.31343841552734,71.51576232910156,8.60046672821045,6.881624221801758,20.996074676513672,73.3678207397461,91.74305725097656,74.86749267578125,73.49393463134766,27.4666805267334,96.5,95.18412017822266,68.17814636230469,71.2308578491211,7.229477882385254,7.389485836029053,40.37425994873047,,29.820348739624023,76.34036254882812,59.906463623046875,76.02129364013672,6.982458114624023,88.65686798095703,94.83753967285156,68.09773254394531,2.5664775371551514,7.36772346496582
2024-08-13,8.00661849975586,132.35134887695312,137.5601348876953,12.59172248840332,95.86466217041016,17.816768646240234,81.8729019165039,5.669182300567627,67.47759246826172,54.05030822753906,85.27313995361328,84.33815002441406,74.00161743164062,94.47076416015625,77.2277603149414,70.0425796508789,71.91647338867188,6.104131698608398,69.52587127685547,78.61743927001953,46.85652160644531,8.783696174621582,106.81230926513672,97.2010726928711,85.25181579589844,4.86404275894165,55.297508239746094,40.37514877319336,114.43133544921875,8.996103286743164,80.99127960205078,81.9948501586914,28.191804885864258,8.010215759277344,69.7575454711914,71.53998565673828,8.602925300598145,6.921356678009033,21.003345489501953,73.80657958984375,92.2516098022461,75.17302703857422,73.24653625488281,27.402481079101562,96.5,95.26050567626953,68.21086883544922,71.20728302001953,7.237395286560059,7.404642581939697,40.19044876098633,,29.866355895996094,76.37239837646484,59.839359283447266,76.18624114990234,6.93590784072876,88.88289642333984,94.91999053955078,68.05833435058594,2.5664775371551514,7.384027004241943
2024-08-14,8.014617919921875,132.8059539794922,137.8942413330078,12.625242233276367,95.8901596069336,17.825138092041016,81.96749114990234,5.709969520568848,67.59111785888672,54.41815948486328,85.44849395751953,84.95514678955078,74.2444839477539,94.96358489990234,77.21967315673828,69.83695983886719,72.22887420654297,6.128613471984863,69.00260162353516,78.65081024169922,47.00558090209961,8.767457962036133,106.98031616210938,98.07266998291016,85.02690887451172,4.880202293395996,54.48807907104492,40.49530792236328,113.54114532470703,9.010271072387695,81.68842315673828,82.07442474365234,28.036252975463867,8.010215759277344,70.35234069824219,72.45303344726562,8.602925300598145,6.969037055969238,21.047016143798828,73.72822570800781,92.0951156616211,75.18794250488281,73.4397964477539,27.442604064941406,96.5,95.39624786376953,68.57890319824219,71.56901550292969,7.260759353637695,7.442535400390625,40.34920883178711,,29.989042282104492,76.10006713867188,59.77973175048828,76.32760620117188,6.93590784072876,88.71558380126953,94.41697692871094,68.15293884277344,2.5818002223968506,7.400325775146484
2024-08-15,8.038612365722656,133.6808624267578,138.75946044921875,12.62077522277832,95.83070373535156,17.8619441986084,81.82560729980469,5.709969520568848,68.19930267333984,54.90095138549805,86.28353118896484,85.38871002197266,74.16911315917969,95.9325180053711,77.54364013671875,70.2007827758789,72.43712615966797,6.161255836486816,69.38528442382812,79.1597900390625,46.831668853759766,8.824285507202148,106.9131088256836,97.94693756103516,84.99475860595703,4.872123718261719,55.740577697753906,40.567413330078125,114.7309341430664,9.036108016967773,82.15898895263672,82.13013458251953,28.006622314453125,8.010215759277344,70.7409439086914,72.62271881103516,8.644734382629395,6.984928131103516,21.03245735168457,73.79874420166016,92.322021484375,75.34443664550781,73.4707260131836,27.619131088256836,96.5,95.67620849609375,69.84662628173828,71.56114196777344,7.244956016540527,7.434958457946777,40.53303146362305,,30.096391677856445,76.39644622802734,59.48899841308594,76.53981018066406,6.93590784072876,88.6480712890625,94.85401916503906,68.2948226928711,2.5741384029388428,7.408475399017334
2024-08-16,8.046611785888672,134.66726684570312,138.67379760742188,12.623007774353027,95.92410278320312,17.887046813964844,82.10150909423828,5.738518238067627,68.92103576660156,55.02357482910156,86.50897216796875,86.5128402709961,74.50411224365234,96.88472747802734,77.72993469238281,71.93287658691406,72.86168670654297,6.259182929992676,69.14317321777344,79.56863403320312,47.40309524536133,8.848639488220215,106.87950897216797,97.9804458618164,85.14739227294922,4.872123718261719,55.87690353393555,40.33509063720703,115.10755157470703,9.018607139587402,81.7232666015625,82.13013458251953,27.991809844970703,8.010215759277344,71.37540435791016,72.04096984863281,8.649652481079102,7.000821590423584,20.974239349365234,73.77523803710938,92.52545166015625,75.5680160522461,74.05825805664062,27.74752426147461,96.5,96.22769165039062,70.09197235107422,72.4576187133789,7.3160624504089355,7.457695007324219,40.68343734741211,,30.2497501373291,76.7008285522461,60.27174377441406,76.7856674194336,6.928150177001953,88.26646423339844,94.2108383178711,69.12259674072266,2.604783296585083,7.432928085327148
2024-08-19,8.022615432739258,134.0668182373047,137.8942413330078,12.550893783569336,95.88165283203125,17.845211029052734,82.01478576660156,5.7287278175354,68.84806060791016,54.93160629272461,86.42548370361328,86.21044158935547,74.6967544555664,96.04109954833984,77.61653900146484,71.52159881591797,73.02188873291016,6.234701633453369,68.92449951171875,79.76888275146484,47.204341888427734,8.864877700805664,106.90469360351562,97.97208404541016,85.05101013183594,4.896363735198975,55.45087814331055,40.27901840209961,114.71380615234375,9.022369384765625,81.5228500366211,82.13807678222656,27.880695343017578,8.010215759277344,71.35160827636719,71.99246978759766,8.687363624572754,6.976983547210693,21.03245735168457,73.830078125,92.86970520019531,75.8288345336914,74.2901611328125,27.859859466552734,96.5,96.23616790771484,69.62577819824219,72.41043853759766,7.284907341003418,7.434958457946777,40.68343734741211,,30.272748947143555,77.22152709960938,60.94266128540039,76.61912536621094,6.9203901290893555,88.23417663574219,94.41697692871094,68.61016082763672,2.5971224308013916,7.432928085327148
2024-08-20,8.030613899230957,134.10975646972656,138.33111572265625,12.545256614685059,95.7882308959961,17.8109130859375,82.4089126586914,5.709969520568848,69.00214385986328,55.22282028198242,86.18333435058594,86.04242706298828,74.77212524414062,96.14132690429688,77.63274383544922,71.5532455444336,72.73353576660156,6.226541042327881,68.26842498779297,79.59367370605469,48.03248596191406,8.832406997680664,106.93830871582031,98.05589294433594,85.123291015625,4.896363735198975,55.16971206665039,40.359130859375,114.7394790649414,9.031603813171387,80.91283416748047,82.08238983154297,27.814035415649414,8.010215759277344,71.29610443115234,72.14598846435547,8.676705360412598,6.9928741455078125,21.15617561340332,73.49315643310547,92.85405731201172,75.9779052734375,74.2901611328125,27.763566970825195,96.5,95.87985229492188,70.05107879638672,72.19810485839844,7.284907341003418,7.442535400390625,40.27400207519531,,30.280420303344727,77.2135009765625,60.040645599365234,76.53981018066406,6.889358997344971,88.09622192382812,93.1800765991211,69.09893798828125,2.6124446392059326,7.432928085327148
2024-08-21,8.030613899230957,133.89524841308594,138.20263671875,12.554271697998047,95.62686920166016,17.803382873535156,82.28278350830078,5.640632152557373,69.01023864746094,55.07720947265625,86.00797271728516,85.87443542480469,74.65486907958984,95.77381896972656,77.59224700927734,71.07078552246094,72.66142272949219,6.210219860076904,68.65113067626953,79.50188446044922,48.049049377441406,8.799933433532715,107.19031524658203,97.46923065185547,85.14739227294922,4.872123718261719,55.32306671142578,40.855804443359375,115.37287902832031,9.022369384765625,81.1394271850586,82.55985260009766,27.836257934570312,8.010215759277344,71.31986999511719,71.8874282836914,8.666047096252441,7.000821590423584,21.25806427001953,73.64203643798828,92.69757843017578,76.00770568847656,74.07369995117188,27.811717987060547,96.5,95.85438537597656,70.20648193359375,72.62275695800781,7.292826175689697,7.495589256286621,40.45783233642578,,30.096391677856445,77.74222564697266,59.78718566894531,76.65877532958984,6.866082191467285,88.12850189208984,94.04591369628906,69.05951690673828,2.604783296585083,7.424776077270508
2024-08-22,8.038612365722656,132.9517822265625,138.305419921875,12.57004451751709,95.49099731445312,17.644426345825195,82.70842742919922,5.660210609436035,68.76698303222656,54.870304107666016,85.79085540771484,86.01724243164062,74.00161743164062,95.66521453857422,77.71372985839844,70.92842102050781,72.98182678222656,6.185737609863281,68.61209106445312,79.68546295166016,48.297489166259766,8.791814804077148,106.85430145263672,96.63951873779297,85.21166229248047,4.880202293395996,55.382720947265625,40.519344329833984,114.86788177490234,9.013138771057129,80.58168029785156,82.43251037597656,27.925142288208008,8.010215759277344,71.2485122680664,71.79855346679688,8.674246788024902,7.000821590423584,21.43273162841797,73.60286712646484,92.322021484375,76.00770568847656,74.47569274902344,27.723445892333984,96.5,95.53199005126953,69.15959167480469,72.59918975830078,7.300741672515869,7.480432033538818,40.1152458190918,,29.904691696166992,77.46985626220703,59.86173629760742,76.7459945678711,6.842807292938232,88.13436889648438,94.63137817382812,69.13835906982422,2.604783296585083,7.416626930236816
2024-08-23,8.078606605529785,133.36343383789062,139.0335693359375,12.579054832458496,95.62686920166016,17.8284854888916,82.75572204589844,5.709969520568848,68.92916870117188,54.99292755126953,86.09147644042969,86.10123443603516,74.57950592041016,95.2809829711914,77.6732406616211,71.13404846191406,73.0939712524414,6.234701633453369,69.04163360595703,80.64501953125,48.678436279296875,8.816170692443848,107.31634521484375,97.74579620361328,85.27590942382812,4.8882832527160645,55.697975158691406,40.519344329833984,116.42572784423828,9.019852638244629,80.91283416748047,82.75878143310547,27.976991653442383,8.010215759277344,71.37540435791016,71.75008392333984,8.712775230407715,7.040554046630859,21.374509811401367,73.97894287109375,92.61150360107422,76.49957275390625,74.51434326171875,27.819738388061523,96.5,95.59139251708984,69.04509735107422,72.88227844238281,7.340335369110107,7.488009929656982,40.10688400268555,,29.996707916259766,77.50189208984375,60.38356018066406,76.76979064941406,6.897115707397461,88.43671417236328,93.82324981689453,69.32756042480469,2.650750160217285,7.424776077270508
2024-08-26,8.030613899230957,132.3942108154297,138.78514099121094,12.630877494812012,95.47399139404297,17.811752319335938,83.00006103515625,5.709969520568848,68.52368927001953,54.946929931640625,86.07476806640625,85.3872299194336,74.1607666015625,95.21414947509766,77.89192199707031,70.44595336914062,72.85367584228516,6.218379497528076,69.0182113647461,80.35296630859375,48.47140121459961,8.889230728149414,107.39192199707031,97.01666259765625,85.18756103515625,4.872123718261719,55.655372619628906,40.49530792236328,115.5526351928711,9.019852638244629,81.66226959228516,82.28132629394531,27.89551544189453,8.010215759277344,71.09783172607422,71.34608459472656,8.657032012939453,7.040554046630859,21.43273162841797,74.11213684082031,93.7615966796875,76.76042175292969,74.40611267089844,27.803688049316406,96.5,95.31986999511719,69.23323059082031,72.7800521850586,7.308660984039307,7.518327713012695,39.52671813964844,,30.77116584777832,77.45382690429688,60.495384216308594,76.67461395263672,6.85832405090332,88.41910552978516,93.47694396972656,69.12259674072266,2.650750160217285,7.416626930236816
2024-08-27,8.046611785888672,131.75949096679688,137.92849731445312,12.622989654541016,95.15977478027344,17.73394203186035,82.88184356689453,5.696102142333984,68.68587493896484,54.91629409790039,86.07476806640625,85.68122100830078,73.28136444091797,94.63782501220703,77.75422668457031,70.48551177978516,73.06993865966797,6.169416904449463,68.84639739990234,80.4614486694336,47.966224670410156,8.799933433532715,107.16511535644531,96.63114166259766,85.30802917480469,4.896363735198975,55.37419128417969,40.351112365722656,115.5526351928711,9.023209571838379,82.02825927734375,82.48026275634766,27.88810920715332,8.010215759277344,71.22471618652344,71.11176300048828,8.685723304748535,7.032607078552246,21.367231369018555,73.76740264892578,93.77729034423828,76.71569061279297,74.21285247802734,27.811717987060547,96.5,94.94658660888672,69.21683502197266,72.15879821777344,7.300741672515869,7.548642158508301,38.91293716430664,,31.024198532104492,77.26957702636719,60.018287658691406,76.82530975341797,6.842807292938232,88.41323852539062,92.73480224609375,69.2645034790039,2.73502254486084,7.416626930236816
2024-08-28,8.030613899230957,131.7509002685547,137.8342742919922,12.626370429992676,95.28717803955078,17.728090286254883,83.18925476074219,5.685497283935547,68.66967010498047,54.83198165893555,86.00797271728516,85.63082122802734,72.62811279296875,94.52088928222656,77.77852630615234,70.58834075927734,72.9898681640625,6.14493465423584,68.72923278808594,80.1443862915039,47.8254508972168,8.783696174621582,106.77029418945312,96.74009704589844,85.14739227294922,4.86404275894165,54.786285400390625,40.359130859375,112.77938079833984,9.03076457977295,81.34856414794922,82.11421966552734,27.954774856567383,8.010215759277344,71.27229309082031,70.77239227294922,8.680804252624512,7.040554046630859,21.43273162841797,73.65770721435547,93.51124572753906,76.94671630859375,73.98095703125,27.74752426147461,96.5,94.64114379882812,68.78337860107422,72.74071502685547,7.324497222900391,7.594115257263184,38.68592071533203,,31.415260314941406,76.73287200927734,59.93628692626953,76.65877532958984,6.835049629211426,88.35453033447266,94.32625579833984,69.3511962890625,2.6890556812286377,7.416626930236816
2024-08-29,8.062609672546387,131.91384887695312,138.16836547851562,12.583561897277832,95.2362060546875,17.76154899597168,83.35477447509766,5.6610260009765625,68.63721466064453,54.870304107666016,86.21672058105469,86.10123443603516,73.03011322021484,94.77146911621094,78.29688262939453,71.18151092529297,72.74153137207031,6.128613471984863,68.57303619384766,80.01921081542969,48.02419662475586,8.783696174621582,106.90469360351562,96.45515441894531,85.05903625488281,4.86404275894165,54.89705276489258,40.36713409423828,113.11319732666016,9.064334869384766,81.30498504638672,82.08238983154297,28.236244201660156,8.010215759277344,71.37540435791016,70.74007415771484,8.711955070495605,7.080286026000977,21.592838287353516,73.82223510742188,93.98851776123047,76.9839859008789,74.10462951660156,27.96416664123535,96.5,94.73446655273438,69.21683502197266,72.39471435546875,7.292826175689697,7.601694107055664,38.45890426635742,,31.64530372619629,77.0452880859375,59.7126350402832,76.7856674194336,6.827291011810303,88.88289642333984,95.24159240722656,69.05164337158203,2.7043776512145996,7.449227333068848
2024-08-30,8.11059856414795,132.10256958007812,138.0912628173828,12.617356300354004,95.75425720214844,17.745656967163086,83.04735565185547,5.6610260009765625,68.76698303222656,55.17683410644531,86.20835876464844,86.24403381347656,73.70011901855469,95.04711151123047,78.1591796875,71.23686981201172,73.07796478271484,6.128613471984863,69.12755584716797,80.56158447265625,48.46311950683594,8.889230728149414,107.18191528320312,96.47190856933594,85.27590942382812,4.9529218673706055,54.615875244140625,40.214927673339844,113.50691986083984,9.039992332458496,81.64485168457031,82.28132629394531,29.517696380615234,8.010215759277344,70.939208984375,70.62696838378906,8.852962493896484,7.1359100341796875,21.687450408935547,74.22966766357422,94.00415802001953,77.8782730102539,74.16647338867188,28.020341873168945,96.5,94.67507934570312,68.75067138671875,72.74071502685547,7.332416534423828,7.647169589996338,38.71955108642578,,32.465763092041016,76.08403778076172,59.78718566894531,76.95218658447266,6.842807292938232,88.94159698486328,101.40961456298828,69.30392456054688,2.750345230102539,7.465526103973389
2024-09-02,8.094460487365723,132.18026733398438,138.52256774902344,12.617356300354004,95.63448333740234,17.80129051208496,83.51347351074219,5.679958343505859,68.68587493896484,55.22282028198242,86.24201965332031,85.81562805175781,73.20236206054688,94.17240905761719,77.7183609008789,71.4741439819336,72.78158569335938,6.14493465423584,69.02601623535156,80.20821380615234,47.8337287902832,8.87299633026123,107.17288970947266,96.26923370361328,85.30459594726562,4.822581768035889,54.94209289550781,40.455257415771484,113.74658966064453,9.060976028442383,81.38159942626953,82.69091796875,29.273250579833984,8.010215759277344,71.1552734375,70.16241455078125,8.760284423828125,7.0957770347595215,21.774784088134766,74.11103057861328,92.96958923339844,77.48358917236328,74.5298080444336,27.899982452392578,96.5,93.54606628417969,69.84756469726562,72.15371704101562,7.3803935050964355,7.700220584869385,38.08894348144531,,32.588443756103516,76.45616149902344,59.95293045043945,77.16635131835938,6.8576979637146,89.37849426269531,96.88883972167969,68.97772216796875,2.758005380630493,7.528682708740234
2024-09-03,8.078319549560547,131.36874389648438,138.3500213623047,12.620737075805664,95.24092864990234,17.7945499420166,83.68843841552734,5.679958343505859,68.36151885986328,55.17683410644531,85.90547180175781,85.78202056884766,72.11409759521484,94.10514831542969,77.47344970703125,70.99959564208984,73.34230041503906,6.104131698608398,69.02601623535156,79.97261810302734,47.1463737487793,8.841069221496582,107.0629653930664,95.67811584472656,85.3856430053711,4.814435958862305,54.684566497802734,40.166866302490234,113.39566802978516,9.050065040588379,81.43424224853516,82.56241607666016,29.06584930419922,6.420134544372559,70.77920532226562,69.49411010742188,8.704846382141113,7.0877509117126465,21.978557586669922,73.96862030029297,93.08014678955078,77.44590759277344,74.61485290527344,27.85183334350586,96.5,93.97374725341797,69.18778228759766,72.64553833007812,7.340412616729736,7.662325382232666,37.99644470214844,,32.25105667114258,76.71503448486328,60.05842971801758,77.16635131835938,6.82634973526001,88.86780548095703,94.73648834228516,69.03340148925781,2.758005380630493,7.520453929901123
2024-09-04,8.0702486038208,131.6190948486328,138.39312744140625,12.627498626708984,95.18958282470703,17.722898483276367,83.64073181152344,5.679958343505859,68.76698303222656,55.32244110107422,85.98961639404297,85.68122100830078,72.78054809570312,94.39109802246094,78.02859497070312,71.26056671142578,73.6146469116211,6.087810039520264,68.6198959350586,79.9305419921875,47.187774658203125,8.849254608154297,106.75848388671875,95.72032928466797,85.41804504394531,4.838874340057373,54.59012985229492,40.27101135253906,112.87351989746094,9.054262161254883,80.82876586914062,82.73910522460938,28.873262405395508,6.427926540374756,70.47509765625,69.5185775756836,8.736289978027344,7.0797224044799805,21.913057327270508,73.66803741455078,92.96958923339844,77.5815658569336,74.69988250732422,27.883930206298828,96.5,93.73424530029297,68.37127685546875,72.65347290039062,7.396385192871094,7.662325382232666,38.05530548095703,,32.17437744140625,76.69076538085938,60.050907135009766,77.19011688232422,6.896885871887207,88.5755615234375,94.73648834228516,69.29595184326172,2.7733280658721924,7.4957685470581055
2024-09-05,8.0702486038208,131.25645446777344,138.3673095703125,12.622989654541016,94.7104721069336,17.7760009765625,83.9031982421875,5.684075355529785,68.88859558105469,55.32244110107422,85.85498046875,86.10123443603516,72.72149658203125,93.93690490722656,77.80000305175781,70.9442367553711,73.76685333251953,6.087810039520264,68.89324188232422,79.08076477050781,46.70745849609375,8.914745330810547,106.75006103515625,95.84701538085938,85.24787902832031,4.879604816436768,54.4270133972168,40.17487716674805,112.72801971435547,9.022369384765625,80.73223876953125,82.62667083740234,28.91029930114746,6.412341117858887,70.4991226196289,69.19256591796875,8.705673217773438,7.063668251037598,21.847557067871094,73.39118194580078,92.76425170898438,77.48358917236328,74.48342895507812,27.827756881713867,96.5,94.02503204345703,68.65994262695312,72.42341613769531,7.372396945953369,7.647169589996338,37.99644470214844,,32.320072174072266,76.84446716308594,60.050907135009766,77.16635131835938,6.896885871887207,88.90617370605469,95.5592269897461,68.85042572021484,2.7886502742767334,7.578049659729004
2024-09-06,8.086389541625977,131.14425659179688,138.43626403808594,12.663546562194824,94.62491607666016,17.829952239990234,84.14183044433594,5.684075355529785,68.45881652832031,55.29944610595703,85.8465805053711,86.10123443603516,72.7552261352539,94.02102661132812,77.86530303955078,71.41876983642578,73.85494995117188,6.104131698608398,69.01039123535156,79.0470962524414,46.95589065551758,8.93111801147461,106.65704345703125,96.41279602050781,85.77460479736328,4.879604816436768,54.20381546020508,40.03067398071289,113.10723114013672,9.029086112976074,81.17100524902344,82.60259246826172,28.776966094970703,6.443507671356201,70.67516326904297,68.95622253417969,8.756149291992188,7.0957770347595215,22.094995498657227,73.70759582519531,92.76425170898438,77.3252944946289,75.0632095336914,27.63517951965332,96.5,94.23030090332031,68.04963684082031,73.21665954589844,7.396385192871094,7.654747486114502,38.046897888183594,,32.37374496459961,77.07098388671875,59.70429229736328,77.0552978515625,6.896885871887207,88.79105377197266,94.32099914550781,69.38347625732422,2.604783296585083,7.569821357727051
2024-09-09,8.086389541625977,128.295166015625,138.13438415527344,12.673684120178223,94.25702667236328,17.856088638305664,84.38837432861328,5.679136276245117,67.65235900878906,55.031219482421875,85.61940002441406,85.8912353515625,75.92731475830078,92.9360580444336,78.44491577148438,70.31151580810547,73.85494995117188,6.071489334106445,68.19033813476562,78.3655776977539,46.88064193725586,8.890186309814453,106.2426528930664,95.59365844726562,85.65304565429688,4.847020626068115,54.220977783203125,39.89311599731445,114.05533599853516,9.022369384765625,80.8199691772461,82.57044982910156,28.544658660888672,6.45129919052124,70.42707824707031,69.03775024414062,8.750356674194336,7.0877509117126465,22.050764083862305,74.35625457763672,92.55891418457031,77.21977996826172,75.12506103515625,27.461511611938477,96.5,93.79410552978516,67.4723129272461,73.724365234375,7.412377834320068,7.594115257263184,37.954402923583984,,31.931446075439453,76.85254669189453,60.05842971801758,77.11874389648438,6.873373508453369,87.9792709350586,94.12154388427734,69.47099304199219,2.728820562362671,7.586276054382324
2024-09-10,8.062176704406738,128.3469696044922,138.21200561523438,12.653407096862793,94.06024932861328,17.832483291625977,83.77595520019531,5.698891639709473,67.40753936767578,54.770668029785156,85.40064239501953,85.68962097167969,74.03758239746094,92.59964752197266,77.58773803710938,69.87651824951172,73.43842315673828,6.136773586273193,67.71392059326172,77.61676025390625,46.947532653808594,8.857441902160645,106.4963607788086,95.38253784179688,85.69357299804688,4.806289196014404,54.143714904785156,39.844566345214844,112.90901947021484,9.019013404846191,80.33735656738281,81.9600830078125,28.36480140686035,6.427926540374756,69.61885070800781,68.78507232666016,8.718913078308105,7.063668251037598,21.866455078125,73.29627227783203,92.95379638671875,76.84291076660156,74.51434326171875,27.356353759765625,96.5,95.20538330078125,67.45581817626953,72.97074890136719,7.412377834320068,7.563799858093262,37.584449768066406,,31.977994918823242,76.56132507324219,59.74198532104492,76.92842102050781,6.842022895812988,88.26266479492188,94.49551391601562,68.8265609741211,2.759829521179199,7.536908149719238
2024-09-11,8.0702486038208,127.95849609375,138.09127807617188,12.642142295837402,93.94902038574219,17.845129013061523,84.28498077392578,5.679958343505859,66.61595916748047,54.321800231933594,85.78765106201172,85.58042907714844,73.65792846679688,92.50711822509766,77.37548065185547,69.90813446044922,73.14736938476562,6.099781513214111,67.69830322265625,77.76820373535156,47.15657043457031,8.800138473510742,106.30183410644531,95.32343292236328,85.49908447265625,4.724827766418457,54.100791931152344,40.06304931640625,111.13351440429688,9.004745483398438,80.32855224609375,82.08055114746094,28.22991180419922,6.3967604637146,70.24302673339844,68.64653015136719,8.691607475280762,7.063668251037598,21.674772262573242,73.18551635742188,92.551025390625,76.88060760498047,73.96002197265625,27.259286880493164,96.5,94.81194305419922,67.15888977050781,72.43133544921875,7.3803935050964355,7.571377754211426,37.41628646850586,,31.76072883605957,76.05975341796875,59.56114959716797,76.96806335449219,6.865536689758301,88.36302947998047,94.2794418334961,69.33573150634766,2.713315725326538,7.528682708740234
2024-09-12,8.078319549560547,127.49219512939453,137.99639892578125,12.629749298095703,93.54690551757812,17.842605590820312,83.51347351074219,5.660202980041504,66.40377044677734,54.13605880737305,85.68670654296875,85.46282196044922,73.62419128417969,92.30528259277344,77.3673324584961,69.43724060058594,72.20946502685547,6.034014701843262,67.57994079589844,77.65884399414062,46.84720993041992,8.767394065856934,106.46251678466797,95.01097106933594,85.32079315185547,4.684095859527588,54.21239471435547,40.119686126708984,111.87474822998047,9.013975143432617,79.45980834960938,82.08055114746094,28.169952392578125,6.397546291351318,70.4590835571289,68.06790924072266,8.680851936340332,7.039589881896973,21.387250900268555,72.7820816040039,92.25092315673828,76.88060760498047,73.11680603027344,27.17839813232422,96.5,94.18755340576172,66.7960205078125,72.06646728515625,7.372396945953369,7.602002143859863,37.500362396240234,,31.341705322265625,76.2458267211914,59.470733642578125,77.19805908203125,6.873373508453369,88.48406219482422,94.2794418334961,69.48689270019531,2.705564022064209,7.553365230560303
2024-09-13,8.0702486038208,128.0275115966797,138.22926330566406,12.617356300354004,93.52125549316406,17.792020797729492,84.20543670654297,5.661848068237305,67.1137466430664,54.252132415771484,85.79609680175781,85.10160827636719,73.73384857177734,92.17913055419922,77.17140197753906,69.58089447021484,72.48439025878906,6.001132488250732,68.2585678100586,78.1468505859375,46.813758850097656,8.751019477844238,106.30183410644531,94.78296661376953,85.4099349975586,4.651511192321777,54.13513946533203,40.06304931640625,112.47808837890625,9.060137748718262,79.29307556152344,82.24117279052734,28.36480140686035,6.413285255432129,71.09925079345703,68.40203857421875,8.671748161315918,7.0797224044799805,21.6231689453125,72.63970947265625,92.63790893554688,77.04641723632812,73.3510513305664,27.22693634033203,96.5,94.7948226928711,66.73828887939453,71.89987182617188,7.40438175201416,7.6479339599609375,37.53399658203125,,31.434818267822266,76.310546875,60.03581619262695,77.38838195800781,6.842022895812988,88.41911315917969,93.90547180175781,69.61418914794922,2.7210681438446045,7.536908149719238
2024-09-16,8.086389541625977,127.96705627441406,138.16026306152344,12.617356300354004,93.18758392333984,17.785276412963867,84.26110076904297,5.614104747772217,67.62785339355469,54.01222229003906,85.44270324707031,84.65143585205078,74.03758239746094,91.48947143554688,77.5224380493164,69.74851989746094,73.317138671875,5.976470470428467,68.49531555175781,78.04586791992188,46.6548957824707,8.718276977539062,105.29550170898438,94.09051513671875,85.2397689819336,4.594486713409424,53.65439987182617,39.93357849121094,112.80560302734375,8.988797187805176,79.0385971069336,82.41786193847656,28.252391815185547,6.405416011810303,70.8672103881836,68.45909118652344,8.610517501831055,7.0716962814331055,21.66002655029297,72.7820816040039,91.7217788696289,77.03134155273438,74.52997589111328,27.235029220581055,96.5,94.17898559570312,67.6290054321289,72.00302124023438,7.412377834320068,7.6555914878845215,37.357425689697266,,31.341705322265625,76.05168151855469,60.11869430541992,77.44255065917969,6.834186553955078,88.45748138427734,94.31267547607422,69.4630355834961,2.728820562362671,7.536908149719238
2024-09-17,8.0702486038208,127.57857513427734,137.97914123535156,12.608344078063965,92.97370910644531,17.73217010498047,83.91114807128906,5.5894083976745605,67.45650482177734,53.64847946166992,85.2996826171875,84.57522583007812,73.18549346923828,90.4802017211914,77.50609588623047,70.31519317626953,73.30904388427734,5.918924808502197,68.27434539794922,78.0542984008789,46.15323257446289,8.718276977539062,105.28703308105469,93.92161560058594,85.08580780029297,4.529317378997803,53.17365264892578,39.58562088012695,112.73663330078125,9.008941650390625,78.53841400146484,82.58650207519531,28.20742416381836,6.389677047729492,70.85120391845703,68.3775863647461,8.555904388427734,7.0716962814331055,21.6231689453125,72.79792022705078,91.45326232910156,76.88060760498047,74.6705093383789,27.105600357055664,96.5,94.25596618652344,66.474365234375,71.78883361816406,7.3803935050964355,7.5866899490356445,37.332210540771484,,31.108903884887695,76.43997192382812,60.27693176269531,77.60267639160156,6.818511962890625,88.3157958984375,94.40408325195312,69.45507049560547,2.7210681438446045,7.503998279571533
2024-09-18,8.078319549560547,127.15552520751953,138.08267211914062,12.611722946166992,93.45281982421875,17.703508377075195,84.0702133178711,5.618220329284668,67.61155700683594,53.462738037109375,84.99675750732422,84.68528747558594,72.60338592529297,91.17827606201172,77.4326171875,70.51471710205078,73.37374877929688,5.902483940124512,68.47952270507812,77.73456573486328,46.40406036376953,8.74283504486084,105.0079574584961,93.30516052246094,85.11011505126953,4.3908305168151855,54.03211212158203,39.69081497192383,113.2451400756836,8.995512962341309,77.96803283691406,82.57044982910156,28.24489402770996,6.334594249725342,70.57911682128906,68.3531494140625,8.538528442382812,7.063668251037598,21.60842514038086,72.32328796386719,89.012939453125,76.83537292480469,74.6002197265625,27.057071685791016,96.5,93.623046875,66.39189147949219,72.1457748413086,7.40438175201416,7.563724517822266,37.09676742553711,,31.0390682220459,75.83324432373047,60.27693176269531,77.82686614990234,6.771488666534424,88.17704772949219,94.5703125,69.31983184814453,2.736572504043579,7.5122246742248535
2024-09-19,8.0702486038208,126.69794464111328,137.9446258544922,12.483353614807129,92.40046691894531,17.639440536499023,83.86343383789062,5.614104747772217,67.53809356689453,53.617515563964844,85.13981628417969,84.59217071533203,72.62867736816406,89.21021270751953,77.26935577392578,70.23538208007812,72.24179077148438,5.910704135894775,68.57422637939453,77.5915298461914,45.818782806396484,8.74283504486084,105.11791229248047,93.31361389160156,85.08580780029297,4.366392135620117,54.238155364990234,39.253849029541016,113.77092742919922,8.99577522277832,76.35336303710938,82.68289184570312,28.169952392578125,6.287378787994385,70.29904174804688,68.32868957519531,8.518668174743652,7.047616958618164,21.60842514038086,72.101806640625,88.4127197265625,76.68461608886719,74.90472412109375,26.960004806518555,96.5,93.64013671875,67.10118103027344,71.78883361816406,7.372396945953369,7.525445461273193,37.18925857543945,,30.363975524902344,75.71998596191406,59.56868362426758,77.74681091308594,6.755813121795654,88.2331314086914,94.73648834228516,69.63806915283203,2.7210681438446045,7.454629898071289
2024-09-20,8.142879486083984,118.84134674072266,137.91876220703125,12.153943061828613,93.17045593261719,17.534061431884766,84.5474624633789,5.613281726837158,67.99510192871094,53.40081787109375,85.73717498779297,84.65143585205078,72.4599838256836,88.03274536132812,77.13872528076172,70.78609466552734,72.5652084350586,5.853158473968506,68.24280548095703,77.43167114257812,45.76025390625,8.775580406188965,105.28703308105469,93.1615982055664,85.24787902832031,4.211613655090332,53.85183334350586,38.978721618652344,113.54684448242188,8.977182388305664,78.8806381225586,82.15282440185547,28.139982223510742,6.334594249725342,69.25875854492188,68.63023376464844,8.518668174743652,6.975371837615967,22.279308319091797,72.12554168701172,91.62702178955078,76.76753997802734,74.9515609741211,26.701160430908203,96.5,93.31511688232422,66.82076263427734,70.4006576538086,7.372396945953369,7.563724517822266,36.8697509765625,,30.371723175048828,76.39954376220703,59.440608978271484,77.57868194580078,6.732301235198975,87.35346984863281,94.73648834228516,69.01750183105469,2.705564022064209,7.487542152404785
2024-09-23,8.078319549560547,119.80835723876953,136.34036254882812,12.282299995422363,91.62189483642578,17.239025115966797,83.99067687988281,5.597641468048096,66.71387481689453,52.54951095581055,83.70105743408203,83.6356201171875,71.79349517822266,86.98985290527344,77.34282684326172,69.35743713378906,70.84306335449219,5.795614242553711,68.3138198852539,76.77540588378906,45.49271011352539,8.734650611877441,103.18975067138672,92.975830078125,85.15874481201172,4.179028511047363,53.93769836425781,38.824981689453125,110.69393920898438,8.847872734069824,77.57313537597656,81.91990661621094,28.110015869140625,6.271641731262207,69.29075622558594,68.05160522460938,8.481433868408203,6.8790507316589355,21.85171127319336,71.7616958618164,91.46904754638672,76.48111724853516,75.86504364013672,26.434232711791992,96.5,92.28019714355469,66.62281036376953,70.71794891357422,7.364403247833252,7.540757179260254,36.188690185546875,,30.263093948364258,76.04357147216797,59.67416763305664,77.49858093261719,6.716625213623047,87.27376556396484,94.72820281982422,69.08909606933594,2.6978118419647217,7.4710845947265625
2024-09-24,8.062176704406738,119.57523345947266,136.49563598632812,12.291386604309082,90.97168731689453,17.130277633666992,83.88729095458984,5.5704755783081055,66.93421173095703,51.791053771972656,84.08806610107422,82.83140563964844,71.20294189453125,86.5356674194336,77.1877212524414,69.9001693725586,71.6677474975586,5.779171943664551,67.79301452636719,75.84988403320312,45.567955017089844,8.718276977539062,103.1728286743164,92.85758209228516,85.2397689819336,4.081273078918457,53.43978500366211,38.598411560058594,110.65946197509766,8.830970764160156,76.46747589111328,81.7673110961914,27.952634811401367,6.224426746368408,68.69862365722656,68.62208557128906,8.493843078613281,6.830889701843262,21.65265655517578,71.89614868164062,90.56874084472656,76.35298919677734,74.97498321533203,26.369522094726562,96.5,92.36571502685547,65.8145751953125,71.39221954345703,7.388388633728027,7.548412322998047,35.638328552246094,,30.177730560302734,76.01122283935547,59.62897491455078,77.45854949951172,6.669602870941162,86.97856903076172,94.73648834228516,69.30390167236328,2.7210681438446045,7.421717166900635
2024-09-25,8.054105758666992,119.13494110107422,136.3662109375,12.205060005187988,90.60379028320312,17.115949630737305,84.30884552001953,5.577060222625732,67.24433135986328,51.086795806884766,84.13014221191406,82.81449127197266,69.97968292236328,86.25812530517578,76.73870849609375,70.42691802978516,72.37117004394531,5.721627712249756,67.15380859375,75.47126770019531,44.89071273803711,8.644601821899414,103.0628890991211,93.1615982055664,85.11011505126953,4.13015079498291,53.43978500366211,38.43657684326172,111.42655181884766,8.827589988708496,75.6338119506836,81.58259582519531,27.772775650024414,6.2401652336120605,68.49856567382812,69.09478759765625,8.390413284301758,6.838916778564453,21.379878997802734,71.7379379272461,88.72860717773438,76.23237609863281,74.31135559082031,26.126859664916992,96.5,91.86962127685547,65.5671615600586,71.2652816772461,7.372396945953369,7.540757179260254,35.15570068359375,,30.092374801635742,76.03548431396484,58.92823028564453,77.30643463134766,6.614738464355469,86.78669738769531,94.73648834228516,69.28004455566406,2.7210681438446045,7.429945468902588
2024-09-26,8.054105758666992,119.31620788574219,136.6335906982422,12.222097396850586,91.63044738769531,17.03839111328125,84.59517669677734,5.564713001251221,67.04029846191406,51.31122970581055,84.66021728515625,83.11922454833984,70.19902038574219,86.77957916259766,76.73056030273438,70.4748306274414,72.44393157958984,5.721627712249756,66.7987060546875,76.31265258789062,44.41411590576172,8.660975456237793,103.1728286743164,93.73583221435547,85.20735168457031,4.105711460113525,53.60288619995117,38.27472686767578,111.98677825927734,8.839423179626465,74.71239471435547,81.74322509765625,27.690336227416992,6.177212715148926,68.58658599853516,68.28793334960938,8.404479026794434,6.838916778564453,21.365135192871094,71.3978042602539,88.86286163330078,76.21731567382812,74.56120300292969,26.07832145690918,96.5,92.71641540527344,65.31147766113281,71.36046600341797,7.412377834320068,7.533102035522461,33.70781707763672,,30.449325561523438,76.19729614257812,59.21453857421875,77.466552734375,6.622577667236328,87.07007598876953,95.5675277709961,69.31983184814453,2.713315725326538,7.429945468902588
2024-09-27,8.062176704406738,120.87030792236328,136.75436401367188,12.248226165771484,93.25602722167969,17.070425033569336,84.7144775390625,5.5729451179504395,67.52994537353516,52.394718170166016,84.55925750732422,83.9319076538086,71.54883575439453,88.21776580810547,76.49380493164062,70.833984375,72.66224670410156,5.770951747894287,66.37258911132812,76.8679428100586,44.37232208251953,8.693717002868652,103.4265365600586,95.4247817993164,85.72599029541016,4.211613655090332,54.040706634521484,38.557952880859375,112.47808837890625,8.844491958618164,75.02833557128906,81.67095947265625,27.66036605834961,6.185082912445068,69.26677703857422,69.33113098144531,8.430960655212402,6.830889701843262,21.748497009277344,71.2791519165039,89.194580078125,76.1343994140625,74.9515609741211,26.070234298706055,96.5,92.60521697998047,65.38570404052734,70.71794891357422,7.388388633728027,7.540757179260254,33.2759895324707,,30.35620880126953,76.36717224121094,59.46319580078125,77.66673278808594,6.740139007568359,86.7955551147461,93.7392807006836,69.39938354492188,2.728820562362671,7.429945468902588
2024-09-30,8.013755798339844,120.26594543457031,137.25462341308594,12.202790260314941,92.99935913085938,17.145450592041016,84.6031265258789,5.581176280975342,67.66051483154297,52.30958557128906,84.59291076660156,82.81449127197266,71.29573822021484,87.81405639648438,76.73870849609375,70.33114624023438,71.91029357910156,5.7380690574646,67.24060821533203,77.73456573486328,44.731842041015625,8.685532569885254,102.77535247802734,94.24251556396484,85.6368408203125,4.15458869934082,53.86901092529297,38.630775451660156,113.53820037841797,8.864776611328125,73.92264556884766,81.71913146972656,27.652868270874023,6.145735740661621,70.01896667480469,69.29855346679688,8.430960655212402,6.838916778564453,21.80010414123535,71.67465209960938,88.87867736816406,76.26253509521484,75.185791015625,25.981264114379883,96.5,92.54534149169922,64.92384338378906,70.86075592041016,7.436366081237793,7.502479076385498,33.021968841552734,,30.317413330078125,76.08404541015625,59.37276840209961,77.85089874267578,6.82634973526001,86.92543029785156,93.7392807006836,69.2164077758789,2.713315725326538,7.4710845947265625
2024-10-01,7.932315826416016,120.35286712646484,136.95062255859375,12.165305137634277,91.27555084228516,17.207481384277344,83.64494323730469,5.519717216491699,66.76283264160156,51.56661605834961,84.24523162841797,82.54359436035156,69.29052734375,86.90735626220703,75.9569320678711,69.5010986328125,70.91580963134766,5.696964740753174,66.38047790527344,76.3257064819336,44.28034210205078,8.677343368530273,102.75775909423828,93.7063217163086,85.10171508789062,4.121682167053223,53.306705474853516,37.303714752197266,111.18522644042969,8.799701690673828,74.0109634399414,81.67859649658203,27.4730167388916,6.129998683929443,69.17097473144531,68.28717041015625,8.284499168395996,6.676854610443115,21.667402267456055,70.94761657714844,89.02229309082031,76.58767700195312,75.26386260986328,25.811391830444336,96.5,91.52827453613281,63.35940933227539,70.10033416748047,7.420217037200928,7.510134220123291,32.36153030395508,,30.0690975189209,76.47620391845703,59.05287551879883,77.3464584350586,6.778048515319824,87.30851745605469,93.86497497558594,68.41342163085938,2.6978118419647217,7.52904748916626
2024-10-02,8.152206420898438,120.865966796875,137.64544677734375,12.145994186401367,89.46556091308594,16.90159797668457,84.09435272216797,5.455765247344971,65.85700225830078,51.40410232543945,84.78793334960938,84.66835021972656,70.106201171875,87.44121551513672,76.11328125,70.03585052490234,71.11795043945312,5.713406562805176,66.9091796875,75.73158264160156,43.52784729003906,8.72693157196045,103.40498352050781,91.9275131225586,85.28973388671875,4.146361827850342,53.453773498535156,36.95576095581055,111.3662338256836,8.718564987182617,74.19645690917969,82.36768341064453,27.585424423217773,6.114260196685791,68.9690933227539,67.98294067382812,8.429304122924805,6.36083984375,21.696887969970703,71.24322509765625,88.09679412841797,76.15296173095703,75.53712463378906,25.851839065551758,96.5,92.40742492675781,63.01824188232422,69.876220703125,7.468662261962891,7.525445461273193,33.775543212890625,,30.185497283935547,76.15755462646484,59.083343505859375,76.84202575683594,6.738457679748535,88.79032897949219,93.02690887451172,68.20465850830078,2.7210681438446045,7.49580717086792
2024-10-03,8.07076358795166,120.35286712646484,137.21119689941406,12.119869232177734,90.27574157714844,17.035842895507812,84.18263244628906,5.399290561676025,65.24495697021484,50.61469268798828,84.21131896972656,84.21124267578125,70.39508819580078,87.39884948730469,76.12149810791016,70.82598114013672,70.72987365722656,5.7462897300720215,66.92497253417969,75.62972259521484,43.79540252685547,8.669082641601562,102.36599731445312,92.00411224365234,85.30606842041016,4.129908084869385,53.65273666381836,36.41359329223633,113.48648834228516,8.732935905456543,74.62042999267578,81.69478607177734,27.787761688232422,6.074914455413818,68.90448760986328,67.38269805908203,8.324217796325684,6.401356220245361,21.822221755981445,70.82777404785156,86.9878158569336,75.98513793945312,75.28728485107422,26.045969009399414,96.5,92.2092056274414,62.22769546508789,70.20437622070312,7.509034633636475,7.556069374084473,35.291175842285156,,30.185497283935547,75.08723449707031,58.89291763305664,76.84202575683594,6.754293441772461,88.71906280517578,93.19451904296875,68.01997375488281,2.705564022064209,7.512426853179932
2024-10-04,8.0626220703125,121.20503997802734,137.21119689941406,12.227779388427734,91.74957275390625,17.034992218017578,84.27090454101562,5.395137786865234,65.22862243652344,50.42121124267578,84.37242889404297,83.74564361572266,70.6075210571289,87.77171325683594,76.12149810791016,70.32317352294922,70.5924072265625,5.729848384857178,67.1932601928711,76.19837188720703,43.64490509033203,8.60296630859375,102.69813537597656,92.53179931640625,85.38780975341797,4.138134956359863,54.388065338134766,36.81819152832031,114.61557006835938,8.798853874206543,74.0816421508789,81.85693359375,27.96761703491211,6.043437957763672,68.72681427001953,67.73627471923828,8.390413284301758,6.401356220245361,21.9401798248291,71.21925354003906,86.51708984375,76.25971984863281,75.1389389038086,26.070234298706055,96.5,91.68341827392578,63.009925842285156,71.47703552246094,7.460587501525879,7.548412322998047,34.588401794433594,,30.21653175354004,74.82579040527344,58.8395881652832,77.13027954101562,6.611764430999756,88.70124816894531,93.21128845214844,68.13236999511719,2.7210681438446045,7.504115104675293
2024-10-07,8.0626220703125,121.11811065673828,137.22854614257812,12.250495910644531,91.88749694824219,17.07832908630371,84.39128112792969,5.36523962020874,64.86956787109375,50.53730010986328,84.96601104736328,84.10118103027344,71.04085540771484,87.98355102539062,75.91580200195312,69.74851989746094,70.69752502441406,5.770951747894287,67.08281707763672,76.30021667480469,44.18001174926758,8.611235618591309,103.39647674560547,93.36589050292969,85.21615600585938,4.129908084869385,53.566226959228516,36.49451446533203,112.01262664794922,8.861396789550781,76.03372955322266,82.04339599609375,27.652868270874023,5.988354682922363,68.66220092773438,68.08982849121094,8.399514198303223,6.425663471221924,21.829593658447266,71.27518463134766,86.17401885986328,76.22160339355469,74.98280334472656,26.175392150878906,96.5,92.1833267211914,63.15972137451172,70.82070922851562,7.428291320800781,7.548412322998047,34.546058654785156,,30.185497283935547,74.25384521484375,58.4739990234375,76.72191619873047,6.588008880615234,89.08728790283203,92.5240478515625,68.1404037475586,2.6978118419647217,7.545666694641113
2024-10-08,8.030044555664062,120.6833267211914,136.7855987548828,12.19370174407959,90.9738998413086,17.01205062866211,83.56304168701172,5.348628044128418,62.54975128173828,50.45990753173828,84.66073608398438,83.68639373779297,70.43759155273438,87.6276626586914,75.7182846069336,68.63912963867188,70.46305847167969,5.770951747894287,67.24850463867188,75.61274719238281,43.580474853515625,8.619497299194336,103.1069107055664,92.914794921875,85.01995849609375,4.1545891761779785,53.46241760253906,36.846370697021484,112.603271484375,8.824209213256836,74.3996353149414,81.51644134521484,27.22043800354004,6.004092693328857,67.39425659179688,67.18537902832031,8.415237426757812,6.425663471221924,21.680179595947266,71.49092102050781,84.64218139648438,76.10720825195312,74.48310852050781,25.779958724975586,96.5,91.54550170898438,63.034889221191406,71.22089385986328,7.3717732429504395,7.525445461273193,34.546058654785156,,30.028278350830078,74.35186767578125,59.677459716796875,76.74594116210938,6.445480823516846,89.09026336669922,93.02690887451172,66.59069061279297,2.6899688243865967,7.49580717086792
2024-10-09,7.997469425201416,119.87457275390625,136.03868103027344,12.051713943481445,89.36212158203125,17.05963706970215,83.70696258544922,5.232353210449219,61.597042083740234,50.53730010986328,83.27006530761719,83.68639373779297,70.23367309570312,87.02599334716797,75.635986328125,67.54568481445312,69.29875946044922,5.680522441864014,67.46944427490234,74.77252197265625,43.073822021484375,8.569911003112793,102.75775909423828,91.48493194580078,84.77469635009766,4.121682167053223,53.57487869262695,36.64180374145508,111.7086410522461,8.748991966247559,73.31316375732422,81.06245422363281,26.67420768737793,5.964748382568359,67.1358413696289,65.26953887939453,8.419373512268066,6.368942737579346,21.65776252746582,70.49221801757812,80.66097259521484,75.66483306884766,74.40503692626953,25.49441909790039,96.5,90.07160949707031,62.82685470581055,70.95677185058594,7.331401824951172,7.548412322998047,34.03803253173828,,29.4780216217041,74.35186767578125,59.60127258300781,76.5617904663086,6.421725273132324,89.08728790283203,92.16368103027344,66.12490844726562,2.6899688243865967,7.479186534881592
2024-10-10,7.95674991607666,119.12673950195312,135.31776428222656,11.941536903381348,87.28492736816406,16.95937728881836,83.2901840209961,5.232353210449219,61.9501838684082,49.86347198486328,82.40516662597656,82.54359436035156,69.88530731201172,89.69526672363281,75.13399505615234,67.86492919921875,69.11920928955078,5.5852274894714355,67.07489013671875,73.76255798339844,42.778282165527344,8.512063026428223,101.71022033691406,91.1104736328125,84.28419494628906,4.113454341888428,51.836063385009766,36.821815490722656,111.04851531982422,8.732935905456543,72.44754028320312,80.8922119140625,26.32522964477539,5.972617149353027,66.34439849853516,64.34042358398438,8.376346588134766,6.287913799285889,21.403757095336914,69.74917602539062,80.06260681152344,74.58185577392578,73.56956481933594,25.29862403869629,96.5,89.18379974365234,62.33588409423828,70.79668426513672,7.282955169677734,7.548412322998047,33.23365783691406,,29.16358757019043,74.35186767578125,59.48700714111328,76.35359954833984,6.43756103515625,89.12886810302734,92.18881225585938,65.97238159179688,2.619386672973633,7.437633514404297
2024-10-11,7.95674991607666,119.46590423583984,135.6912384033203,11.938128471374512,89.85340118408203,17.11061668395996,83.52261352539062,5.224877834320068,61.72021484375,50.36492156982422,81.96421813964844,82.28117370605469,69.67288970947266,88.80552673339844,75.38087463378906,67.64739990234375,68.4499740600586,5.552080154418945,67.50506591796875,73.24479675292969,42.4151725769043,8.495534896850586,101.16519927978516,90.51469421386719,84.17793273925781,4.129908084869385,51.87930679321289,36.658164978027344,112.03868865966797,8.77265453338623,71.99706268310547,81.27324676513672,26.21142578125,6.037759780883789,66.17478942871094,64.13484954833984,8.413582801818848,6.2473978996276855,21.36640167236328,70.26051330566406,82.48004913330078,74.75726318359375,73.71142578125,25.4617862701416,96.5,89.95092010498047,62.25266647338867,70.9727783203125,7.31525182723999,7.556146621704102,33.021968841552734,,28.904178619384766,75.16893005371094,59.63937759399414,76.62583923339844,6.4296441078186035,89.20013427734375,91.18314361572266,66.52643585205078,2.619386672973633,7.4542555809021
2024-10-14,7.95674991607666,121.17903900146484,136.63796997070312,12.017640113830566,89.56897735595703,17.079177856445312,83.37835693359375,5.240659236907959,62.64829635620117,51.6420783996582,82.08293151855469,82.35736846923828,70.32711791992188,88.21234130859375,75.56192016601562,67.0672836303711,68.8662109375,5.543792247772217,67.73607635498047,73.3296890258789,42.88804244995117,8.512063026428223,102.53631591796875,91.98709869384766,83.87545776367188,4.138134956359863,53.36725997924805,36.821815490722656,113.19391632080078,8.855478286743164,72.08539581298828,81.24891662597656,26.55282974243164,6.077483654022217,66.86933898925781,64.98175048828125,8.382965087890625,6.22308874130249,21.418699264526367,69.44556427001953,82.74333190917969,74.47506713867188,73.5853271484375,25.23335838317871,96.5,90.80425262451172,63.95023727416992,71.03681945800781,7.258731842041016,7.502007484436035,33.191314697265625,,28.79412841796875,75.16893005371094,59.56318283081055,76.60980987548828,6.485071659088135,89.09026336669922,91.3507308959961,66.5746078491211,2.642914295196533,7.470874309539795
2024-10-15,7.948605060577393,121.33551788330078,135.6217498779297,12.018775939941406,88.64674377441406,17.20577621459961,83.83519744873047,5.240659236907959,64.0609130859375,51.93981170654297,82.25251770019531,82.19654083251953,70.09771728515625,89.05972290039062,75.99808502197266,67.43791198730469,69.4538345336914,5.568652629852295,67.87149810791016,73.96623229980469,43.073822021484375,8.520326614379883,103.34536743164062,93.42545318603516,83.88362121582031,4.121682167053223,53.055824279785156,36.9527473449707,113.60215759277344,8.861396789550781,71.50241088867188,81.05435943603516,26.64386749267578,6.101315975189209,67.86267852783203,65.244873046875,8.439233779907227,6.23929500579834,21.500879287719727,69.6932373046875,82.73534393310547,74.73438262939453,74.55479431152344,25.11098289489746,96.5,91.28691864013672,63.52584457397461,70.64461517333984,7.274881839752197,7.416934967041016,33.06430435180664,,28.636917114257812,75.19344329833984,59.79170608520508,76.60790252685547,6.453397750854492,89.22982788085938,91.6273193359375,65.94026947021484,2.658599376678467,7.470874309539795
2024-10-16,7.948605060577393,121.88337707519531,136.0299530029297,12.028997421264648,89.34488677978516,17.130155563354492,83.45047760009766,5.232353210449219,64.86578369140625,52.4099235534668,82.43907928466797,82.34857940673828,70.59051513671875,89.27155303955078,75.7923355102539,67.18812561035156,70.67804718017578,5.543792247772217,67.49710083007812,73.83892059326172,43.293373107910156,8.512063026428223,103.81377410888672,93.20418548583984,83.87545776367188,4.1545891761779785,53.635440826416016,37.19003677368164,111.61309814453125,8.848716735839844,73.63114166259766,81.07054901123047,26.734907150268555,6.125150203704834,67.72537994384766,65.17088317871094,8.398685455322266,6.2473978996276855,21.523290634155273,68.87030792236328,82.80716705322266,74.94792938232422,73.85331726074219,24.9722957611084,96.5,90.8990478515625,63.46759033203125,70.46051025390625,7.25065803527832,7.339592933654785,33.06430435180664,,28.180992126464844,75.60197448730469,60.22585678100586,76.60790252685547,6.500908374786377,89.26842498779297,91.2082748413086,65.80375671386719,2.650756597518921,7.49580717086792
2024-10-17,7.907883644104004,122.00511169433594,135.96920776367188,12.0437650680542,88.77603912353516,17.186235427856445,83.57271575927734,5.232353210449219,65.10395812988281,52.887874603271484,82.88002014160156,82.55338287353516,70.5395278930664,88.59366607666016,75.43848419189453,67.69574737548828,70.45770263671875,5.543792247772217,66.62879943847656,75.02714538574219,43.06538009643555,8.462477684020996,103.04730987548828,92.31903076171875,83.77735900878906,4.187497138977051,54.32750701904297,36.77272033691406,111.91709899902344,8.789556503295898,73.49864959716797,81.07054901123047,26.41626739501953,6.148983955383301,67.61231994628906,64.61176300048828,8.361452102661133,6.255500316619873,21.433639526367188,69.01411437988281,82.24068450927734,74.95555877685547,73.94001007080078,24.79281234741211,96.5,90.78700256347656,63.683956146240234,70.6045913696289,7.25065803527832,7.215847969055176,32.61555480957031,,28.015907287597656,75.46308135986328,60.15730285644531,76.56748962402344,6.421725273132324,89.2506103515625,90.08523559570312,65.4183349609375,2.658599376678467,7.479186534881592
2024-10-18,7.964892387390137,120.97029876708984,136.20372009277344,12.10851001739502,88.2071762084961,17.154794692993164,83.50048828125,5.228201389312744,64.7097396850586,53.06025314331055,82.96481323242188,83.2019271850586,70.07222747802734,88.4919662475586,75.62776947021484,67.0189437866211,70.8739242553711,5.518933296203613,67.19438171386719,73.89834594726562,43.23426818847656,8.454214096069336,104.23959350585938,91.3828125,84.03895568847656,4.21217679977417,54.48321533203125,36.805450439453125,113.17654418945312,8.811532020568848,72.92450714111328,81.1273193359375,26.279712677001953,6.172816276550293,68.1614990234375,64.48017120361328,8.421029090881348,6.287913799285889,21.48593521118164,69.1819076538086,82.62364196777344,76.9156265258789,73.82965850830078,24.55622673034668,96.5,90.89043426513672,63.97520446777344,70.55656433105469,7.266805648803711,7.401463031768799,32.894962310791016,,27.66217613220215,75.75720977783203,60.431514739990234,76.85855865478516,6.43756103515625,89.53272247314453,88.83650207519531,65.7073745727539,2.6272289752960205,7.520735740661621
2024-10-21,7.916027545928955,120.52677917480469,135.18748474121094,12.039746284484863,87.91410827636719,17.097017288208008,83.40420532226562,5.232353210449219,64.299072265625,52.5274543762207,82.08293151855469,83.2019271850586,70.45458221435547,88.3648681640625,75.15045166015625,66.6322021484375,70.3515853881836,5.6763811111450195,67.13862609863281,73.71160888671875,42.896488189697266,8.412895202636719,102.56187438964844,91.1955795288086,83.63021850585938,4.121682167053223,53.32400131225586,36.821815490722656,111.26567840576172,8.751054763793945,72.03238677978516,81.07054901123047,26.173494338989258,6.228427886962891,67.83845520019531,63.567508697509766,8.318424224853516,6.263604164123535,21.03022003173828,68.81439971923828,81.53858947753906,76.2673568725586,74.67302703857422,24.335952758789062,96.5,89.6233901977539,63.342777252197266,68.72361755371094,7.234510898590088,7.447868824005127,32.81875991821289,,27.512821197509766,73.97603607177734,59.7840690612793,76.48662567138672,6.485071659088135,90.0672378540039,88.81137084960938,64.96065521240234,2.6272289752960205,7.445945739746094
2024-10-22,7.883453369140625,119.9702377319336,135.1353759765625,11.974434852600098,87.02635955810547,17.045190811157227,83.23567199707031,5.248963832855225,64.80008697509766,51.24247360229492,82.4220962524414,82.73258972167969,69.35848999023438,88.12760162353516,75.54545593261719,65.86678314208984,69.42118835449219,5.6266608238220215,67.71217346191406,73.3296890258789,42.980934143066406,8.379837036132812,102.37452697753906,91.21260070800781,83.26233673095703,4.129908084869385,53.12503433227539,36.658164978027344,112.10820007324219,8.705094337463379,72.08539581298828,81.07054901123047,25.642440795898438,6.236371994018555,66.78855895996094,63.41128921508789,8.277878761291504,6.22308874130249,20.95551300048828,68.99815368652344,80.0227279663086,75.80973815917969,73.77449798583984,24.50727653503418,96.5,87.9167709350586,62.41077423095703,68.39545440673828,7.1941375732421875,7.401463031768799,32.386932373046875,,27.4342098236084,75.07906341552734,59.8373908996582,76.38151550292969,6.461316108703613,89.39909362792969,87.99842834472656,65.12925720214844,2.611543893814087,7.4542555809021
2024-10-23,7.777580738067627,119.30933380126953,134.6143035888672,11.887360572814941,86.32823181152344,16.950027465820312,83.61284637451172,5.200793266296387,63.937713623046875,50.82720184326172,81.20105743408203,81.6658935546875,69.12060546875,87.67002868652344,75.15867614746094,64.85157012939453,67.86236572265625,5.552080154418945,67.2501449584961,72.32818603515625,42.685386657714844,8.330252647399902,102.1956558227539,90.216796875,82.56745910644531,4.113454341888428,52.54542922973633,36.55997848510742,112.61195373535156,8.6029634475708,71.71442413330078,80.51116180419922,25.035520553588867,6.037759780883789,66.34439849853516,62.23546600341797,8.220784187316895,6.190677165985107,20.933101654052734,67.97547149658203,79.11321258544922,76.14531707763672,72.97842407226562,24.4420108795166,96.5,87.00313568115234,62.14448547363281,67.4749755859375,7.064952850341797,7.324125289916992,32.30226516723633,,27.159086227416992,74.44174194335938,59.068115234375,75.99341583251953,6.326706409454346,89.23576354980469,87.83081817626953,63.9248046875,2.603701591491699,7.379462718963623
2024-10-24,7.590267658233643,119.17021942138672,134.01495361328125,11.801427841186523,86.49198150634766,16.8998966217041,83.27579498291016,5.189996719360352,63.518863677978516,51.69691848754883,81.056884765625,81.32455444335938,68.82321166992188,87.40731811523438,75.3561782836914,65.06107330322266,67.98477172851562,5.485786437988281,66.14283752441406,72.2093734741211,42.533382415771484,8.305458068847656,103.1835708618164,90.523193359375,81.87257385253906,4.08877420425415,52.649234771728516,36.584510803222656,115.0787353515625,8.523809432983398,70.8399658203125,79.61128997802734,24.98241424560547,5.934484004974365,66.11827087402344,62.16147994995117,8.150450706481934,6.125853538513184,20.768741607666016,67.75178527832031,78.06802368164062,76.01566314697266,72.36363983154297,24.458324432373047,96.5,87.05484008789062,62.152793884277344,66.81861877441406,7.089174270629883,7.308657646179199,32.42081069946289,,26.718873977661133,75.07087707519531,59.1671257019043,75.59724426269531,6.287114143371582,89.38423919677734,87.28604888916016,64.12554931640625,2.619386672973633,7.36284065246582
2024-10-25,7.745002746582031,120.0050277709961,134.9269256591797,11.848404884338379,87.91410827636719,16.82512664794922,83.51656341552734,5.190826892852783,63.075374603271484,51.720428466796875,80.92122650146484,81.40988159179688,68.27943420410156,88.42418670654297,75.7923355102539,65.05300903320312,68.68667602539062,5.485786437988281,65.83216857910156,72.22634887695312,42.97248840332031,8.421158790588379,104.17147064208984,90.0380859375,81.79083251953125,4.113454341888428,52.337806701660156,36.412689208984375,115.65201568603516,8.57487964630127,71.54658508300781,79.53021240234375,24.747236251831055,5.982149600982666,65.98905181884766,61.99702835083008,8.136385917663574,6.133957386016846,20.783689498901367,68.48681640625,79.12117004394531,76.25971984863281,72.58431243896484,24.360431671142578,96.5,87.64958953857422,62.41077423095703,67.19481658935547,7.234510898590088,7.347327709197998,31.575942993164062,,26.72673797607422,73.98419189453125,59.75360870361328,75.59724426269531,6.279196739196777,89.66338348388672,87.51233673095703,64.24598693847656,2.619386672973633,7.379462718963623
2024-10-28,7.850876331329346,119.74414825439453,134.54478454589844,11.861006736755371,88.34506225585938,16.891403198242188,83.14739990234375,5.340322017669678,63.239627838134766,51.74393081665039,82.26102447509766,82.0925521850586,69.02711486816406,90.16132354736328,75.28211975097656,65.48809814453125,69.02944946289062,5.5355072021484375,65.69676208496094,73.99169921875,43.79157638549805,8.412895202636719,103.81377410888672,91.27216339111328,82.03606414794922,4.105226993560791,53.289398193359375,36.167213439941406,112.13423919677734,8.722970008850098,71.21977233886719,79.74101257324219,25.232769012451172,5.751761436462402,65.98095703125,63.27971267700195,8.098320960998535,6.198779582977295,20.694034576416016,68.62263488769531,79.67168426513672,76.25971984863281,72.86018371582031,24.344112396240234,96.5,87.83921813964844,63.242923736572266,68.17932891845703,7.18606424331665,7.455604076385498,31.422319412231445,,26.412309646606445,74.76040649414062,59.944026947021484,75.46786499023438,6.334624290466309,89.39909362792969,86.94242858886719,64.29415130615234,2.603701591491699,7.445945739746094
2024-10-29,7.8020124435424805,120.33548736572266,134.91827392578125,11.890796661376953,89.44831085205078,16.79368782043457,83.29987335205078,5.343644618988037,63.37921905517578,52.049503326416016,81.4045639038086,81.91336059570312,69.33302307128906,90.37315368652344,75.5536880493164,66.51940155029297,68.19697570800781,5.543792247772217,65.9516830444336,74.40756225585938,44.23067855834961,8.40462875366211,104.17147064208984,91.88495635986328,81.87257385253906,4.1545891761779785,54.28425216674805,36.15902328491211,115.33930206298828,8.6336030960083,71.1932601928711,79.6518325805664,25.10379981994629,5.743818283081055,66.2232437133789,62.29302978515625,8.16451644897461,6.3041181564331055,20.59691619873047,69.07006072998047,80.01475524902344,76.25971984863281,72.44245147705078,24.43385124206543,96.5,89.29588317871094,62.82685470581055,67.77913665771484,7.15376615524292,7.563880920410156,31.36258888244629,,26.286535263061523,75.1280746459961,59.982112884521484,75.35469055175781,6.413808345794678,90.3938980102539,86.7413101196289,64.23794555664062,2.603701591491699,7.470874309539795
2024-10-30,7.907883644104004,120.39634704589844,135.22225952148438,11.90683650970459,91.2152099609375,16.823423385620117,83.62890625,5.345305442810059,63.510643005371094,52.50395202636719,82.59172821044922,82.6728515625,69.33302307128906,90.66974639892578,75.65245056152344,68.03412628173828,68.70298767089844,5.618373870849609,64.90808868408203,73.83892059326172,44.416439056396484,8.429421424865723,104.62281799316406,92.75309753417969,82.09330749511719,4.138134956359863,53.99877166748047,35.97900390625,114.65314483642578,8.637859344482422,70.9106216430664,79.80587768554688,25.035520553588867,5.727928638458252,66.38475036621094,63.238609313964844,8.258020401000977,6.3203253746032715,20.619327545166016,69.17391204833984,80.34183502197266,77.02239227294922,72.66315460205078,24.229894638061523,96.5,88.96832275390625,63.98352813720703,68.05127716064453,7.169916152954102,7.54841423034668,32.65122604370117,,26.176481246948242,74.9156494140625,59.700286865234375,75.27383422851562,6.39005184173584,90.3790512084961,86.87539672851562,63.9248046875,2.619386672973633,7.4829912185668945
2024-10-31,7.859018802642822,120.26591491699219,135.3612060546875,11.881629943847656,90.54293823242188,16.802181243896484,83.8776626586914,5.396798610687256,63.362823486328125,52.69200134277344,82.21012115478516,81.94751739501953,69.04412841796875,89.91559600830078,75.28211975097656,67.28482055664062,70.26180267333984,5.726100444793701,64.92404174804688,73.97474670410156,43.9098014831543,8.454214096069336,103.04730987548828,91.8168716430664,82.54293060302734,4.195723056793213,53.73059844970703,35.59442901611328,116.39031219482422,8.638708114624023,70.65445709228516,79.61128997802734,25.035520553588867,5.727928638458252,66.99854278564453,62.737030029296875,8.224921226501465,6.3041181564331055,20.55955696105957,69.66926574707031,81.52265167236328,76.2673568725586,72.37151336669922,24.229894638061523,96.5,88.77872467041016,63.38438034057617,67.05876159667969,7.145692825317383,7.587080955505371,33.74358367919922,,26.097877502441406,75.20977783203125,60.02019500732422,75.34661102294922,6.421725273132324,91.31446838378906,86.92568969726562,63.75617599487305,2.603701591491699,7.557574272155762
2024-11-01,7.743928909301758,120.26591491699219,135.14256286621094,11.848404884338379,90.18682098388672,16.916109085083008,83.59162902832031,5.277800559997559,63.19853973388672,52.50395202636719,82.96239471435547,82.92884826660156,68.24795532226562,89.63386535644531,75.88749694824219,67.51042175292969,68.87437438964844,5.593513011932373,65.16304779052734,73.32369995117188,44.534664154052734,8.495534896850586,102.51471710205078,91.07039642333984,82.62162017822266,4.179106712341309,53.96598815917969,35.68443298339844,115.40010070800781,8.681265830993652,69.9607162475586,78.62895202636719,24.76999282836914,5.727928638458252,66.86807250976562,62.82838439941406,8.240803718566895,6.353305816650391,20.70150375366211,69.18490600585938,81.17566680908203,76.11021423339844,73.19910430908203,24.246213912963867,96.5,87.15380859375,62.81327438354492,68.28563690185547,7.129396438598633,7.563880920410156,34.22148513793945,,26.946840286254883,75.1107406616211,60.27446365356445,75.7427749633789,6.374477386474609,35.25947952270508,87.47547149658203,65.60557556152344,2.635071039199829,7.601102828979492
2024-11-04,7.6206183433532715,120.00313568115234,133.85665893554688,11.854130744934082,88.42374420166016,16.85529327392578,83.70506286621094,5.248471260070801,62.31977081298828,52.62146759033203,82.49222564697266,82.33151245117188,67.7599868774414,88.43022155761719,74.75967407226562,67.67156219482422,70.10675811767578,5.618373870849609,64.74081420898438,74.60858917236328,44.323570251464844,8.528916358947754,102.2230224609375,90.0922622680664,82.5721206665039,4.071098327636719,53.181339263916016,35.32439422607422,113.61083221435547,8.67275333404541,70.04076385498047,78.39154815673828,24.777576446533203,5.712040424346924,66.19122314453125,62.529441833496094,8.220743179321289,6.427087306976318,20.694034576416016,69.50780487060547,79.50535583496094,76.16423797607422,74.44444274902344,24.238052368164062,96.5,88.19651794433594,61.729862213134766,69.35108947753906,7.096805095672607,7.532942771911621,35.740543365478516,,27.269132614135742,74.96216583251953,60.02020263671875,76.54324340820312,6.3824849128723145,35.24454879760742,87.2048110961914,65.75160217285156,2.6272289752960205,7.61784553527832
2024-11-05,7.653500080108643,119.91553497314453,134.16285705566406,11.861006736755371,89.87417602539062,16.781625747680664,83.6402587890625,5.208245754241943,63.22319412231445,52.96623229980469,82.93673706054688,82.21204376220703,68.15377807617188,87.92657470703125,75.11628723144531,67.84077453613281,70.17205810546875,5.601800918579102,64.54167175292969,74.80561065673828,44.68666076660156,8.537261009216309,101.24486541748047,89.98070526123047,82.41536712646484,4.096023082733154,53.163902282714844,35.55351638793945,112.64672088623047,8.642965316772461,70.21865844726562,78.66986846923828,24.921722412109375,5.712040424346924,65.86505126953125,62.75364303588867,8.178949356079102,6.418888568878174,20.888277053833008,69.0315170288086,79.83621215820312,75.58548736572266,73.35675811767578,24.180946350097656,96.5,87.08431243896484,62.58651351928711,69.875732421875,7.113100528717041,7.4788079261779785,34.81886291503906,,26.828929901123047,74.9043960571289,60.11265563964844,76.68875122070312,6.34244441986084,35.334144592285156,87.12867736816406,65.21623992919922,2.635071039199829,7.601102828979492
2024-11-06,7.628839492797852,119.60896301269531,133.90919494628906,11.823195457458496,89.41386413574219,16.65056800842285,83.4295425415039,5.252660274505615,63.40388107299805,53.08375930786133,82.06480407714844,81.79389190673828,67.92263793945312,87.49972534179688,75.06649780273438,68.6706314086914,69.37222290039062,5.634946823120117,63.9442024230957,74.57432556152344,44.86399841308594,8.47049617767334,100.58419799804688,89.49164581298828,82.34111022949219,4.096023082733154,52.431575775146484,36.27357864379883,112.69013214111328,8.613174438476562,69.06243896484375,78.59620666503906,24.990001678466797,5.775594711303711,65.96289825439453,63.75012969970703,8.16223430633545,6.410690784454346,21.015277862548828,68.86197662353516,80.16702270507812,75.36170196533203,73.45922088623047,24.474641799926758,96.5,86.97134399414062,63.711944580078125,69.8031005859375,7.080509185791016,7.455604076385498,35.64666748046875,,26.93898582458496,74.31836700439453,59.96626663208008,76.68875122070312,6.326427936553955,35.39088821411133,87.0694580078125,65.1351318359375,2.658599376678467,7.550874710083008
2024-11-07,7.579514026641846,119.23228454589844,133.9879150390625,11.802570343017578,89.41386413574219,16.62230110168457,83.87525939941406,5.252660274505615,64.71794891357422,53.6322135925293,82.06480407714844,82.3997802734375,68.61607360839844,87.40583038330078,75.35676574707031,68.27584838867188,68.96414947509766,5.6266608238220215,64.27082824707031,74.61717224121094,45.395973205566406,8.495535850524902,100.34396362304688,89.66325378417969,82.42362213134766,4.120949745178223,52.47517013549805,36.044471740722656,112.69889068603516,8.587642669677734,69.19583892822266,78.29330444335938,25.33138656616211,5.78354024887085,66.28092956542969,64.3563232421875,8.097034454345703,6.4434814453125,20.940574645996094,69.58854675292969,80.36873626708984,75.98674774169922,73.26216125488281,24.474641799926758,96.5,86.81492614746094,63.4599609375,69.8192367553711,7.072360515594482,7.447868824005127,35.46744918823242,,26.828929901123047,74.36788177490234,59.9816780090332,76.14704132080078,6.334436416625977,35.64474868774414,86.90029907226562,65.27301025390625,2.682126522064209,7.6094770431518555
2024-11-08,7.661722183227539,120.60752868652344,134.96759033203125,11.932043075561523,89.32699584960938,16.83216667175293,83.71318054199219,5.234224319458008,64.35816192626953,53.279632568359375,82.91964721679688,83.41526794433594,68.01680755615234,88.77168273925781,75.64700317382812,68.6706314086914,68.71113586425781,5.692953109741211,65.09931182861328,75.19966125488281,45.745704650878906,8.487188339233398,100.36972045898438,89.35436248779297,82.42362213134766,4.162491321563721,52.754150390625,36.30931854248047,112.55877685546875,8.605517387390137,70.84126281738281,78.50615692138672,24.6546573638916,5.78354024887085,65.79165649414062,64.10719299316406,8.108736991882324,6.427087306976318,20.486328125,72.80963897705078,79.64253234863281,75.49290466308594,73.92426300048828,24.100250244140625,96.5,87.02346801757812,63.32558822631836,70.46497344970703,7.064213752746582,7.440135955810547,35.475990295410156,,26.485889434814453,74.9043960571289,59.99709701538086,77.11727905273438,6.358460903167725,35.555152893066406,86.7818832397461,64.69710540771484,2.6503853797912598,7.622560977935791
2024-11-11,7.6206183433532715,118.88195037841797,133.6555633544922,11.887360572814941,87.35548400878906,16.764493942260742,83.3241958618164,5.212435722351074,63.163883209228516,53.03675079345703,82.40674591064453,82.92884826660156,67.0494155883789,87.75582885742188,75.46456909179688,67.37344360351562,68.48262023925781,5.618373870849609,64.42218780517578,73.83765411376953,45.20832061767578,8.47049617767334,100.08656311035156,88.80520629882812,82.5061264038086,4.145872592926025,52.28336715698242,35.821006774902344,112.35739135742188,8.566367149353027,69.1424560546875,79.45573425292969,24.3855037689209,5.7199835777282715,65.23715209960938,62.97785186767578,8.033509254455566,6.394295692443848,19.948808670043945,71.54219055175781,79.15839385986328,74.85238647460938,74.48387145996094,24.042612075805664,96.5,86.28488159179688,62.40174865722656,69.52867126464844,6.966439723968506,7.416934967041016,35.50159454345703,,26.007226943969727,74.2110595703125,60.08184814453125,76.81812286376953,6.36646842956543,35.65669631958008,86.7818832397461,64.38078308105469,2.634514331817627,7.572193145751953
2024-11-12,7.546631336212158,118.20746612548828,133.0869598388672,11.800281524658203,86.85171508789062,16.65399169921875,83.47005462646484,5.187295436859131,62.94826126098633,52.157291412353516,81.8681869506836,82.79232788085938,66.16764068603516,87.78998565673828,75.33187866210938,67.45404052734375,67.16423034667969,5.584781169891357,63.7291259765625,73.4693374633789,44.86711502075195,8.437116622924805,99.90638732910156,88.81378936767578,82.4648666381836,4.104331970214844,52.30952072143555,35.42372131347656,112.24353790283203,8.574026107788086,68.05741882324219,78.59620666503906,23.801054000854492,5.704095363616943,64.95172882080078,62.8117790222168,8.023479461669922,6.402493000030518,19.64598274230957,71.59869384765625,78.75493621826172,74.46654510498047,73.79949951171875,23.9685115814209,96.5,86.2501220703125,63.19122314453125,68.60850524902344,6.901257514953613,7.416934967041016,35.860023498535156,,25.97532081604004,73.78185272216797,60.02020263671875,76.72918701171875,6.334436416625977,35.585018157958984,86.40973663330078,64.29153442382812,2.5948381423950195,7.563795566558838
2024-11-13,7.464425563812256,117.90963745117188,133.83045959472656,11.83236312866211,86.79961395263672,16.70367431640625,83.45386505126953,5.125283718109131,63.08095169067383,51.65021896362305,81.69722747802734,82.26323699951172,66.861083984375,87.63630676269531,75.19090270996094,68.04785919189453,66.82638549804688,5.5259928703308105,62.442962646484375,73.49504089355469,45.071834564208984,8.428772926330566,99.48594665527344,89.53453063964844,82.5061264038086,4.104331970214844,52.30952072143555,35.17543411254883,110.77242279052734,8.527216911315918,68.48431396484375,78.66167449951172,23.301193237304688,5.60953426361084,65.14742279052734,62.30522918701172,7.990880012512207,6.418888568878174,19.350723266601562,70.88021087646484,78.58547973632812,74.08073425292969,73.64034271240234,23.556821823120117,96.5,86.44998168945312,62.86366653442383,68.60850524902344,6.868666648864746,7.463876247406006,35.46744918823242,,25.68812370300293,73.9552001953125,59.280548095703125,76.80194091796875,6.302404403686523,35.773170471191406,86.27439880371094,64.40509796142578,2.6027731895446777,7.588982105255127
2024-11-14,7.513750076293945,118.47901916503906,134.9588623046875,11.916004180908203,86.74749755859375,16.70367431640625,83.63213348388672,5.137014389038086,63.03120040893555,51.53929138183594,82.7486801147461,83.03125,66.1933364868164,88.3448486328125,75.27381896972656,68.03157806396484,67.24663543701172,5.50079870223999,62.42688751220703,73.4779052734375,45.29361343383789,8.362009048461914,100.1809310913086,89.00257110595703,82.44837188720703,4.096023082733154,52.30952072143555,35.084388732910156,109.98430633544922,8.538277626037598,67.83503723144531,78.80903625488281,23.262744903564453,5.721724987030029,65.05773162841797,62.58757019042969,7.953265190124512,6.386096954345703,19.577844619750977,70.93671417236328,78.05290985107422,73.81065368652344,72.85255432128906,23.425079345703125,96.5,86.6758804321289,62.77968215942383,67.72870635986328,6.87681245803833,7.479524612426758,35.10049819946289,,26.047121047973633,73.930419921875,59.357601165771484,76.72109985351562,6.302404403686523,36.5108528137207,86.40973663330078,65.0458984375,2.5948381423950195,7.597376346588135
2024-11-18,7.563072681427002,118.19872283935547,134.0229034423828,11.94025993347168,88.0676498413086,16.576047897338867,83.38905334472656,5.028911113739014,62.906803131103516,52.52967071533203,81.8596420288086,82.9522705078125,66.26181030273438,87.54241943359375,75.40650177001953,67.96651458740234,68.35076904296875,5.593178749084473,62.298274993896484,73.49504089355469,45.7286376953125,8.370352745056152,99.86347198486328,88.80520629882812,82.44837188720703,4.120949745178223,52.44029998779297,35.630645751953125,110.48344421386719,8.581360816955566,69.69390869140625,78.3424072265625,23.454994201660156,5.673643112182617,65.35946655273438,63.36813735961914,8.00676155090332,6.394295692443848,19.759540557861328,71.36457061767578,79.2552261352539,73.53282165527344,72.6933822631836,23.37567901611328,96.5,87.31892395019531,62.84687805175781,67.78520965576172,6.836074352264404,7.401285648345947,35.16023635864258,,26.166786193847656,73.40216827392578,59.735130310058594,76.94779205322266,6.358460903167725,36.442161560058594,86.14751434326172,65.41902923583984,2.6027731895446777,7.647744178771973
2024-11-19,7.595954418182373,118.42645263671875,134.92384338378906,11.970317840576172,88.0676498413086,16.60602569580078,83.45386505126953,5.036453723907471,62.906803131103516,52.49005889892578,82.27851867675781,83.52860260009766,66.90389251708984,87.41436767578125,75.26553344726562,68.36512756347656,67.95526885986328,5.67716121673584,62.121429443359375,73.8205337524414,45.7968864440918,8.362009048461914,99.94070434570312,89.0540542602539,83.2156753540039,4.154181480407715,52.35312271118164,35.61408996582031,108.82843780517578,8.590794563293457,68.66217803955078,78.47339630126953,23.416542053222656,5.673643112182617,65.90581512451172,62.8117790222168,8.040194511413574,6.410690784454346,20.100221633911133,71.44532012939453,79.40045166015625,73.06981658935547,72.54220581054688,23.293338775634766,96.5,88.02273559570312,62.56972122192383,67.39775848388672,6.860517501831055,7.38563871383667,34.56285095214844,,25.927452087402344,73.9552001953125,60.09724807739258,76.78447723388672,6.374477386474609,36.67511749267578,86.14751434326172,65.16757202148438,2.6027731895446777,7.6393513679504395
2024-11-21,7.563072681427002,118.5928955078125,134.90634155273438,11.981876373291016,87.56391906738281,16.682262420654297,83.30799102783203,5.026396751403809,62.906803131103516,52.8624382019043,81.41513061523438,82.9522705078125,66.42446899414062,87.59363555908203,75.13286590576172,67.89329528808594,69.21599578857422,5.719150066375732,62.48316955566406,72.98963928222656,45.21684646606445,8.370352745056152,100.3010482788086,91.13046264648438,83.74372863769531,4.187414646148682,52.88492202758789,35.7630615234375,109.2487564086914,8.607091903686523,69.0179443359375,78.4815902709961,23.670318603515625,5.6335768699646,65.6448745727539,63.55914306640625,7.944904804229736,6.459878444671631,20.51661491394043,71.44532012939453,79.48922729492188,73.30903625488281,72.35120391845703,23.425079345703125,96.5,87.6751708984375,62.1917839050293,66.97802734375,6.852370738983154,7.3386969566345215,35.06635665893555,,26.007226943969727,74.26884460449219,60.197410583496094,76.8334732055664,6.406510353088379,37.10816955566406,86.14751434326172,63.99140930175781,2.6027731895446777,7.6393513679504395
2024-11-22,7.686385154724121,118.60164642333984,134.7401580810547,11.9645357131958,87.3989028930664,16.815031051635742,84.06974792480469,5.028072834014893,63.114131927490234,53.15558624267578,81.81690216064453,83.51141357421875,67.03230285644531,88.77168273925781,75.31529998779297,67.68992614746094,68.8122329711914,5.727550029754639,62.860965728759766,74.17174530029297,44.82447814941406,8.378700256347656,100.1809310913086,90.67571258544922,84.56877899169922,4.162491321563721,52.74543380737305,36.085853576660156,113.84601593017578,8.589938163757324,69.79174041748047,78.94001770019531,24.23939323425293,5.6335768699646,65.63671875,63.708621978759766,7.964967250823975,6.476274013519287,21.008708953857422,71.29192352294922,79.91690826416016,73.0775375366211,72.76502227783203,24.067310333251953,96.5,87.74468994140625,62.57813262939453,67.09910583496094,7.015326976776123,7.409109115600586,33.93132781982422,,26.41408920288086,74.81359100341797,60.12807083129883,76.67019653320312,6.454558849334717,36.8901481628418,88.38895416259766,64.25096893310547,2.6027731895446777,7.647744178771973
2024-11-25,7.933004856109619,118.43521118164062,134.16285705566406,11.878993034362793,87.47708129882812,17.002628326416016,83.80232238769531,4.952651500701904,63.52880096435547,53.64681625366211,81.63739776611328,83.34796905517578,66.94670104980469,90.23141479492188,75.0582275390625,67.79568481445312,68.18598175048828,5.752744197845459,64.42845916748047,73.8205337524414,44.74770736694336,8.403735160827637,100.06082916259766,89.8262710571289,85.1793212890625,4.237265110015869,52.49259948730469,36.62382888793945,111.79693603515625,8.604517936706543,69.70280456542969,79.03826141357422,24.99302864074707,5.625561714172363,66.28907775878906,63.85808563232422,8.015121459960938,6.476274013519287,20.90271759033203,73.05990600585938,79.8442611694336,72.82289123535156,73.17878723144531,24.28962516784668,96.5,88.5440902709961,62.620113372802734,67.40585327148438,6.9257001876831055,7.38563871383667,33.79375076293945,,26.964550018310547,74.35138702392578,60.18971633911133,76.50688171386719,6.510615348815918,36.594478607177734,89.23479461669922,64.08061981201172,2.6027731895446777,7.597376346588135
2024-11-26,7.760369300842285,118.51404571533203,135.14256286621094,11.883618354797363,88.0589828491211,17.26132583618164,83.79421997070312,4.952651500701904,64.10106658935547,54.01920700073242,81.69722747802734,83.01248931884766,67.35763549804688,89.79606628417969,74.96699523925781,67.9177017211914,67.51030731201172,5.769540309906006,63.84164810180664,73.91475677490234,45.02919387817383,8.41208267211914,99.95787048339844,90.34965515136719,85.55060577392578,4.2954254150390625,52.57107162475586,36.8969612121582,109.92301177978516,8.624245643615723,70.21865844726562,79.21016693115234,25.01609992980957,5.6335768699646,65.89765930175781,64.78814697265625,7.943234920501709,6.492669105529785,20.94057273864746,72.61588287353516,80.04598999023438,72.30587768554688,73.2345199584961,24.536638259887695,96.5,87.33628845214844,62.393348693847656,67.04261016845703,6.941996097564697,7.416934013366699,34.39567184448242,,26.254533767700195,73.8726577758789,60.205116271972656,76.49871063232422,6.606712341308594,36.43619155883789,90.74880981445312,63.926513671875,2.6027731895446777,7.555403232574463
2024-11-27,7.686385154724121,117.76946258544922,134.44277954101562,11.791136741638184,86.85171508789062,17.217639923095703,83.79421997070312,4.935892105102539,63.9600715637207,53.52005386352539,81.01333618164062,82.68560791015625,67.07510375976562,88.99363708496094,74.90895080566406,67.12861633300781,66.54623413085938,5.66876220703125,62.7484245300293,73.0752944946289,44.09090042114258,8.403735160827637,99.51170349121094,91.29346466064453,85.25358581542969,4.253881931304932,52.3618278503418,37.05420684814453,110.8949966430664,8.577073097229004,68.88453674316406,78.80085754394531,25.039167404174805,5.6015214920043945,66.02812194824219,64.7300033569336,7.979176044464111,6.459878444671631,20.90271759033203,72.29296112060547,79.7313003540039,72.02033996582031,72.31140899658203,24.141416549682617,96.5,86.8583755493164,62.65371322631836,67.02645111083984,6.87681245803833,7.354342937469482,36.08106231689453,,26.326337814331055,74.59075164794922,59.96626663208008,76.79264831542969,6.614721775054932,36.525787353515625,89.88607788085938,63.67505645751953,2.6027731895446777,7.555403232574463
2024-11-28,7.645279884338379,116.2716293334961,133.83045959472656,11.588837623596191,85.14075469970703,16.70453453063965,83.98062133789062,4.914942264556885,63.03120040893555,52.49005889892578,80.81672668457031,81.72216033935547,66.15050506591797,87.56803131103516,75.09967041015625,67.1042251586914,66.41438293457031,5.559586048126221,61.88829803466797,71.7390365600586,43.16115951538086,8.370352745056152,99.1255874633789,87.51819610595703,83.98298645019531,4.179106712341309,51.01921844482422,35.837547302246094,108.86344909667969,8.559060096740723,66.6610107421875,78.57981872558594,24.247081756591797,5.5053582191467285,65.57147979736328,63.19377517700195,7.898097038269043,6.410690784454346,20.418188095092773,71.59869384765625,78.83562469482422,72.84603881835938,71.60318756103516,23.72972869873047,96.5,85.83304595947266,61.26792907714844,65.58165740966797,6.909405708312988,7.3152265548706055,36.760372161865234,,26.310380935668945,74.1450424194336,59.7120246887207,76.65383911132812,6.454558849334717,36.72887420654297,89.18402862548828,63.5128288269043,2.5869028568267822,7.454663276672363
2024-11-29,7.7110466957092285,115.44827270507812,133.1744384765625,11.61889362335205,84.3677749633789,16.533214569091797,84.37769317626953,4.902370929718018,63.280006408691406,52.64059829711914,80.35511016845703,81.72216033935547,66.1419448852539,87.32901000976562,75.24066925048828,66.70562744140625,66.04357147216797,5.660364627838135,61.92850112915039,70.92527770996094,42.640830993652344,8.41208267211914,99.11699676513672,86.0595703125,84.8163070678711,4.154181480407715,50.52228927612305,35.24163818359375,116.46430969238281,8.548766136169434,65.82498168945312,79.40663146972656,23.57803726196289,5.5213847160339355,65.40840148925781,63.39304733276367,7.929022789001465,6.418888568878174,19.782255172729492,72.05886840820312,78.78719329833984,73.00037384033203,71.69071197509766,23.367441177368164,96.5,84.74688720703125,59.68059158325195,66.18702697753906,7.023474216461182,7.38563871383667,38.282386779785156,,25.847679138183594,74.48344421386719,60.05103302001953,76.45787048339844,6.358460903167725,36.6004524230957,89.24324035644531,63.63450622558594,2.6107091903686523,7.471453666687012
2024-12-02,7.694427490234375,113.52411651611328,130.39906311035156,11.444337844848633,84.3327407836914,16.168710708618164,83.74571228027344,4.858373165130615,62.28477096557617,52.32366943359375,77.82085418701172,80.43177795410156,65.50333404541016,86.11609649658203,74.6626968383789,66.51850891113281,66.98294830322266,5.5259928703308105,61.71950149536133,69.74031066894531,42.905250549316406,8.378700256347656,98.2689437866211,84.64873504638672,83.12237548828125,4.1457905769348145,50.8123779296875,34.8857536315918,107.04206085205078,8.555628776550293,66.17443084716797,78.38978576660156,24.03175926208496,5.4091949462890625,64.24700164794922,61.598350524902344,7.716370582580566,6.311078071594238,19.797395706176758,71.12652587890625,78.101318359375,72.47406768798828,71.4997329711914,23.260404586791992,96.5,82.56466674804688,59.120765686035156,65.8034439086914,7.0152506828308105,7.432582378387451,37.40528869628906,,25.289234161376953,74.05811309814453,59.08446502685547,75.89447784423828,6.333354473114014,35.98820495605469,89.7297592163086,62.71653747558594,2.6107091903686523,7.328945159912109
2024-12-03,7.719356536865234,113.02986145019531,127.93203735351562,11.222387313842773,81.53040313720703,16.109968185424805,83.6639175415039,4.799145698547363,61.82033157348633,51.681907653808594,76.84679412841797,78.3758316040039,65.2012710571289,85.59136199951172,73.70787048339844,65.50979614257812,67.32903289794922,5.5259928703308105,60.39314270019531,68.2699203491211,42.6237678527832,8.4039888381958,97.17936706542969,83.09076690673828,82.79767608642578,4.028297424316406,50.54865646362305,34.637451171875,106.7618637084961,8.56849479675293,65.66370391845703,77.48036193847656,23.97023582458496,5.3851542472839355,63.340965270996094,60.701011657714844,7.506246089935303,6.294492244720459,19.653549194335938,70.4559097290039,77.40727233886719,71.09896850585938,70.82332611083984,23.260404586791992,96.5,81.6269302368164,58.10291290283203,64.39156341552734,7.130389213562012,7.401285648345947,37.10433578491211,,25.169572830200195,73.44097137451172,58.811649322509766,75.49443054199219,6.203771114349365,36.412296295166016,89.53343200683594,61.28220748901367,2.6186442375183105,7.2526021003723145
2024-12-04,7.62795352935791,112.06780242919922,125.79986572265625,10.872122764587402,79.07837677001953,15.590849876403809,83.42675018310547,4.695919990539551,61.08220291137695,51.49174880981445,76.36408996582031,77.1370849609375,63.00058364868164,83.380615234375,74.16016387939453,64.86714172363281,66.77694702148438,5.366429328918457,59.16326141357422,67.21467590332031,42.49581527709961,8.201687812805176,95.98603057861328,83.17733764648438,80.9327392578125,4.061866283416748,49.53767776489258,34.34776306152344,103.32044982910156,8.39781379699707,64.65115356445312,76.34776306152344,23.57034683227539,5.313031196594238,61.89951705932617,60.2984733581543,7.295278072357178,6.062283992767334,19.305301666259766,70.08789825439453,74.51676940917969,69.92701721191406,69.23976135253906,23.169830322265625,96.5,80.36492156982422,57.263179779052734,62.84096908569336,6.784971714019775,7.260457992553711,36.192840576171875,,24.61113166809082,72.98226165771484,58.16468811035156,74.79219818115234,6.138979911804199,35.95833969116211,88.76526641845703,59.01190948486328,2.6186442375183105,7.0575032234191895
2024-12-05,7.519930839538574,110.39078521728516,125.83509063720703,10.542661666870117,76.45994567871094,15.547666549682617,81.0059585571289,4.662075996398926,59.2990837097168,50.58852767944336,75.78654479980469,74.36713409423828,60.6703987121582,80.43010711669922,72.40123748779297,62.22331237792969,64.43675231933594,5.299242973327637,59.61342239379883,64.12682342529297,42.99054718017578,8.083675384521484,94.79269409179688,83.1513671875,77.8439712524414,4.0031208992004395,48.52670669555664,34.44709014892578,101.49906158447266,8.067595481872559,62.44681167602539,74.47111511230469,23.57034683227539,5.200839996337891,61.042884826660156,59.3759651184082,7.147599220275879,5.9710588455200195,19.00246810913086,69.89160919189453,72.34477996826172,66.5830078125,66.91610717773438,23.021629333496094,96.5,78.28788757324219,57.20379638671875,61.06181716918945,6.768523216247559,7.057040214538574,36.880760192871094,,24.060670852661133,66.26866149902344,56.558956146240234,73.82056427001953,6.163277626037598,35.97625732421875,86.2047348022461,56.14326858520508,2.6186442375183105,6.95571231842041
2024-12-06,7.677807807922363,112.97689819335938,131.87046813964844,11.203892707824707,80.8648452758789,15.970905303955078,82.49443054199219,4.636693000793457,59.987449645996094,50.6994514465332,78.82076263427734,78.53926849365234,61.447139739990234,84.65372467041016,73.70787048339844,64.95662689208984,65.994140625,5.299242973327637,60.320796966552734,65.53668975830078,43.07585144042969,8.142680168151855,98.06140899658203,83.02153778076172,79.84213256835938,4.112221717834473,49.273948669433594,33.95876693725586,102.46276092529297,8.18681526184082,63.22638702392578,76.53791046142578,23.685697555541992,5.25693416595459,61.504127502441406,60.38233184814453,7.1332550048828125,5.9710588455200195,19.12360382080078,70.93843078613281,73.49608612060547,70.85675811767578,66.0487289428711,23.0545597076416,96.5,79.28695678710938,58.70513153076172,60.319156646728516,6.546470642089844,7.127453327178955,36.55400466918945,,21.539730072021484,67.41954803466797,57.37741470336914,74.1961441040039,6.300958633422852,36.07780075073242,87.90322875976562,58.30702590942383,2.626579999923706,7.320463180541992
2024-12-09,7.561479568481445,116.09262084960938,133.72950744628906,11.169212341308594,77.86109924316406,15.9916353225708,82.06095886230469,4.636693000793457,58.70787811279297,49.75661087036133,78.61388397216797,79.14144897460938,61.455745697021484,84.29243469238281,74.2104263305664,63.61438751220703,65.9447021484375,5.248854637145996,60.987998962402344,63.659767150878906,42.12742614746094,8.0078125,97.68091583251953,83.09076690673828,78.6349105834961,3.9443752765655518,48.535499572753906,34.01743698120117,99.47437286376953,8.282022476196289,63.42353057861328,75.56236267089844,22.656221389770508,5.1928277015686035,60.4333610534668,59.67788314819336,7.139161586761475,5.863248348236084,17.79115867614746,69.53995513916016,72.67137908935547,67.27056121826172,65.61105346679688,22.634868621826172,96.5,80.18087005615234,58.65426254272461,58.6461067199707,6.702730178833008,7.033567905426025,37.00974655151367,,22.329517364501953,66.76905822753906,57.213714599609375,74.00017547607422,6.155178546905518,35.9852180480957,87.51917266845703,58.28245544433594,2.5623204708099365,6.947230339050293
2024-12-10,7.519930839538574,115.32472229003906,131.82640075683594,11.039743423461914,75.5842056274414,15.634039878845215,80.91600799560547,4.628231525421143,57.418495178222656,49.812068939208984,77.45021057128906,77.24893188476562,60.411495208740234,81.74620819091797,74.5035629272461,62.678890228271484,66.10950469970703,5.2068634033203125,60.160030364990234,62.9850959777832,42.50679397583008,8.033098220825195,96.28004455566406,81.39433288574219,78.77643585205078,3.977942943572998,49.05417251586914,33.682281494140625,99.0234603881836,8.197110176086426,62.99341583251953,74.38842010498047,21.665748596191406,5.184812068939209,57.76463317871094,59.78689193725586,7.053928375244141,5.772024631500244,17.04166030883789,68.77117156982422,71.28327941894531,66.09858703613281,64.21845245361328,22.210783004760742,96.5,79.79527282714844,57.33951950073242,58.19724655151367,6.595816135406494,6.884918212890625,36.528202056884766,,21.79501724243164,66.3020248413086,56.13024139404297,72.62844848632812,6.066089630126953,36.40632629394531,86.5290756225586,57.6103630065918,2.514126777648926,6.938747882843018
2024-12-11,7.495004653930664,115.51004791259766,131.28013610839844,11.103320121765137,77.04666900634766,15.66946029663086,78.83872985839844,4.569004058837891,56.42217254638672,48.77732467651367,77.10540771484375,77.42098236083984,60.05766296386719,81.50534057617188,74.08477020263672,63.191368103027344,66.75037384033203,5.130041122436523,58.02983093261719,62.8553581237793,42.4550666809082,7.9656662940979,96.28868865966797,82.06080627441406,78.38513946533203,4.011512756347656,49.581634521484375,33.51469802856445,98.8466567993164,8.152508735656738,62.661865234375,73.5865249633789,20.472490310668945,5.280975818634033,58.34945297241211,58.51215744018555,6.930724143981934,5.780316352844238,13.960381507873535,68.60762786865234,70.46675109863281,65.9345474243164,63.703102111816406,22.01120376586914,96.5,80.05818176269531,56.13505172729492,57.65860366821289,6.51357364654541,6.8770928382873535,36.1412467956543,,20.821741104125977,67.21106719970703,55.57680892944336,72.39982604980469,6.001298427581787,35.85679626464844,87.18629455566406,56.9628791809082,2.36954402923584,7.0235724449157715
2024-12-12,7.461766242980957,114.74215698242188,131.68545532226562,11.205047607421875,78.78062438964844,15.403417587280273,79.98368072509766,4.543619632720947,56.04542541503906,48.17573165893555,77.69156646728516,78.10917663574219,60.54094696044922,82.58060455322266,73.97589111328125,63.15849685668945,66.58390808105469,5.095896244049072,57.03786849975586,62.63048553466797,42.463680267333984,7.9656662940979,95.06076049804688,83.40238189697266,79.82544708251953,3.877237319946289,49.39701461791992,33.271728515625,98.38688659667969,8.194536209106445,64.10453796386719,74.73564910888672,19.54440689086914,5.285028457641602,58.62949752807617,59.00696563720703,6.8952813148498535,5.655919551849365,13.369864463806152,67.757080078125,69.8543472290039,66.01266479492188,63.45347595214844,21.628692626953125,96.5,80.92582702636719,55.218971252441406,57.528018951416016,6.554694652557373,6.940479755401611,35.16957092285156,,20.063859939575195,66.93585968017578,55.18707275390625,71.40367889404297,5.993199825286865,36.1524658203125,85.92306518554688,57.86444091796875,2.2410266399383545,6.887851238250732
2024-12-13,7.544861793518066,116.48978424072266,133.3594512939453,11.288278579711914,80.5671157836914,15.643543243408203,80.40078735351562,4.569004058837891,58.30598068237305,48.368247985839844,77.88981628417969,78.17798614501953,62.1547966003418,84.89459991455078,73.79163360595703,62.30366897583008,66.75037384033203,5.112969398498535,58.74535369873047,62.8553581237793,42.3084831237793,8.066816329956055,95.97737121582031,84.0428466796875,80.8411636352539,3.818490505218506,50.742061614990234,33.63200378417969,101.32222747802734,8.3214750289917,66.34468078613281,74.7770004272461,20.96383285522461,5.236393451690674,59.403770446777344,59.40951156616211,6.9197540283203125,5.854955673217773,13.960381507873535,68.018798828125,72.58972930908203,65.90328216552734,63.292415618896484,22.019521713256836,96.5,80.13707733154297,55.93147659301758,57.993202209472656,6.604039192199707,6.995937347412109,34.43866729736328,,20.422855377197266,67.87825775146484,55.366355895996094,73.24082946777344,5.952703952789307,36.878204345703125,85.0866470336914,58.192291259765625,2.3775765895843506,6.95571231842041
2024-12-16,7.561479568481445,116.44564056396484,132.7779541015625,11.25706672668457,80.5671157836914,15.608988761901855,79.91825866699219,4.5986175537109375,58.607383728027344,48.1677131652832,78.45011901855469,76.83152770996094,62.223846435546875,84.73114013671875,72.62737274169922,61.64609909057617,66.51732635498047,5.2068634033203125,57.32243728637695,62.950504302978516,42.56714630126953,7.915088653564453,95.33747863769531,84.94302368164062,81.57382202148438,3.784921407699585,50.944252014160156,33.7576904296875,101.64936828613281,8.317187309265137,65.18878936767578,74.40494537353516,20.472490310668945,5.114804744720459,59.18136215209961,59.3759651184082,7.0210185050964355,5.8466620445251465,14.01337718963623,67.38088989257812,71.5282211303711,64.92664337158203,63.4373664855957,21.62037467956543,96.5,79.75145721435547,56.185935974121094,57.348480224609375,6.620489120483398,6.908784866333008,33.49277877807617,,20.997251510620117,68.85401153564453,55.07795333862305,72.26506042480469,5.7097368240356445,36.588504791259766,85.21468353271484,57.85625457763672,2.4097061157226562,6.896334648132324
2024-12-17,7.461766242980957,115.97784423828125,131.1127166748047,11.081998825073242,80.1817855834961,15.560619354248047,79.22312927246094,4.543619632720947,57.334774017333984,47.61425018310547,77.00196838378906,75.59943389892578,60.843013763427734,82.94190216064453,72.28397369384766,61.654335021972656,65.2855224609375,5.155648231506348,56.09468460083008,62.4488410949707,42.36021423339844,7.771792411804199,94.34302520751953,84.26789855957031,81.79862213134766,3.7765300273895264,49.6871223449707,33.64875411987305,103.06398010253906,8.313094139099121,63.011329650878906,73.86759948730469,20.472490310668945,5.0013227462768555,59.05781555175781,57.86640167236328,6.9197540283203125,5.7056779861450195,13.483426094055176,66.48944854736328,68.67037200927734,64.37972259521484,63.018646240234375,21.49563980102539,96.5,78.35797882080078,55.566741943359375,55.944766998291016,6.669833660125732,6.758249282836914,33.552978515625,,20.853652954101562,69.13758087158203,54.64923858642578,70.63937377929688,5.64494514465332,37.033504486083984,84.06243896484375,57.24154281616211,2.4016735553741455,6.853921413421631
2024-12-18,7.395293235778809,114.47737884521484,128.21395874023438,10.831088066101074,78.47411346435547,15.43969440460205,78.76512908935547,4.491160869598389,55.919822692871094,46.924415588378906,76.11410522460938,75.85105895996094,58.944374084472656,81.6343765258789,72.41796875,60.70085525512695,63.779056549072266,5.104432582855225,55.289737701416016,61.92986297607422,41.90324783325195,7.653783321380615,93.98847198486328,83.7226333618164,80.04192352294922,3.726175308227539,49.08933639526367,33.09577178955078,99.50089263916016,8.189416885375977,61.281925201416016,71.42877197265625,20.199525833129883,4.952688217163086,58.102359771728516,56.608428955078125,6.853087902069092,5.6476263999938965,13.014042854309082,65.83518981933594,68.37641906738281,63.24683380126953,62.35027313232422,20.788827896118164,96.5,77.64811706542969,55.24441146850586,55.49589538574219,6.554694652557373,6.576023101806641,34.6794319152832,,20.327117919921875,68.6205062866211,52.76290512084961,69.69036102294922,5.5639567375183105,36.94988250732422,83.30280303955078,55.258079528808594,2.385608673095703,6.794543266296387
2024-12-19,7.353747844696045,114.75098419189453,130.44309997558594,10.772737503051758,78.11508178710938,15.332589149475098,78.92051696777344,4.566464900970459,54.64720916748047,46.70784378051758,75.67448425292969,75.85972595214844,58.573265075683594,81.72041320800781,71.97404479980469,59.75564193725586,62.77198791503906,5.078824996948242,55.403568267822266,60.59786605834961,41.498008728027344,7.906660556793213,93.60799407958984,83.0648193359375,79.70890045166016,3.7765300273895264,48.588253021240234,32.618186950683594,98.49300384521484,8.207579612731934,61.264007568359375,73.5534439086914,19.52880859375,5.0985941886901855,58.250606536865234,57.43030548095703,6.819333553314209,5.4817633628845215,12.703642845153809,65.02552795410156,65.64920043945312,63.0905647277832,62.736820220947266,20.28157615661621,96.5,77.70072174072266,55.18503952026367,54.67162322998047,6.554694652557373,6.62355899810791,35.25557327270508,,20.327117919921875,69.11255645751953,51.8353157043457,67.71806335449219,5.588253498077393,36.69004821777344,82.78215026855469,56.07769012451172,2.36954402923584,6.701234817504883
2024-12-20,7.362054824829102,116.94873809814453,134.54010009765625,11.106502532958984,80.03291320800781,15.573578834533691,79.70563507080078,4.61130952835083,56.26309585571289,47.389652252197266,77.57950592041016,77.00505828857422,61.706031799316406,86.0042724609375,73.1634292602539,60.70085525512695,65.5019302368164,5.1727190017700195,57.48506546020508,61.990413665771484,43.19655990600586,7.9656662940979,98.0181655883789,83.18598937988281,82.17326354980469,3.977942943572998,49.6871223449707,33.90850067138672,99.72193908691406,8.364986419677734,64.59736633300781,76.44696044921875,20.199525833129883,5.139123916625977,60.6063346862793,57.84123992919922,7.000765800476074,5.68909215927124,12.537087440490723,66.20320892333984,66.96381378173828,63.67656326293945,64.30704498291016,20.339780807495117,96.5,81.94242858886719,55.76182174682617,54.94910430908203,6.826093673706055,6.718635559082031,35.51543426513672,,20.327117919921875,69.0875473022461,52.60700225830078,68.73310089111328,5.904111862182617,37.09323501586914,82.79070281982422,59.09385681152344,2.3936409950256348,6.853921413421631
2024-12-23,7.4700751304626465,120.12622833251953,137.08642578125,11.37842082977295,81.1976318359375,15.803336143493652,81.73384857177734,4.6324615478515625,58.841819763183594,49.07412338256836,81.04472351074219,81.56027221679688,62.137542724609375,87.69888305664062,74.05964660644531,62.377647399902344,65.75161743164062,5.266613960266113,62.68067169189453,64.43820190429688,43.25691604614258,8.277547836303711,99.5314712524414,85.81719207763672,84.25464630126953,4.154181480407715,51.04974365234375,34.7044792175293,102.36550903320312,8.603690147399902,66.0669174194336,77.13313293457031,20.199525833129883,5.220181941986084,63.340965270996094,58.79730987548828,6.961946964263916,6.0374040603637695,12.847488403320312,68.2886734008789,67.78850555419922,65.41107177734375,65.64375305175781,21.088180541992188,96.5,84.0019302368164,56.25379943847656,58.5971565246582,6.900112152099609,6.948398590087891,36.56357192993164,,20.805784225463867,69.88816833496094,55.14030075073242,70.99421691894531,6.179474830627441,37.33216094970703,83.68689727783203,58.93814468383789,2.4097061157226562,7.0320563316345215
2024-12-26,7.561479568481445,119.44659423828125,136.26702880859375,11.521964073181152,83.77229309082031,15.95881462097168,83.90109252929688,4.738225936889648,62.492225646972656,49.459136962890625,80.75164794921875,82.0201416015625,63.285362243652344,89.30750274658203,74.72135925292969,63.232460021972656,68.04043579101562,5.454403400421143,63.19291305541992,64.52470397949219,43.25691604614258,8.26069164276123,101.1744613647461,85.99029541015625,84.75419616699219,4.137396812438965,50.96184539794922,34.712867736816406,106.0700454711914,8.689311981201172,67.72463989257812,77.48863983154297,21.540964126586914,5.268816947937012,63.505680084228516,60.113983154296875,7.255614757537842,6.24473237991333,13.173028945922852,69.62991333007812,70.77701568603516,66.45018768310547,68.49433135986328,23.366640090942383,96.5,83.95813751220703,58.00112533569336,60.70273208618164,6.94945764541626,7.170241832733154,37.51642608642578,,21.475067138671875,71.13914489746094,56.27833557128906,72.03400421142578,6.40624475479126,38.22813415527344,83.98560333251953,59.782325744628906,2.4097061157226562,7.2101898193359375
2024-12-27,7.752590179443359,120.90294647216797,137.44764709472656,11.596651077270508,85.81272888183594,16.515073776245117,84.31000518798828,4.873603343963623,62.375022888183594,51.00723648071289,81.04472351074219,81.38675689697266,64.4590835571289,90.23651885986328,75.52543640136719,65.26268005371094,67.6742172241211,5.514153480529785,63.37993240356445,63.988441467285156,42.44643783569336,8.328123092651367,101.95272064208984,86.85584259033203,84.7375259399414,4.187750816345215,50.73325729370117,34.880428314208984,109.63313293457031,8.739474296569824,68.54902648925781,79.24129486083984,21.68134117126465,5.5525221824646,64.9141845703125,60.71778106689453,7.66151762008667,6.253026485443115,13.596985816955566,70.25146484375,72.26312255859375,71.8802719116211,68.96942138671875,23.48305320739746,96.5,85.18507385253906,59.672115325927734,61.92689514160156,7.196183204650879,7.257394790649414,37.38648986816406,,21.351125717163086,73.29918670654297,57.15915298461914,74.2703628540039,6.495332717895508,38.49991226196289,86.97290802001953,63.027976989746094,2.457900285720825,7.37984037399292
2024-12-30,7.785832405090332,120.83232116699219,137.5621795654297,11.398258209228516,84.99828338623047,16.072826385498047,84.22823333740234,4.889679908752441,62.408485412597656,50.38158416748047,81.11367797851562,81.4388198852539,64.38139343261719,89.11825561523438,75.63432312011719,66.08460998535156,68.87274169921875,5.462939262390137,64.4857177734375,63.06296920776367,43.06723403930664,8.302837371826172,101.97867584228516,88.2752914428711,85.70330047607422,4.187750816345215,50.135475158691406,34.821781158447266,111.02122497558594,8.713528633117676,68.59383392333984,80.19202423095703,22.80440330505371,5.53631067276001,65.15303039550781,59.5101318359375,7.510465621948242,6.319370746612549,13.718120574951172,70.54586791992188,72.0916519165039,72.95848083496094,71.32073974609375,23.283485412597656,96.5,85.106201171875,60.41004943847656,62.449188232421875,7.261975288391113,7.360391616821289,36.554901123046875,,21.516386032104492,72.55693054199219,57.68141555786133,74.7242431640625,6.3576507568359375,38.18632125854492,87.39966583251953,64.0606918334961,2.5221588611602783,7.2101898193359375
2025-01-02,7.777431488037109,121.81036376953125,137.2161407470703,11.489285469055176,84.96296691894531,16.383867263793945,84.02761840820312,4.870028018951416,62.13220977783203,50.77462387084961,79.81855773925781,82.02882385253906,63.885276794433594,87.58411407470703,75.21930694580078,66.49561309814453,68.24018859863281,5.56536865234375,64.87600708007812,63.74510192871094,42.5240478515625,8.387129783630371,102.52224731445312,89.8292007446289,85.31734466552734,4.09450101852417,50.7472038269043,34.9139404296875,120.15435028076172,8.700557708740234,69.31587982177734,78.21331787109375,23.93526840209961,5.471465110778809,65.65261840820312,59.56947326660156,7.3587212562561035,6.201879501342773,13.43800163269043,70.72811889648438,71.77742767333984,71.56294250488281,70.281982421875,23.532943725585938,96.5,86.09620666503906,59.70109176635742,62.6640739440918,7.2702860832214355,7.384160041809082,36.572235107421875,,21.913002014160156,71.88253784179688,56.563602447509766,75.450439453125,6.307681083679199,38.042964935302734,86.99476623535156,62.13052749633789,2.514126777648926,7.254781246185303
2025-01-03,7.819425106048584,120.94790649414062,136.6482391357422,11.405261993408203,83.88569641113281,16.15734100341797,85.77836608886719,4.876863956451416,62.13220977783203,51.09547805786133,81.01805114746094,82.13294982910156,63.8504753112793,87.71411895751953,76.0662841796875,65.7558364868164,68.48987579345703,5.522688388824463,64.22554016113281,61.829856872558594,42.9896240234375,8.255215644836426,102.23223876953125,86.86107635498047,85.0357894897461,3.8571395874023438,49.940433502197266,34.168243408203125,114.05382537841797,8.696228981018066,69.72201538085938,77.85431671142578,23.615507125854492,5.495781898498535,65.61100006103516,59.26434326171875,7.513874530792236,6.29419469833374,14.550897598266602,70.36363220214844,72.62908935546875,71.72911071777344,70.05648803710938,23.85725212097168,96.5,85.52165222167969,59.337947845458984,62.00297164916992,7.10410737991333,7.392083168029785,36.26039505004883,,22.309614181518555,71.91625213623047,58.0857048034668,75.29365539550781,6.291297435760498,37.5501823425293,85.81449127197266,62.17194366455078,2.514126777648926,7.1776041984558105
2025-01-06,7.869821071624756,121.37471008300781,135.53909301757812,11.521964073181152,84.75987243652344,16.376895904541016,84.94427490234375,4.841833114624023,62.885719299316406,51.08745193481445,80.11408996582031,82.16764068603516,63.467506408691406,86.79539489746094,76.07474517822266,66.20792388916016,68.27347564697266,5.590975761413574,64.095458984375,62.1709098815918,43.58455276489258,8.050963401794434,102.7595443725586,87.30630493164062,85.3088150024414,3.8995251655578613,49.958160400390625,34.26040267944336,117.41358184814453,8.69104290008545,70.34477996826172,77.21142578125,23.45952796936035,5.479569911956787,65.94405364990234,59.289764404296875,7.467840671539307,6.285802364349365,13.975521087646484,70.60386657714844,72.23220825195312,72.00605773925781,69.89544677734375,23.86556625366211,96.5,84.97359466552734,60.86830520629883,62.358314514160156,7.162269592285156,7.463390827178955,36.90140151977539,,22.1608829498291,71.8909683227539,56.706302642822266,74.87278747558594,6.3240647315979,37.65471267700195,85.98678588867188,61.716312408447266,2.4739649295806885,7.126152515411377
2025-01-07,7.928610801696777,122.11268615722656,133.98626708984375,11.495121955871582,84.91000366210938,16.18608856201172,83.656005859375,4.870028018951416,62.90247344970703,51.167667388916016,80.57477569580078,83.1394271850586,61.96177291870117,86.62202453613281,76.04085540771484,66.49561309814453,66.88355255126953,5.548296928405762,64.01412963867188,63.36028289794922,44.144989013671875,7.897772789001465,101.95098114013672,86.58174133300781,85.10404968261719,4.001252174377441,50.286197662353516,34.285545349121094,111.6224594116211,8.838067054748535,70.11011505126953,76.8941650390625,23.4205322265625,5.487676620483398,65.08644104003906,60.188228607177734,7.132808685302734,6.344547748565674,14.020946502685547,71.33284759521484,72.4802474975586,72.00605773925781,71.58646392822266,23.782413482666016,96.5,86.41442108154297,61.585933685302734,62.40790557861328,7.253667831420898,7.447543144226074,36.97936248779297,,22.094785690307617,71.77294921875,55.96904373168945,76.17665100097656,6.217570781707764,37.36202621459961,84.85822296142578,62.62754821777344,2.481997489929199,7.1518778800964355
2025-01-08,7.9118146896362305,119.49864196777344,132.9303436279297,11.320069313049316,84.07113647460938,15.91339111328125,83.6972885131836,4.763228893280029,62.81035614013672,50.806705474853516,79.70555877685547,82.55809020996094,61.97917556762695,84.8538818359375,74.43163299560547,64.98321533203125,67.54105377197266,5.531224727630615,62.827022552490234,63.06295394897461,43.30002975463867,7.846711158752441,99.71859741210938,86.16270446777344,84.89075469970703,3.9503896236419678,49.904972076416016,34.27716827392578,109.48611450195312,8.787041664123535,69.1443862915039,77.34503173828125,23.092975616455078,5.528205394744873,65.36119842529297,60.62049102783203,7.075693130493164,6.27741003036499,13.513707160949707,70.1648178100586,70.4710693359375,71.79243469238281,70.45912170410156,23.69925308227539,96.5,85.94595336914062,59.0180549621582,61.56497573852539,7.129034996032715,7.463390827178955,37.421138763427734,,21.879947662353516,71.0226821899414,55.75498962402344,76.13539123535156,6.184804439544678,36.45410919189453,83.98811340332031,61.47605514526367,2.417738199234009,7.186178684234619
2025-01-09,7.836221694946289,117.32028198242188,132.4156951904297,11.322402954101562,82.41991424560547,15.914259910583496,83.32566833496094,4.771773815155029,61.7234001159668,51.09547805786133,79.67080688476562,81.85528564453125,60.97825241088867,85.3912582397461,74.79580688476562,64.44073486328125,68.08206939697266,5.505617141723633,62.648155212402344,63.31658172607422,42.79450225830078,7.8296895027160645,100.31623840332031,84.36436462402344,84.35325622558594,3.9080021381378174,49.257774353027344,33.980281829833984,106.06802368164062,8.74293327331543,68.3681869506836,77.72907257080078,22.918804168701172,5.39851188659668,64.8782730102539,59.95937728881836,7.05182409286499,6.26062536239624,15.89199447631836,69.83344268798828,68.73468780517578,71.02489471435547,70.37860107421875,22.746484756469727,96.5,84.16036987304688,59.13044738769531,61.78810501098633,6.97947359085083,7.447543144226074,37.03133773803711,,21.756006240844727,71.50318908691406,55.81049728393555,75.40917205810547,6.143846035003662,36.73484802246094,83.07489776611328,61.11983871459961,2.4096250534057617,7.143301963806152
2025-01-10,7.853022575378418,116.68010711669922,133.72006225585938,11.458945274353027,80.9541244506836,15.937788963317871,84.72956085205078,4.737598419189453,61.96858596801758,51.416324615478516,80.14016723632812,82.8704605102539,62.222877502441406,84.36849975585938,75.46493530273438,64.85169982910156,68.09869384765625,5.556833267211914,62.60750198364258,62.879302978515625,42.55046463012695,7.8296895027160645,100.10530090332031,82.89777374267578,82.88578796386719,3.8910481929779053,49.248905181884766,33.640987396240234,102.54309844970703,8.76801586151123,67.84471130371094,78.81444549560547,22.871305465698242,5.374194145202637,62.879966735839844,59.41690444946289,7.01175594329834,6.26062536239624,15.632120132446289,70.05712890625,69.47884368896484,70.51846313476562,70.41887664794922,22.973194122314453,96.5,84.85868835449219,59.13044738769531,59.86265563964844,7.10410737991333,7.463390827178955,37.1785888671875,,22.103046417236328,71.46102905273438,56.31785202026367,75.92081451416016,6.184804439544678,36.884178161621094,79.5255126953125,62.15533447265625,2.3933985233306885,7.0489726066589355
2025-01-13,7.727036952972412,117.43586730957031,133.48046875,11.419266700744629,82.14618682861328,15.915130615234375,84.2918930053711,4.68120813369751,62.01932907104492,51.10702896118164,79.53173828125,82.81839752197266,61.90953063964844,83.12039947509766,75.29553985595703,64.2763442993164,67.5270004272461,5.566384792327881,62.58311080932617,63.3777961730957,41.91421127319336,7.744586944580078,100.62385559082031,83.01998901367188,83.54275512695312,3.8317079544067383,49.50601577758789,34.12447738647461,103.81598663330078,8.812122344970703,66.67140197753906,78.25505065917969,22.570472717285156,5.325559616088867,63.27963638305664,59.96784210205078,6.986181259155273,6.210271835327148,15.159612655639648,70.09027862548828,70.28087615966797,70.34439086914062,70.20716094970703,22.704504013061523,96.5,85.6011962890625,59.13044738769531,60.498958587646484,6.97947359085083,7.41585111618042,37.38648986816406,,22.094785690307617,72.66651153564453,56.28615188598633,75.87955474853516,5.955434322357178,36.770687103271484,79.88733673095703,61.302093505859375,2.352832555770874,7.066122055053711
2025-01-14,7.769033908843994,117.91597747802734,132.72628784179688,11.479950904846191,83.72677612304688,15.861987113952637,84.27536010742188,4.682063579559326,61.98550033569336,51.40004348754883,79.3144302368164,82.85309600830078,62.40564727783203,83.64044952392578,74.86358642578125,63.337947845458984,67.4765625,5.522965431213379,62.500816345214844,63.22911834716797,41.844486236572266,7.7956461906433105,99.79769134521484,83.8056640625,83.6109848022461,3.848660945892334,49.20458221435547,34.319576263427734,103.29972076416016,8.743796348571777,68.38623809814453,78.06302642822266,22.356721878051758,5.239463806152344,63.37955093383789,59.36604690551758,6.934178829193115,6.201879501342773,15.128108024597168,69.12931823730469,70.28087615966797,69.53726959228516,70.05244445800781,22.704504013061523,96.5,84.9117202758789,59.554100036621094,60.28410720825195,7.004401683807373,7.351383209228516,37.27387237548828,,22.078256607055664,71.73921203613281,55.85012435913086,75.49996948242188,5.922667503356934,37.01259994506836,80.05963134765625,61.33522415161133,2.3690590858459473,7.0146708488464355
2025-01-15,7.886619567871094,119.21410369873047,134.11936950683594,11.530132293701172,85.25435638427734,15.865470886230469,84.87821960449219,4.673519611358643,62.010868072509766,51.96980285644531,80.06193542480469,82.77499389648438,62.11843490600586,87.07273864746094,76.19331359863281,64.0271987915039,67.93895721435547,5.601120471954346,65.81718444824219,63.39527130126953,43.92755889892578,7.863730430603027,101.07208251953125,83.6921615600586,85.24056243896484,4.119933605194092,49.1779899597168,34.099037170410156,104.28777313232422,8.7567720413208,68.57577514648438,77.70401000976562,22.768386840820312,5.305059432983398,64.38705444335938,59.79833984375,6.964869976043701,6.201879501342773,15.372237205505371,69.3281478881836,71.69476318359375,69.13372802734375,69.37659454345703,22.973194122314453,96.5,85.53932189941406,60.003692626953125,61.96164321899414,7.054252624511719,7.359400749206543,37.33451461791992,,22.309614181518555,72.34617614746094,56.18309020996094,75.89607238769531,5.971817493438721,37.033504486083984,80.11994171142578,60.59794998168945,2.3852858543395996,7.0232462882995605
2025-01-16,7.819425106048584,119.81871795654297,135.12205505371094,11.595484733581543,84.58329010009766,15.866342544555664,84.87821960449219,4.59662389755249,62.39982223510742,51.42446517944336,80.33139038085938,81.97483825683594,63.363067626953125,85.98931121826172,75.66819763183594,64.65835571289062,67.1318588256836,5.549017429351807,63.8997802734375,63.96372604370117,43.49177169799805,7.81266975402832,101.04571533203125,83.90169525146484,86.11933135986328,4.026683807373047,47.84812545776367,33.92938232421875,104.96427154541016,8.713528633117676,67.2851333618164,77.11959838867188,22.997968673706055,5.305059432983398,64.69509887695312,59.5101432800293,6.928211688995361,6.235449314117432,15.561241149902344,69.50210571289062,71.1490478515625,70.38394927978516,69.21372985839844,23.48539161682129,96.5,83.2676010131836,60.24578857421875,61.87900161743164,6.9877824783325195,7.351383209228516,38.885074615478516,,22.11957359313965,71.65491485595703,56.16722869873047,75.41876983642578,5.93904972076416,37.03649139404297,81.16236877441406,61.12813949584961,2.3933985233306885,7.0489726066589355
2025-01-17,7.676644325256348,117.9426498413086,132.92147827148438,11.210369110107422,82.72014617919922,15.692963600158691,84.58092498779297,4.570991516113281,61.09770965576172,51.033775329589844,79.0623550415039,80.24987030029297,62.35343933105469,85.46060180664062,75.12614440917969,63.43758010864258,66.4340591430664,5.540332794189453,61.80956268310547,62.61693572998047,41.57429885864258,7.7956461906433105,100.17564392089844,82.84539794921875,85.33441925048828,4.043637275695801,46.899497985839844,33.71733474731445,103.67356872558594,8.544879913330078,64.81212615966797,75.85888671875,22.705055236816406,5.18206787109375,62.86331558227539,58.99309158325195,6.900079250335693,6.15152645111084,15.994372367858887,68.13526153564453,69.69381713867188,69.00712585449219,67.9923095703125,23.325855255126953,96.5,83.3471450805664,59.40712356567383,60.29237365722656,6.95454740524292,7.247165679931641,38.9716911315918,,22.284826278686523,71.2334213256836,55.207984924316406,75.04356384277344,5.881707668304443,36.98273468017578,80.20609283447266,59.41333770751953,2.3852858543395996,6.980370044708252
2025-01-20,7.634649753570557,117.63148498535156,132.92147827148438,11.317575454711914,83.26760864257812,15.614553451538086,85.34068298339844,4.5701375007629395,61.57965087890625,50.667503356933594,79.53173828125,80.3549575805664,62.64065933227539,85.00990295410156,74.10977935791016,63.70334243774414,67.1655044555664,5.5055975914001465,62.99456787109375,62.065982818603516,41.19951248168945,7.838199138641357,99.3230972290039,82.9239730834961,84.53242492675781,4.001252174377441,47.12114715576172,33.68339157104492,106.99374389648438,8.586965560913086,63.95471954345703,75.48319244384766,22.728805541992188,5.157469272613525,63.54607391357422,58.738826751708984,6.883881568908691,6.025641918182373,16.9945125579834,68.33406829833984,69.64421844482422,68.99922180175781,69.20557403564453,23.317455291748047,96.5,82.33944702148438,58.61167907714844,60.31715774536133,6.996090888977051,7.223116397857666,39.456783294677734,,22.127836227416992,71.18284606933594,55.51716232299805,74.75172424316406,6.0701189041137695,37.995182037353516,77.8800277709961,58.9991340637207,2.3933985233306885,6.8603129386901855
2025-01-21,7.643048286437988,117.23136901855469,132.61087036132812,11.211527824401855,83.22344970703125,15.528298377990723,84.54789733886719,4.527416706085205,61.596553802490234,50.70820617675781,79.0102310180664,80.12728881835938,61.892147064208984,84.94056701660156,73.48301696777344,62.44106674194336,65.45881652832031,5.55770206451416,60.8961181640625,62.35457992553711,41.09493637084961,7.846711158752441,99.3143081665039,81.71054077148438,83.80724334716797,3.992774724960327,46.85516357421875,33.674922943115234,104.49249267578125,8.60615062713623,63.178524017333984,74.7818832397461,22.380470275878906,5.231264114379883,63.27963638305664,58.170928955078125,6.824207782745361,6.008857250213623,17.144142150878906,67.19916534423828,67.59365844726562,68.5007095336914,67.59331512451172,23.258682250976562,96.5,79.06002044677734,57.84218215942383,60.52375030517578,6.829914093017578,7.231131553649902,38.46061325073242,,22.036941528320312,69.14277648925781,55.493377685546875,74.20972442626953,6.135653495788574,37.48149108886719,77.94894409179688,59.057132720947266,2.3771724700927734,6.72310733795166
2025-01-22,7.617850303649902,116.7423324584961,133.1077880859375,11.263374328613281,82.9497299194336,15.542238235473633,84.23406982421875,4.494096755981445,60.53119659423828,50.52099609375,79.09713745117188,79.77705383300781,61.50917434692383,84.08247375488281,73.10187530517578,62.29988098144531,64.58446502685547,5.479546070098877,60.29539108276367,63.097938537597656,40.955482482910156,7.914795398712158,99.3143081665039,81.63196563720703,84.23381805419922,3.967341899871826,47.023616790771484,33.70036315917969,106.62879943847656,8.597431182861328,62.781394958496094,74.03882598876953,22.641721725463867,5.149270534515381,63.0464973449707,57.38264846801758,6.820797920227051,5.958503723144531,18.07340431213379,68.13526153564453,67.38695526123047,68.58773803710938,66.37190246582031,23.367835998535156,96.5,80.69530487060547,57.92864227294922,61.12700653076172,6.854841232299805,7.2952680587768555,38.989009857177734,,21.937788009643555,69.91835021972656,55.572654724121094,74.20972442626953,6.094693183898926,37.335147857666016,77.91449737548828,58.16244125366211,2.3609461784362793,6.765983581542969
2025-01-23,7.601051330566406,115.19524383544922,131.69692993164062,11.261015892028809,82.98504638671875,15.455984115600586,84.30015563964844,4.47615385055542,60.03234100341797,50.472164154052734,78.92328643798828,79.61067962646484,61.36121368408203,83.27640533447266,72.50053405761719,61.36977767944336,63.89506530761719,5.384022235870361,60.47642135620117,61.87357711791992,40.53711700439453,7.821178436279297,99.15612030029297,81.64070129394531,83.61953735351562,3.9503896236419678,47.014747619628906,33.590091705322266,103.39762878417969,8.549473762512207,61.98715591430664,73.87183380126953,23.488805770874023,5.165668487548828,62.88831329345703,56.95886993408203,6.802896499633789,5.941719055175781,18.66404151916504,68.40032958984375,66.93218994140625,68.67479705810547,67.09661102294922,23.082353591918945,96.5,79.99699401855469,56.718196868896484,60.895626068115234,6.846531867980957,7.247165679931641,38.72915267944336,,22.309614181518555,69.86776733398438,54.75611877441406,74.20972442626953,6.094693183898926,37.71444320678711,79.23260498046875,58.54351043701172,2.344719171524048,6.79171085357666
2025-01-24,7.693443298339844,116.60896301269531,132.56651306152344,11.195033073425293,83.09100341796875,15.32181167602539,84.06889343261719,4.5026397705078125,60.074615478515625,50.95238494873047,79.21884155273438,80.38998413085938,61.69195556640625,83.0163803100586,72.2718505859375,61.18709945678711,63.15524673461914,5.453494548797607,60.336524963378906,62.8355712890625,40.789878845214844,7.8296895027160645,100.00863647460938,82.4263687133789,84.43004608154297,4.018205165863037,47.28072738647461,33.22534942626953,104.18096160888672,8.593940734863281,62.988990783691406,73.5712661743164,22.87921905517578,5.141071319580078,63.07147979736328,57.50131607055664,6.802896499633789,6.017249584197998,18.262407302856445,68.37548828125,66.80818176269531,68.0496826171875,67.12918090820312,22.77168083190918,96.5,79.2014389038086,56.80465316772461,61.49062728881836,6.838223457336426,7.231131553649902,39.500091552734375,,22.912803649902344,70.71076202392578,54.46278381347656,73.55935668945312,6.184804439544678,37.114139556884766,79.88733673095703,58.41094970703125,2.3690590858459473,6.765983581542969
2025-01-27,7.643048286437988,115.14190673828125,132.4778289794922,11.32935619354248,83.26760864257812,15.355792045593262,84.2918930053711,4.52827262878418,59.778682708740234,50.42332458496094,79.19273376464844,79.60192108154297,61.71807098388672,83.28507232666016,71.6789779663086,60.987789154052734,62.95344924926758,5.366654872894287,59.085693359375,63.74510192871094,39.67426300048828,7.846711158752441,99.19125366210938,82.06845092773438,84.47270202636719,3.9588661193847656,46.970420837402344,33.49679183959961,105.0888671875,8.593940734863281,63.738121032714844,73.83009338378906,22.752553939819336,5.059075355529785,62.42202377319336,57.4250373840332,6.818240165710449,5.891366004943848,18.026155471801758,68.4500503540039,66.46916198730469,67.29796600341797,65.56575775146484,22.654123306274414,96.5,79.37821960449219,56.43286895751953,61.15180969238281,6.730207920074463,7.207081317901611,40.619171142578125,,23.788658142089844,70.56745147705078,54.383506774902344,74.00128936767578,6.192996025085449,37.10816955566406,81.16236877441406,58.97427749633789,2.336606502532959,6.740257740020752
2025-01-28,7.617850303649902,115.2308349609375,131.51065063476562,11.30225658416748,83.11750793457031,15.211167335510254,83.6807861328125,4.5094757080078125,60.41283416748047,50.244258880615234,78.2279281616211,79.8996353149414,60.725826263427734,80.77153015136719,71.2809066772461,60.06599044799805,62.63399124145508,5.3319196701049805,59.9415397644043,64.01618957519531,39.569664001464844,7.846711158752441,98.6199951171875,82.02479553222656,84.15702819824219,3.8995251655578613,46.63352584838867,33.335628509521484,103.37981414794922,8.538137435913086,64.81212615966797,73.47108459472656,22.24588966369629,5.042677879333496,62.563575744628906,56.54352951049805,6.760270118713379,5.9165425300598145,17.58514976501465,68.17666625976562,66.25418853759766,66.45922088623047,64.89804077148438,23.216697692871094,96.5,79.11304473876953,55.77577209472656,60.0775146484375,6.647118091583252,7.215099811553955,40.330665588378906,,24.2844295501709,69.96893310546875,53.955421447753906,73.89288330078125,6.192996025085449,37.033504486083984,79.94764709472656,58.982566833496094,2.3284926414489746,6.765983581542969
2025-01-29,7.617850303649902,114.82182312011719,131.92767333984375,11.335249900817871,82.9938735961914,15.3357515335083,83.78813171386719,4.511183738708496,60.2860107421875,49.69078826904297,77.44566345214844,80.55634307861328,60.682315826416016,81.5342788696289,71.75521087646484,59.97463607788086,62.381771087646484,5.279816150665283,58.67424011230469,64.3485336303711,39.55223846435547,7.8296895027160645,97.78504180908203,82.27794647216797,84.46416473388672,3.8910481929779053,46.50054931640625,33.53071212768555,103.59345245361328,8.545111656188965,64.5142822265625,73.71321868896484,22.34088706970215,5.026277542114258,63.07147979736328,56.83171463012695,6.744072914123535,5.874581336975098,17.50639533996582,68.59087371826172,66.62625885009766,65.47803497314453,64.5804672241211,23.384626388549805,96.5,78.37053680419922,56.026512145996094,59.242855072021484,6.622190952301025,7.1910481452941895,40.04214859008789,,24.09438705444336,70.01950073242188,53.796875,72.28361511230469,6.209380626678467,37.21867370605469,81.06759643554688,59.26422119140625,2.3690590858459473,6.731681823730469
2025-01-30,7.676644325256348,114.87516021728516,133.01019287109375,11.544988632202148,83.2587661743164,15.327037811279297,84.3662109375,4.516310691833496,59.9055061340332,50.464019775390625,78.2279281616211,81.33564758300781,61.14360809326172,84.07381439208984,72.78004455566406,61.46115493774414,62.575138092041016,5.375339031219482,60.07319641113281,64.6895980834961,39.395347595214844,7.923305988311768,97.9256591796875,82.36526489257812,85.31734466552734,3.992774724960327,47.10341262817383,33.81063461303711,104.35006713867188,8.560808181762695,65.36270904541016,74.24755859375,22.277549743652344,5.042677879333496,64.18721008300781,57.29789352416992,6.796928405761719,5.958503723144531,17.317394256591797,68.81451416015625,66.97354125976562,64.62346649169922,65.5087661743164,23.56935691833496,96.5,78.5296401977539,56.19942855834961,59.66432189941406,6.713589668273926,7.126914978027344,39.76237487792969,,23.97870635986328,70.22183227539062,53.741371154785156,72.54210662841797,6.209380626678467,37.627830505371094,81.15375518798828,59.63701248168945,2.3690590858459473,6.740257740020752
2025-01-31,7.735436916351318,116.47562408447266,135.0954132080078,11.48843002319336,84.75105285644531,15.422876358032227,84.23406982421875,4.612856864929199,61.33445739746094,50.55355453491211,79.22750091552734,82.57025909423828,62.57973861694336,85.85063934326172,72.74615478515625,61.544189453125,62.63399124145508,5.4621782302856445,61.84247589111328,64.08617401123047,39.55223846435547,7.957347869873047,98.0399398803711,83.14219665527344,85.760986328125,4.026683807373047,47.64421463012695,33.87848663330078,104.59040069580078,8.674160957336426,64.63165283203125,74.63158416748047,22.55463409423828,5.091873645782471,64.94489288330078,57.8912239074707,6.822503089904785,5.992072105407715,17.97890281677246,69.17073059082031,67.20502471923828,64.09331512451172,67.9923095703125,23.678512573242188,96.5,81.11961364746094,57.07268142700195,60.5650749206543,6.755133152008057,7.207081317901611,39.45637893676758,,24.391841888427734,70.22183227539062,53.88407516479492,73.3092041015625,6.111078262329102,37.77716064453125,81.15375518798828,59.73640060424805,2.3852858543395996,6.748832702636719
2025-02-03,7.659099578857422,116.08139038085938,133.71005249023438,11.482537269592285,84.22570037841797,15.343746185302734,84.19808197021484,4.484218597412109,60.539649963378906,50.757041931152344,78.93807220458984,80.97662353515625,61.5081901550293,83.05305480957031,72.3350601196289,61.23691940307617,62.7432746887207,5.418757915496826,61.89186096191406,63.256736755371094,39.78757095336914,7.855219841003418,98.45571899414062,82.99243927001953,84.18120574951172,3.983846664428711,46.03951644897461,33.87848663330078,101.24351501464844,8.418679237365723,63.46741485595703,74.68228912353516,22.681299209594727,5.075475215911865,64.27143859863281,57.83980178833008,6.8018107414245605,5.949576377868652,18.17578125,67.45929718017578,64.51785278320312,63.063533782958984,67.82946014404297,23.5357666015625,96.5,80.2811050415039,56.6970329284668,58.639442443847656,6.9822678565979,7.223116397857666,39.29900360107422,,24.14396095275879,70.78475189208984,53.843894958496094,73.7928237915039,6.145865440368652,37.618873596191406,79.30876159667969,59.233585357666016,2.3771724700927734,6.7600998878479
2025-02-04,7.63365364074707,116.26056671142578,133.87985229492188,11.370598793029785,84.59077453613281,15.365728378295898,83.14653015136719,4.472131252288818,60.7933235168457,51.52214050292969,80.53438568115234,82.59651184082031,62.43919372558594,83.3852767944336,71.94966888427734,60.589176177978516,63.18046188354492,5.384022235870361,61.3322639465332,63.29203796386719,39.29948425292969,7.928313732147217,98.97846221923828,84.32278442382812,84.6462173461914,3.941009521484375,46.03951644897461,33.615535736083984,102.24935913085938,8.488435745239258,64.1131820678711,74.76677703857422,23.029634475708008,5.091873645782471,63.370731353759766,56.64855194091797,6.785429000854492,5.788087844848633,18.813663482666016,67.07337951660156,63.287261962890625,61.17002868652344,67.3327407836914,23.460201263427734,96.5,79.03229522705078,56.18159484863281,58.92410659790039,6.814021110534668,7.231131553649902,39.062950134277344,,23.739084243774414,69.78682708740234,53.96443557739258,74.88512420654297,6.112734794616699,37.63679122924805,77.44634246826172,59.669376373291016,2.3609461784362793,6.777433395385742
2025-02-05,7.608209609985352,117.0759048461914,133.33465576171875,11.541452407836914,83.97637176513672,15.363090515136719,83.41361236572266,4.488534927368164,60.70875930786133,51.12330627441406,78.88544464111328,81.90479278564453,62.166934967041016,83.42023468017578,71.7612533569336,61.045936584472656,63.43266677856445,5.349287033081055,61.96593475341797,63.19496536254883,39.221031188964844,7.893918037414551,98.73038482666016,83.63558959960938,84.58594512939453,3.958143472671509,45.70262908935547,33.75973892211914,103.25521850585938,8.399495124816895,64.5679702758789,74.4203872680664,22.93463897705078,5.08367395401001,62.848812103271484,56.477142333984375,6.7768073081970215,5.7115936279296875,18.160030364990234,67.48448181152344,63.563514709472656,60.49605941772461,68.35873413085938,23.342647552490234,96.5,78.4970932006836,55.37788391113281,58.98271179199219,6.788783550262451,7.271215915679932,38.86185836791992,,23.739084243774414,69.0874252319336,53.49034881591797,73.38424682617188,6.087885856628418,37.968299865722656,78.57772827148438,60.33981704711914,2.3690590858459473,6.838101387023926
2025-02-06,7.625172138214111,117.09381103515625,133.79942321777344,11.544988632202148,84.33255004882812,15.298032760620117,83.61388397216797,4.46608829498291,60.96242141723633,50.37449264526367,78.62230682373047,82.04489135742188,63.09794235229492,82.7295913696289,72.11238861083984,61.045936584472656,63.26453399658203,5.410073757171631,61.30757522583008,63.79498291015625,37.111820220947266,7.893918037414551,98.97846221923828,83.697265625,85.18009948730469,4.00098180770874,45.463260650634766,33.751258850097656,103.25521850585938,8.388161659240723,64.74986267089844,73.92193603515625,23.092971801757812,5.124670505523682,62.44474792480469,56.30574035644531,6.768185138702393,5.7795891761779785,17.923776626586914,67.27473449707031,62.99428176879883,59.19627380371094,68.40762329101562,22.939607620239258,96.5,79.3534164428711,55.404090881347656,59.409698486328125,6.822432041168213,7.303282737731934,38.2935791015625,,23.664718627929688,68.74625396728516,52.87967300415039,73.37591552734375,6.054754257202148,38.22813415527344,78.31663513183594,59.73640060424805,2.3771724700927734,6.864101886749268
2025-02-07,7.625172138214111,117.82849884033203,133.26318359375,11.540273666381836,84.59077453613281,15.377159118652344,83.53878021240234,4.485081672668457,61.31753921508789,50.88726806640625,79.81517028808594,82.16746520996094,63.55466079711914,83.48143005371094,72.96026611328125,61.99262237548828,63.937110900878906,5.349287033081055,63.52946853637695,64.4391098022461,36.34482192993164,7.842321872711182,98.88101196289062,84.39325714111328,85.55038452148438,3.7696614265441895,45.80015182495117,33.77670669555664,104.9051284790039,8.392520904541016,65.69579315185547,73.92193603515625,23.219642639160156,5.231264114379883,62.13329315185547,56.86280822753906,6.779392719268799,5.830584526062012,17.348896026611328,68.12206268310547,63.0528678894043,58.69080352783203,69.0671615600586,23.141128540039062,96.5,80.70035552978516,55.90205383300781,59.032955169677734,6.830845355987549,7.2952680587768555,39.25529479980469,,23.714296340942383,68.37097930908203,53.0323371887207,73.16747283935547,6.038188934326172,38.31773376464844,78.75176239013672,59.84535598754883,2.3771724700927734,6.855433940887451
2025-02-10,7.625172138214111,116.44873046875,132.29791259765625,11.555593490600586,83.18389892578125,15.428154945373535,83.2466812133789,4.409970283508301,61.93954849243164,51.115169525146484,78.54339599609375,82.7453842163086,63.062808990478516,83.04432678222656,72.84037780761719,61.618927001953125,64.70281219482422,5.55770206451416,63.3648796081543,64.1832275390625,36.70571517944336,7.816525459289551,98.0392837524414,83.35366821289062,83.9659423828125,3.8896045684814453,46.04838943481445,34.18882369995117,102.54680633544922,8.388161659240723,64.95905303955078,76.5071029663086,23.548828125,5.173867702484131,62.545772552490234,57.334171295166016,6.742320537567139,5.92407751083374,17.604616165161133,69.42243957519531,63.49654006958008,58.730926513671875,68.67630004882812,23.374614715576172,96.5,79.27313995361328,56.01561737060547,60.21342849731445,6.822432041168213,7.367419242858887,38.818153381347656,,24.00706672668457,68.840087890625,53.99656677246094,72.98401641845703,6.021623611450195,37.9981689453125,77.4550552368164,60.59122848510742,2.401763916015625,6.855433940887451
2025-02-11,7.59972620010376,116.11721801757812,132.1012725830078,11.523777961730957,83.9318618774414,15.347265243530273,83.16322326660156,4.421194553375244,60.68402099609375,50.87099075317383,78.93807220458984,82.99054718017578,63.95869445800781,82.79952239990234,73.08016967773438,62.29159164428711,64.18383026123047,5.531649589538574,63.69404602050781,63.72439193725586,35.0596923828125,7.825127124786377,98.32283020019531,83.45938110351562,84.51704406738281,4.060952663421631,45.34800338745117,33.802467346191406,102.48403930664062,8.388161659240723,65.85041809082031,76.16072082519531,22.079532623291016,5.18206787109375,63.02558898925781,57.34273147583008,6.706969261169434,5.958076000213623,16.789506912231445,68.20597839355469,63.119842529296875,58.4019660949707,69.08343505859375,22.86573028564453,96.5,80.33462524414062,56.54852294921875,59.644107818603516,6.771958827972412,7.303282737731934,38.905574798583984,,23.823034286499023,68.81449890136719,53.69926452636719,73.88455200195312,6.063037872314453,37.630821228027344,77.87279510498047,60.15542984008789,2.3689749240875244,6.820767879486084
2025-02-12,7.591247081756592,116.76232147216797,132.2710723876953,11.555593490600586,83.95856475830078,15.385952949523926,82.95460510253906,4.437597274780273,60.538822174072266,50.40964889526367,79.20996856689453,83.08686065673828,63.018882751464844,83.05305480957031,73.60260772705078,62.607147216796875,65.06016540527344,5.382619380950928,63.3648796081543,64.23616027832031,35.32375717163086,7.850921630859375,97.72916412353516,83.2567367553711,84.56010437011719,3.898172616958618,45.74696350097656,33.82822036743164,102.5557632446289,8.53551959991455,65.14098358154297,76.19451141357422,21.83866310119629,5.173867702484131,62.61307907104492,57.62554931640625,6.651789665222168,5.9835734367370605,17.33291244506836,67.95426940917969,62.91057205200195,60.97745895385742,69.40499877929688,22.81484603881836,96.5,80.47736358642578,56.400001525878906,60.37250900268555,6.814021110534668,7.327334880828857,38.6607780456543,,23.296056747436523,68.82301330566406,53.20108413696289,73.21749114990234,6.046471118927002,38.26994705200195,77.86408996582031,60.65826416015625,2.3525805473327637,6.794768333435059
2025-02-13,7.565801620483398,116.47560119628906,132.12806701660156,11.547343254089355,83.41541290283203,15.384194374084473,82.85444641113281,4.4893975257873535,60.04344177246094,49.88240051269531,79.07841491699219,82.40388488769531,62.79930877685547,82.9306640625,74.02224731445312,62.88449478149414,64.66028594970703,5.338786602020264,63.057071685791016,63.70674514770508,34.531551361083984,7.8681182861328125,97.64056396484375,82.63121032714844,84.47398376464844,3.8467674255371094,45.4189338684082,33.69084548950195,102.67235565185547,8.545111656188965,64.75895690917969,76.80278778076172,21.79851531982422,5.12822961807251,61.95649719238281,57.55699157714844,6.615577220916748,6.0005717277526855,16.765535354614258,68.20597839355469,62.877079010009766,61.15398025512695,69.0587158203125,22.696104049682617,96.5,81.30693054199219,56.583465576171875,60.05436706542969,6.797196388244629,7.319218635559082,40.007171630859375,,23.44662094116211,69.00212860107422,52.855567932128906,73.70109558105469,6.071320056915283,37.798065185546875,77.70743560791016,60.64989471435547,2.360778331756592,6.820767879486084
2025-02-14,7.63365364074707,118.03458404541016,133.2542266845703,11.559126853942871,84.32365417480469,15.384194374084473,83.17993927001953,4.5075297355651855,60.04344177246094,50.17074203491211,79.14856719970703,83.00806427001953,63.581016540527344,83.19293212890625,73.59404754638672,63.817440032958984,65.13672637939453,5.365086078643799,63.55622482299805,64.39498901367188,36.881771087646484,7.936910629272461,98.91645812988281,82.93077087402344,85.18009948730469,3.8810369968414307,45.92427444458008,33.88833236694336,102.51092529296875,8.620101928710938,65.45021057128906,76.87881469726562,21.9591007232666,5.1614203453063965,62.116458892822266,58.696807861328125,6.638857364654541,6.085566520690918,17.149112701416016,68.6757583618164,63.20356750488281,61.779808044433594,69.83372497558594,23.196508407592773,96.5,82.34166717529297,57.19499206542969,61.32695388793945,6.822432041168213,7.408478260040283,39.70991897583008,,23.664106369018555,68.83154296875,52.92789077758789,74.08466339111328,6.203845500946045,37.798065185546875,78.09036254882812,60.90967559814453,2.3771722316741943,6.820767879486084
2025-02-17,7.659099578857422,119.41439819335938,133.96926879882812,11.634536743164062,84.83119201660156,15.418484687805176,83.43864440917969,4.592135906219482,61.70893478393555,50.40141296386719,80.92906188964844,83.695068359375,64.58228302001953,85.63207244873047,73.88521575927734,63.834232330322266,65.83438110351562,5.391385555267334,63.65604019165039,65.3126449584961,36.661720275878906,7.997106075286865,101.30874633789062,83.26556396484375,85.9723129272461,3.898172616958618,46.78424835205078,33.79387664794922,102.67235565185547,8.56429386138916,66.37796020507812,78.78813934326172,22.12770652770996,5.186314582824707,62.28480911254883,59.8452033996582,6.664722442626953,6.1790595054626465,17.34090232849121,69.46437072753906,63.82303237915039,61.8680534362793,70.44386291503906,23.332212448120117,96.5,83.50128173828125,58.418033599853516,63.24420928955078,6.914968490600586,7.4328227043151855,40.44431686401367,,23.72265625,68.44773864746094,53.843894958496094,74.90027618408203,6.145865440368652,38.287864685058594,77.84668731689453,61.16110610961914,2.3771722316741943,6.890101432800293
2025-02-18,7.6675801277160645,119.60255432128906,134.08544921875,11.659281730651855,84.74214172363281,15.469478607177734,84.27318572998047,4.618036270141602,63.254859924316406,50.87099075317383,81.72721099853516,83.81868743896484,64.46809387207031,85.3523178100586,74.55326080322266,64.3637466430664,66.33634948730469,5.443984508514404,63.59780502319336,65.29499816894531,36.098358154296875,8.005704879760742,102.77068328857422,84.57828521728516,85.89481353759766,3.9153079986572266,47.49349594116211,33.90549850463867,103.37177276611328,8.570399284362793,66.57804107666016,78.02777862548828,22.456890106201172,5.186314582824707,62.29323196411133,59.90521240234375,6.687138557434082,6.238556385040283,17.51671028137207,70.0851821899414,64.43414306640625,62.943180084228516,71.48270416259766,23.764759063720703,96.5,82.95714569091797,59.40521240234375,63.96422576904297,6.90655517578125,7.497736930847168,39.35145950317383,,23.948511123657227,68.63536834716797,55.08132553100586,74.35232543945312,6.261825084686279,38.287864685058594,77.65522766113281,61.169490814208984,2.3771722316741943,6.950769424438477
2025-02-19,7.7184739112854,119.97883605957031,133.54916381835938,11.61288070678711,85.38326263427734,15.467717170715332,83.4302978515625,4.5671000480651855,63.63069152832031,51.01103973388672,82.24470520019531,83.95993041992188,64.61742401123047,85.53590393066406,74.21923828125,63.34676742553711,66.36188507080078,5.347553730010986,63.38151931762695,66.11559295654297,35.26213073730469,7.997106075286865,100.94547271728516,86.55175018310547,86.11007690429688,3.9067392349243164,48.069759368896484,33.802467346191406,109.31693267822266,8.499423027038574,65.4865951538086,78.60225677490234,22.264196395874023,5.12822961807251,62.2763786315918,60.46227264404297,6.661273956298828,6.0940656661987305,17.500728607177734,70.28652954101562,64.77735900878906,62.97528076171875,71.81249237060547,24.807964324951172,96.5,83.1801528930664,59.536251068115234,63.1939811706543,6.95703125,7.4571661949157715,39.77986145019531,,23.772850036621094,68.55860137939453,56.832984924316406,74.19215393066406,6.2866740226745605,38.22813415527344,77.95983123779297,60.968345642089844,2.3689749240875244,7.00277042388916
2025-02-20,7.794809341430664,120.81207275390625,133.78155517578125,11.508214950561523,86.06889343261719,15.49497127532959,83.6556167602539,4.575733184814453,64.16020965576172,50.89570999145508,82.61308288574219,84.42784118652344,65.68019104003906,86.0254898071289,74.47615051269531,63.9014778137207,66.59156799316406,5.303720951080322,63.5229377746582,67.84503173828125,35.5526123046875,7.97990608215332,99.94422912597656,87.69709014892578,86.47174835205078,3.8810369968414307,48.01657485961914,34.23175811767578,103.5511245727539,8.492391586303711,65.9413833618164,80.17364501953125,22.43280029296875,5.119930744171143,62.37739944458008,61.190731048583984,6.708693504333496,6.026070594787598,17.692516326904297,70.52143859863281,66.59394836425781,65.9920425415039,72.03509521484375,25.274438858032227,96.5,82.98390197753906,58.54907989501953,64.58374786376953,6.973855495452881,7.481507778167725,41.58087921142578,,23.92341423034668,68.14920043945312,56.26249313354492,74.52093505859375,6.278392314910889,38.260986328125,77.97721862792969,61.47954177856445,2.3689749240875244,7.02010440826416
2025-02-21,7.735437870025635,121.7976303100586,135.96237182617188,11.553410530090332,87.08396911621094,15.719168663024902,84.4985122680664,4.618899822235107,64.0662612915039,51.72776412963867,84.42866516113281,84.91342163085938,66.47943878173828,88.29850769042969,74.93865203857422,65.67489624023438,66.99143981933594,5.347553730010986,63.71427536010742,67.12150573730469,35.20052719116211,8.057299613952637,101.88465881347656,88.7190933227539,86.83340454101562,3.9324417114257812,50.26845932006836,34.36913299560547,103.97256469726562,8.486237525939941,66.09597778320312,79.52312469482422,22.874391555786133,5.136525630950928,62.94982147216797,61.57638168334961,6.785429000854492,6.119563579559326,18.060108184814453,70.85700988769531,67.64874267578125,65.47053527832031,72.55453491210938,25.41014289855957,96.5,87.08716583251953,58.88104248046875,66.47591400146484,7.192577838897705,7.47339391708374,42.22785186767578,,24.249643325805664,68.59272766113281,56.334815979003906,75.85285949707031,6.386068344116211,38.523807525634766,78.1077651977539,61.756126403808594,2.3853697776794434,6.968102931976318
2025-02-24,7.701510906219482,121.949951171875,135.9534454345703,11.472536087036133,87.79631805419922,15.791260719299316,84.22309875488281,4.618036270141602,64.45915985107422,52.2220573425293,83.77960205078125,85.28422546386719,68.39415740966797,88.1673812866211,74.82732391357422,66.43972778320312,66.10663604736328,5.356319904327393,65.0036849975586,67.90680694580078,35.429386138916016,7.997106075286865,101.8226318359375,90.34017181396484,86.80756378173828,3.898172616958618,51.74016571044922,34.120140075683594,103.793212890625,8.522282600402832,67.81500244140625,80.26657104492188,22.922565460205078,5.136525630950928,63.50542068481445,62.52766418457031,6.758701801300049,6.0770673751831055,17.532691955566406,71.49461364746094,67.05435943603516,67.39612579345703,72.81834411621094,25.783315658569336,96.5,87.81861114501953,60.191463470458984,66.810791015625,7.150515556335449,7.570766448974609,41.550445556640625,,23.83976936340332,69.0874252319336,56.42320251464844,75.36393737792969,6.36121940612793,38.14451217651367,78.41236877441406,61.73097229003906,2.3771722316741943,6.985437870025635
2025-02-25,7.786330223083496,120.65975189208984,137.14218139648438,11.45826244354248,88.20592498779297,15.807966232299805,84.03117370605469,4.583503723144531,64.32249450683594,52.172630310058594,83.77960205078125,84.55144500732422,68.6839828491211,89.56615447998047,74.52755737304688,67.32222747802734,66.63414764404297,5.382619380950928,64.72086334228516,68.52446746826172,34.989261627197266,8.108890533447266,102.09730529785156,89.60010528564453,87.19507598876953,3.9324417114257812,50.623077392578125,34.120140075683594,104.4747314453125,8.602283477783203,70.85285949707031,80.69742584228516,22.60141372680664,5.186314582824707,63.808475494384766,61.5506591796875,6.802672863006592,6.0770673751831055,17.07719612121582,71.31843566894531,66.99576568603516,67.94174194335938,72.66995239257812,25.452545166015625,96.5,88.30923461914062,61.67657470703125,67.58103942871094,7.133691310882568,7.538309097290039,42.447792053222656,,23.67247200012207,69.33477020263672,56.56784439086914,76.4513931274414,6.328088760375977,38.23709487915039,77.83798217773438,62.853981018066406,2.3689749240875244,6.97676944732666
2025-02-26,7.743916988372803,120.31034088134766,135.09542846679688,11.382142066955566,87.79631805419922,15.791260719299316,84.60702514648438,4.575733184814453,63.88690185546875,52.304443359375,81.83245849609375,83.78335571289062,68.77183532714844,89.34759521484375,74.57894134521484,66.54058074951172,66.78727722167969,5.356319904327393,64.97042083740234,67.827392578125,34.35548782348633,8.117491722106934,101.45052337646484,89.82036590576172,87.82367706298828,3.966712474822998,49.559207916259766,34.145896911621094,104.01740264892578,8.5548095703125,69.51583862304688,81.19586181640625,22.497037887573242,5.169719219207764,64.59133911132812,61.962032318115234,6.741456508636475,6.051568984985352,16.8134822845459,71.67078399658203,66.52696228027344,66.2889175415039,72.76889038085938,25.44406509399414,96.5,88.15757751464844,60.38364791870117,66.5261459350586,7.125278472900391,7.481507778167725,42.84366989135742,,23.83139991760254,69.60771942138672,56.35087966918945,76.24063873291016,6.336370944976807,38.20722961425781,78.5603256225586,62.761802673339844,2.3525805473327637,6.950769424438477
2025-02-27,7.7184739112854,120.55226135253906,134.657470703125,11.359545707702637,88.09014892578125,15.738507270812988,85.02429962158203,4.586093425750732,63.92109298706055,52.68339920043945,81.62197875976562,83.79219055175781,68.64008331298828,88.96295928955078,74.6902847290039,66.27164459228516,67.67208862304688,5.382619380950928,65.05360412597656,67.64208984375,34.94526290893555,8.126091003417969,101.80491638183594,89.8468017578125,88.42645263671875,4.052385330200195,49.63013458251953,34.12873077392578,103.76634216308594,8.592612266540527,70.7164306640625,80.94241333007812,22.5211238861084,5.211209297180176,65.98873138427734,62.39054870605469,6.749217510223389,6.0940656661987305,16.821474075317383,71.60368347167969,67.64037322998047,67.16345977783203,72.95027923583984,25.842689514160156,96.5,87.59562683105469,59.824554443359375,66.25823211669922,7.192577838897705,7.562652111053467,43.028419494628906,,23.889955520629883,69.85506439208984,57.37136459350586,76.97404479980469,6.3777852058410645,38.631324768066406,78.38624572753906,62.49360656738281,2.3689749240875244,6.942103862762451
2025-02-28,7.701510906219482,119.2710189819336,134.4697723388672,11.328620910644531,88.32167053222656,15.79038143157959,85.44989776611328,4.627534866333008,65.08264923095703,52.31268310546875,80.56068420410156,83.85400390625,68.08673858642578,89.1552734375,74.81018829345703,67.25499725341797,68.20809173583984,5.426451683044434,64.77076721191406,67.6773910522461,35.4645881652832,8.229279518127441,101.6099853515625,89.11555480957031,88.26282501220703,4.095222473144531,50.233001708984375,33.88833236694336,104.01740264892578,8.589097023010254,70.18888854980469,81.73654174804688,22.657617568969727,5.2527008056640625,66.36753845214844,61.52494812011719,6.738007068634033,6.19605827331543,16.821474075317383,71.56172943115234,67.64037322998047,67.79730224609375,73.37076568603516,26.249792098999023,96.5,86.9355239868164,59.76338577270508,66.78568267822266,7.226226806640625,7.5869975090026855,42.92285919189453,,23.67247200012207,69.85506439208984,57.4195671081543,77.03304290771484,6.452330112457275,38.55964279174805,78.67345428466797,62.50198745727539,2.3689749240875244,6.924769878387451
2025-03-05,7.727209568023682,120.85084533691406,133.3083038330078,11.394035339355469,88.77949523925781,15.804577827453613,85.00873565673828,4.658942699432373,64.91183471679688,51.950199127197266,81.06513214111328,83.87165832519531,67.51094055175781,89.0406723022461,74.84480285644531,67.49871063232422,67.40835571289062,5.461516380310059,65.67752075195312,67.99774932861328,35.1389045715332,8.220680236816406,102.10945129394531,90.01311492919922,87.95470428466797,4.112538814544678,49.32097625732422,34.042869567871094,104.02637481689453,8.580304145812988,69.56639099121094,81.9927749633789,22.96271514892578,5.360574722290039,65.52506256103516,62.65950393676758,6.694396495819092,6.135819911956787,16.861431121826172,72.07986450195312,67.13179016113281,63.575138092041016,74.0633316040039,27.35236930847168,96.5,87.32237243652344,59.76340103149414,66.36203002929688,7.158215045928955,7.554538726806641,42.75569534301758,,23.42989158630371,70.83043670654297,57.41141128540039,77.7411880493164,6.561266899108887,38.79558181762695,79.14839172363281,62.129058837890625,2.336186170578003,6.979943752288818
2025-03-06,7.727209568023682,121.12165069580078,134.4697723388672,11.453505516052246,88.77949523925781,15.82497787475586,85.73400115966797,4.664177417755127,64.71537017822266,52.69163131713867,81.07398223876953,84.54261779785156,67.87413024902344,90.36306762695312,75.5803451538086,68.08707427978516,67.54448699951172,5.549182415008545,66.65083312988281,68.08674621582031,36.15998077392578,8.559493064880371,102.35948181152344,89.79093933105469,88.28490447998047,4.173145294189453,51.234432220458984,34.42063903808594,107.60419464111328,8.625139236450195,69.48400115966797,81.06180572509766,23.03497314453125,5.485047817230225,67.20147705078125,63.135826110839844,6.734518527984619,6.127213001251221,16.773527145385742,72.62348175048828,65.63996887207031,64.46942138671875,73.70880126953125,26.76715660095215,96.5,87.94315338134766,59.8692741394043,66.76873779296875,7.243229866027832,7.554538726806641,43.116390228271484,,24.15762710571289,71.37422180175781,57.09391403198242,76.9403305053711,6.52774715423584,38.81947326660156,79.86959838867188,64.23109436035156,2.360778331756592,7.041247367858887
2025-03-07,7.752910614013672,122.7556381225586,135.3971405029297,11.489185333251953,88.89617919921875,15.84360408782959,85.47257995605469,4.736591339111328,64.826416015625,53.498985290527344,81.41912841796875,85.10765075683594,68.74227142333984,90.0809326171875,76.86107635498047,68.07866668701172,68.22511291503906,5.698212146759033,66.92534637451172,69.38601684570312,36.42404556274414,8.655080795288086,102.78813934326172,90.04864501953125,88.49344635009766,4.277040958404541,51.30597686767578,34.30044174194336,107.0984878540039,8.749096870422363,69.57551574707031,81.06180572509766,23.243724822998047,5.518239498138428,67.57592010498047,62.77207565307617,6.744114398956299,6.239086151123047,16.781518936157227,73.64273834228516,67.64036560058594,66.29863739013672,73.13990020751953,27.225147247314453,96.5,88.2310562133789,59.55160903930664,66.76873779296875,7.328243732452393,7.619453430175781,43.837791442871094,,24.057252883911133,71.46052551269531,57.3707275390625,78.38185119628906,6.52774715423584,38.97477722167969,80.46768188476562,64.16328430175781,2.3689749240875244,7.093795299530029
2025-03-10,7.7443413734436035,122.60216522216797,135.19009399414062,11.495131492614746,90.0362319946289,15.789497375488281,85.59065246582031,4.708672523498535,64.41645050048828,53.54840850830078,81.57843017578125,84.7544937133789,68.96373748779297,88.60869598388672,76.89570617675781,69.44023895263672,68.76962280273438,5.715744495391846,67.38288879394531,69.67967224121094,36.380043029785156,8.533422470092773,102.92210388183594,90.19971466064453,88.23277282714844,4.233750343322754,49.88428497314453,34.34336471557617,105.95153045654297,8.787779808044434,70.70157623291016,79.95149230957031,23.179492950439453,5.551432132720947,67.7886734008789,64.00189971923828,6.847909927368164,6.247692584991455,16.70160675048828,74.23731994628906,67.38607788085938,65.55068969726562,73.79124450683594,27.013113021850586,96.5,88.79784393310547,59.0310173034668,66.76873779296875,7.277235507965088,7.611340045928955,43.978546142578125,,24.492223739624023,71.81441497802734,57.62310028076172,79.10684204101562,6.519368648529053,38.68507766723633,81.06575775146484,63.56998062133789,2.360778331756592,7.120067119598389
2025-03-11,7.7443413734436035,121.69039154052734,135.03700256347656,11.435665130615234,90.37734985351562,15.793931007385254,85.73400115966797,4.7540411949157715,64.77517700195312,54.396949768066406,81.63153076171875,84.31306457519531,69.44210052490234,88.0709228515625,77.39759826660156,69.42342376708984,69.51831817626953,5.733278274536133,69.22968292236328,70.01783752441406,37.40990447998047,8.533422470092773,102.6988296508789,90.57298278808594,88.06766510009766,4.207776069641113,50.26876449584961,34.55801010131836,106.15926361083984,8.79745101928711,71.04027557373047,80.34439086914062,23.195554733276367,5.584623336791992,68.03543090820312,64.14045715332031,6.791214466094971,6.376777172088623,16.501827239990234,73.87208557128906,68.23370361328125,65.03851318359375,75.35774993896484,27.31844139099121,,87.24140167236328,59.44573211669922,68.76839447021484,7.294239044189453,7.643797874450684,44.43601608276367,,24.023792266845703,72.21148681640625,60.171287536621094,79.3597412109375,6.544508457183838,39.3958854675293,83.5548095703125,66.01103210449219,2.3525805473327637,7.172614574432373
2025-03-12,7.7443413734436035,121.82579040527344,135.17205810546875,11.554601669311523,90.39530181884766,15.856916427612305,85.75932312011719,4.763637542724609,63.85432434082031,54.957149505615234,82.03863525390625,84.35723114013672,70.02677154541016,88.16789245605469,78.05526733398438,69.38140869140625,71.42408752441406,5.759578227996826,67.76555633544922,69.03004455566406,37.94319534301758,8.524733543395996,102.4309310913086,91.41719818115234,88.63248443603516,4.2683820724487305,51.60997772216797,34.72299575805664,106.11409759521484,8.802722930908203,70.98533630371094,80.88245391845703,23.203704833984375,5.651009559631348,66.56327056884766,64.34831237792969,6.851398944854736,6.376777172088623,16.298904418945312,74.64502716064453,68.48799133300781,64.87592315673828,74.93728637695312,27.074888229370117,,87.51131439208984,59.21631622314453,69.0564956665039,7.311241626739502,7.643797874450684,44.867088317871094,,24.548809051513672,72.50495147705078,59.43042755126953,79.35131072998047,6.52774715423584,39.124107360839844,84.6014404296875,65.2397232055664,2.3608641624450684,7.260193347930908
2025-03-13,7.727209568023682,120.95011138916016,135.22610473632812,11.535568237304688,89.91053771972656,15.994413375854492,85.86894989013672,4.759276390075684,64.25072479248047,55.237247467041016,82.11827850341797,84.26012420654297,70.257080078125,88.82908630371094,78.05526733398438,70.09580993652344,70.64984893798828,5.733278274536133,67.40784454345703,68.99443817138672,39.35639572143555,8.463905334472656,102.6988296508789,91.26612091064453,89.15384674072266,4.225091934204102,51.243385314941406,34.38435745239258,106.5656509399414,8.765801429748535,70.857177734375,81.2155532836914,23.105897903442383,5.709096431732178,65.7208023071289,64.26170349121094,6.85488748550415,6.385382175445557,16.258317947387695,74.29679107666016,68.56428527832031,64.6401596069336,74.94552612304688,26.852474212646484,,87.90717315673828,59.38396072387695,68.88703155517578,7.345246315002441,7.611340045928955,45.315757751464844,,24.438730239868164,73.22999572753906,59.69095230102539,79.42717742919922,6.536128044128418,38.616390228271484,81.35599517822266,64.94306945800781,2.3442976474761963,7.198887825012207
2025-03-14,7.752910614013672,122.50286102294922,136.0364227294922,11.580766677856445,90.44017028808594,16.349254608154297,85.97014617919922,4.788938045501709,64.62989044189453,55.2789421081543,82.24217224121094,84.71036529541016,71.34669494628906,90.90081787109375,78.34083557128906,70.17984771728516,71.51911163330078,5.777517318725586,67.41616821289062,70.21361541748047,39.74747848510742,8.550803184509277,103.14534759521484,92.23477172851562,90.28348541259766,4.328988075256348,51.33279037475586,34.592750549316406,106.74625396728516,8.803605079650879,70.44522094726562,81.4376220703125,23.179250717163086,5.783778667449951,67.01426696777344,64.738037109375,6.834827423095703,6.505860805511475,16.4044246673584,74.9593276977539,70.74266052246094,65.5750732421875,76.2384033203125,26.946578979492188,,88.42899322509766,59.82516860961914,69.29374694824219,7.421759605407715,7.611340045928955,46.71455764770508,,24.514944076538086,73.1523208618164,61.205204010009766,79.71379089355469,6.678581714630127,39.273433685302734,82.6576919555664,66.40943145751953,2.3525807857513428,7.303981781005859
2025-03-17,7.718643665313721,122.7556381225586,135.68528747558594,11.625962257385254,90.66458892822266,16.402482986450195,85.88580322265625,4.79853630065918,64.75052642822266,55.44569396972656,83.18910217285156,84.7977523803711,71.72761535644531,91.0683364868164,78.74756622314453,70.51971435546875,71.86335754394531,5.75982141494751,66.96185302734375,71.28150177001953,40.00522994995117,8.559493064880371,103.93122100830078,94.14540100097656,90.30084991455078,4.328988075256348,51.03772735595703,34.705631256103516,107.46875762939453,8.851078033447266,70.12480163574219,81.1728515625,23.073299407958984,5.842540264129639,66.63133239746094,65.50883483886719,7.0057830810546875,6.523073196411133,16.250200271606445,75.25659942626953,71.82762908935547,64.6993179321289,75.79632568359375,26.792593002319336,,89.73351287841797,60.43399429321289,69.18360137939453,7.430260181427002,7.594916343688965,45.83480453491211,,24.472597122192383,73.18683624267578,61.05052185058594,79.32599639892578,6.779137134552002,39.51833724975586,82.98311614990234,66.80779266357422,2.3360133171081543,7.374042510986328
2025-03-18,7.735775947570801,123.55906677246094,136.72071838378906,11.691376686096191,90.61072540283203,16.5683650970459,86.18940734863281,4.789811134338379,65.14691162109375,55.6374626159668,84.29534912109375,85.18045806884766,73.0918197631836,94.2420654296875,78.54851531982422,69.92497253417969,72.0957260131836,5.7863640785217285,66.96185302734375,71.1925277709961,39.81858444213867,8.568181991577148,104.37775421142578,93.34561157226562,90.42250061035156,4.328988075256348,51.475860595703125,34.72299575805664,106.5656509399414,8.92052936553955,70.5825424194336,81.29242706298828,23.309654235839844,5.901301383972168,66.95472717285156,65.18839263916016,6.887160301208496,6.669369220733643,16.436891555786133,75.40949249267578,72.57352447509766,67.43059539794922,76.7722396850586,28.400835037231445,,90.28231048583984,60.91929626464844,69.57337188720703,7.438763618469238,7.644182205200195,47.3743782043457,,24.641958236694336,72.59126281738281,61.799503326416016,79.43561553955078,6.720479965209961,39.431724548339844,83.0007095336914,66.46027374267578,2.3608641624450684,7.444105625152588
2025-03-19,7.727209568023682,124.29029846191406,136.8107147216797,11.729776382446289,91.27503204345703,16.766189575195312,86.44242858886719,4.7941741943359375,66.00865936279297,55.954288482666016,84.27766418457031,85.10926818847656,72.46288299560547,94.54179382324219,79.0504379272461,70.5027084350586,72.7928695678711,5.848297595977783,67.1469497680664,71.68196868896484,40.12078094482422,8.559493064880371,104.84212493896484,94.59862518310547,91.4478530883789,4.354963302612305,51.78881072998047,34.6708869934082,106.90882110595703,8.875572204589844,70.74732208251953,81.24118041992188,23.448211669921875,5.934879302978516,67.61846923828125,65.1191177368164,6.894138336181641,6.798452854156494,16.29078483581543,76.7260513305664,76.70993041992188,67.63319396972656,77.56464385986328,28.27251434326172,,91.1190185546875,61.210487365722656,70.3189926147461,7.404757022857666,7.783764839172363,47.77025604248047,,24.853662490844727,72.89336395263672,61.58782958984375,79.68902587890625,6.753998279571533,39.72142028808594,83.33492279052734,66.60437774658203,2.3608641624450684,7.417831897735596
2025-03-20,7.727209568023682,122.90007781982422,136.85577392578125,11.872644424438477,92.10985565185547,16.94183921813965,86.44242858886719,4.831689357757568,66.94792938232422,55.65413284301758,84.21569061279297,85.81243896484375,72.48944091796875,93.88060760498047,78.46197509765625,70.94451141357422,72.72402954101562,5.821754455566406,67.53395080566406,71.73535919189453,40.46741485595703,8.568181991577148,104.70817565917969,94.19871520996094,91.14373779296875,4.354963302612305,52.217994689941406,34.818504333496094,108.37183380126953,8.858736038208008,70.37200164794922,81.09597778320312,23.725317001342773,5.943274021148682,67.73760986328125,65.1970443725586,6.900243282318115,6.703790664672852,16.29078483581543,77.10829162597656,78.7442398071289,68.29779052734375,77.51460266113281,28.315288543701172,,90.85808563232422,61.236961364746094,69.98853302001953,7.362251281738281,7.841239929199219,47.99899673461914,,25.74280548095703,73.17820739746094,61.832069396972656,79.5442123413086,6.703720569610596,39.39289474487305,83.81867980957031,66.3670425415039,2.3525807857513428,7.400313854217529
2025-03-21,7.761477947235107,116.45445251464844,136.6757049560547,11.825822830200195,93.267822265625,17.032323837280273,87.03275299072266,4.781958103179932,66.74974822998047,56.69634246826172,83.36611938476562,86.77371215820312,72.72864532470703,91.79124450683594,78.669677734375,70.60466766357422,72.60352325439453,5.795211315155029,68.7454833984375,71.92223358154297,40.62739181518555,8.559493064880371,102.60953521728516,93.31005859375,87.11184692382812,4.450199127197266,52.978023529052734,34.731666564941406,114.24199676513672,8.86050796508789,70.30789947509766,80.91661071777344,23.228151321411133,5.960062026977539,68.20564270019531,64.61681365966797,6.910710334777832,6.677974700927734,15.511557579040527,76.42877197265625,78.84593963623047,68.88131713867188,76.93907165527344,28.195526123046875,,91.52385711669922,61.27225112915039,70.37830352783203,7.268734455108643,7.833027362823486,47.286399841308594,,26.25935173034668,73.18683624267578,63.476593017578125,79.56123352050781,6.770757675170898,39.42276382446289,83.79228210449219,66.71456909179688,2.3608641624450684,7.409073829650879
2025-03-24,7.718643665313721,119.4786605834961,136.18948364257812,11.986701965332031,93.04342651367188,16.85845184326172,86.73759460449219,4.78370475769043,67.81830596923828,56.72135925292969,83.4014892578125,86.32867431640625,72.66661071777344,92.72571563720703,78.7562026977539,70.68962860107422,72.37975311279297,5.742124557495117,68.94739532470703,71.86885070800781,40.34297561645508,8.620321273803711,104.58314514160156,92.35918426513672,86.85114288330078,4.5281219482421875,52.656124114990234,34.731666564941406,114.9915542602539,8.839239120483398,70.35366821289062,81.01911926269531,23.60306167602539,6.0104289054870605,68.36732482910156,64.60812377929688,7.02933406829834,6.643551349639893,16.233970642089844,76.68360137939453,77.14221954345703,69.13256072998047,77.15593719482422,28.597591400146484,,91.49687194824219,61.431095123291016,70.66639709472656,7.28573751449585,7.824817657470703,46.6265869140625,,26.82671356201172,72.95378875732422,63.99760818481445,79.56123352050781,6.779137134552002,39.42574691772461,82.89517211914062,66.58741760253906,2.3525807857513428,7.426588535308838
2025-03-25,7.727209568023682,119.30713653564453,136.4595947265625,11.993906021118164,92.45992279052734,16.902807235717773,86.69541931152344,4.763637542724609,68.24916076660156,57.83026885986328,83.6316146850586,86.75592803955078,73.0298080444336,92.32017517089844,78.72160339355469,70.97853088378906,72.18180084228516,5.75982141494751,68.81278228759766,71.68196868896484,40.2363166809082,8.620321273803711,104.71710968017578,93.66552734375,86.79032135009766,4.580069065093994,52.969078063964844,34.6708869934082,114.65742492675781,8.875572204589844,70.17973327636719,80.78849792480469,23.953523635864258,6.052401542663574,68.07799530029297,64.85062408447266,7.033695220947266,6.669369220733643,16.712871551513672,75.9446029663086,78.0661392211914,69.42861938476562,77.23934173583984,28.36661720275879,,91.66781616210938,60.45164489746094,70.5647201538086,7.30273962020874,7.85766077041626,45.847999572753906,,27.521089553833008,73.41126251220703,64.038330078125,79.63790893554688,6.7456183433532715,39.42574691772461,83.5459976196289,66.90103912353516,2.3525807857513428,7.461620330810547
2025-03-26,7.7700419425964355,119.61405944824219,136.8107147216797,12.06594181060791,92.181640625,16.740467071533203,87.22672271728516,4.765383243560791,69.16261291503906,58.22214126586914,83.91480255126953,86.7826156616211,73.34870910644531,93.3251953125,78.49659729003906,70.8935317993164,72.29369354248047,5.777517318725586,68.40054321289062,72.61637115478516,40.20964813232422,8.646390914916992,104.94928741455078,93.66552734375,87.05101776123047,4.562753677368164,52.36106491088867,34.792457580566406,116.64422607421875,8.839239120483398,70.32621765136719,81.25826263427734,24.246929168701172,6.1027679443359375,69.16724395751953,64.99786376953125,7.018867492675781,6.652157783508301,16.769685745239258,76.86196899414062,77.5999526977539,70.6480941772461,77.773193359375,28.68313217163086,,91.33492279052734,60.734004974365234,70.95449829101562,7.28573751449585,7.849451541900635,46.04265213012695,,27.326326370239258,73.04872131347656,63.818504333496094,79.30569458007812,6.73723840713501,39.691551208496094,82.89517211914062,66.49417877197266,2.3525807857513428,7.452862739562988
2025-03-27,7.778611183166504,120.2459945678711,136.76568603515625,12.086352348327637,92.37015533447266,16.7741756439209,88.12909698486328,4.75753116607666,70.05879211425781,58.1971321105957,84.7820816040039,86.91612243652344,73.118408203125,94.57705688476562,79.03311920166016,71.23339080810547,72.72402954101562,5.75982141494751,67.92939758300781,72.49178314208984,39.69414520263672,8.768048286437988,105.55654907226562,94.02986145019531,87.37252044677734,4.5714111328125,52.36106491088867,34.72299575805664,117.08673095703125,8.863165855407715,70.88465118408203,81.59989929199219,24.28767967224121,6.0943732261657715,70.00970458984375,64.98921203613281,7.200291633605957,6.643551349639893,16.842741012573242,76.44576263427734,77.55755615234375,68.77821350097656,78.31535339355469,28.580476760864258,,92.96334075927734,60.53105163574219,71.09005737304688,7.319741249084473,7.783764839172363,47.52018737792969,,27.902149200439453,73.33358764648438,62.922977447509766,79.76569366455078,6.753998279571533,39.3062858581543,83.37889862060547,67.00274658203125,2.3442976474761963,7.452862739562988
2025-03-28,7.830010890960693,122.05148315429688,137.21588134765625,12.149981498718262,92.89081573486328,17.22216033935547,88.12909698486328,4.780213832855225,69.98985290527344,59.014225006103516,85.91488647460938,86.77371215820312,74.11941528320312,96.86919403076172,78.68698120117188,71.1654281616211,72.88751983642578,5.742124557495117,68.08081817626953,74.03131103515625,39.90745544433594,8.655080795288086,105.96734619140625,94.06542205810547,87.65925598144531,4.580069065093994,53.24625778198242,34.98347091674805,119.0103530883789,8.8782320022583,71.22338104248047,81.9073715209961,24.42623519897461,6.060795783996582,70.63092803955078,64.85062408447266,7.304087162017822,6.669369220733643,16.94014549255371,76.42028045654297,78.19328308105469,68.5343246459961,77.91498565673828,28.888439178466797,,94.51079559326172,61.21930694580078,71.56458282470703,7.362251281738281,7.865871906280518,49.21006774902344,,27.60576820373535,74.57652282714844,65.76424407958984,79.3908920288086,6.795896053314209,39.5422248840332,83.5548095703125,67.1298828125,2.3442976474761963,7.531682014465332
2025-03-31,7.84714412689209,122.50286102294922,137.53102111816406,12.288049697875977,92.8638687133789,17.372970581054688,88.29776763916016,4.802027225494385,71.09286499023438,59.297706604003906,86.55208587646484,86.7826156616211,73.74734497070312,98.08580017089844,79.0504379272461,70.97853088378906,72.89612579345703,5.830602645874023,68.40894317626953,74.70765686035156,39.7652473449707,8.568181991577148,106.94073486328125,94.62527465820312,87.56367492675781,4.597386360168457,53.55921173095703,34.731666564941406,117.54733276367188,8.967730522155762,72.06559753417969,82.12088012695312,24.450687408447266,6.044007301330566,71.43082427978516,65.60408782958984,7.24477481842041,6.677974700927734,16.720985412597656,76.36083221435547,77.81185913085938,68.16035461425781,79.03268432617188,29.033864974975586,,93.92598724365234,60.92812728881836,71.61540985107422,7.387753963470459,7.833027362823486,50.607975006103516,,27.097688674926758,74.3003158569336,64.73844909667969,79.3993911743164,6.753998279571533,39.52729415893555,83.5548095703125,68.65555572509766,2.3360133171081543,7.575470447540283
2025-04-01,7.829841136932373,123.1758804321289,138.83697509765625,12.402107238769531,92.09490966796875,17.347030639648438,88.24407196044922,4.811722278594971,71.79086303710938,59.36441421508789,86.4360580444336,86.42659759521484,73.67591094970703,99.6137924194336,79.09423065185547,71.36083221435547,72.29369354248047,5.927926540374756,68.627685546875,74.73455047607422,39.96078872680664,8.585561752319336,107.7049331665039,94.6790542602539,87.53333282470703,4.396360397338867,52.594749450683594,34.731666564941406,118.31497955322266,8.947349548339844,71.40225982666016,81.94818878173828,24.491439819335938,6.085979461669922,70.5281753540039,65.83153533935547,7.265938758850098,6.634441375732422,17.2242374420166,75.810791015625,75.24095916748047,68.1521224975586,78.91593170166016,29.204954147338867,,92.06830596923828,61.115272521972656,71.5552978515625,7.49955940246582,7.85766077041626,50.607975006103516,,26.48798942565918,74.33523559570312,63.93097686767578,79.73162078857422,6.735360622406006,39.71544647216797,84.30107116699219,67.72186279296875,2.3360133171081543,7.525068759918213
2025-04-02,7.855797290802002,123.65786743164062,139.46270751953125,12.234023094177246,90.69269561767578,17.22270965576172,88.0396499633789,4.799381256103516,72.38546752929688,59.35607147216797,85.86487579345703,86.7826156616211,73.0954360961914,99.47164916992188,78.91903686523438,71.53926086425781,72.25065612792969,5.839450359344482,68.64453125,73.75698852539062,40.689598083496094,8.594343185424805,107.9388656616211,94.74176788330078,87.6911849975586,4.396360397338867,53.081485748291016,34.57537841796875,117.96273040771484,8.738222122192383,72.22222137451172,81.62003326416016,24.988601684570312,6.085979461669922,70.92362213134766,65.62158966064453,7.417606353759766,6.634441375732422,17.264822006225586,76.18891906738281,77.43478393554688,67.73194122314453,78.42378234863281,29.48725128173828,,91.06243896484375,61.29350662231445,71.68407440185547,7.422154903411865,7.882290840148926,50.18330001831055,,26.708158493041992,74.39634704589844,63.40363311767578,78.80310821533203,6.8370256423950195,39.670650482177734,84.53205108642578,67.0280532836914,2.3360133171081543,7.480855464935303
2025-04-03,7.803884983062744,124.2308349609375,139.6622314453125,12.414112091064453,90.82838439941406,17.280839920043945,87.84375,4.803787708282471,72.04938507080078,59.297706604003906,85.85594940185547,86.77371215820312,72.0237808227539,98.8409194946289,78.92781066894531,71.41182708740234,72.62934112548828,5.795211315155029,67.77794647216797,72.90498352050781,40.0941047668457,8.60312271118164,108.18181610107422,94.15040588378906,88.13845825195312,4.361397743225098,53.730472564697266,34.688255310058594,119.20903778076172,8.66644287109375,73.01456451416016,81.65457916259766,25.184207916259766,6.052401542663574,70.56255340576172,66.21640014648438,7.229786396026611,6.599615097045898,17.49209976196289,75.93110656738281,76.48356628417969,67.64955139160156,77.99005126953125,28.477828979492188,,91.21651458740234,61.29350662231445,71.25482177734375,7.430755138397217,7.890504360198975,50.431034088134766,,26.250886917114258,74.37889099121094,62.530250549316406,78.51350402832031,6.7268877029418945,39.33913803100586,85.16282653808594,66.89956665039062,2.3442976474761963,7.472011566162109
2025-04-04,7.81253719329834,122.41191864013672,139.00927734375,12.330069541931152,90.14990234375,17.040245056152344,87.75003814697266,4.786159992218018,71.49789428710938,58.66404342651367,84.60649108886719,86.21296691894531,71.12181854248047,98.46778106689453,78.2008056640625,70.81707000732422,71.50189971923828,5.7686686515808105,67.47505950927734,72.10677337646484,39.79191589355469,8.50655460357666,106.63417053222656,93.12002563476562,88.00690460205078,4.317697525024414,53.25274658203125,34.91401672363281,119.07356262207031,8.598210334777832,72.01032257080078,81.68048095703125,24.90709686279297,6.027218341827393,69.54814910888672,64.21329498291016,7.194514274597168,6.503841400146484,17.313528060913086,75.27791595458984,75.04386901855469,67.73194122314453,77.39781951904297,28.349504470825195,,89.97502899169922,61.035064697265625,71.06595611572266,7.422154903411865,7.808396339416504,49.03312301635742,,26.25935173034668,74.78044891357422,62.1347541809082,78.36866760253906,6.633693695068359,39.5422248840332,84.8429946899414,65.74314880371094,2.3194456100463867,7.516226768493652
2025-04-07,7.803884983062744,121.54794311523438,137.340576171875,12.14037799835205,89.15476989746094,17.034881591796875,87.47746276855469,4.7658867835998535,70.63615417480469,57.213287353515625,84.47262573242188,85.65222930908203,69.67507934570312,97.05528259277344,77.95555114746094,70.72361755371094,70.96829986572266,5.733278274536133,67.68538665771484,71.39826965332031,39.7652473449707,8.339759826660156,105.61742401123047,92.45698547363281,87.39300537109375,4.326436996459961,53.63132095336914,35.08767318725586,110.62056732177734,8.49010181427002,70.7204818725586,81.33509063720703,24.687044143676758,6.018823623657227,68.21562957763672,63.85465621948242,7.1521897315979,6.434189319610596,16.964494705200195,75.38106536865234,72.99573516845703,67.76487731933594,76.8139419555664,27.434179306030273,,88.89666748046875,59.537925720214844,70.39633178710938,7.379154205322266,7.800186634063721,49.31623840332031,,26.39484214782715,74.09078979492188,60.75050735473633,78.21534729003906,6.591332912445068,39.3510856628418,83.68807983398438,65.15211486816406,2.3028786182403564,7.533912181854248
2025-04-08,7.795234203338623,120.50208282470703,136.08001708984375,12.029923439025879,87.48112487792969,17.00358009338379,87.47746276855469,4.820536136627197,70.11015319824219,57.096561431884766,83.71400451660156,85.09147644042969,69.29109191894531,96.47782897949219,77.41248321533203,71.02949523925781,71.10601806640625,5.733278274536133,67.08805084228516,71.39826965332031,39.594844818115234,8.234415054321289,104.28571319580078,92.12547302246094,86.83173370361328,4.291475296020508,53.86567306518555,35.03498840332031,111.4847183227539,8.54238510131836,70.0202865600586,80.54927825927734,23.794740676879883,6.044007301330566,67.91474151611328,64.00336456298828,7.10104513168335,6.416776180267334,16.6597957611084,75.11463928222656,74.04124450683594,68.02852630615234,77.1642837524414,27.332740783691406,,88.89666748046875,59.82310485839844,70.48218536376953,7.3533525466918945,7.849451541900635,49.740928649902344,,26.454792022705078,74.20429992675781,60.63513946533203,78.0705337524414,6.6421661376953125,39.419776916503906,83.89241027832031,64.44969940185547,2.319626569747925,7.480855464935303
2025-04-09,7.803884983062744,120.96589660644531,136.4608612060547,12.016717910766602,89.27236938476562,17.032201766967773,87.73302459716797,4.820536136627197,69.26587677001953,56.62131118774414,83.66938781738281,85.27838897705078,69.550048828125,97.18853759765625,78.20956420898438,70.44324493408203,71.2178955078125,5.742124557495117,66.63373565673828,71.35340881347656,39.54104232788086,8.208080291748047,103.76383209228516,91.93730926513672,87.91922760009766,4.343916893005371,53.36091232299805,35.16669845581055,113.24939727783203,8.541498184204102,70.29667663574219,80.95513916015625,23.94346046447754,6.0104289054870605,68.17266082763672,64.00336456298828,7.172469139099121,6.416776180267334,16.610383987426758,74.85680389404297,73.57846069335938,67.7154541015625,76.7722396850586,26.78091049194336,,88.41639709472656,60.4736328125,70.52510070800781,7.396354675292969,7.800186634063721,50.80263137817383,,26.03514862060547,75.07727813720703,60.36323928833008,78.51350402832031,6.599804878234863,39.26148986816406,84.30995178222656,63.7986946105957,2.28613018989563,7.445484638214111
2025-04-10,7.795234203338623,121.08412170410156,137.0413055419922,12.100757598876953,89.64327239990234,16.993741989135742,87.46041870117188,4.829349994659424,69.58793640136719,56.368492126464844,83.59796905517578,85.67892456054688,70.55027770996094,96.8065185546875,77.28986358642578,70.60466766357422,71.69674682617188,5.777846336364746,66.68421936035156,71.29959869384766,39.532073974609375,8.208080291748047,103.83583068847656,92.04483795166016,88.18231964111328,4.387618541717529,53.55019760131836,35.38622283935547,111.5210952758789,8.576942443847656,69.77151489257812,80.54063415527344,23.910409927368164,6.035613059997559,68.51651000976562,63.94213104248047,7.202450752258301,6.469015598297119,16.60214614868164,74.54740905761719,74.12691497802734,67.68251037597656,76.82286071777344,26.298065185546875,,87.80926513671875,60.65187072753906,70.61954498291016,7.336151599884033,7.791975498199463,49.590511322021484,,26.64320182800293,74.81537628173828,60.79993438720703,77.84054565429688,6.684525489807129,39.21370315551758,83.81243896484375,64.17560577392578,2.277756452560425,7.410114765167236
2025-04-11,7.786581039428711,122.64838409423828,138.12051391601562,12.161989212036133,89.74279022216797,17.04740333557129,87.45191192626953,4.8081955909729,70.9370346069336,56.41062927246094,83.84788513183594,86.77371215820312,70.63957977294922,97.09969329833984,78.21833038330078,70.82797241210938,72.0537109375,5.786777019500732,66.2257080078125,71.2547836303711,39.49620056152344,8.260750770568848,103.47589874267578,92.27780151367188,87.9893569946289,4.440060138702393,53.9107551574707,35.16669845581055,112.13964080810547,8.537065505981445,69.43986511230469,80.7997055053711,23.951717376708984,6.020328044891357,69.53955841064453,64.72937774658203,7.189222812652588,6.47772216796875,16.7668514251709,74.68492126464844,74.76964569091797,66.8586196899414,77.62442016601562,26.556732177734375,,87.75486755371094,59.930030822753906,71.66691589355469,7.344752788543701,7.733763694763184,48.48457336425781,,26.557559967041016,74.98125457763672,61.54974365234375,78.13868713378906,6.625220775604248,39.20772933959961,83.91017150878906,64.58676147460938,2.294504404067993,7.480855464935303
2025-04-14,7.81253719329834,124.86742401123047,139.04556274414062,12.423718452453613,90.73793029785156,17.217344284057617,87.64783477783203,4.847860813140869,71.14592742919922,56.714012145996094,84.46369171142578,86.77371215820312,71.68441772460938,98.04136657714844,78.64752197265625,71.87590026855469,71.8882827758789,5.858218669891357,66.79458618164062,71.68524932861328,41.61270523071289,8.357319831848145,104.18675231933594,93.5859375,89.2259292602539,4.4750213623046875,54.22623062133789,35.228172302246094,112.84915924072266,8.692143440246582,70.19532775878906,81.78410339355469,23.968242645263672,6.0288190841674805,70.48519897460938,65.25421905517578,7.311791896820068,6.547375679016113,17.06332015991211,76.06002807617188,74.8125,67.5177230834961,77.60755157470703,26.599843978881836,,88.38013458251953,60.322147369384766,71.76992797851562,7.370553493499756,7.717133045196533,48.55535125732422,,26.917255401611328,74.26538848876953,61.533260345458984,78.99903869628906,6.692998886108398,39.30031204223633,84.4876480102539,65.5375747680664,2.261007785797119,7.595809459686279
2025-04-15,7.8211870193481445,125.49493408203125,138.60116577148438,12.474143028259277,90.9188461303711,17.039356231689453,87.39228057861328,4.883997917175293,71.98150634765625,57.33760452270508,85.65960693359375,87.8329086303711,72.84539794921875,96.99308013916016,78.01687622070312,71.87590026855469,72.41935729980469,5.8671488761901855,66.94741821289062,72.7256088256836,40.69794845581055,8.339759826660156,105.14051818847656,93.63072204589844,89.19084930419922,4.422579765319824,53.65835952758789,35.29841613769531,114.15904235839844,8.658468246459961,71.66944122314453,82.05181121826172,24.530065536499023,6.19864559173584,70.80326843261719,68.62190246582031,7.276520252227783,6.547375679016113,17.26095962524414,76.97960662841797,75.51519775390625,70.28600311279297,77.25318908691406,26.082509994506836,,89.03260040283203,60.58057403564453,71.85578155517578,7.396354675292969,7.700501441955566,49.9886589050293,,27.833629608154297,75.03362274169922,62.29130935668945,78.81604766845703,6.7523040771484375,39.20175552368164,84.64753723144531,65.95730590820312,2.252634048461914,7.5869669914245605
2025-04-16,7.847143173217773,127.13194274902344,140.2063446044922,12.570189476013184,91.46163940429688,17.159202575683594,88.07373809814453,4.876947402954102,72.20780944824219,57.75895690917969,86.5967025756836,88.62973022460938,73.11328887939453,98.032470703125,78.56868743896484,71.73844909667969,72.3845443725586,5.965381145477295,67.62666320800781,72.74354553222656,41.25397491455078,8.322202682495117,105.40145874023438,93.675537109375,89.5504379272461,4.440060138702393,54.04595184326172,35.36865234375,114.43193817138672,8.658468246459961,71.84449005126953,82.18997955322266,24.5135440826416,6.147697448730469,71.56838989257812,68.15829467773438,7.356764316558838,6.529961109161377,17.29390525817871,77.22885131835938,75.71231079101562,70.86272430419922,78.00409698486328,25.8669490814209,,89.45850372314453,60.527103424072266,71.63256072998047,7.422154903411865,7.717133045196533,48.99773025512695,,27.525314331054688,75.45266723632812,63.60139846801758,78.95381927490234,6.803136825561523,39.198768615722656,84.70085144042969,67.841796875,2.252634048461914,7.560439109802246
2025-04-17,7.89905309677124,129.4146728515625,141.3400115966797,12.684026718139648,92.72818756103516,17.336299896240234,88.55924224853516,4.883997917175293,72.98245239257812,57.95277786254883,87.16787719726562,89.74221801757812,73.24724578857422,100.37779998779297,78.89277648925781,71.45501708984375,73.35093688964844,5.992171764373779,67.75402069091797,74.10675811767578,41.343658447265625,8.357319831848145,107.43497467041016,95.42271423339844,89.86614227294922,4.483762741088867,55.21772766113281,35.46524429321289,116.16023254394531,8.706957817077637,71.73393249511719,83.02758026123047,24.348299026489258,6.215628147125244,71.48241424560547,67.63346099853516,7.4661054611206055,6.521254539489746,17.598608016967773,77.60700988769531,75.92652893066406,70.64851379394531,78.58628845214844,26.237709045410156,,91.22557067871094,61.25784683227539,72.85163116455078,7.41355562210083,7.692183971405029,49.72322463989258,,28.184757232666016,75.85423278808594,63.181182861328125,78.94519805908203,6.896330833435059,39.20175552368164,85.98904418945312,67.9788589477539,2.252634048461914,7.684235095977783
2025-04-22,7.890404224395752,131.82472229003906,143.9700164794922,12.599238395690918,92.53820037841797,17.429317474365234,88.448486328125,4.954512596130371,73.36544036865234,57.07637023925781,88.80110931396484,89.81397247314453,74.99761199951172,101.71036529541016,79.26939392089844,72.83790588378906,73.52505493164062,6.072543621063232,68.51815032958984,75.55965423583984,42.14183044433594,8.427546501159668,108.37976837158203,96.87420654296875,89.84860229492188,4.457541465759277,56.560768127441406,35.83403778076172,116.50589752197266,8.714104652404785,70.96002197265625,82.6908187866211,24.447444915771484,6.258084774017334,72.28192901611328,68.22825622558594,7.668916702270508,6.547375679016113,17.87860107421875,78.2945556640625,76.44071197509766,71.34880065917969,77.75943756103516,26.78091049194336,,91.79646301269531,61.08853530883789,73.14350128173828,7.4565558433532715,7.5923943519592285,49.3250846862793,,28.261837005615234,75.53996276855469,64.03809356689453,79.21209716796875,6.94716215133667,39.42276382446289,87.446044921875,69.36653900146484,2.252634048461914,7.746134281158447
2025-04-23,7.942315578460693,133.68910217285156,145.012939453125,12.6925048828125,92.43868255615234,17.43199920654297,88.25259399414062,4.986243724822998,71.7900161743164,57.05108642578125,88.80110931396484,90.6842041015625,74.83687591552734,103.67367553710938,79.42707061767578,72.16793060302734,73.74273681640625,6.251147747039795,68.05117797851562,75.06637573242188,42.78754806518555,8.47143840789795,109.18057250976562,98.46907806396484,91.0325698852539,4.536202907562256,56.60582733154297,36.22038269042969,116.67874908447266,8.72572135925293,71.40225982666016,82.89806365966797,24.42265510559082,6.334506511688232,71.9638442993164,68.10581970214844,7.544583320617676,6.608321666717529,17.71389389038086,78.19141387939453,76.8006362915039,72.37043762207031,78.23193359375,26.323928833007812,,91.75114440917969,63.770904541015625,73.3152084350586,7.439357280731201,7.642289638519287,51.492740631103516,,28.304651260375977,76.2994613647461,64.49952697753906,79.17768096923828,6.8370256423950195,39.42276382446289,87.59705352783203,68.62986755371094,2.252634048461914,7.693078994750977
2025-04-24,8.011528015136719,133.68910217285156,144.94039916992188,12.8245267868042,92.59248352050781,17.44094467163086,88.13335418701172,4.986243724822998,71.61592864990234,56.798274993896484,88.74755859375,90.30742645263672,74.47965240478516,103.30945587158203,79.67232513427734,73.00968933105469,73.69050598144531,6.17970609664917,68.49268341064453,75.49687194824219,42.50056076049805,8.638236045837402,109.50450134277344,97.77019500732422,91.0325698852539,4.562424182891846,56.20022201538086,37.14236068725586,117.23359680175781,8.73019027709961,71.40225982666016,83.03622436523438,24.49701499938965,6.359979152679443,71.22450256347656,67.7646713256836,7.733287334442139,6.5822014808654785,17.862131118774414,78.20861053466797,76.49213409423828,74.1500244140625,78.18972778320312,26.565359115600586,,92.14080047607422,62.66587829589844,72.8172836303711,7.447957515716553,7.633973121643066,53.08530044555664,,28.912710189819336,76.38676452636719,64.63957977294922,79.41014099121094,6.938691139221191,39.44068145751953,88.6809310913086,68.17586517333984,2.2358858585357666,7.693078994750977
2025-04-25,8.046134948730469,133.8254852294922,145.47544860839844,12.937172889709473,94.80891418457031,17.648447036743164,88.09075927734375,5.059402942657471,72.46021270751953,57.19435501098633,91.88014221191406,90.1907730102539,74.93510437011719,105.70806121826172,79.67232513427734,72.67471313476562,74.00393676757812,6.2243571281433105,71.39643859863281,76.55516052246094,43.96239471435547,8.664571762084961,111.11512756347656,99.74137115478516,90.6817626953125,4.649827480316162,56.84920120239258,37.72188949584961,118.69811248779297,8.774868965148926,71.79841613769531,83.71839904785156,24.50527572631836,6.444892883300781,71.0955581665039,68.30697631835938,7.645108699798584,6.651853561401367,17.796247482299805,78.63831329345703,77.2376708984375,71.84314727783203,78.7212905883789,27.513809204101562,,93.00170135498047,63.94023895263672,72.80870056152344,7.465158939361572,7.692183971405029,53.52767562866211,,29.109689712524414,76.43913269042969,64.73844909667969,79.71150970458984,7.014939785003662,39.5422248840332,89.7647705078125,68.53564453125,2.2442595958709717,7.754978179931641
2025-04-28,8.063436508178711,133.4071502685547,144.65017700195312,12.87540054321289,94.9898452758789,17.38728141784668,87.73302459716797,5.191617965698242,72.79096984863281,57.4303092956543,91.65702819824219,90.06517791748047,77.67672729492188,104.855224609375,79.82123565673828,73.43916320800781,73.88204193115234,6.1529154777526855,70.92945098876953,75.78386688232422,44.30319595336914,8.638236045837402,110.06238555908203,101.56920623779297,91.6464614868164,4.702269077301025,56.78610610961914,37.581390380859375,118.22510528564453,8.740018844604492,73.29096221923828,83.59750366210938,24.49701499938965,6.427910327911377,71.34487915039062,69.54910278320312,7.6980156898498535,6.669267654418945,17.89507293701172,78.90475463867188,77.09200286865234,71.02748107910156,78.89002227783203,28.876142501831055,,92.01394653320312,65.13436889648438,72.97181701660156,7.447957515716553,7.7420806884765625,53.120689392089844,,29.31523323059082,77.08516693115234,65.05156707763672,79.81481170654297,6.972579479217529,39.43769836425781,89.71148681640625,68.07308959960938,2.252634048461914,7.861088752746582
2025-04-29,8.02883243560791,133.4344482421875,145.10362243652344,12.87540054321289,96.03924560546875,17.54022216796875,87.76708984375,5.218060493469238,73.1130142211914,57.30389404296875,91.12155151367188,90.61244201660156,78.03397369384766,105.71696472167969,79.92633056640625,73.0182876586914,73.9168701171875,6.161845684051514,71.20113372802734,76.44754028320312,44.312156677246094,8.717244148254395,109.8104248046875,100.79863739013672,89.84016418457031,4.702269077301025,57.08356475830078,37.53749084472656,119.34394836425781,8.765935897827148,72.968505859375,83.47660827636719,24.670516967773438,6.427910327911377,71.59416961669922,70.64250183105469,7.780905246734619,6.704093933105469,17.78801727294922,78.45784759521484,77.43478393554688,71.05220031738281,78.459716796875,28.626089096069336,,92.59390258789062,65.67797088623047,72.94606018066406,7.439357280731201,7.791976451873779,51.8731803894043,,28.022035598754883,77.52164459228516,64.94445037841797,80.07310485839844,7.099662780761719,39.44068145751953,89.70259857177734,68.27009582519531,2.252634048461914,7.799189567565918
2025-04-30,8.046134948730469,135.24424743652344,145.8291473388672,12.899626731872559,96.94392395019531,17.655597686767578,87.90335845947266,5.315018653869629,73.52207946777344,58.33199691772461,90.31829833984375,90.36124420166016,78.76625061035156,105.46820068359375,79.96136474609375,73.00968933105469,73.74273681640625,6.206496715545654,71.1926498413086,77.00358581542969,44.04310989379883,8.787474632263184,110.83619689941406,101.06743621826172,90.91353607177734,4.5449442863464355,57.77760314941406,37.37065887451172,123.71019744873047,8.754316329956055,74.07408905029297,83.15711975097656,24.480491638183594,6.47885799407959,71.31907653808594,71.85836791992188,7.7491607666015625,6.75633430480957,17.845659255981445,78.12266540527344,77.04058837890625,71.43119049072266,78.76347351074219,28.626089096069336,,93.19197082519531,64.82245635986328,72.97181701660156,7.4565558433532715,7.808608055114746,52.17399978637695,,28.595836639404297,77.67878723144531,64.77141571044922,80.19366455078125,7.116605758666992,39.65869903564453,89.70259857177734,68.7840576171875,2.252634048461914,7.914144515991211
2025-05-02,8.124845504760742,135.02447509765625,145.6373748779297,12.948073387145996,95.36862182617188,17.718719482421875,87.9952163696289,5.338149547576904,74.6187973022461,58.972450256347656,90.09336853027344,91.41989135742188,77.75827026367188,103.81285095214844,79.92584228515625,72.8636703491211,74.71783447265625,6.411891937255859,71.2775650024414,77.58193969726562,44.03413391113281,8.901596069335938,110.46392059326172,100.2728500366211,91.99656677246094,4.500817775726318,57.641387939453125,37.89750289916992,120.82666778564453,8.845460891723633,72.24772644042969,82.87774658203125,24.7448787689209,6.419419288635254,71.85760498046875,71.32868194580078,7.750940322875977,6.669267654418945,18.10918617248535,79.53990936279297,76.59862518310547,71.89016723632812,79.1431655883789,28.14324378967285,,93.55712127685547,65.1283187866211,73.7496109008789,7.534956455230713,7.850187301635742,53.00566482543945,,28.912710189819336,77.61701965332031,65.34765625,80.83940887451172,7.032660007476807,39.72142028808594,92.1958236694336,68.35090637207031,2.252634048461914,7.988226413726807
2025-05-05,8.098609924316406,132.34176635742188,143.2084197998047,12.736108779907227,92.969482421875,17.424760818481445,88.50344848632812,5.249180793762207,73.8963851928711,58.980873107910156,88.85169982910156,90.65731048583984,77.83026123046875,100.6632308959961,79.9081039428711,73.09558868408203,73.74273681640625,6.286868572235107,71.10774230957031,76.9041748046875,44.52739334106445,8.759737014770508,108.941162109375,99.77621459960938,89.5399169921875,4.518468379974365,58.295265197753906,37.53749084472656,118.32516479492188,8.898183822631836,71.49679565429688,82.31026458740234,24.951427459716797,6.326014995574951,71.28433227539062,70.38410186767578,7.750940322875977,6.599615097045898,18.043304443359375,78.67913818359375,72.98490905761719,70.74693298339844,79.75065612792969,27.901817321777344,,93.11895751953125,64.76849365234375,73.70590209960938,7.543667316436768,7.8917646408081055,52.18284225463867,,28.869892120361328,78.55257415771484,65.02195739746094,80.3141860961914,7.06692361831665,39.93943786621094,92.1958236694336,69.58104705810547,2.252634048461914,7.8007917404174805
2025-05-06,8.116101264953613,130.2908172607422,144.6968536376953,12.622252464294434,92.74313354492188,17.359838485717773,88.2708511352539,5.249180793762207,74.04434204101562,59.03986740112305,87.72700500488281,90.61244201660156,76.58829498291016,98.88260650634766,79.89920043945312,73.09558868408203,73.673095703125,6.304728984832764,70.61528778076172,76.3619613647461,44.68882751464844,8.742005348205566,108.22508239746094,98.61141204833984,89.54872131347656,4.421391487121582,58.24986267089844,37.651641845703125,115.268798828125,8.864226341247559,71.69148254394531,82.19677734375,25.0340518951416,6.266576766967773,71.22354125976562,70.07513427734375,7.734903812408447,6.599615097045898,18.10918617248535,78.90519714355469,73.82550811767578,71.0473403930664,80.04598236083984,27.755231857299805,,92.74468231201172,63.77897262573242,74.37007904052734,7.517533302307129,7.958291530609131,51.360023498535156,,28.15906524658203,79.87649536132812,64.93843841552734,79.88369750976562,6.9898295402526855,39.81101989746094,91.44246673583984,69.19989013671875,2.252634048461914,7.729389190673828
2025-05-07,8.116101264953613,130.6936492919922,144.4594268798828,12.73974323272705,92.76123809814453,17.44911003112793,88.47760772705078,5.292774200439453,73.36544036865234,58.9218864440918,87.23211669921875,90.63935089111328,77.37128448486328,100.40372467041016,80.55636596679688,73.09558868408203,73.6556625366211,6.286868572235107,70.70021057128906,75.0968017578125,44.16865921020508,8.786336898803711,109.60283660888672,98.43082427978516,89.81289672851562,4.465517044067383,57.16914367675781,37.73944091796875,115.43253326416016,8.899970054626465,71.18157958984375,82.2666244506836,25.191030502319336,6.283558368682861,70.13782501220703,70.35763549804688,7.643139839172363,6.590908527374268,18.282127380371094,79.33993530273438,73.85151672363281,71.53134155273438,79.10095977783203,27.67763328552246,,92.07832336425781,64.93941497802734,74.22151184082031,7.508823394775391,7.983240604400635,52.20054244995117,,28.20188331604004,80.22953796386719,64.76307678222656,79.97840118408203,7.101187229156494,39.73635482788086,92.54559326171875,69.0439453125,2.252634048461914,7.738314628601074
2025-05-08,8.133591651916504,129.704833984375,145.664794921875,12.780924797058105,92.41722106933594,17.404022216796875,88.46897888183594,5.293665409088135,73.77452087402344,58.93031692504883,87.22312927246094,90.03826141357422,77.64127349853516,100.43952178955078,79.92584228515625,73.00968933105469,74.00393676757812,6.286868572235107,71.02284240722656,75.25946044921875,44.16865921020508,8.901596069335938,107.95316314697266,98.95452880859375,90.25970458984375,4.412566661834717,56.98750686645508,37.74822235107422,117.50265502929688,8.899970054626465,71.32063293457031,82.41504669189453,25.067096710205078,6.35148811340332,69.48638153076172,69.73970031738281,7.655614376068115,6.590908527374268,18.290359497070312,79.8181381225586,73.56552124023438,71.24761199951172,79.53970336914062,27.591411590576172,,92.16958618164062,64.228759765625,73.7496109008789,7.543667316436768,8.058082580566406,51.793556213378906,,28.74999237060547,79.6999740600586,64.43738555908203,80.41751098632812,7.101187229156494,39.63182067871094,92.0164566040039,68.79270935058594,2.261007785797119,7.854342937469482
2025-05-09,8.177323341369629,131.38040161132812,145.2173309326172,12.940804481506348,93.50361633300781,17.699783325195312,88.65850830078125,5.337259769439697,73.86683654785156,58.79548645019531,89.01365661621094,90.16387176513672,77.60528564453125,100.5021743774414,80.61853790283203,73.09558868408203,74.2651138305664,6.340450286865234,71.18415832519531,75.45826721191406,44.35853958129883,8.919328689575195,109.76598358154297,99.32474517822266,90.52516174316406,4.500817775726318,57.42342758178711,38.03217697143555,117.46601867675781,8.953582763671875,71.85834503173828,82.93885803222656,25.00837516784668,6.427910327911377,70.67633056640625,70.44590759277344,7.733123302459717,6.6605610847473145,18.11489486694336,80.0702896118164,74.92607879638672,71.01396179199219,79.73377990722656,28.202913284301758,,92.08744049072266,64.228759765625,74.20404815673828,7.561089992523193,8.132926940917969,51.47504425048828,,30.29913902282715,78.92327880859375,64.40397644042969,80.50361633300781,7.203979015350342,39.72440719604492,92.08820343017578,69.23452758789062,2.2932839393615723,7.916822910308838
2025-05-12,8.142337799072266,133.00100708007812,145.5369415283203,12.887514114379883,93.41309356689453,17.628549575805664,88.41728973388672,5.302561283111572,73.77879333496094,58.76177978515625,87.8619613647461,90.49581146240234,77.3892822265625,101.99642944335938,80.7961654663086,73.09558868408203,74.17803955078125,6.304728984832764,70.6832275390625,75.45826721191406,43.99687576293945,8.919328689575195,111.08934020996094,99.23444366455078,90.07386016845703,4.474343299865723,57.523319244384766,37.80146789550781,118.98653411865234,8.899970054626465,72.82252502441406,82.47614288330078,25.033540725708008,6.35148811340332,71.04981994628906,70.26934814453125,7.706394672393799,6.643147945404053,17.97284507751465,80.07899475097656,76.26065063476562,71.75663757324219,80.06283569335938,28.150726318359375,,91.57624816894531,64.3187026977539,73.95061492919922,7.561089992523193,8.12460994720459,51.050357818603516,,29.935653686523438,79.30279541015625,65.05537414550781,80.15060424804688,7.178281784057617,39.42574691772461,91.63977813720703,69.0785903930664,2.284790277481079,7.925747394561768
2025-05-13,8.133591651916504,134.4934539794922,145.55517578125,12.836641311645508,93.56700897216797,17.88102912902832,88.29670715332031,5.373736381530762,73.77879333496094,58.847068786621094,87.8619613647461,90.5227279663086,77.29928588867188,101.00322723388672,80.81392669677734,73.00111389160156,74.08995819091797,6.340755939483643,71.28604125976562,75.51248168945312,43.99687576293945,8.88386344909668,111.79632568359375,99.22543334960938,90.25970458984375,4.527293682098389,57.31444549560547,38.209651947021484,117.61257934570312,8.935711860656738,72.08084869384766,82.82536315917969,25.13421058654785,6.3429975509643555,70.30284118652344,69.73970031738281,7.706394672393799,6.704093933105469,18.173383712768555,79.66163635253906,77.3785629272461,71.4729232788086,79.73846435546875,28.081125259399414,,93.10983276367188,64.50761413574219,73.60977172851562,7.5523762702941895,8.08303165435791,51.076900482177734,,30.29048728942871,79.69115447998047,65.5564193725586,80.4002914428711,7.238243103027344,39.814002990722656,92.231689453125,68.91399383544922,2.284790277481079,7.863271236419678
2025-05-14,8.16857624053955,133.6419219970703,145.46385192871094,12.7942476272583,92.96041870117188,17.844966888427734,88.21055603027344,5.320356369018555,73.69075012207031,58.60826110839844,87.27711486816406,90.22666931152344,77.29026794433594,100.85113525390625,80.50309753417969,73.09658813476562,74.01947021484375,6.295722484588623,69.80577087402344,75.38597106933594,43.987823486328125,8.892728805541992,112.4580307006836,98.71977233886719,90.11810302734375,4.518468379974365,57.105567932128906,37.85470962524414,116.37598419189453,8.998262405395508,71.75637817382812,82.67693328857422,25.243274688720703,6.373058795928955,69.66007995605469,69.6955337524414,7.69748592376709,6.686680316925049,18.215160369873047,79.79206085205078,77.08390045166016,71.03900146484375,79.8067398071289,27.941938400268555,,92.25174713134766,64.65155792236328,73.83699035644531,7.569799423217773,8.040932655334473,50.431034088134766,,30.463571548461914,80.13245391845703,65.16392517089844,80.17645263671875,7.1097540855407715,39.891658782958984,92.35726928710938,68.87934875488281,2.276296377182007,7.863271236419678
2025-05-15,8.212306022644043,134.58502197265625,146.07566833496094,12.866921424865723,93.55795288085938,17.85397720336914,88.64127349853516,5.338149547576904,73.9989013671875,59.1114501953125,88.2128677368164,90.61244201660156,77.58727264404297,101.22694396972656,80.39652252197266,73.79109191894531,74.04591369628906,6.331749439239502,70.3565673828125,76.41619110107422,44.30428695678711,8.945926666259766,113.41881561279297,98.68365478515625,90.38359069824219,4.580244064331055,57.03290939331055,38.271766662597656,115.41421508789062,9.078681945800781,71.71929931640625,82.9737777709961,25.3607234954834,6.373058795928955,70.64159393310547,70.22522735595703,7.715304851531982,6.747627258300781,18.35720443725586,80.13985443115234,77.99384307861328,71.33106994628906,80.22502899169922,28.32470703125,,92.56211853027344,64.62455749511719,74.01177978515625,7.6133527755737305,8.091449737548828,50.307167053222656,,30.79243278503418,80.00006103515625,66.05751037597656,80.45196533203125,7.229676246643066,39.62584686279297,92.81464385986328,69.295166015625,2.284790277481079,7.898970603942871
2025-05-16,8.203558921813965,134.8230438232422,146.0939483642578,12.900836944580078,94.24600982666016,18.3228702545166,89.5888442993164,5.293665409088135,74.61519622802734,58.89823532104492,88.7077407836914,90.98149108886719,77.48827362060547,102.3812026977539,81.0803451538086,73.87791442871094,74.7154541015625,6.313736438751221,70.82991790771484,77.47350311279297,45.39833068847656,8.990257263183594,114.18019104003906,99.27958679199219,90.25970458984375,4.624370098114014,57.48699188232422,38.60009002685547,117.73165130615234,9.114425659179688,71.75637817382812,83.67221069335938,25.41105842590332,6.40741491317749,71.0411376953125,71.35518646240234,7.750940322875977,6.747627258300781,18.507604598999023,80.07899475097656,77.81185913085938,71.31437683105469,80.23355865478516,28.7857666015625,,93.97701263427734,64.39067077636719,74.10791015625,7.700463771820068,8.141968727111816,49.10390090942383,,30.030855178833008,80.1942367553711,65.80695343017578,80.54546356201172,7.178281784057617,39.70051193237305,92.94916534423828,69.563720703125,2.335752248764038,7.916822910308838
2025-05-19,8.177323341369629,133.67857360839844,145.79261779785156,12.95946216583252,94.1373519897461,18.124494552612305,89.53716278076172,5.284768581390381,74.82649230957031,58.68501663208008,88.93266296386719,90.6921615600586,77.57825469970703,102.9001693725586,81.1247329711914,73.62615203857422,75.46427917480469,6.304728984832764,70.79547882080078,76.56980895996094,45.20846176147461,8.9104642868042,113.30097961425781,99.27056884765625,90.25970458984375,4.562594413757324,58.34067153930664,38.821929931640625,118.16216278076172,8.998466491699219,72.28480529785156,83.36664581298828,25.545284271240234,6.3988261222839355,71.07587432861328,71.2757339477539,7.724213600158691,6.712800025939941,18.73320770263672,79.99203491210938,78.01115417480469,70.41313934326172,79.84942626953125,28.76836585998535,,94.11394500732422,64.30972290039062,73.99429321289062,7.691751956939697,8.116711616516113,50.15675354003906,,30.195281982421875,80.30897521972656,65.78189849853516,80.7108154296875,7.178281784057617,39.75128936767578,92.53661346435547,69.42510986328125,2.3697261810302734,7.898970603942871
2025-05-20,8.238541603088379,133.22076416015625,145.97523498535156,12.755422592163086,94.03778076171875,18.115476608276367,89.11505126953125,5.258077144622803,74.9145278930664,58.42916488647461,89.07662963867188,90.65599060058594,77.57825469970703,102.14855194091797,80.9027328491211,73.86055755615234,75.98405456542969,6.3857903480529785,71.2085952758789,76.76860809326172,46.01316452026367,8.901596069335938,113.30097961425781,99.3608627319336,90.16236114501953,4.536118507385254,57.80485534667969,38.73320388793945,115.13939666748047,9.034497261047363,72.41460418701172,83.541259765625,25.998306274414062,6.3988261222839355,70.9803466796875,71.35518646240234,7.750940322875977,6.730214595794678,18.77498435974121,80.1572494506836,78.16716766357422,70.59671020507812,79.60186767578125,28.681373596191406,,93.90401458740234,64.20176696777344,74.77207946777344,7.726595401763916,8.158808708190918,49.272003173828125,,30.229900360107422,81.02388763427734,66.39154052734375,80.58026885986328,7.178281784057617,39.73635482788086,92.6352767944336,70.38671112060547,2.4121947288513184,7.890045642852783
2025-05-21,8.282270431518555,132.762939453125,146.1031036376953,12.729765892028809,94.02871704101562,18.03432273864746,89.54578399658203,5.240283489227295,75.00257110595703,58.7361946105957,89.33756256103516,90.71927642822266,77.7132797241211,100.43057250976562,81.24018859863281,73.79109191894531,75.44664764404297,6.340755939483643,71.01065063476562,76.35292053222656,45.56107711791992,8.892728805541992,113.29191589355469,99.1622085571289,90.30393981933594,4.500817775726318,57.92292022705078,38.72431564331055,117.97896575927734,9.05251407623291,72.18283081054688,83.4888687133789,26.510053634643555,6.38164758682251,71.25829315185547,72.46747589111328,7.750940322875977,6.721507549285889,18.950450897216797,79.82683563232422,78.12384796142578,70.3714370727539,79.26896667480469,28.864059448242188,,93.68492889404297,64.66055297851562,74.70217895507812,7.6743316650390625,8.108288764953613,49.5462760925293,,29.909687042236328,80.45018768310547,66.10759735107422,80.58026885986328,7.169715404510498,39.706485748291016,91.92676544189453,69.80628967285156,2.454662799835205,7.872194766998291
2025-05-22,8.317255020141602,131.56349182128906,145.94784545898438,12.746872901916504,94.28221893310547,18.007272720336914,89.19258117675781,5.249180793762207,75.45157623291016,58.88970947265625,89.9674072265625,90.74641418457031,77.57825469970703,100.4574203491211,81.1247329711914,73.89527893066406,75.64047241210938,6.331749439239502,70.7352523803711,76.27161407470703,45.922752380371094,8.928194046020508,113.2828598022461,98.79200744628906,90.44551849365234,4.500817775726318,57.94108200073242,38.617835998535156,118.24459838867188,9.007474899291992,72.82252502441406,83.2880630493164,26.510053634643555,6.416004180908203,71.13668060302734,72.75880432128906,7.742031574249268,6.738921165466309,19.30974578857422,79.99203491210938,78.50513458251953,70.59671020507812,79.3031005859375,29.229421615600586,,93.37454223632812,64.66954040527344,75.0691909790039,7.656909942626953,8.074612617492676,50.722999572753906,,30.80109405517578,80.1942367553711,66.25790405273438,80.58900451660156,7.2211103439331055,39.76024627685547,92.0164566040039,69.73698425292969,2.5226125717163086,7.8454179763793945
2025-05-23,8.422203063964844,131.96636962890625,145.847412109375,12.80429458618164,94.29126739501953,17.99825668334961,89.35627746582031,5.275871276855469,75.15225982666016,59.01763153076172,89.98541259765625,90.59272003173828,77.62328338623047,100.56478881835938,80.60077667236328,73.6001205444336,76.46858215332031,6.331749439239502,70.23609161376953,76.33484649658203,45.8956298828125,8.937061309814453,113.24658966064453,98.11478424072266,90.4366683959961,4.5096435546875,58.749351501464844,38.156410217285156,118.16216278076172,9.070528984069824,73.95357513427734,83.84681701660156,26.451326370239258,6.38164758682251,71.10193634033203,72.44099426269531,7.750940322875977,6.721507549285889,19.284677505493164,80.93107604980469,77.88983154296875,70.80534362792969,79.22626495361328,29.36861228942871,,93.72142791748047,64.228759765625,75.37508392333984,7.726595401763916,8.04935073852539,50.563751220703125,,31.588647842407227,80.18541717529297,65.80695343017578,80.75433349609375,7.186849117279053,39.649742126464844,91.63081359863281,69.7976303100586,2.5226125717163086,7.872194766998291
2025-05-26,8.395966529846191,132.20443725585938,145.92047119140625,12.795743942260742,93.48551940917969,18.007272720336914,89.5888442993164,5.302561283111572,74.40390014648438,59.12849807739258,89.94941711425781,90.5565414428711,77.39828491210938,100.7706069946289,80.81392669677734,73.48724365234375,76.54786682128906,6.322742462158203,70.42540740966797,76.60596466064453,45.49779510498047,8.919328689575195,111.76007843017578,98.4217758178711,90.49860382080078,4.483168125152588,58.222618103027344,38.209651947021484,118.16216278076172,8.998466491699219,72.95232391357422,83.89920043945312,26.409379959106445,6.312935829162598,71.22354125976562,72.27326202392578,7.750940322875977,6.69538688659668,19.276317596435547,80.59197998046875,77.56919860839844,70.74693298339844,79.59333801269531,29.31641960144043,,93.38367462158203,63.751983642578125,75.22650909423828,7.770151615142822,8.057769775390625,50.608299255371094,,31.458826065063477,79.55875396728516,65.96563720703125,80.63249206542969,7.1097540855407715,39.72142028808594,91.83707427978516,69.39045715332031,2.505625009536743,7.854342937469482
2025-05-27,8.378473281860352,132.57981872558594,146.5596466064453,12.738321304321289,93.25013732910156,17.980224609375,89.75251770019531,5.311458110809326,74.57117462158203,58.761783599853516,89.9674072265625,90.5022964477539,76.84929656982422,101.37010192871094,80.99151611328125,74.07759094238281,76.12501525878906,6.322742462158203,70.81269073486328,76.31678771972656,45.371212005615234,8.892728805541992,112.0320053100586,98.97259521484375,90.25970458984375,4.606719970703125,58.57679748535156,38.165283203125,118.26293182373047,9.025490760803223,72.4516830444336,84.29206848144531,26.761730194091797,6.312935829162598,70.97164916992188,73.49150085449219,7.822214126586914,6.730214595794678,19.426715850830078,80.19203186035156,78.12384796142578,70.5132827758789,79.4482192993164,28.83796501159668,,92.48908996582031,64.21976470947266,74.99055480957031,7.73530912399292,8.040932655334473,50.617210388183594,,31.25112533569336,79.87649536132812,66.44999694824219,80.8239517211914,7.169715404510498,39.691551208496094,92.28550720214844,69.17388153076172,2.4801437854766846,7.8454179763793945
2025-05-28,8.326001167297363,133.4038848876953,146.3131103515625,12.748092651367188,93.52172088623047,18.025304794311523,89.75251770019531,5.373736381530762,74.8353042602539,59.0432243347168,89.70646667480469,90.71025085449219,76.93030548095703,101.6474838256836,81.1247329711914,74.22518157958984,76.63597106933594,6.331749439239502,70.82991790771484,76.42521667480469,45.371212005615234,8.901596069335938,112.05918884277344,98.53916931152344,90.21544647216797,4.606719970703125,58.831085205078125,38.51136016845703,117.24617767333984,9.025490760803223,73.17481231689453,84.4317626953125,26.728174209594727,6.3215250968933105,70.83267211914062,73.18253326416016,7.777667999267578,6.747627258300781,19.602182388305664,80.3050537109375,77.77719116210938,70.6134033203125,79.81527709960938,28.74226951599121,,92.82685089111328,64.46263885498047,74.78081512451172,7.7788615226745605,8.040932655334473,50.6261100769043,,31.034765243530273,79.87649536132812,67.46049499511719,80.64119720458984,7.1954121589660645,39.57209014892578,91.5680160522461,69.22586822509766,2.505625009536743,7.818643093109131
2025-05-29,8.334745407104492,133.99903869628906,145.98435974121094,12.755422592163086,93.23201751708984,18.007272720336914,89.89034271240234,5.400428295135498,74.77367401123047,59.171146392822266,90.5162582397461,90.4118881225586,77.58727264404297,101.37904357910156,81.1247329711914,74.22518157958984,76.68882751464844,6.331749439239502,70.38238525390625,76.5427017211914,45.12708282470703,8.919328689575195,111.08027648925781,98.4217758178711,90.25970458984375,4.61554479598999,58.66761779785156,38.90179443359375,117.57593536376953,9.016485214233398,72.75761413574219,84.7373046875,26.820451736450195,6.3215250968933105,70.70238494873047,73.14723205566406,7.822214126586914,6.747627258300781,20.1035213470459,80.43547058105469,77.95049285888672,70.25458526611328,79.18359375,28.402999877929688,,92.7264404296875,64.66954040527344,75.31391906738281,7.79628324508667,8.015673637390137,49.699485778808594,,31.50210189819336,80.20307159423828,67.3686294555664,80.57158660888672,7.186849117279053,39.81101989746094,92.86845397949219,69.26050567626953,2.505625009536743,7.782942295074463
2025-05-30,8.360983848571777,134.00816345214844,147.34495544433594,12.77985954284668,94.42706298828125,18.052356719970703,90.12295532226562,5.418221950531006,75.43397521972656,59.48670196533203,91.46101379394531,90.73736572265625,78.26225280761719,102.8912353515625,81.1247329711914,74.21647644042969,77.49932861328125,6.3857903480529785,70.99342346191406,77.70845794677734,45.353126525878906,8.954793930053711,111.03495788574219,98.69268798828125,90.41898345947266,4.597893714904785,59.0308837890625,38.9195442199707,121.82612609863281,9.043506622314453,73.87939453125,84.66748046875,27.197967529296875,6.347291946411133,70.34626007080078,73.62391662597656,7.80439567565918,6.75633430480957,20.780324935913086,81.72229766845703,77.98518371582031,70.50493621826172,79.72138977050781,29.142438888549805,,92.7264404296875,64.73251342773438,74.92063903808594,7.839837551116943,8.04935073852539,50.97359848022461,,33.10316848754883,80.45018768310547,68.27055358886719,80.8500747680664,7.263940811157227,39.73635482788086,93.00299072265625,69.32115936279297,2.5311059951782227,7.872194766998291
2025-06-02,8.272600173950195,132.4685821533203,144.99127197265625,12.73709774017334,93.24103546142578,17.706945419311523,90.18958282470703,5.324835300445557,74.8353042602539,58.847068786621094,90.09131622314453,91.31600189208984,77.36416625976562,101.53003692626953,81.01693725585938,74.1644058227539,76.82978820800781,6.439830303192139,71.13114166259766,76.3972396850586,45.20846176147461,8.945926666259766,110.97039794921875,99.21149444580078,90.72260284423828,4.571163177490234,57.97871780395508,38.60009002685547,119.0781478881836,9.043506622314453,72.86249542236328,84.25264739990234,27.642601013183594,6.312935829162598,70.37260437011719,73.89115142822266,7.7413835525512695,6.721097946166992,20.604856491088867,81.72230529785156,77.73103332519531,69.80316925048828,79.39700317382812,28.263813018798828,,93.682861328125,63.83345031738281,73.90319061279297,7.813412666320801,8.125127792358398,50.706302642822266,,32.88680648803711,80.59297180175781,68.02490234375,80.6847152709961,7.1885905265808105,39.75128936767578,92.7314453125,69.01431274414062,2.5226125717163086,7.883907318115234
2025-06-03,8.325630187988281,134.8839874267578,143.50181579589844,12.700444221496582,92.75749206542969,17.543323516845703,90.6165771484375,5.351772785186768,74.70323181152344,58.847068786621094,90.26366424560547,92.12971496582031,77.2462158203125,104.16226959228516,81.34033966064453,75.7444076538086,77.53456115722656,6.412810325622559,71.88849639892578,77.61741638183594,45.353126525878906,8.981745719909668,111.03430938720703,98.25578308105469,90.28501892089844,4.58007287979126,58.45448684692383,39.23898696899414,117.15459442138672,9.169611930847168,73.70214080810547,83.88197326660156,27.902664184570312,6.304347038269043,70.22338104248047,74.81759643554688,7.714379787445068,6.721097946166992,20.546371459960938,81.29145050048828,77.8537368774414,69.65945434570312,80.03723907470703,28.263813018798828,,93.10347747802734,64.06047821044922,75.02681732177734,7.883883476257324,8.141968727111816,49.75294494628906,,33.856109619140625,80.61973571777344,67.72845458984375,80.7369155883789,7.214573860168457,39.94839859008789,93.18401336669922,69.00553894042969,2.5480926036834717,7.883907318115234
2025-06-04,8.263764381408691,135.17901611328125,143.6121368408203,12.652793884277344,91.7630386352539,17.570598602294922,90.4858627319336,5.387691497802734,74.7560806274414,59.32466506958008,90.21831512451172,91.76805114746094,77.30065155029297,103.17066955566406,81.34033966064453,75.48395538330078,77.51693725585938,6.457844257354736,71.60447692871094,76.87985229492188,44.946250915527344,8.963837623596191,111.7374038696289,98.01912689208984,90.50827026367188,4.473145484924316,57.868927001953125,39.48745346069336,117.06298828125,9.106557846069336,72.39603424072266,84.00553894042969,28.355684280395508,6.312935829162598,70.22338104248047,73.94461059570312,7.696375370025635,6.7387166023254395,20.763614654541016,81.27385711669922,77.3805160522461,69.0760498046875,79.81527709960938,28.14202117919922,,92.58849334716797,64.42374420166016,75.1772232055664,7.786985397338867,8.184069633483887,49.94004821777344,,34.1157341003418,80.4412841796875,69.02440643310547,80.4149169921875,7.214573860168457,39.81101989746094,93.6365737915039,68.96170806884766,2.5480926036834717,7.847866058349609
2025-06-05,8.272600173950195,135.88888549804688,143.75927734375,12.596590995788574,92.93083953857422,17.470603942871094,90.66014099121094,5.441568851470947,74.7912826538086,59.23937225341797,89.81012725830078,91.85848236083984,77.52745056152344,102.7650375366211,81.87928771972656,75.16276550292969,77.09407043457031,6.484864711761475,71.00202941894531,76.80699920654297,44.96434020996094,8.910107612609863,113.618408203125,98.5925521850586,90.63330841064453,4.562252521514893,58.591712951660156,40.046485900878906,116.8797836303711,9.097551345825195,72.47999572753906,83.8554916381836,27.93622398376465,6.304347038269043,70.22338104248047,73.44576263427734,7.687375545501709,6.7387166023254395,20.61321449279785,81.55522155761719,77.55577087402344,69.6171646118164,79.87503051757812,28.70747184753418,,92.4229507446289,63.951507568359375,74.21284484863281,7.7693681716918945,8.158808708190918,50.07369613647461,,35.076377868652344,80.95881652832031,68.3976058959961,80.23216247558594,7.249217510223389,39.86776351928711,93.18401336669922,69.32115936279297,2.5311059951782227,7.829845905303955
2025-06-06,8.307954788208008,135.6768341064453,143.65809631347656,12.619808197021484,93.10417938232422,17.543323516845703,90.32030487060547,5.45054817199707,75.12583923339844,59.52935028076172,89.62870025634766,91.56012725830078,76.25738525390625,101.90864562988281,81.65472412109375,75.84857177734375,77.86052703857422,6.457844257354736,71.00202941894531,76.77056884765625,45.02762985229492,8.990700721740723,113.97451782226562,98.47422790527344,90.99945068359375,4.553341865539551,58.06105422973633,40.72975540161133,117.00846099853516,9.142587661743164,72.6759033203125,83.40535736083984,28.129175186157227,6.330114364624023,70.10049438476562,73.24088287353516,7.678371906280518,6.782760143280029,20.42938995361328,81.59918975830078,77.6434097290039,69.4649887084961,80.15675354003906,29.481708526611328,,92.88277435302734,63.57009506225586,74.98258209228516,7.742943286895752,8.150388717651367,49.245079040527344,,34.57442092895508,80.39665222167969,68.67710876464844,80.15384674072266,7.2232346534729,39.72142028808594,93.2745361328125,70.31182861328125,2.5480926036834717,7.874897480010986
2025-06-09,8.210732460021973,133.02175903320312,142.5088348388672,12.484189987182617,92.34693908691406,17.406978607177734,90.15472412109375,5.387691497802734,73.4183120727539,58.44621658325195,88.61278533935547,90.87299346923828,74.8875503540039,101.16947174072266,80.86421966552734,74.28593444824219,77.51693725585938,6.35876989364624,70.72663879394531,75.99657440185547,44.845333099365234,8.945928573608398,113.41751861572266,98.21027374267578,90.66902160644531,4.517698764801025,57.027198791503906,39.476253509521484,116.18121337890625,9.079536437988281,71.55638122558594,82.01084899902344,27.37237548828125,6.209868431091309,69.1700439453125,72.46589660644531,7.543348789215088,6.6594367027282715,19.27140998840332,81.41454315185547,76.24127197265625,69.2366943359375,78.99578857421875,28.528085708618164,,93.06669616699219,63.63365936279297,74.56674194335938,7.681281566619873,8.032511711120605,49.36090850830078,,32.575050354003906,80.4412841796875,67.76234436035156,79.9362564086914,7.145285606384277,39.87373352050781,91.89871215820312,68.58472442626953,2.5249054431915283,7.874897480010986
2025-06-10,8.166540145874023,132.29342651367188,143.3271026611328,12.584375381469727,92.16445922851562,17.41606903076172,89.75390625,5.342794418334961,72.2991714477539,58.48033142089844,88.25901794433594,91.09900665283203,74.48839569091797,101.76441955566406,80.93608856201172,74.06890106201172,76.99717712402344,6.367776870727539,70.9073715209961,75.89640808105469,44.845333099365234,8.972790718078613,113.42665100097656,97.60952758789062,89.83851623535156,4.508788108825684,56.90826416015625,39.46730041503906,115.43671417236328,9.106557846069336,71.341796875,80.85466003417969,26.743127822875977,6.2012786865234375,69.2578125,71.3167724609375,7.570353984832764,6.615393161773682,18.865697860717773,80.21870422363281,76.5041732788086,68.81395721435547,78.0823974609375,28.519309997558594,,92.16544342041016,63.933353424072266,73.65544128417969,7.654853343963623,7.981992721557617,49.31636047363281,,32.83697509765625,80.7446517944336,67.94020080566406,79.63164520263672,7.1106414794921875,40.017093658447266,92.30604553222656,68.51459503173828,2.5077288150787354,7.820836544036865
2025-06-11,8.193055152893066,132.0629425048828,143.0605010986328,12.657681465148926,92.96733856201172,17.497879028320312,89.44891357421875,5.3697333335876465,72.21036529541016,58.13505935668945,88.83048248291016,91.31600189208984,74.38861083984375,101.8996353149414,81.2145767211914,74.25989532470703,76.94376373291016,6.3314409255981445,71.28604125976562,76.65218353271484,44.754173278808594,8.910107612609863,113.7645034790039,98.619873046875,90.07962036132812,4.508788108825684,56.99974822998047,38.96589660644531,115.67569732666016,9.106557846069336,70.63276672363281,80.31627655029297,27.08326530456543,6.18410062789917,69.34559631347656,70.48831176757812,7.543348789215088,6.606584548950195,19.068557739257812,80.02526092529297,76.67943572998047,68.38277435302734,78.43665313720703,28.63335609436035,,91.97233581542969,63.27040100097656,72.54951477050781,7.63723611831665,7.965153217315674,49.00450897216797,,33.74498748779297,80.68218994140625,67.15247344970703,80.0232925415039,7.075998306274414,40.014102935791016,91.91682434082031,68.48828887939453,2.5077288150787354,7.802817344665527
2025-06-12,8.175379753112793,130.00711059570312,143.0605010986328,12.590484619140625,92.2374496459961,17.397891998291016,89.08293151855469,5.306875705718994,71.36658477783203,57.159671783447266,88.28622436523438,90.8006591796875,74.3795394897461,100.46633911132812,80.87321472167969,73.98792266845703,76.73902893066406,6.276937961578369,70.56305694580078,76.21510314941406,44.57188034057617,8.901153564453125,113.74625396728516,98.30128479003906,89.65098571777344,4.482056617736816,57.01805114746094,38.12425994873047,115.80438232421875,9.088542938232422,69.58787536621094,80.66932678222656,26.91319465637207,6.216269016265869,69.450927734375,71.22769165039062,7.51634407043457,6.53611421585083,19.102365493774414,79.25145721435547,76.19744873046875,68.06148529052734,78.600830078125,28.677217483520508,,91.73322296142578,62.93438720703125,71.79747772216797,7.6284260749816895,7.9736809730529785,49.450008392333984,,33.12508773803711,80.31635284423828,66.78825378417969,79.72738647460938,7.075998306274414,40.017093658447266,92.58662414550781,69.24224853515625,2.499141216278076,7.757765769958496
2025-06-13,8.290276527404785,132.8189239501953,144.7981719970703,12.728546142578125,93.78843688964844,17.64331817626953,89.49246215820312,5.279937744140625,72.33472442626953,57.93653106689453,89.3838119506836,91.24369049072266,76.25738525390625,102.41345977783203,81.11576080322266,74.59327697753906,76.52539825439453,6.3132734298706055,71.28604125976562,76.916259765625,43.9338493347168,8.990700721740723,113.39012145996094,98.31038665771484,89.97245788574219,4.535520553588867,57.20103073120117,38.05264663696289,115.18851470947266,9.106557846069336,70.95929718017578,81.1988754272461,27.08326530456543,6.2945146560668945,70.0478286743164,71.52165985107422,7.579355239868164,6.650628089904785,19.01784324645996,79.82300567626953,76.8108901977539,68.75477600097656,79.44757080078125,28.677217483520508,,92.21143341064453,63.388458251953125,71.6913070678711,7.742943286895752,8.016319274902344,49.00450897216797,,33.18620300292969,80.35204315185547,67.28800201416016,80.06678771972656,7.127962589263916,39.93048095703125,93.25643920898438,69.4526596069336,2.5249054431915283,7.802817344665527
2025-06-16,8.33446979522705,134.12802124023438,145.91064453125,12.72121524810791,94.09862518310547,17.80693244934082,90.14601135253906,5.261979103088379,73.09856414794922,58.3853874206543,89.29308319091797,91.11444091796875,76.47512817382812,102.93629455566406,81.30439758300781,74.73368072509766,77.08618927001953,6.358692646026611,71.71808624267578,77.58098602294922,43.74242401123047,9.053385734558105,113.91060638427734,98.67448425292969,89.85636901855469,4.508788108825684,56.59717559814453,37.96310043334961,116.11688232421875,9.115564346313477,70.89398956298828,81.6313247680664,27.431900024414062,6.30320930480957,70.36383056640625,71.68199157714844,7.651369094848633,6.6594367027282715,19.212247848510742,80.36819458007812,77.48566436767578,68.72095489501953,79.83638000488281,28.3350887298584,,92.4229507446289,62.743675231933594,72.37257385253906,7.751750469207764,8.041905403137207,49.539100646972656,,33.614013671875,80.33419036865234,67.76234436035156,80.47810363769531,7.145285606384277,39.61091995239258,93.71804809570312,68.99677276611328,2.5249054431915283,7.874897480010986
2025-06-17,8.272600173950195,133.00332641601562,144.95449829101562,12.671121597290039,94.52742004394531,17.87965202331543,90.79085540771484,5.253000259399414,73.00975036621094,58.32495880126953,88.62184143066406,91.06891632080078,76.11224365234375,103.27885437011719,81.37625885009766,74.92668151855469,76.9971694946289,6.340525150299072,71.1978759765625,77.39885711669922,43.815345764160156,8.99965763092041,113.59101867675781,98.75638580322266,89.86528778076172,4.4998779296875,57.07295227050781,37.891475677490234,115.3907470703125,9.178616523742676,71.64034271240234,81.91377258300781,27.840063095092773,6.3205976486206055,70.89927673339844,71.17424011230469,7.642367362976074,6.677054405212402,19.643320083618164,80.48249053955078,77.28410339355469,68.6533203125,80.16470336914062,28.510543823242188,,93.09429168701172,62.089813232421875,72.22216033935547,7.778176784515381,7.999266624450684,49.02233123779297,,32.740928649902344,79.53112030029297,68.58394622802734,80.68927764892578,7.162607669830322,39.8438720703125,93.25643920898438,68.84774017333984,2.5334930419921875,7.811827182769775
2025-06-18,8.281437873840332,133.85147094726562,145.322265625,12.72780704498291,94.88324737548828,17.779659271240234,90.7298583984375,5.244019508361816,74.36869049072266,58.12642288208008,88.98469543457031,91.11444091796875,76.6747055053711,103.75660705566406,81.45709228515625,75.40046691894531,77.5223617553711,6.340525150299072,72.2470932006836,77.62651824951172,43.78799819946289,9.01756477355957,113.24402618408203,99.42993927001953,90.10643005371094,4.508788108825684,57.99701690673828,37.96310043334961,116.73271942138672,9.179766654968262,70.66077423095703,82.8934555053711,28.00162696838379,6.3205976486206055,70.96072387695312,71.15642547607422,7.60636043548584,6.765142917633057,19.710939407348633,80.42973327636719,78.83521270751953,69.32124328613281,79.81909942626953,28.273683547973633,,93.55410766601562,61.74472427368164,72.24870300292969,7.795795440673828,8.033378601074219,49.28071975708008,,33.07271194458008,79.63819122314453,68.3552474975586,80.55730438232422,7.1885905265808105,39.79309844970703,93.20211791992188,70.01375579833984,2.542081356048584,7.910937786102295
2025-06-20,8.290276527404785,132.4132843017578,144.8257598876953,12.473865509033203,95.76821899414062,17.634225845336914,90.86927795410156,5.288917064666748,73.72030639648438,57.66031265258789,88.26808166503906,91.02335357666016,75.39556121826172,105.55950927734375,81.02591705322266,76.35679626464844,77.93182373046875,6.340525150299072,72.14131164550781,76.8525390625,43.988529205322266,9.026520729064941,113.19837188720703,98.21027374267578,91.0887451171875,4.508788108825684,58.097660064697266,37.891475677490234,114.94036102294922,9.216084480285645,70.90332794189453,82.47863006591797,27.891080856323242,6.433620452880859,71.15384674072266,72.25209045410156,7.651369094848633,6.765142917633057,19.69403076171875,80.0340347290039,78.60735321044922,68.89006805419922,80.68312072753906,28.25613784790039,,93.30580139160156,60.86381530761719,72.52296447753906,7.831030368804932,8.101600646972656,48.995601654052734,,33.1774787902832,79.59358978271484,68.68559265136719,80.8476791381836,7.249217510223389,39.93048095703125,93.20211791992188,69.23348999023438,2.5249054431915283,7.919948101043701
2025-06-23,8.272600173950195,130.95668029785156,144.53155517578125,12.46153736114502,93.9617691040039,17.679677963256836,90.8431396484375,5.235039710998535,74.36869049072266,57.832950592041016,88.70347595214844,90.79556274414062,75.64958953857422,104.64903259277344,81.01693725585938,76.27783966064453,77.92291259765625,6.322357177734375,71.68280792236328,75.71430206298828,43.851802825927734,8.981745719909668,113.6731948852539,98.52885437011719,90.64224243164062,4.464234828948975,57.365718841552734,37.72135543823242,114.45320892333984,9.125287055969238,69.6158676147461,82.29328918457031,28.052648544311523,6.407538414001465,70.99581909179688,71.46820068359375,7.633363723754883,6.729907512664795,19.601058959960938,80.92213439941406,79.48372650146484,68.39967346191406,80.9336929321289,26.966581344604492,,92.05508422851562,60.78208541870117,71.92133331298828,7.839837074279785,8.093073844909668,49.00450897216797,,33.1774787902832,79.78096771240234,68.49078369140625,80.86527252197266,7.318504333496094,39.82893753051758,94.03485107421875,69.81210327148438,2.5163168907165527,7.9019293785095215
2025-06-24,8.316791534423828,131.1871337890625,145.01882934570312,12.624258041381836,93.3231430053711,17.906923294067383,90.71244049072266,5.270956993103027,74.35092163085938,57.31504440307617,88.85768127441406,91.032470703125,76.02154541015625,104.41468811035156,80.92711639404297,75.856689453125,78.01192474365234,6.3132734298706055,70.9333724975586,76.55204010009766,43.87002944946289,8.981745719909668,113.89234161376953,98.54704284667969,90.82084655761719,4.464234828948975,57.685951232910156,37.613914489746094,116.73271942138672,9.134367942810059,70.43683624267578,82.50511932373047,28.231216430664062,6.372762680053711,70.96072387695312,70.83573150634766,7.60636043548584,6.694672107696533,19.719390869140625,81.69593048095703,79.73783111572266,68.6448745727539,80.52759552001953,26.975358963012695,,92.6988525390625,60.84565353393555,72.14253234863281,7.8222222328186035,8.093073844909668,48.735252380371094,,32.880619049072266,79.95050811767578,67.97408294677734,80.64529418945312,7.29252290725708,39.819976806640625,94.21586608886719,69.83840942382812,2.5163168907165527,7.865886688232422
2025-06-25,8.299117088317871,132.14593505859375,144.8993377685547,12.64891242980957,93.72456359863281,17.916011810302734,91.06100463867188,5.235039710998535,75.01705932617188,57.66031265258789,89.28401184082031,90.84109497070312,75.56793975830078,104.62199401855469,81.4211654663086,76.11112976074219,77.94072723388672,6.3132734298706055,71.2684097290039,76.58847045898438,44.80887222290039,8.99965763092041,113.91973114013672,98.97483825683594,91.6602783203125,4.4998779296875,57.82318115234375,37.39902877807617,115.6664810180664,9.079887390136719,70.21295166015625,82.47863006591797,28.256725311279297,6.38145637512207,71.27672576904297,71.2900619506836,7.633363723754883,6.729907512664795,19.719390869140625,81.79264068603516,80.0445785522461,68.74632263183594,81.56444549560547,27.44907569885254,,92.92876434326172,61.20892333984375,72.36372375488281,7.795795440673828,8.144241333007812,48.5108757019043,,32.36549758911133,80.13789367675781,68.32137298583984,81.06766510009766,7.34448766708374,40.017093658447266,95.03047943115234,70.13648223876953,2.5163168907165527,7.919948101043701
2025-06-26,8.343306541442871,132.48707580566406,145.18434143066406,12.745062828063965,94.25373840332031,17.916011810302734,90.85184478759766,5.235039710998535,74.97266387939453,57.70347213745117,90.43600463867188,90.7044448852539,75.93081665039062,105.33415985107422,81.33135986328125,76.07603454589844,79.15131378173828,6.286021709442139,71.74453735351562,76.38812255859375,45.091434478759766,9.035475730895996,114.00189971923828,98.89289855957031,91.62456512451172,4.464234828948975,58.710655212402344,37.17518615722656,118.3871841430664,9.098048210144043,70.8100357055664,83.53775024414062,28.290740966796875,6.38145637512207,71.18895721435547,71.7265396118164,7.624362945556641,6.7387166023254395,19.533437728881836,82.17074584960938,80.0533218383789,68.34895324707031,81.0460205078125,27.19466781616211,,92.87356567382812,61.544918060302734,71.55859375,7.813412666320801,8.118657112121582,49.03144073486328,,32.81950378417969,79.83451080322266,68.43148040771484,81.0148696899414,7.361809253692627,40.31275939941406,95.33824157714844,71.38141632080078,2.4905529022216797,7.9740095138549805
2025-06-27,8.369821548461914,132.3948516845703,144.80738830566406,12.721643447875977,94.98360443115234,17.897830963134766,92.1589584350586,5.190142631530762,75.57662963867188,58.2645378112793,90.70813751220703,91.11444091796875,77.36416625976562,107.5427017211914,81.87928771972656,76.81301879882812,78.77745819091797,6.3132734298706055,72.65270233154297,76.54292297363281,45.064083099365234,8.990700721740723,113.89234161376953,99.55736541748047,91.9281997680664,4.4998779296875,58.802154541015625,37.345298767089844,119.15008544921875,9.14344596862793,70.57679748535156,82.57571411132812,28.350265502929688,6.38145637512207,71.80340576171875,72.13630676269531,7.624362945556641,6.826803684234619,19.626413345336914,82.86540222167969,80.8858413696289,68.56877136230469,80.91643524169922,27.413978576660156,,93.34258270263672,60.872894287109375,71.93018341064453,7.813412666320801,8.127184867858887,48.74422836303711,,33.0465087890625,80.09327697753906,69.02440643310547,81.92117309570312,7.353148460388184,40.49195861816406,95.49211120605469,71.02196502685547,2.5077288150787354,8.04609203338623
2025-06-30,8.414013862609863,133.03094482421875,146.39796447753906,12.838751792907715,94.55480194091797,18.088716506958008,91.67095184326172,5.342794418334961,76.3848876953125,59.47299575805664,90.24552154541016,91.05978393554688,77.86309051513672,108.09258270263672,81.73558044433594,78.34840393066406,79.18692016601562,6.367776870727539,72.21184539794922,77.6811294555664,46.18522262573242,9.035475730895996,113.96539306640625,100.30372619628906,91.6692123413086,4.571163177490234,60.833282470703125,37.828800201416016,124.08595275878906,9.179766654968262,71.0712661743164,83.53775024414062,28.426795959472656,6.494478225708008,71.61907958984375,72.32337188720703,7.669371604919434,6.835613250732422,19.719390869140625,83.5248794555664,80.79821014404297,69.28742980957031,82.45438385009766,27.563112258911133,,94.58409118652344,61.64482116699219,72.81493377685547,7.883883476257324,8.238051414489746,49.219913482666016,,33.1774787902832,80.89634704589844,69.8375473022461,81.82440948486328,7.439759731292725,40.3187370300293,96.07140350341797,71.25867462158203,2.499141216278076,8.082133293151855
2025-07-01,8.387215614318848,133.9592742919922,144.61114501953125,12.870802879333496,94.05825805664062,17.88711929321289,91.49159240722656,5.239455223083496,75.8963851928711,59.05003356933594,90.58393096923828,91.04155731201172,76.49113464355469,104.53739166259766,81.11930847167969,79.13800811767578,79.5340805053711,6.60395622253418,72.91720581054688,78.10323333740234,45.57451629638672,9.008611679077148,114.75015258789062,99.88099670410156,91.6692123413086,4.56663179397583,58.05934143066406,38.08845138549805,116.89256286621094,9.225165367126465,73.21240997314453,83.62699127197266,28.494823455810547,6.572726249694824,71.32634735107422,71.8828125,7.596590042114258,6.862383842468262,19.6771297454834,83.48930358886719,79.74394226074219,69.40743255615234,81.16698455810547,27.957874298095703,,93.25935363769531,60.86509323120117,70.2049331665039,7.883881568908691,8.32332992553711,48.474979400634766,,33.30843734741211,80.3370132446289,69.04542541503906,81.1732406616211,7.4178643226623535,40.46806335449219,95.68218994140625,73.22920227050781,2.5163168907165527,7.9939165115356445
2025-07-02,8.476537704467773,132.85458374023438,145.1666259765625,12.828889846801758,94.71113586425781,17.685523986816406,91.80007934570312,5.239455223083496,76.25165557861328,59.15361022949219,90.63880920410156,91.11444091796875,75.5673599243164,106.93206787109375,80.7568130493164,77.7342300415039,79.81002044677734,6.540369510650635,73.18170928955078,77.99311828613281,45.57451629638672,9.067431449890137,115.06450653076172,98.56690216064453,91.58765411376953,4.56663179397583,57.93031311035156,38.2317008972168,115.05734252929688,9.26148509979248,71.67229461669922,81.75274658203125,28.783935546875,6.4683966636657715,70.78527069091797,71.87381744384766,7.57839298248291,6.889154434204102,19.939146041870117,83.30260467529297,81.58670806884766,68.92743682861328,80.72633361816406,27.98419189453125,,92.38854217529297,60.65409851074219,70.2491683959961,7.892780780792236,8.255105972290039,48.825008392333984,,34.050567626953125,80.29190063476562,69.05401611328125,80.9444580078125,7.365316390991211,40.617393493652344,95.95375061035156,72.0664291381836,2.5077288150787354,8.093954086303711
2025-07-03,8.458672523498535,134.26564025878906,144.61114501953125,12.880663871765137,94.71113586425781,17.758831024169922,91.68549346923828,5.348233222961426,76.47370910644531,59.30034637451172,91.16014099121094,91.06891632080078,75.73198699951172,107.27286529541016,81.31869506835938,77.20783233642578,80.09486389160156,6.558537006378174,74.26622772216797,77.48846435546875,45.711246490478516,9.076482772827148,115.5452880859375,99.24693298339844,91.83236694335938,4.584753036499023,58.95326614379883,38.025779724121094,116.40377807617188,9.297805786132812,71.860107421875,82.13652038574219,29.056045532226562,6.4683966636657715,70.90943908691406,72.1705093383789,7.596590042114258,6.915926456451416,20.31951141357422,83.400390625,81.20575714111328,68.72175598144531,81.21884155273438,28.045597076416016,,93.49095153808594,61.002685546875,70.28455352783203,7.866086006164551,8.272160530090332,49.0583610534668,,34.91492462158203,79.88593292236328,69.9753189086914,81.08525848388672,7.3478007316589355,40.36353302001953,94.47836303710938,71.9066390991211,2.5334930419921875,8.166708946228027
2025-07-04,8.48547077178955,134.7947998046875,145.88876342773438,12.997772216796875,96.7708511352539,17.877958297729492,92.5052261352539,5.438880443572998,76.8023452758789,59.33488082885742,91.93755340576172,91.24201202392578,76.07040405273438,106.69259643554688,80.93806457519531,77.45349884033203,79.96134948730469,6.60395622253418,74.91869354248047,77.59855651855469,45.620094299316406,9.058382034301758,114.83334350585938,99.94534301757812,91.90486145019531,4.602875709533691,60.731903076171875,38.65251922607422,116.68045043945312,9.297805786132812,72.48929595947266,82.5113754272461,29.294143676757812,6.555338382720947,70.9626693725586,72.4222640991211,7.669371604919434,6.924851417541504,20.513912200927734,83.76492309570312,81.16144561767578,68.92743682861328,81.434814453125,28.11577606201172,,94.49144744873047,61.46135711669922,70.75347137451172,7.910579204559326,8.314803123474121,49.812278747558594,,34.312496185302734,80.02125549316406,69.55341339111328,81.44601440429688,7.4178643226623535,40.42625045776367,94.4874038696289,72.03978729248047,2.542081356048584,8.175804138183594
2025-07-07,8.440808296203613,134.88763427734375,145.02777099609375,12.981745719909668,96.46742248535156,17.850465774536133,92.46997833251953,5.37542724609375,76.27828979492188,59.015506744384766,91.78208923339844,91.10533905029297,75.50332641601562,107.46627807617188,80.46682739257812,77.03235626220703,79.93463897705078,6.5494537353515625,74.32794189453125,77.53433990478516,45.57451629638672,9.067431449890137,115.52678680419922,99.39395904541016,91.6511001586914,4.630058288574219,60.06837844848633,38.77788543701172,116.0164566040039,9.279645919799805,72.71469116210938,82.54706573486328,29.251623153686523,6.529255390167236,70.74091339111328,72.07160949707031,7.733056545257568,6.924851417541504,20.370222091674805,83.20478057861328,81.24117279052734,68.91030883789062,81.57308959960938,28.466678619384766,,95.46414947509766,61.002685546875,71.34626770019531,7.874986171722412,8.32332992553711,49.677650451660156,,33.875953674316406,80.29190063476562,69.48452758789062,81.32283020019531,7.382833480834961,40.61440658569336,93.0482406616211,71.49833679199219,2.5334930419921875,8.19399356842041
2025-07-08,8.476537704467773,133.6807861328125,144.45375061035156,12.912714004516602,95.9800796508789,17.777158737182617,92.13502502441406,5.384492874145508,75.41758728027344,58.6616096496582,91.66317749023438,91.09622955322266,75.549072265625,106.57286071777344,80.24932098388672,76.50594329833984,80.02365112304688,6.504034042358398,74.28386688232422,77.350830078125,45.95124816894531,9.049331665039062,115.5730209350586,99.98209381103516,91.27041625976562,4.620996952056885,59.847198486328125,38.82307815551758,116.08100891113281,9.279645919799805,72.14183044433594,82.48460388183594,29.1481990814209,6.529255390167236,70.78527069091797,72.34135437011719,7.714859962463379,6.8802313804626465,20.66722297668457,83.5604476928711,80.93995666503906,68.6531753540039,81.42620086669922,28.371931076049805,,96.15895080566406,60.72748565673828,72.19562530517578,7.937272548675537,8.186881065368652,49.04939270019531,,33.47948455810547,80.9053726196289,68.91624450683594,81.3404312133789,7.391590118408203,40.55766296386719,91.60001373291016,71.16991424560547,2.5282809734344482,8.175804138183594
2025-07-09,8.476537704467773,134.1542510986328,143.57424926757812,12.809167861938477,96.45821380615234,17.69468879699707,91.49159240722656,5.384492874145508,75.02347564697266,58.77381896972656,91.53514099121094,91.36957550048828,75.2563705444336,106.24129486083984,80.22211456298828,76.51470184326172,80.13935089111328,6.504034042358398,74.0369873046875,77.06637573242188,45.482635498046875,9.067431449890137,115.56378173828125,99.89020538330078,91.3338623046875,4.620996952056885,59.5799446105957,38.93153762817383,115.50921630859375,9.252405166625977,71.37177276611328,82.11869049072266,29.130958557128906,6.494478225708008,70.60785675048828,71.89181518554688,7.751251697540283,6.862383842468262,20.66722297668457,83.41817474365234,80.09830474853516,68.7388916015625,81.50395202636719,28.20379066467285,,101.3467025756836,60.268821716308594,72.08943176269531,7.901680946350098,8.101600646972656,48.483951568603516,,33.68212127685547,80.9955825805664,69.03680419921875,81.30522918701172,7.382833480834961,40.36353302001953,90.76729583740234,71.40068817138672,2.5282809734344482,8.212182998657227
2025-07-10,8.44974136352539,133.9592742919922,143.6112823486328,12.753693580627441,96.08121490478516,17.731342315673828,90.97154998779297,5.321037292480469,75.41758728027344,58.45918655395508,91.53514099121094,91.29668426513672,75.73198699951172,106.37944793701172,79.79619598388672,77.07623291015625,79.79730987548828,6.440817356109619,74.23095703125,76.79112243652344,46.05231857299805,9.049331665039062,115.48056030273438,100.44156646728516,91.13446044921875,4.593814849853516,59.53385925292969,39.00385284423828,114.38410949707031,9.243327140808105,70.87403869628906,82.3596420288086,28.863786697387695,6.459702968597412,70.07564544677734,71.7479476928711,7.805837154388428,6.826688766479492,21.062192916870117,83.1425552368164,79.1503677368164,68.54176330566406,81.59142303466797,28.132993698120117,,99.12337493896484,60.222957611083984,72.4610366821289,7.857187271118164,8.084546089172363,48.645503997802734,,33.400184631347656,80.3370132446289,69.64812469482422,80.90048217773438,7.304012775421143,40.913063049316406,91.8715591430664,71.98652648925781,2.536968469619751,8.166708946228027
2025-07-11,8.476537704467773,134.59986877441406,144.7314910888672,12.82026195526123,96.10879516601562,17.804651260375977,91.07732391357422,5.302909851074219,75.82064056396484,58.8000373840332,91.59000396728516,91.30580139160156,76.03382110595703,107.11628723144531,79.95024871826172,77.2535171508789,79.851318359375,6.459141254425049,75.07225036621094,76.5250015258789,46.1993293762207,9.049331665039062,115.5730209350586,100.79995727539062,91.15257263183594,4.602875709533691,60.13288879394531,38.84115219116211,115.73977661132812,9.26148509979248,72.52686309814453,82.99332427978516,28.915496826171875,6.466741561889648,70.6521987915039,71.71199035644531,7.714859962463379,6.853460311889648,21.01067543029785,83.74716186523438,79.2035140991211,68.86744689941406,81.53894805908203,28.141841888427734,,96.71476745605469,60.71831512451172,72.77070617675781,7.892780780792236,8.153645515441895,48.286495208740234,,33.32088851928711,80.9955825805664,69.3037109375,80.98845672607422,7.400347709655762,40.635311126708984,92.26077270507812,72.54573822021484,2.5282809734344482,8.112143516540527
2025-07-14,8.48547077178955,134.1542510986328,144.32412719726562,12.733972549438477,97.11107635498047,17.877958297729492,91.13903045654297,5.27571439743042,76.12516784667969,58.529109954833984,91.0321044921875,91.92537689208984,76.14356994628906,106.19525909423828,79.8868179321289,76.90780639648438,80.06734466552734,6.449978828430176,75.16175079345703,76.70852661132812,46.438232421875,8.98598861694336,115.5730209350586,102.34378814697266,91.15257263183594,4.611936569213867,60.48308181762695,38.85922622680664,115.02043914794922,9.216084480285645,71.04308319091797,83.39495086669922,29.174049377441406,6.48433780670166,71.3174819946289,71.48719787597656,7.687566757202148,6.844536304473877,21.079364776611328,83.97832489013672,78.60105895996094,68.7388916015625,81.57392120361328,28.2303409576416,,97.06678771972656,61.08524703979492,72.54951477050781,7.883881568908691,8.222743034362793,48.46600341796875,,34.00810623168945,80.74298095703125,69.57064819335938,81.57801818847656,7.356558322906494,41.41779327392578,93.3921890258789,72.91853332519531,2.5282809734344482,8.18489933013916
2025-07-15,8.521196365356445,133.6900634765625,143.5927734375,12.696989059448242,96.3019027709961,17.758831024169922,91.52684020996094,5.257585525512695,75.62358093261719,58.28439712524414,91.0321044921875,91.82514190673828,75.53990936279297,107.29126739501953,80.06805419921875,76.8546142578125,79.73431396484375,6.440817356109619,74.83061981201172,76.43327331542969,46.7047004699707,8.958839416503906,115.50830078125,100.64372253417969,90.93505096435547,4.693483352661133,60.280338287353516,38.49766159057617,114.95588684082031,9.26148509979248,70.49839782714844,83.5377426147461,29.174049377441406,6.510732173919678,71.27312469482422,72.16153717041016,7.696664810180664,6.853460311889648,20.993501663208008,83.71159362792969,78.21125030517578,68.82460021972656,81.26777648925781,28.1595401763916,,96.44611358642578,60.67245101928711,73.16883850097656,7.857187271118164,8.20546817779541,47.5684814453125,,33.8318977355957,80.91439819335938,68.89903259277344,81.75360107421875,7.409106254577637,40.3187370300293,93.85380554199219,72.79425811767578,2.5282809734344482,8.175804138183594
2025-07-16,8.547992706298828,134.5163116455078,143.45387268066406,12.694522857666016,96.18236541748047,17.685523986816406,91.39464569091797,5.284778594970703,75.6146240234375,58.118343353271484,91.32477569580078,91.6307373046875,75.75028991699219,107.76100158691406,79.32492065429688,76.28728485107422,79.45524597167969,6.4224934577941895,75.35863494873047,76.32315063476562,45.95124816894531,8.859296798706055,115.35112762451172,101.0572738647461,90.6359634399414,4.639118194580078,60.307979583740234,38.615177154541016,115.04811096191406,9.279645919799805,70.23546600341797,84.07324981689453,28.889638900756836,6.48433780670166,71.27312469482422,72.53015899658203,7.687566757202148,6.871307849884033,20.57277488708496,83.53376007080078,77.56449890136719,68.85887145996094,81.84507751464844,28.2657413482666,,96.71476745605469,61.25953674316406,72.55835723876953,7.839391708374023,8.335026741027832,48.43009567260742,,34.01691818237305,80.49939727783203,69.14871978759766,81.55772399902344,7.339042663574219,40.93396759033203,94.12535858154297,72.98955535888672,2.536968469619751,8.093954086303711
2025-07-17,8.556925773620605,134.59054565429688,144.10194396972656,12.696989059448242,96.38465118408203,17.758831024169922,91.40345001220703,5.311974048614502,75.2294921875,56.23932647705078,91.26074981689453,91.71337890625,75.5307846069336,107.76100158691406,80.2040023803711,76.39366149902344,79.779296875,6.40416955947876,74.73214721679688,75.48814392089844,46.217708587646484,8.922640800476074,115.5730209350586,101.06645202636719,90.5634536743164,4.711605072021484,60.79641342163086,38.615177154541016,114.77143859863281,9.270566940307617,70.26363372802734,84.34098815917969,28.881023406982422,6.48433780670166,70.8384780883789,72.22447204589844,7.669371604919434,6.835611820220947,20.435392379760742,83.33815002441406,77.281005859375,68.85887145996094,82.22122192382812,27.610864639282227,,96.46465301513672,60.828392028808594,72.97420501708984,7.866086006164551,8.335026741027832,47.5684814453125,,33.0301513671875,79.83180236816406,69.4931411743164,81.54882049560547,7.339042663574219,40.60245895385742,94.31543731689453,72.8741683959961,2.536968469619751,8.093954086303711
2025-07-18,8.48547077178955,134.3491973876953,144.53709411621094,12.684663772583008,95.95247650146484,17.685523986816406,91.89704132080078,5.293843746185303,75.07720947265625,54.29914093017578,91.2698974609375,91.6858139038086,75.93321228027344,107.48468780517578,79.69649505615234,76.33161926269531,79.97734069824219,6.303388595581055,74.31150817871094,75.37805938720703,46.11663055419922,8.922640800476074,115.31414031982422,101.09402465820312,90.52719116210938,4.648179054260254,60.464656829833984,38.47054672241211,115.04811096191406,9.26148509979248,69.86919403076172,84.50165557861328,28.72588539123535,6.457942962646484,70.89171600341797,71.92777252197266,7.669371604919434,6.817764759063721,20.091938018798828,82.42234802246094,76.04067993164062,68.82460021972656,81.98504638671875,27.05333709716797,,96.39981079101562,60.49814987182617,73.12460327148438,7.857187271118164,8.317752838134766,47.69413757324219,,33.611637115478516,79.66039276123047,69.26067352294922,81.61116027832031,7.374073028564453,41.181854248046875,94.52362060546875,73.01618957519531,2.5282809734344482,8.093954086303711
2025-07-21,8.458672523498535,132.01907348632812,143.50018310546875,12.641106605529785,95.58467102050781,17.520580291748047,91.20954132080078,5.221325874328613,74.19943237304688,53.11054992675781,90.09918212890625,91.70418548583984,75.1923599243164,105.41236877441406,79.82337188720703,76.94327545166016,79.56326293945312,6.2117695808410645,72.94216918945312,74.57059478759766,46.033935546875,8.904542922973633,114.19538879394531,101.09402465820312,90.58159637451172,4.620996952056885,59.44170379638672,38.271690368652344,114.75299072265625,9.163775444030762,69.07096862792969,84.60874938964844,28.35528564453125,6.449145317077637,69.22407531738281,72.24244689941406,7.642077922821045,6.790994167327881,20.177804946899414,81.80886840820312,75.314208984375,68.8931655883789,81.44271850585938,26.832094192504883,,96.08482360839844,60.241294860839844,72.54951477050781,7.794899940490723,8.248656272888184,47.5325813293457,,33.21516799926758,79.29953002929688,68.45130157470703,81.78031921386719,7.312770366668701,40.25900650024414,93.76329040527344,72.99842071533203,2.51090407371521,8.003012657165527
2025-07-22,8.476537704467773,133.21661376953125,143.0835723876953,12.549062728881836,95.23524475097656,17.41061782836914,91.46514129638672,5.16693639755249,73.86802673339844,54.62250518798828,90.36444091796875,91.6858139038086,75.29296875,106.29656219482422,79.4789810180664,75.90611267089844,78.64513397216797,6.175121307373047,72.40516662597656,73.7264404296875,46.05231857299805,8.913594245910645,114.62994384765625,101.2226791381836,90.44562530517578,4.6572394371032715,59.137577056884766,37.90108108520508,114.47631072998047,9.127118110656738,69.1273193359375,84.3856201171875,28.389759063720703,6.422749996185303,68.9224853515625,71.91875457763672,7.651176452636719,6.862383842468262,20.091938018798828,81.3109359741211,74.50800323486328,68.99601745605469,81.35526275634766,26.8232479095459,,96.98342895507812,60.085350036621094,72.97420501708984,7.794899940490723,8.222743034362793,47.43385314941406,,33.012535095214844,78.98377990722656,68.1929931640625,81.69129180908203,7.277739524841309,40.66218948364258,94.6141357421875,72.86528778076172,2.51090407371521,8.130331993103027
2025-07-23,8.494400978088379,132.0561981201172,142.5743865966797,12.515480041503906,94.71113586425781,17.163204193115234,91.48277282714844,5.139743328094482,73.77845764160156,54.316619873046875,89.64187622070312,91.5848159790039,74.99113464355469,105.82683563232422,78.9986572265625,76.27843475341797,78.69013977050781,6.16595983505249,73.12116241455078,73.35941314697266,46.07988739013672,8.877396583557129,113.38175964355469,101.36052703857422,90.54531860351562,4.666301250457764,59.34033203125,37.88300704956055,115.08499145507812,9.145445823669434,68.62020111083984,83.75194549560547,27.92435646057129,6.422749996185303,68.90473937988281,72.04463195800781,7.678468227386475,6.853460311889648,20.091938018798828,81.23092651367188,74.24222564697266,68.67031860351562,81.15406799316406,26.99138832092285,,96.79814147949219,59.65420913696289,72.05404663085938,7.777102947235107,8.231379508972168,46.670963287353516,,31.76146125793457,80.7790756225586,67.26309967041016,81.46869659423828,7.233949661254883,40.617393493652344,93.90813446044922,72.6966323852539,2.51090407371521,8.166708946228027
2025-07-24,8.574790954589844,133.27232360839844,142.75953674316406,12.550307273864746,95.05135345458984,17.199859619140625,91.65026092529297,5.185066223144531,73.82324981689453,54.28166198730469,89.74248504638672,91.61235809326172,74.84480285644531,105.90972900390625,79.49712371826172,75.87952423095703,78.58211517333984,6.09266471862793,73.04060363769531,73.41445922851562,46.07988739013672,8.868346214294434,114.9073257446289,100.99293518066406,90.62689208984375,4.6572394371032715,58.98091506958008,37.85588836669922,114.55010223388672,9.145445823669434,69.66259765625,83.82334899902344,27.93297004699707,6.413951396942139,68.61203002929688,71.92777252197266,7.632981777191162,6.862383842468262,20.014665603637695,81.58657836914062,73.01074981689453,68.84174346923828,80.56803131103516,27.07988739013672,,96.55728912353516,59.84684753417969,71.6559066772461,7.848288536071777,8.274564743041992,48.017242431640625,,29.735065460205078,80.29190063476562,68.0293960571289,81.4241714477539,7.295253753662109,40.6771240234375,93.81761169433594,72.5279769897461,2.50221586227417,8.139427185058594
2025-07-25,8.530131340026855,133.67152404785156,144.15753173828125,12.656033515930176,95.21686553955078,17.40145492553711,91.93230438232422,5.212260723114014,74.16360473632812,54.176788330078125,90.5473403930664,91.41036224365234,74.55210876464844,105.82683563232422,79.17991638183594,76.9875717163086,79.52727508544922,6.129312038421631,73.66709899902344,73.7723159790039,45.831790924072266,8.859296798706055,115.38810729980469,101.07564544677734,90.45469665527344,4.675361633300781,58.98091506958008,37.693180084228516,115.18645477294922,9.163775444030762,68.93010711669922,83.77873992919922,27.92435646057129,6.413951396942139,68.67412567138672,71.93677520751953,7.669371604919434,6.8802313804626465,20.083354949951172,81.4443130493164,73.63090515136719,68.86744689941406,82.02876281738281,27.02678871154785,,96.77962493896484,59.36983871459961,71.48782348632812,7.892780780792236,8.335026741027832,48.318092346191406,,30.149154663085938,80.5986328125,67.93468475341797,81.53102111816406,7.286495685577393,40.68309783935547,93.73614501953125,72.55460357666016,2.51090407371521,8.175804138183594
2025-07-28,8.494400978088379,132.1118927001953,143.22242736816406,12.601303100585938,94.61917114257812,17.18153190612793,91.90585327148438,5.194130897521973,74.02925872802734,53.25038528442383,89.83393859863281,90.99713134765625,75.174072265625,105.30184936523438,78.26460266113281,76.03909301757812,78.9151840209961,6.065178871154785,73.75660705566406,73.04743957519531,46.870086669921875,8.89549446105957,115.05525207519531,100.85509490966797,90.572509765625,4.630058288574219,58.71365737915039,37.33161544799805,117.53812408447266,9.108790397644043,69.43721771240234,84.03755187988281,27.838167190551758,6.378758907318115,68.15962982177734,71.43324279785156,7.605688095092773,6.862383842468262,20.014665603637695,81.044189453125,73.04618835449219,68.84174346923828,81.5477066040039,27.407320022583008,,96.29790496826172,59.16801834106445,71.62051391601562,7.857187271118164,8.257291793823242,47.68904113769531,,29.955322265625,80.22875213623047,67.65055084228516,81.62895965576172,7.277739524841309,40.82047653198242,93.3469467163086,71.89775848388672,2.51090407371521,8.166708946228027
2025-07-29,8.503334045410156,131.48992919921875,142.60214233398438,12.500554084777832,95.032958984375,17.24567985534668,91.68549346923828,5.185066223144531,73.95760345458984,53.093074798583984,89.35834503173828,90.77676391601562,74.28685760498047,104.81370544433594,78.2102279663086,75.40972137451172,79.0322036743164,6.010207176208496,72.94216918945312,72.79051208496094,46.906837463378906,8.841198921203613,115.37886047363281,100.8918685913086,90.18279266357422,4.557572364807129,58.61227798461914,37.168914794921875,118.96758270263672,9.099629402160645,68.5544662475586,83.93936920166016,27.80368995666504,6.387557506561279,67.8580551147461,71.0736312866211,7.678468227386475,6.871307849884033,19.971731185913086,80.93750762939453,72.03620910644531,69.78455352783203,81.28528594970703,26.89404296875,,94.12088012695312,58.61762619018555,71.62051391601562,7.83049201965332,8.248656272888184,47.333499908447266,,29.92008399963379,79.40779113769531,68.18438720703125,81.49539947509766,7.260222911834717,40.366519927978516,93.71804809570312,71.02790069580078,2.50221586227417,8.157614707946777
2025-07-30,8.512264251708984,130.99786376953125,140.72274780273438,12.494333267211914,94.14100646972656,16.915786743164062,92.39945220947266,5.239455223083496,73.44705200195312,53.1455078125,88.64493560791016,90.7308578491211,73.48197937011719,101.9584732055664,78.74491882324219,74.4700927734375,78.7801513671875,5.973559856414795,73.65814971923828,72.44184112548828,46.465789794921875,8.795951843261719,114.64842987060547,100.76319122314453,90.17372131347656,4.584753036499023,58.151493072509766,37.75645065307617,118.96758270263672,9.099629402160645,69.36209869384766,84.66230010986328,27.84678840637207,6.369960308074951,67.40564727783203,70.66902160644531,7.66027307510376,6.862383842468262,19.928800582885742,80.91082763671875,70.6098403930664,70.11882781982422,81.11034393310547,26.637405395507812,,94.658203125,58.90199279785156,71.31971740722656,7.821595668792725,8.231379508972168,48.11751937866211,,29.726255416870117,78.95671844482422,66.94451904296875,81.45088195800781,7.260222911834717,40.521820068359375,93.77235412597656,71.21429443359375,2.4935269355773926,8.139427185058594
2025-07-31,8.574790954589844,132.00047302246094,142.79660034179688,12.66100788116455,95.04216003417969,17.04408073425293,92.54048919677734,5.393556594848633,74.3248291015625,53.58249282836914,90.51990509033203,90.90533447265625,74.98200988769531,102.41902160644531,79.43367767333984,75.52495574951172,79.06819915771484,6.010207176208496,73.26435852050781,73.03825378417969,46.80577087402344,8.814051628112793,114.64842987060547,101.0572738647461,90.3550033569336,4.648179054260254,59.08229064941406,37.774532318115234,117.89779663085938,9.18210220336914,69.92555236816406,84.84972381591797,28.22600746154785,6.405153751373291,68.5055923461914,70.3453369140625,7.687566757202148,6.871307849884033,20.023250579833984,81.07977294921875,72.64752197265625,69.55313873291016,81.52143859863281,26.75244903564453,,94.69525146484375,59.16801834106445,71.62051391601562,7.883881568908691,8.231379508972168,47.77109146118164,,29.39145851135254,79.87691497802734,67.40946960449219,81.56663513183594,7.312770366668701,40.656219482421875,93.8719253540039,72.17293548583984,2.4935269355773926,8.18489933013916
2025-08-01,8.484529495239258,131.8228759765625,141.92005920410156,12.729418754577637,94.486083984375,16.988651275634766,91.95659637451172,5.298387050628662,75.2742691040039,53.398956298828125,89.966552734375,90.53804016113281,74.8804931640625,100.3307113647461,78.73857116699219,77.07622528076172,78.96918487548828,6.138474464416504,73.1390609741211,74.95350646972656,46.9435920715332,8.877396583557129,114.83407592773438,100.50151062011719,90.34584045410156,4.629878997802734,58.850154876708984,37.42200469970703,117.43334197998047,9.15461254119873,70.81427001953125,84.27214813232422,28.096721649169922,6.457942962646484,67.98538208007812,69.51925659179688,7.650784015655518,6.835190296173096,20.031837463378906,80.00096893310547,73.42781066894531,69.6486587524414,81.64390563964844,26.486961364746094,,95.72180938720703,59.14020919799805,71.2713623046875,7.77588415145874,8.283205032348633,47.980770111083984,,29.823169708251953,80.23291015625,67.15653228759766,81.91388702392578,7.314541339874268,40.37846755981445,93.13197326660156,73.83465576171875,2.4761507511138916,8.23354721069336
2025-08-04,8.51160717010498,130.14935302734375,142.54481506347656,12.603792190551758,93.59635925292969,16.7022762298584,91.3048095703125,5.325839996337891,75.20260620117188,53.33778381347656,87.8914566040039,90.89614868164062,74.58522033691406,100.55345916748047,78.38187408447266,77.91834259033203,78.96918487548828,6.0468549728393555,73.39861297607422,74.21331024169922,46.76901626586914,8.877396583557129,114.76885223388672,98.88977813720703,90.07136535644531,4.5932793617248535,58.76658248901367,37.412967681884766,118.86387634277344,9.209593772888184,71.55172729492188,83.5501937866211,28.001920700073242,6.422749996185303,67.78805541992188,69.66448974609375,7.705957412719727,6.790043830871582,19.963146209716797,79.83016967773438,76.49514770507812,69.58787536621094,80.55928039550781,26.610857009887695,,94.2099609375,58.917701721191406,71.35194396972656,7.739884376525879,8.214105606079102,47.95341873168945,,29.638153076171875,79.30186462402344,67.33096313476562,81.45088195800781,7.2525529861450195,40.61440658569336,93.36949920654297,73.11607360839844,2.4674625396728516,8.25190544128418
2025-08-05,8.49355411529541,129.59776306152344,141.71490478515625,12.534137725830078,93.1793212890625,16.646846771240234,91.34944152832031,5.3075385093688965,74.7010269165039,54.02821350097656,87.8914566040039,90.3819351196289,73.89315795898438,100.46065521240234,79.55256652832031,77.06737518310547,78.99617767333984,6.028531074523926,72.66471099853516,73.55638885498047,46.539302825927734,8.868253707885742,114.04209899902344,98.69525146484375,89.93414306640625,4.574979782104492,58.10733413696289,37.42200469970703,117.0431900024414,9.18210220336914,70.14300537109375,83.03578186035156,27.855403900146484,6.387557506561279,66.55033111572266,69.17427825927734,7.669175148010254,6.762956142425537,19.963146209716797,80.00996398925781,73.99284362792969,69.38813781738281,80.6292495727539,26.77899932861328,,94.05133056640625,58.621028900146484,69.11380767822266,7.7668843269348145,8.196830749511719,47.74374008178711,,29.61172103881836,77.72276306152344,67.26119995117188,81.51321411132812,7.243698596954346,40.5875244140625,93.55220031738281,72.94541931152344,2.4587745666503906,8.261085510253906
2025-08-06,8.484529495239258,129.4014434814453,142.07858276367188,12.531649589538574,92.02083587646484,16.803892135620117,91.25123596191406,5.27093505859375,74.77267456054688,54.185523986816406,88.05748748779297,90.44620513916016,73.85624694824219,100.42353820800781,78.65625,77.2978286743164,78.72615051269531,6.010207176208496,73.83716583251953,72.92723846435547,46.7047004699707,8.804254531860352,114.03278350830078,98.42662811279297,89.8792495727539,4.58413028717041,57.01166534423828,37.702213287353516,115.17608642578125,9.209593772888184,68.6302719116211,82.45819854736328,27.881261825561523,6.378758907318115,66.64898681640625,69.35584259033203,7.678370952606201,6.762956142425537,19.963146209716797,79.78522491455078,76.0736083984375,68.90180969238281,80.77796936035156,26.99138832092285,,93.54737091064453,59.010414123535156,70.9043197631836,7.658886432647705,8.162280082702637,47.679927825927734,,29.506000518798828,76.91039276123047,66.72046661376953,82.26111602783203,7.208276271820068,40.632328033447266,93.57046508789062,72.68492126464844,2.4327094554901123,8.28862190246582
2025-08-07,8.49355411529541,130.74774169921875,141.57505798339844,12.500554084777832,93.79098510742188,16.905508041381836,91.6976547241211,5.316689968109131,74.56666564941406,54.823516845703125,88.07591247558594,90.35438537597656,73.28414916992188,100.08939361572266,78.7568588256836,76.87235260009766,78.97818756103516,6.0010457038879395,72.85266876220703,74.48162841796875,45.21617889404297,8.785969734191895,113.39923095703125,99.47333526611328,89.65966033935547,4.58413028717041,58.28375244140625,37.54855728149414,114.07996368408203,9.145445823669434,68.100830078125,82.66575622558594,26.76945686340332,6.405153751373291,67.16021728515625,68.53883361816406,7.687566757202148,6.844220161437988,19.99748992919922,80.36957550048828,75.33816528320312,69.50970458984375,81.1628189086914,26.8586483001709,,94.47127532958984,58.85280227661133,71.28927612304688,7.658886432647705,8.20546817779541,47.05998992919922,,29.541236877441406,76.36273193359375,67.38330841064453,81.62895965576172,7.199421405792236,40.548702239990234,93.58872985839844,72.11903381347656,2.4413983821868896,8.334514617919922
2025-08-08,8.49355411529541,130.23350524902344,141.5004425048828,12.565232276916504,93.96707916259766,17.27503204345703,92.2244644165039,5.316689968109131,73.95651245117188,55.10318374633789,88.81373596191406,90.53804016113281,73.35796356201172,99.96875,78.93064880371094,76.77484893798828,79.30223083496094,6.010207176208496,73.72080993652344,73.96349334716797,46.003578186035156,8.795112609863281,113.90235900878906,99.5752182006836,89.5224380493164,4.58413028717041,58.163047790527344,37.566810607910156,113.15103149414062,9.209593772888184,68.60192108154297,82.99064636230469,25.9677677154541,6.405153751373291,68.03022003173828,68.32097625732422,7.678370952606201,6.835190296173096,19.701745986938477,81.64612579345703,75.89423370361328,69.86576843261719,81.52143859863281,26.79874610900879,,96.5523910522461,59.566680908203125,71.07440948486328,7.640886306762695,8.291840553283691,47.58876037597656,,29.282962799072266,77.74102020263672,67.50540161132812,81.88716125488281,7.208276271820068,40.548702239990234,94.09117126464844,72.58610534667969,2.2975800037384033,8.343694686889648
2025-08-11,8.484529495239258,129.3827362060547,141.5191192626953,12.540355682373047,95.44994354248047,17.219602584838867,92.2244644165039,5.325839996337891,73.9294204711914,54.727378845214844,88.83216857910156,90.31765747070312,73.05345916748047,100.22862243652344,79.57087707519531,76.47344207763672,79.1222152709961,6.0010457038879395,74.18621826171875,73.9264907836914,45.85536575317383,8.822539329528809,113.54830169677734,99.85311126708984,89.43094635009766,4.538380146026611,58.26518249511719,37.52116012573242,114.00564575195312,9.191264152526855,68.82882690429688,82.73796081542969,24.83494758605957,6.396355152130127,67.24992370605469,69.42848205566406,7.659979343414307,6.844220161437988,19.205944061279297,80.86400604248047,76.67452239990234,69.90049743652344,81.52143859863281,26.593284606933594,,96.76703643798828,59.10312271118164,71.12813568115234,7.622887134552002,8.274564743041992,47.05998992919922,,29.06922149658203,76.71871185302734,67.99382019042969,81.46869659423828,7.199421405792236,40.91903305053711,94.09117126464844,71.86753845214844,2.3151187896728516,8.334514617919922
2025-08-12,8.502581596374512,128.7937469482422,141.67764282226562,12.53786849975586,95.25531768798828,17.22884178161621,91.43872833251953,5.3807454109191895,73.83910369873047,54.17869186401367,89.10885620117188,90.35438537597656,73.28414916992188,99.88521575927734,78.85746002197266,76.09226989746094,78.13944244384766,6.001045227050781,74.09671020507812,74.25032806396484,46.33708190917969,8.813400268554688,113.66010284423828,99.27880859375,89.48584747314453,4.510930061340332,58.4880256652832,37.238155364990234,113.93134307861328,9.18210220336914,68.18592071533203,82.74697875976562,24.477670669555664,6.405153751373291,67.00775146484375,68.783935546875,7.733544826507568,6.808102130889893,19.136354446411133,80.63926696777344,75.56238555908203,69.45760345458984,81.53474426269531,26.771942138671875,,94.98455810546875,59.056766510009766,71.0833740234375,7.631886005401611,8.24001693725586,46.95059585571289,,28.499231338500977,77.70450592041016,68.20314025878906,81.53990936279297,7.217131614685059,40.55766296386719,94.36521911621094,71.22080993652344,2.209886312484741,8.31615924835205
2025-08-13,8.484529495239258,128.5319366455078,141.0528564453125,12.496822357177734,94.958740234375,17.06255531311035,92.3494644165039,5.399047374725342,73.43275451660156,54.276039123535156,89.966552734375,90.21665954589844,73.11805725097656,100.46993255615234,79.28732299804688,76.37032318115234,77.43875122070312,5.973305702209473,73.02178955078125,73.36209106445312,46.3741340637207,8.75854206085205,112.63522338867188,98.38958740234375,89.33946228027344,4.483480453491211,58.14446258544922,37.429874420166016,114.7673568725586,9.209593772888184,68.54518127441406,82.83723449707031,24.355674743652344,6.383784770965576,66.90908813476562,69.2105941772461,7.6967620849609375,6.862278461456299,19.232036590576172,80.48641967773438,74.68342590332031,69.37944793701172,81.83592987060547,26.82554054260254,,93.92066955566406,57.48995590209961,70.51042175292969,7.658886432647705,8.257551193237305,46.877662658691406,,28.18752098083496,76.6730728149414,68.42990112304688,81.82483673095703,7.199421405792236,40.199275970458984,94.08203125,71.41841888427734,2.236193895339966,8.325337409973145
2025-08-14,8.547711372375488,128.8404998779297,141.66830444335938,12.512990951538086,95.02361297607422,17.321218490600586,92.7244644165039,5.4631028175354,73.39664459228516,53.98399353027344,90.10489654541016,90.32683563232422,73.30258178710938,102.18697357177734,79.52513885498047,76.16402435302734,77.365966796875,6.010292053222656,72.69660949707031,73.78770446777344,46.3741340637207,8.749399185180664,113.79985809326172,98.46369934082031,89.55903625488281,4.529229640960693,58.4880256652832,37.420745849609375,116.11427307128906,9.218756675720215,68.30883026123047,83.02674102783203,24.55609893798828,6.392688274383545,67.40238952636719,69.3467788696289,7.687566757202148,6.835190296173096,19.00588035583496,80.48641967773438,76.01082611083984,69.32734680175781,81.49044799804688,27.727766036987305,,94.76058197021484,57.666107177734375,70.09858703613281,7.685884952545166,8.257551193237305,46.4947624206543,,28.997970581054688,77.12033081054688,68.70899963378906,81.94950103759766,7.199421405792236,40.47105026245117,94.3104019165039,71.53519439697266,2.209886312484741,8.334514617919922
2025-08-15,8.592843055725098,128.2234344482422,141.7335662841797,12.48189640045166,95.440673828125,17.459789276123047,93.12625885009766,5.490556240081787,74.04681396484375,54.267181396484375,89.37629699707031,90.2625732421875,74.73284912109375,101.73219299316406,80.23853302001953,76.45999908447266,78.3487319946289,6.065771579742432,73.12115478515625,73.97276306152344,46.02211380004883,8.75854206085205,113.17560577392578,99.77900695800781,89.49498748779297,4.501779556274414,58.68301773071289,37.365970611572266,116.3929443359375,9.23708438873291,68.63973236083984,83.17115020751953,25.070222854614258,6.463915824890137,68.08403778076172,69.9005355834961,7.724349021911621,6.916453838348389,19.223337173461914,80.45946502685547,76.23503875732422,69.12760162353516,82.18141174316406,27.602705001831055,,95.6938247680664,57.48995590209961,70.41192626953125,7.77588415145874,8.30137825012207,46.62239456176758,,28.6595401763916,76.68220520019531,68.7700424194336,81.9921875,7.181710243225098,40.48598098754883,94.2464599609375,72.52324676513672,2.236193895339966,8.334514617919922
2025-08-18,8.619921684265137,128.52261352539062,141.26734924316406,12.500554084777832,95.27384948730469,17.579883575439453,93.16197204589844,5.472254753112793,73.7488021850586,54.02824401855469,89.45930480957031,90.28865051269531,74.4929428100586,102.29834747314453,80.02816772460938,76.28063201904297,78.49433135986328,6.065771579742432,72.87726593017578,73.9264907836914,46.13327407836914,8.77682876586914,114.46138763427734,100.24214172363281,89.4675521850586,4.510930061340332,58.31160354614258,37.44813537597656,117.12679290771484,9.255411148071289,68.96119689941406,83.54115295410156,25.793489456176758,6.499529838562012,68.0750732421875,70.13656616210938,7.742740631103516,6.952571392059326,19.5103816986084,81.18763732910156,75.93009948730469,69.26654815673828,82.14598083496094,27.772432327270508,,95.18986511230469,57.83298873901367,71.12813568115234,7.784884452819824,8.327677726745605,45.97511672973633,,28.454702377319336,76.87388610839844,68.47351837158203,82.0551986694336,7.181710243225098,40.51585006713867,93.03148651123047,71.84956359863281,2.2274250984191895,8.343694686889648
2025-08-19,8.619921684265137,128.410400390625,140.80111694335938,12.447810173034668,95.03289031982422,17.441312789916992,92.59945678710938,5.399047374725342,73.5140380859375,54.107887268066406,89.60686492919922,90.70513916015625,74.44681549072266,102.92948913574219,80.10135650634766,76.40620422363281,78.567138671875,6.019538879394531,71.9017105102539,73.66741943359375,46.327816009521484,8.74025821685791,113.84645080566406,99.50110626220703,89.38520812988281,4.501779556274414,58.26518249511719,37.38422393798828,118.34368896484375,9.24826431274414,69.42446899414062,83.27040100097656,25.57563591003418,6.490626335144043,68.03919982910156,69.58280181884766,7.715153694152832,6.880336284637451,19.362510681152344,80.90896606445312,74.3695297241211,69.32734680175781,82.19026947021484,27.745628356933594,,95.89912414550781,57.83298873901367,70.91326904296875,7.784884452819824,8.30137825012207,45.801902770996094,,28.427982330322266,76.68220520019531,68.64794158935547,82.0551986694336,7.172855377197266,40.674137115478516,93.48825073242188,72.00227355957031,2.2011165618896484,8.343694686889648
2025-08-20,8.60186767578125,128.4759063720703,141.2580108642578,12.426470756530762,95.03289031982422,17.487504959106445,92.09053039550781,5.399047374725342,73.66754150390625,54.36453628540039,89.60686492919922,90.64035034179688,74.37297821044922,101.60223388671875,79.06782531738281,76.0025863647461,78.39422607421875,6.010292053222656,72.24497985839844,73.74144744873047,46.077701568603516,8.749399185180664,114.03278350830078,100.40888214111328,89.17477416992188,4.501779556274414,58.033050537109375,36.973411560058594,116.53228759765625,9.239022254943848,70.43609619140625,83.29747772216797,25.453641891479492,6.490626335144043,67.44723510742188,70.07300567626953,7.715153694152832,6.871307849884033,19.275527954101562,80.28865814208984,75.49063110351562,69.2405014038086,81.55244445800781,27.59377098083496,,95.40451049804688,57.83298873901367,71.0833740234375,7.838882923126221,8.29261302947998,46.130096435546875,,28.50813865661621,77.58584594726562,68.03742980957031,82.10020446777344,6.969181060791016,40.530784606933594,93.95413970947266,73.1609878540039,2.192347288131714,8.343694686889648
2025-08-21,8.592843055725098,128.20474243164062,141.26734924316406,12.36872386932373,95.35725402832031,17.39512062072754,92.5458984375,5.353293418884277,73.5140380859375,54.337989807128906,90.36312103271484,91.6307144165039,74.4098892211914,102.73457336425781,79.34220123291016,75.6258773803711,78.73091888427734,6.028785228729248,72.99468994140625,74.00975799560547,46.22591781616211,8.749399185180664,113.99552154541016,100.77938079833984,88.80883026123047,4.456029891967773,58.30232620239258,36.863861083984375,116.48585510253906,9.239022254943848,70.43609619140625,83.75774383544922,24.5648136138916,6.481723785400391,67.89569854736328,69.62818908691406,7.770328044891357,6.934513092041016,19.205944061279297,80.27967071533203,75.69691467285156,69.4749755859375,81.85364532470703,27.692033767700195,,95.40451049804688,57.83298873901367,71.20870208740234,7.820883274078369,8.336443901062012,45.94776916503906,,28.321109771728516,77.73189544677734,67.14781951904297,82.10020446777344,6.845206260681152,40.68608093261719,93.99068450927734,73.31369018554688,2.192347288131714,8.334514617919922
2025-08-22,8.610894203186035,128.3543243408203,142.19979858398438,12.364958763122559,95.42213439941406,17.52445411682129,92.44766998291016,5.399047374725342,73.8932876586914,54.32913589477539,90.18790435791016,91.4085922241211,74.46525573730469,102.36331939697266,79.29647827148438,76.2447509765625,78.6672134399414,6.028785228729248,72.54303741455078,74.49088287353516,46.21665573120117,8.75854206085205,114.13529205322266,101.71492767333984,88.7447738647461,4.474329948425293,58.246612548828125,36.991668701171875,116.95030975341797,9.229784965515137,70.9088134765625,83.34260559082031,24.486385345458984,6.526240348815918,67.91362762451172,69.5010986328125,7.742740631103516,6.943541526794434,19.37990951538086,80.4774398803711,75.14083862304688,69.41417694091797,81.6056137084961,27.55803680419922,,95.35785675048828,57.83298873901367,70.79689025878906,7.856882095336914,8.327677726745605,49.202396392822266,,28.04502296447754,78.4803695678711,67.3484115600586,82.08219909667969,6.827495098114014,40.75178909301758,94.4565658569336,73.55620574951172,2.2274250984191895,8.334514617919922
2025-08-25,8.592843055725098,128.67221069335938,142.19979858398438,12.377511978149414,95.43140411376953,17.699974060058594,92.52803039550781,5.444801330566406,73.59529876708984,54.38223648071289,90.01265716552734,92.05645751953125,74.94507598876953,102.63247680664062,79.20501708984375,76.19092559814453,78.75823211669922,6.04727840423584,72.44367980957031,73.4731216430664,46.22591781616211,8.804254531860352,114.29367065429688,101.0850601196289,88.67157745361328,4.483480453491211,58.088768005371094,37.429874420166016,116.94100952148438,9.239022254943848,70.1997299194336,83.33358001708984,24.181396484375,6.5084333419799805,68.01228332519531,69.80974578857422,7.770328044891357,6.952571392059326,19.310321807861328,80.76512908935547,76.1453628540039,70.0394515991211,82.47374725341797,27.602705001831055,,94.53661346435547,57.83298873901367,71.59366607666016,7.81188440322876,8.30137825012207,46.75465774536133,,28.2320556640625,78.51687622070312,67.88043975830078,83.72061157226562,6.995747089385986,40.760746002197266,94.75802612304688,73.94245147705078,2.209886312484741,8.343694686889648
2025-08-26,8.64699935913086,130.2802734375,142.65672302246094,12.452831268310547,95.54261016845703,17.69073486328125,93.22447967529297,5.399047374725342,73.91136169433594,54.34683609008789,90.84270477294922,92.35263061523438,74.60367584228516,102.27978515625,79.15013885498047,76.11022186279297,78.90380859375,6.056525230407715,72.61532592773438,73.38986206054688,45.88315200805664,8.804254531860352,115.99871063232422,101.57599639892578,88.77222442626953,4.520080089569092,58.10733413696289,37.429874420166016,116.8481216430664,9.239022254943848,70.68191528320312,83.22528839111328,24.050683975219727,6.5084333419799805,67.83289337158203,70.28179168701172,7.797914505004883,6.9254841804504395,19.214641571044922,80.72915649414062,75.62516021728516,70.22183227539062,82.38516998291016,27.566972732543945,,94.92855072021484,57.83298873901367,71.46833801269531,7.802884578704834,8.31014633178711,46.74549102783203,,28.009401321411133,77.31201171875,68.29035949707031,83.18048095703125,6.995747089385986,40.62037658691406,94.93158721923828,73.65501403808594,2.2011165618896484,8.325337409973145
2025-08-27,8.628947257995605,129.83151245117188,142.93641662597656,12.51559829711914,95.26457977294922,17.533695220947266,93.73340606689453,5.344141006469727,73.94747161865234,54.691978454589844,91.00870513916016,92.4451904296875,75.06502532958984,104.26597595214844,78.74771881103516,76.26268005371094,79.1222152709961,6.075018405914307,72.03720092773438,73.74144744873047,46.31855010986328,8.813400268554688,116.26890563964844,101.23326873779297,88.83626556396484,4.510930061340332,58.0701904296875,37.34770965576172,116.0213851928711,9.257501602172852,69.90664672851562,82.9365005493164,23.62369728088379,6.5351433753967285,67.71630859375,70.48152160644531,7.899067401885986,6.943541526794434,19.17984962463379,81.5022964477539,75.84040069580078,70.49974060058594,82.21684265136719,27.59377098083496,,94.71391296386719,57.83298873901367,70.45668029785156,7.820883274078369,8.3189115524292,46.76382064819336,,28.365642547607422,77.44893646240234,68.2816390991211,83.13545227050781,6.995747089385986,40.6771240234375,95.37007904052734,73.40350341796875,2.209886312484741,8.306979179382324
2025-08-28,8.628947257995605,130.3176727294922,143.42135620117188,12.570832252502441,95.57041931152344,17.663022994995117,93.66197967529297,5.362443923950195,74.2183837890625,55.25836944580078,90.5291519165039,92.54701232910156,76.56909942626953,103.52348327636719,79.69891357421875,76.41515350341797,79.1677017211914,6.038032054901123,72.33529663085938,75.40686798095703,46.142539978027344,8.89568042755127,116.4645767211914,101.918701171875,88.7447738647461,4.510930061340332,58.09804916381836,37.439002990722656,119.20757293701172,9.266740798950195,70.43609619140625,83.03578186035156,23.9112606048584,6.561853885650635,67.71630859375,70.76293182373047,7.908262252807617,6.952571392059326,19.310321807861328,81.71804809570312,75.51753997802734,70.86447143554688,82.89897155761719,27.55803680419922,,95.00321960449219,57.83298873901367,70.62678527832031,7.847884178161621,8.37150764465332,47.13052749633789,,28.312206268310547,78.04222869873047,68.21186828613281,83.31551361083984,6.986891746520996,40.736854553222656,95.80855560302734,73.98736572265625,2.2274250984191895,8.261085510253906
2025-08-29,8.68310260772705,131.3554229736328,144.52163696289062,12.791768074035645,96.58988952636719,17.663022994995117,94.10841369628906,5.40819787979126,73.95651245117188,55.04597473144531,91.58050537109375,92.5562744140625,77.41802215576172,105.15699768066406,79.92756652832031,77.70667266845703,79.6227035522461,6.093511581420898,72.63338470458984,76.79473114013672,46.494564056396484,8.987106323242188,116.4645767211914,102.89129638671875,89.25711059570312,4.538380146026611,57.9401969909668,37.70375442504883,121.8642578125,9.368368148803711,72.12845611572266,83.38774108886719,24.346961975097656,6.633081912994385,68.04815673828125,72.02477264404297,7.991021633148193,6.952571392059326,19.58867073059082,82.54512023925781,75.69691467285156,70.9947509765625,82.91668701171875,27.78136444091797,,95.82447052001953,57.83298873901367,71.02965545654297,7.919881343841553,8.397804260253906,48.03812789916992,,28.499231338500977,78.09699249267578,68.20314025878906,83.4055404663086,7.022313594818115,40.835411071777344,95.46142578125,74.06819915771484,2.2625021934509277,8.28862190246582
2025-09-01,8.683103561401367,131.07289123535156,147.3953399658203,12.99889850616455,96.58055114746094,17.737510681152344,94.2314682006836,5.358310222625732,73.71268463134766,54.426483154296875,91.59911346435547,92.53775787353516,78.15330505371094,105.48429107666016,78.74742126464844,78.91748809814453,80.03218078613281,6.121251106262207,72.14559936523438,76.99993896484375,46.04064178466797,9.051103591918945,117.35577392578125,102.92864990234375,89.80209350585938,4.575352191925049,57.82790756225586,37.667232513427734,117.97268676757812,9.368368148803711,71.88117980957031,83.74374389648438,24.55609893798828,6.6241774559021,68.67403411865234,71.3461685180664,8.074649810791016,6.96170711517334,19.771333694458008,82.4360580444336,75.33386993408203,70.39644622802734,83.02298736572266,27.96895408630371,,98.42855834960938,58.470367431640625,70.2690200805664,7.883511066436768,8.424103736877441,48.487327575683594,,28.94453239440918,76.77582550048828,68.63603973388672,82.92841339111328,7.008869171142578,40.91604995727539,95.7103271484375,74.51345825195312,2.3589656352996826,8.33772087097168
2025-09-02,8.673981666564941,133.50228881835938,145.41380310058594,13.013960838317871,96.12288665771484,17.560604095458984,94.25859832763672,5.339833736419678,73.45984649658203,54.426483154296875,90.34369659423828,92.38966369628906,77.13880920410156,104.54914093017578,79.10699462890625,79.05201721191406,79.00391387939453,6.130497932434082,71.65782928466797,75.4049072265625,46.45751190185547,8.940274238586426,116.86756896972656,103.00333404541016,89.92217254638672,4.5661091804504395,57.59397888183594,37.95024108886719,117.48624420166016,9.405325889587402,71.42466735839844,83.75286865234375,24.55609893798828,6.588564872741699,68.57425689697266,71.16275787353516,8.167569160461426,6.934299468994141,19.67565155029297,82.62692260742188,74.01779174804688,69.86853790283203,83.4039077758789,28.22800636291504,,97.4226303100586,58.470367431640625,69.96113586425781,7.874417781829834,8.441635131835938,47.67141342163086,,28.784225463867188,77.46875,68.48584747314453,82.83839416503906,6.99990701675415,40.787628173828125,95.86705017089844,73.9319076538086,2.3589656352996826,8.36551284790039
2025-09-03,8.673981666564941,135.63975524902344,147.3389892578125,13.020238876342773,96.90747833251953,17.616470336914062,94.76508331298828,5.450695037841797,73.94747161865234,54.38223648071289,90.34369659423828,92.64881896972656,78.04161071777344,106.79348754882812,79.88145446777344,79.60809326171875,79.05850219726562,6.093511581420898,71.8836441040039,75.82465362548828,46.19812774658203,8.931037902832031,116.25730895996094,103.77822875976562,89.6912612915039,4.538379669189453,57.977622985839844,38.26976013183594,117.46753692626953,9.405325889587402,71.14885711669922,83.68897247314453,24.486385345458984,6.5796613693237305,68.66497039794922,71.43787384033203,8.232612609863281,6.952571392059326,19.76263427734375,83.07228088378906,74.7892837524414,69.99171447753906,83.83797454833984,28.50493049621582,,98.41915130615234,58.470367431640625,69.97923278808594,7.865324974060059,8.397804260253906,49.86246871948242,,32.952239990234375,77.5241928100586,68.31798553466797,82.9194107055664,6.99990701675415,40.6771240234375,95.27703857421875,73.85919189453125,2.3326575756073,8.356249809265137
2025-09-04,8.683103561401367,136.2989044189453,145.9960479736328,13.055389404296875,96.91680908203125,17.616470336914062,94.95500946044922,5.46917200088501,74.2093505859375,54.38223648071289,90.32508850097656,92.48221588134766,77.53901672363281,107.13013458251953,79.55876159667969,78.84573364257812,79.17681121826172,6.121251106262207,71.71202087402344,76.20708465576172,46.18885803222656,8.903331756591797,116.2667007446289,103.7502212524414,89.7374496459961,4.556866645812988,57.90277099609375,38.342796325683594,117.48624420166016,9.377608299255371,70.92061614990234,83.85328674316406,24.407957077026367,6.6152753829956055,68.56517028808594,71.3461685180664,8.306946754455566,6.943435192108154,19.701745986938477,82.87232208251953,74.06316375732422,69.98291778564453,84.48466491699219,28.495994567871094,,97.2440185546875,58.470367431640625,70.0879135131836,7.838046073913574,8.432868957519531,49.59661102294922,,32.49803161621094,76.8589859008789,68.25613403320312,83.30651092529297,6.99990701675415,40.91604995727539,95.32313537597656,73.61384582519531,2.280041217803955,8.33772087097168
2025-09-05,8.710466384887695,136.80735778808594,145.8645782470703,13.150793075561523,97.43987274169922,17.793376922607422,94.55705261230469,5.450695037841797,73.7488021850586,54.550384521484375,90.79935455322266,93.3429946899414,78.92581176757812,107.990478515625,80.02899169921875,80.5318832397461,79.93208312988281,6.139744281768799,72.24497985839844,77.69953155517578,46.13327407836914,8.949508666992188,117.06471252441406,105.19727325439453,89.82980346679688,4.547624111175537,58.015052795410156,38.57102584838867,118.77719116210938,9.479238510131836,70.37850189208984,84.09062194824219,24.425390243530273,6.633081912994385,69.59923553466797,71.48372650146484,8.362699508666992,6.998251438140869,19.81482696533203,84.19928741455078,75.33386993408203,69.74535369873047,84.28974914550781,28.629987716674805,,96.78335571289062,58.470367431640625,70.6312255859375,7.819860935211182,8.459165573120117,49.96331024169922,,30.298250198364258,77.42256164550781,68.4593505859375,83.71160125732422,7.008869171142578,40.69205856323242,95.32313537597656,73.6229248046875,2.3238883018493652,8.36551284790039
2025-09-08,8.801673889160156,134.86761474609375,146.0148162841797,13.168367385864258,97.56129455566406,17.90511131286621,95.19015502929688,5.487648963928223,73.59799194335938,54.79817199707031,90.5854721069336,93.48182678222656,79.7076187133789,108.33647918701172,80.1211929321289,80.8727035522461,79.58629608154297,6.176730632781982,72.61532592773438,78.1658935546875,46.94575119018555,8.98645305633545,116.98961639404297,103.46078491210938,89.6912612915039,4.5661091804504395,58.015052795410156,38.85680389404297,117.67333221435547,9.590106010437012,71.94775390625,85.8067626953125,23.623252868652344,6.6241774559021,69.39968872070312,71.91474151611328,8.474201202392578,7.016524314880371,19.71786880493164,84.00843048095703,76.01458740234375,69.71016693115234,84.38720703125,28.623626708984375,,98.7105712890625,58.470367431640625,71.0206069946289,7.810768127441406,8.511763572692871,50.054988861083984,,30.424264907836914,76.84974670410156,68.62720489501953,83.18048095703125,7.06264591217041,40.70101547241211,95.30469512939453,74.34989166259766,2.3141350746154785,8.374777793884277
2025-09-09,8.783434867858887,133.47406005859375,146.38108825683594,13.08049488067627,97.79480743408203,18.016843795776367,95.59713745117188,5.543079376220703,73.09795379638672,54.700828552246094,90.76216125488281,93.74098205566406,80.97340393066406,108.2803726196289,80.32402801513672,79.88612365722656,79.79559326171875,6.102757930755615,72.12753295898438,78.61361694335938,47.384666442871094,8.98645305633545,116.5483627319336,103.57281494140625,89.66355895996094,4.556866645812988,57.82790756225586,38.93977355957031,117.3178482055664,9.636301040649414,70.8540267944336,85.38685607910156,23.623252868652344,6.606371879577637,69.0731430053711,72.538330078125,8.539244651794434,6.97084379196167,19.444622039794922,83.95388793945312,75.6969223022461,69.38462829589844,84.63525390625,29.056230545043945,,98.8891830444336,58.470367431640625,71.21981811523438,7.865324974060059,8.494230270385742,50.78839874267578,,30.370258331298828,77.30245208740234,68.5565185546875,83.2975082397461,7.06264591217041,40.736854553222656,95.23095703125,73.8228530883789,2.3230013847351074,8.346985816955566
2025-09-10,8.89288330078125,134.74525451660156,146.8318634033203,13.042835235595703,98.00030517578125,18.063398361206055,95.57905578613281,5.533841609954834,72.65245819091797,54.163753509521484,90.9946517944336,93.94462585449219,81.90413665771484,108.33647918701172,79.8353500366211,80.62156677246094,79.85071563720703,6.149415493011475,72.94049835205078,78.37108612060547,46.41344451904297,9.041869163513184,116.33243560791016,103.74087524414062,89.67278289794922,4.529136657714844,58.2677001953125,39.52055358886719,118.7397689819336,9.636301040649414,70.74942016601562,85.48725891113281,23.561552047729492,6.6241774559021,69.38153839111328,72.39159393310547,8.529953002929688,6.96170711517334,19.568021774291992,84.15383911132812,78.45613098144531,69.36701202392578,84.8416976928711,29.281539916992188,,99.63187408447266,58.470367431640625,70.55878448486328,7.865324974060059,8.520529747009277,50.467525482177734,,29.82118034362793,77.78287506103516,69.2632827758789,83.67558288574219,7.035758018493652,40.748802185058594,95.21250915527344,73.89554595947266,2.2964019775390625,8.356249809265137
2025-09-11,8.90200424194336,133.70945739746094,147.32020568847656,13.08049488067627,98.28050994873047,18.007532119750977,95.71470642089844,5.496887683868408,71.5523452758789,53.89521789550781,91.15274047851562,94.12972259521484,81.39224243164062,107.82215881347656,80.30558776855469,80.39484405517578,79.83235168457031,6.1680779457092285,72.83097839355469,78.67892456054688,46.665584564208984,9.01416015625,116.67040252685547,104.28235626220703,89.64507293701172,4.529136657714844,57.893409729003906,39.64961242675781,118.93622589111328,9.617822647094727,70.99669647216797,85.26818084716797,23.6761417388916,6.619675636291504,69.16384887695312,72.40076446533203,8.576412200927734,6.998251438140869,19.823638916015625,84.08113861083984,77.15821838378906,69.05907440185547,84.59933471679688,29.290552139282227,,98.6917724609375,58.470367431640625,69.69853210449219,7.865324974060059,8.502758979797363,51.017581939697266,,29.7581729888916,78.32797241210938,69.0335922241211,83.74761962890625,7.071609020233154,40.9847412109375,95.67345428466797,73.65928649902344,2.3052685260772705,8.33772087097168
2025-09-12,8.920246124267578,136.2423858642578,148.193603515625,13.193472862243652,98.85028839111328,18.109954833984375,96.04934692382812,5.552319049835205,71.7796401977539,54.38753128051758,91.74789428710938,95.10155487060547,81.40155029296875,108.29907989501953,81.4119873046875,80.91180419921875,79.97936248779297,6.21473503112793,72.77623748779297,78.98673248291016,47.309959411621094,9.051103591918945,116.86756896972656,105.08524322509766,89.82980346679688,4.603082180023193,58.174129486083984,40.046016693115234,119.21686553955078,9.6824951171875,71.957275390625,85.54203033447266,23.587993621826172,6.628681659698486,69.11849975585938,72.65754699707031,8.604289054870605,7.016524314880371,19.991113662719727,84.52648162841797,78.0567626953125,68.9710922241211,85.38923645019531,29.281539916992188,,99.07722473144531,58.470367431640625,70.2871322631836,7.910788536071777,8.511642456054688,50.26584243774414,,29.704166412353516,78.20787048339844,69.61666870117188,84.02667999267578,7.071609020233154,40.88618087768555,95.87627410888672,74.08638000488281,2.3052685260772705,8.374777793884277
2025-09-15,8.911125183105469,137.65480041503906,148.0996551513672,13.281349182128906,99.22391510009766,18.20306396484375,96.66435241699219,5.561556816101074,72.47061157226562,54.32487487792969,93.2636947631836,94.91645812988281,81.20608520507812,108.8508071899414,80.44388580322266,80.92996215820312,79.91504669189453,6.224066734313965,73.26901245117188,79.05203247070312,46.889705657958984,9.115755081176758,117.30882263183594,105.98149871826172,89.9683609008789,4.621568202972412,57.98698425292969,40.23039245605469,118.02880859375,9.774887084960938,71.73851013183594,85.57854461669922,23.57036781311035,6.646694660186768,69.61737823486328,74.42745208740234,8.725083351135254,7.053069114685059,19.673795700073242,84.98094940185547,78.84642028808594,69.72776794433594,85.3443603515625,29.47079849243164,,100.59077453613281,58.470367431640625,70.97531127929688,7.919881343841553,8.547183990478516,50.430850982666016,,30.064218521118164,78.0230941772461,69.97005462646484,83.83323669433594,7.107459545135498,40.742828369140625,94.98204803466797,74.73155212402344,2.3141350746154785,8.374777793884277
2025-09-16,8.911125183105469,138.25747680664062,148.47532653808594,13.31900691986084,99.28929138183594,18.193756103515625,95.87750244140625,5.616987228393555,72.18877410888672,54.15480422973633,93.63568115234375,95.53966522216797,80.97340393066406,108.88822174072266,81.63326263427734,80.81204223632812,80.46637725830078,6.233397960662842,72.958740234375,80.68437194824219,48.0850715637207,9.143462181091309,117.14921569824219,106.17755126953125,90.0699691772461,4.640055179595947,58.20220184326172,40.36867141723633,117.02786254882812,9.802604675292969,71.70047760009766,85.66069030761719,23.535110473632812,6.691726207733154,70.11627960205078,74.48246002197266,8.67862319946289,7.053069114685059,19.832454681396484,84.35379791259766,79.41822814941406,69.86853790283203,85.21869659423828,30.08365249633789,,100.16771697998047,58.470367431640625,70.81233215332031,7.983531475067139,8.573836326599121,51.796817779541016,,30.25324249267578,79.3442611694336,70.14675903320312,84.09713745117188,7.116422653198242,40.64725875854492,95.09266662597656,74.73155212402344,2.3230013847351074,8.374777793884277
2025-09-17,8.911125183105469,138.67176818847656,149.15151977539062,13.419431686401367,99.43875122070312,18.379972457885742,95.59713745117188,5.589272499084473,72.86156463623047,54.217464447021484,93.83096313476562,95.89409637451172,81.3084716796875,109.33706665039062,81.94672393798828,81.0750732421875,80.4847412109375,6.280055522918701,73.4150161743164,80.68437194824219,47.96366882324219,9.161934852600098,116.8581771850586,106.14952850341797,89.94987487792969,4.63081169128418,58.136695861816406,40.276485443115234,117.15882110595703,9.821081161499023,71.51976013183594,85.65157318115234,23.482219696044922,6.709738254547119,70.5788803100586,76.02310943603516,8.641456604003906,7.034796237945557,19.70905303955078,84.21748352050781,78.7011947631836,70.31725311279297,85.50592803955078,30.55230140686035,,100.58136749267578,58.470367431640625,70.90287780761719,7.956253528594971,8.573836326599121,51.393455505371094,,30.2712459564209,79.3257827758789,67.8497543334961,84.2700424194336,7.125384330749512,40.763736724853516,95.36001586914062,74.60433959960938,2.3407340049743652,8.36551284790039
2025-09-18,8.874643325805664,139.68870544433594,149.07638549804688,13.32779312133789,99.24258422851562,18.193756103515625,95.09970092773438,5.616987228393555,72.93428802490234,53.850460052490234,93.58917999267578,95.66092681884766,81.3829345703125,110.04779052734375,81.5226058959961,80.73948669433594,80.12638092041016,6.261392593383789,73.05912780761719,80.7403335571289,47.81425094604492,9.124991416931152,117.35577392578125,105.14126586914062,89.72819519042969,4.667784214019775,58.005699157714844,39.6219596862793,117.40205383300781,9.802604675292969,71.32954406738281,85.4781265258789,23.57918357849121,6.7277512550354,70.29768371582031,75.07854461669922,8.669330596923828,7.034796237945557,19.73549461364746,83.99026489257812,78.51966094970703,69.93892669677734,85.60467529296875,30.236860275268555,,100.99501037597656,58.470367431640625,70.59500122070312,7.928974151611328,8.609376907348633,51.93434524536133,,30.433271408081055,79.17796325683594,67.8497543334961,84.31556701660156,7.09849739074707,40.80255889892578,96.21736907958984,74.72247314453125,2.3407340049743652,8.402569770812988
2025-09-19,8.938488960266113,138.04087829589844,149.7900848388672,13.29358196258545,101.15737915039062,18.622058868408203,93.65264892578125,5.672418594360352,74.54354095458984,54.790340423583984,94.31452178955078,95.17589569091797,81.7645263671875,109.3183822631836,82.69354248046875,81.09321594238281,79.98857116699219,6.308050155639648,73.08650207519531,80.68437194824219,48.0290412902832,9.115755081176758,118.56687927246094,105.4493408203125,89.59888458251953,4.63081169128418,58.015052795410156,40.47007751464844,116.6443099975586,9.768389701843262,72.28062438964844,86.35445404052734,23.790733337402344,6.754771709442139,70.751220703125,75.57376098632812,8.762251853942871,7.0713396072387695,19.823638916015625,83.61760711669922,79.5634536743164,70.38764190673828,85.21869659423828,30.08365249633789,,102.24534606933594,58.470367431640625,71.25604248046875,7.919881343841553,8.511642456054688,51.05425262451172,,30.730308532714844,79.45513153076172,67.89392852783203,84.7250747680664,7.134347915649414,41.02058029174805,96.21736907958984,75.05868530273438,2.3407340049743652,8.458155632019043
2025-09-22,8.938488960266113,138.88833618164062,149.32054138183594,13.277119636535645,101.15737915039062,18.59412956237793,94.37617492675781,5.635464191436768,73.50707244873047,53.70724105834961,93.92395782470703,95.03598022460938,81.96929168701172,109.13134002685547,81.6055908203125,81.61019134521484,79.66695404052734,6.308050155639648,73.0773696899414,79.09867095947266,47.98234939575195,9.115755081176758,119.03630065917969,104.99188232421875,89.58963775634766,4.593838691711426,58.015052795410156,40.11054611206055,119.40396118164062,9.777700424194336,71.49124908447266,86.23578643798828,23.402889251708984,6.763777732849121,70.12532806396484,74.3999252319336,8.762251853942871,7.007388114929199,19.6826114654541,83.8902816772461,78.76472473144531,70.02690887451172,85.48797607421875,30.092660903930664,,101.53086853027344,58.470367431640625,71.24698638916016,7.910788536071777,8.484990119934082,50.79756164550781,,30.964344024658203,80.19425201416016,66.33020782470703,84.9798812866211,7.152273178100586,40.82645034790039,96.56768035888672,75.23133850097656,2.3230013847351074,8.421099662780762
2025-09-23,8.929368019104004,139.36856079101562,149.23602294921875,13.242931365966797,101.25079345703125,18.76172637939453,94.17262268066406,5.681657791137695,73.734375,53.617733001708984,93.97046661376953,95.32512664794922,82.36951446533203,111.37570190429688,81.21835327148438,81.82787322998047,80.40205383300781,6.326712608337402,72.6941146850586,80.04076385498047,48.1411018371582,9.143462181091309,118.46361541748047,105.96282196044922,89.64507293701172,4.640055179595947,58.015052795410156,40.10132598876953,118.59009552001953,9.777700424194336,72.21405029296875,86.05321502685547,23.455778121948242,6.781789779663086,70.38838958740234,74.46412658691406,8.827295303344727,7.025660037994385,19.850082397460938,83.69940185546875,79.2366943359375,70.06209564208984,85.40718078613281,30.44414710998535,,102.01972198486328,58.470367431640625,71.05682373046875,7.883511066436768,8.476104736328125,50.9259033203125,,30.595287322998047,79.45513153076172,66.34786987304688,85.45310974121094,7.125384330749512,40.99668884277344,97.24066925048828,75.78564453125,2.3318679332733154,8.402569770812988
2025-09-24,8.938488960266113,138.88833618164062,149.88401794433594,13.296114921569824,101.44694519042969,18.69654655456543,94.50628662109375,5.672418594360352,73.28887176513672,53.32234191894531,93.84956359863281,95.884765625,82.22989654541016,111.85261535644531,80.53607940673828,81.06600189208984,80.65933227539062,6.317380905151367,72.54810333251953,79.95681762695312,48.916221618652344,9.152698516845703,118.24766540527344,106.95243835449219,89.7189712524414,4.640055179595947,57.9401969909668,40.276485443115234,120.19911193847656,9.777700424194336,71.87165832519531,85.93453979492188,23.482219696044922,6.835827827453613,70.2523422241211,74.00560760498047,8.855169296264648,7.08961296081543,19.90296745300293,83.68122100830078,79.4363784790039,70.23807525634766,85.12893676757812,30.642417907714844,,101.92571258544922,58.470367431640625,70.41390228271484,7.956253528594971,8.440566062927246,50.27952575683594,,30.22623634338379,80.07413482666016,66.70126342773438,85.08909606933594,7.107459545135498,40.736854553222656,97.24988555908203,75.98556518554688,2.3230013847351074,8.384042739868164
2025-09-25,8.938488960266113,138.93540954589844,150.78555297851562,13.373359680175781,102.03538513183594,18.817590713500977,95.05448913574219,5.672418594360352,73.67981719970703,53.48346710205078,93.69148254394531,95.97803497314453,82.36951446533203,111.49727630615234,80.83112335205078,81.18391418457031,80.0528793334961,6.317380905151367,72.5845947265625,80.48847961425781,48.56135177612305,9.152698516845703,118.1256332397461,107.9140396118164,89.61734771728516,4.640055179595947,57.91212463378906,39.91695785522461,118.8988037109375,9.78701400756836,72.27111053466797,86.1262435913086,23.156078338623047,6.835827827453613,70.3158187866211,72.58417510986328,8.818000793457031,7.080477237701416,19.691421508789062,83.70850372314453,78.99162292480469,69.90371704101562,86.27787780761719,30.51624870300293,,102.21715545654297,58.470367431640625,70.6312255859375,7.947160243988037,8.422796249389648,50.77816390991211,,30.010210037231445,80.17576599121094,66.70126342773438,84.7250747680664,7.152273178100586,40.90410614013672,96.7520523071289,76.38539123535156,2.3141350746154785,8.374777793884277
2025-09-26,8.929368019104004,139.18966674804688,150.409912109375,13.40121841430664,102.27824401855469,18.70585823059082,94.78315734863281,5.6908955574035645,74.37080383300781,53.69829559326172,93.73796844482422,96.21122741699219,81.73661041259766,113.90059661865234,80.72969055175781,82.3448486328125,80.76041412353516,6.317380905151367,73.6796646118164,80.76831817626953,49.588600158691406,9.189640998840332,119.23345947265625,109.12770080566406,90.42098236083984,4.65854024887085,57.81855010986328,39.723365783691406,118.80526733398438,9.80563735961914,73.08901977539062,86.49137878417969,23.18252182006836,6.817815780639648,70.58794403076172,72.81343841552734,8.74366569519043,7.08961296081543,19.92060089111328,84.0629653930664,78.8282699584961,69.82454681396484,86.34967803955078,30.849708557128906,,101.7846908569336,58.470367431640625,71.03871154785156,7.983531475067139,8.458335876464844,51.06441879272461,,29.920194625854492,80.18501281738281,66.70126342773438,85.45310974121094,7.161235332489014,40.856319427490234,97.19456481933594,76.45808410644531,2.3230013847351074,8.36551284790039
2025-09-29,8.938488960266113,139.12374877929688,151.21755981445312,13.30877685546875,102.5397720336914,18.98518943786621,94.90979766845703,5.681657791137695,73.17977142333984,53.617733001708984,93.98904418945312,96.2765121459961,81.84829711914062,114.75157165527344,80.7481460571289,82.53531646728516,80.346923828125,6.289386749267578,73.64315795898438,80.11538696289062,49.49522018432617,9.24505615234375,119.1865234375,109.05301666259766,90.90130615234375,4.677026748657227,57.96826934814453,40.03680419921875,119.60975646972656,9.824262619018555,73.14608764648438,86.73784637451172,23.18252182006836,6.817815780639648,71.86691284179688,72.99685668945312,8.752959251403809,7.098748683929443,19.850082397460938,84.27200317382812,77.92062377929688,69.94771575927734,86.26888275146484,30.678476333618164,,102.32997131347656,60.39710998535156,71.52769470214844,8.0471830368042,8.476104736328125,50.3256950378418,,30.145233154296875,79.99099731445312,67.16947937011719,85.6533203125,7.161235332489014,40.76970672607422,96.05142974853516,77.23047637939453,2.3230013847351074,8.36551284790039
2025-09-30,8.911125183105469,139.35914611816406,152.14730834960938,13.334104537963867,103.31504821777344,19.04105567932129,95.05448913574219,5.681657791137695,73.39797973632812,53.70724105834961,93.9797592163086,96.69624328613281,82.50911712646484,115.43423461914062,80.9233169555664,82.435546875,80.4112319946289,6.252060890197754,73.42414093017578,80.60042572021484,50.27033615112305,9.263527870178223,119.14895629882812,109.04368591308594,91.14146423339844,4.75097131729126,57.977622985839844,40.184303283691406,119.27298736572266,9.870823860168457,74.18274688720703,86.99343872070312,23.18252182006836,6.880859851837158,71.93040466308594,73.13440704345703,8.613580703735352,7.126156806945801,19.81482696533203,84.43560028076172,77.44865417480469,70.80997467041016,86.35865020751953,30.687484741210938,,102.19834899902344,60.39710998535156,71.53675842285156,8.001717567443848,8.493874549865723,50.41802978515625,,29.8571834564209,80.17576599121094,67.23133850097656,85.40760803222656,7.20604944229126,41.55517578125,97.24066925048828,76.84882354736328,2.3141350746154785,8.36551284790039
2025-10-01,8.791327476501465,137.70957946777344,151.05992126464844,13.30877685546875,102.79751586914062,18.97539520263672,94.93539428710938,5.705896854400635,71.95238494873047,53.69829559326172,94.19539642333984,96.36979675292969,81.1766586303711,113.54154968261719,80.3941650390625,82.47180938720703,80.07125091552734,6.233397960662842,73.4150161743164,79.53803253173828,49.9808349609375,9.254292488098145,118.76042175292969,108.14070892333984,91.29065704345703,4.704301834106445,58.13794708251953,39.99070358276367,119.22588348388672,9.889446258544922,72.76700592041016,86.88268280029297,23.57036781311035,6.889865398406982,70.66508483886719,72.06912231445312,8.707409858703613,7.015387535095215,20.008745193481445,83.4616928100586,76.70475006103516,70.1768569946289,86.04448699951172,30.696500778198242,,101.79130554199219,60.39710998535156,70.49375915527344,7.9649271965026855,8.458335876464844,50.46420669555664,,29.614154815673828,80.28797149658203,67.73399353027344,84.94347381591797,7.269579887390137,41.08329772949219,97.20345306396484,77.20711517333984,2.3230013847351074,8.368318557739258
2025-10-02,8.8281888961792,136.80899047851562,151.54214477539062,13.279654502868652,102.79751586914062,18.900360107421875,95.43013763427734,5.705896854400635,72.4615249633789,53.62668228149414,93.62348937988281,96.88279724121094,80.79193878173828,111.7430191040039,81.04401397705078,82.03646850585938,80.4755630493164,6.205404281616211,72.99524688720703,78.87051391601562,49.383155822753906,9.208113670349121,119.8198471069336,107.86793518066406,91.63567352294922,4.676300048828125,58.04364013671875,39.73258590698242,119.22588348388672,9.814949989318848,73.41748046875,87.667236328125,23.358814239501953,6.889865398406982,70.30748748779297,72.52303314208984,8.707409858703613,6.987695693969727,20.140960693359375,83.76490020751953,77.07210540771484,69.53484344482422,86.17015838623047,30.804645538330078,,100.62693786621094,60.39710998535156,70.17353057861328,7.95573091506958,8.458335876464844,50.491905212402344,,29.749168395996094,80.97050476074219,67.59037780761719,85.45310974121094,7.26050329208374,41.14004135131836,96.28247833251953,77.96963500976562,2.3230013847351074,8.349617958068848
2025-10-03,8.920342445373535,137.65267944335938,151.7218017578125,13.422744750976562,102.32704162597656,19.144235610961914,95.42096710205078,5.771162033081055,73.1888656616211,53.7967529296875,94.06413269042969,97.13462829589844,80.32276153564453,111.90311431884766,81.09042358398438,83.1701889038086,80.13558197021484,6.205404281616211,72.99524688720703,78.45683288574219,49.243072509765625,9.226584434509277,119.68742370605469,107.8585205078125,93.31414794921875,4.666965961456299,58.109649658203125,40.00914001464844,119.27298736572266,9.898757934570312,73.23573303222656,87.69493103027344,23.358814239501953,6.925891399383545,70.14244842529297,73.18072509765625,8.744941711425781,7.024618625640869,20.202659606933594,83.91190338134766,78.23847198486328,68.94630432128906,86.1521987915039,31.05699920654297,,102.01849365234375,62.380001068115234,70.8688735961914,7.974124908447266,8.476104736328125,50.3256950378418,,30.22623634338379,80.55912017822266,67.365966796875,85.73521423339844,7.2423529624938965,41.02356719970703,96.28247833251953,77.6113510131836,2.3230013847351074,8.368318557739258
2025-10-06,8.855833053588867,137.28297424316406,151.7218017578125,13.36196231842041,102.42113494873047,19.0035400390625,95.329345703125,5.7152204513549805,72.73428344726562,53.62668228149414,93.6141128540039,97.23722076416016,80.22892761230469,111.33812713623047,82.40865325927734,83.12486267089844,80.73284912109375,6.205404281616211,72.75798797607422,78.7200927734375,49.028282165527344,9.2173490524292,119.48877716064453,107.93377685546875,92.78264617919922,4.629631042480469,58.01534652709961,40.00914001464844,120.15886688232422,9.852198600769043,73.23573303222656,87.00267028808594,23.402889251708984,6.898872375488281,70.05077362060547,72.9120864868164,8.820006370544434,7.006157875061035,20.167402267456055,84.02215576171875,78.54154205322266,68.57180786132812,85.75726318359375,30.86773681640625,,102.11315155029297,62.380001068115234,70.47545623779297,7.974124908447266,8.476104736328125,50.14100646972656,,30.595287322998047,80.96116638183594,67.08770751953125,86.24484252929688,7.251427173614502,41.1251106262207,96.41273498535156,77.30818176269531,2.3407340049743652,8.377669334411621
2025-10-07,8.855833053588867,136.84689331054688,151.38140869140625,13.317642211914062,102.42113494873047,18.928497314453125,95.07281494140625,5.752514362335205,72.65245819091797,53.734092712402344,93.91411590576172,96.99472045898438,80.6980972290039,110.76374053955078,81.00687408447266,83.0341567993164,80.35610961914062,6.205404281616211,72.94962310791016,78.40982818603516,48.93489456176758,9.226584434509277,119.29012298583984,107.75506591796875,93.24888610839844,4.657631874084473,58.30768966674805,39.603519439697266,119.25413513183594,9.824262619018555,73.63749694824219,87.68569946289062,23.094375610351562,6.862846851348877,69.99574279785156,72.0228042602539,8.744941711425781,6.987695693969727,20.185029983520508,84.17835235595703,78.77115631103516,68.16162109375,85.79316711425781,30.597360610961914,,102.82313537597656,62.380001068115234,70.04544830322266,7.9649271965026855,8.476104736328125,50.3256950378418,,30.244243621826172,80.94245910644531,66.87227630615234,85.85352325439453,7.21512508392334,41.1251106262207,96.56156158447266,77.31736755371094,2.3141350746154785,8.377669334411621
2025-10-08,8.8281888961792,137.0839080810547,151.14501953125,13.44680404663086,102.72223663330078,18.909738540649414,95.44844818115234,5.733867645263672,71.34942626953125,53.69829559326172,93.47348022460938,96.74287414550781,81.1766586303711,110.0951919555664,82.38082122802734,82.53531646728516,80.04369354248047,6.205404281616211,72.43858337402344,78.42863464355469,48.57728958129883,9.198878288269043,119.53607177734375,107.4634780883789,93.612548828125,4.592295169830322,58.005916595458984,39.37083435058594,118.7452392578125,9.852198600769043,73.54182434082031,86.87345886230469,23.049705505371094,6.835827827453613,69.77569580078125,72.69902801513672,8.754324913024902,7.015387535095215,19.908279418945312,84.69285583496094,79.32218933105469,68.21511840820312,85.89189910888672,30.481889724731445,,101.6492919921875,62.380001068115234,70.42056274414062,7.974124908447266,8.502758979797363,50.750457763671875,,29.66191864013672,81.1481704711914,66.94409942626953,86.24484252929688,7.26050329208374,41.23561477661133,96.57086944580078,76.94989013671875,2.3132383823394775,8.368318557739258
2025-10-09,8.846620559692383,137.34934997558594,150.90863037109375,13.440472602844238,102.05418395996094,18.62834358215332,95.63168334960938,5.7152204513549805,71.23961639404297,53.743045806884766,93.9422607421875,96.67759704589844,80.88577270507812,109.94452667236328,82.10232543945312,82.71670532226562,79.71289825439453,6.205404281616211,72.45683288574219,78.7200927734375,47.993839263916016,9.2173490524292,119.65904235839844,106.99317932128906,93.76175689697266,4.610962867736816,57.449527740478516,39.072994232177734,117.70857238769531,9.80563735961914,73.3600845336914,86.84575653076172,22.99610137939453,6.835827827453613,69.95907592773438,72.7453384399414,8.763708114624023,7.015387535095215,19.908279418945312,84.7939224243164,78.62420654296875,68.21511840820312,85.85599517822266,30.200149536132812,,101.36531829833984,62.380001068115234,70.08203887939453,8.029308319091797,8.529413223266602,50.88896560668945,,29.689218521118164,81.77460479736328,67.23133850097656,85.58960723876953,7.2423529624938965,41.8120231628418,96.74761962890625,77.2622299194336,2.304272413253784,8.387019157409668
2025-10-10,8.800543785095215,138.18359375,151.28684997558594,13.378424644470215,102.6469497680664,18.740901947021484,95.92487335205078,5.7152204513549805,70.83690643310547,53.489200592041016,94.5704116821289,96.82682800292969,81.76781463623047,109.7562026977539,81.61957550048828,82.90718841552734,79.12861633300781,6.319438934326172,72.81273651123047,79.20896911621094,47.89972686767578,9.198878288269043,119.4698486328125,107.42584991455078,93.8456802368164,4.582960605621338,57.78901672363281,38.57969284057617,117.75569915771484,9.814949989318848,73.32182312011719,87.03959655761719,22.888893127441406,6.844833850860596,70.40835571289062,72.93061828613281,8.829388618469238,6.987695693969727,19.720800399780273,84.61016082763672,78.68850708007812,68.58072662353516,86.66543579101562,30.28194808959961,,102.0279541015625,62.380001068115234,70.51205444335938,8.038505554199219,8.520530700683594,50.039432525634766,,29.934885025024414,81.60630798339844,67.85966491699219,86.26305389404297,7.21512508392334,41.8120231628418,96.73831939697266,77.4275894165039,2.2953062057495117,8.377669334411621
2025-10-13,8.791327476501465,137.0933837890625,151.3435821533203,13.435408592224121,102.08241271972656,18.778419494628906,95.61337280273438,5.743190765380859,70.63555908203125,53.35321044921875,93.98912048339844,96.72421264648438,82.42465209960938,109.35130310058594,81.22966766357422,80.97227478027344,78.76691436767578,6.319438934326172,71.85480499267578,78.93631744384766,47.89972686767578,9.198878288269043,119.37525939941406,107.93377685546875,93.7990493774414,4.592295169830322,58.09078598022461,38.365623474121094,117.7274169921875,9.84288501739502,73.41748046875,86.12580871582031,22.835289001464844,6.826605319976807,70.28915405273438,72.27291107177734,8.84815502166748,6.987695693969727,19.774370193481445,84.70204162597656,77.68744659423828,67.94760131835938,86.12884521484375,31.536117553710938,,101.2990493774414,62.380001068115234,69.57886505126953,8.093690872192383,8.484502792358398,50.685821533203125,,29.707416534423828,81.76525115966797,68.44310760498047,85.9991226196289,7.224201202392578,41.313262939453125,96.74761962890625,77.01419830322266,2.277374267578125,8.358967781066895
2025-10-14,8.865049362182617,138.42059326171875,151.2679443359375,13.408815383911133,101.42375946044922,18.684621810913086,95.55840301513672,5.7152204513549805,70.75454711914062,52.80925369262695,94.73917388916016,96.73355865478516,82.08686065673828,109.60554504394531,82.27867889404297,80.97227478027344,78.5072250366211,6.319438934326172,72.28771209716797,78.8329086303711,47.871498107910156,9.208113670349121,119.70632934570312,108.545166015625,94.27461242675781,4.657631874084473,57.89275360107422,38.47731399536133,117.62376403808594,9.824262619018555,73.45574188232422,86.03352355957031,22.647674560546875,6.853948593139648,70.31666564941406,73.0417709350586,8.810623168945312,6.923079967498779,19.70294952392578,84.4815444946289,78.33951568603516,68.47371673583984,86.62905883789062,31.318004608154297,,101.94275665283203,62.380001068115234,70.15523529052734,8.075295448303223,8.493509292602539,51.84931182861328,,30.016775131225586,81.82135772705078,68.50593566894531,86.12654876708984,7.233276844024658,41.54024124145508,97.21275329589844,77.58377838134766,2.277374267578125,8.368318557739258
2025-10-15,8.901908874511719,138.77139282226562,151.75961303710938,13.536711692810059,102.81632995605469,18.85346031188965,95.60420227050781,5.752514362335205,71.38603210449219,53.715850830078125,94.44853210449219,96.91077423095703,83.23162841796875,109.9822006225586,82.62217712402344,80.78887176513672,78.75763702392578,6.319438934326172,72.37982177734375,79.30298614501953,47.871498107910156,9.189640998840332,119.84822082519531,108.62981414794922,94.05083465576172,4.657631874084473,58.35484313964844,38.160850524902344,117.52007293701172,9.870823860168457,73.2548599243164,86.35655975341797,22.692346572875977,6.890405654907227,69.95907592773438,73.23631286621094,8.820006370544434,6.987695693969727,19.76544189453125,84.57342529296875,78.15582275390625,67.94760131835938,86.41988372802734,31.681529998779297,,102.05635070800781,62.380001068115234,70.44802856445312,8.075295448303223,8.502514839172363,52.17250442504883,,30.353425979614258,82.10186004638672,68.66751861572266,86.45531463623047,7.342184543609619,42.10171890258789,97.80812072753906,77.32655334472656,2.2684080600738525,8.368318557739258
2025-10-16,8.883480072021484,138.4111328125,151.75961303710938,13.422744750976562,102.5340576171875,18.675243377685547,95.65000915527344,5.752514362335205,71.19384002685547,53.117496490478516,94.75791931152344,96.8620376586914,83.14718627929688,109.9822006225586,81.84236907958984,80.17446899414062,78.64634704589844,6.319438934326172,72.30613708496094,78.87992095947266,47.89972686767578,9.180405616760254,119.64958190917969,108.45110321044922,93.9482421875,4.676300048828125,58.60002136230469,38.15155029296875,117.7274169921875,9.852198600769043,73.35051727294922,86.2088851928711,22.647674560546875,6.853948593139648,69.8398666381836,73.9681167602539,8.83877182006836,6.950772285461426,19.64045524597168,84.43560028076172,77.97213745117188,67.92085266113281,86.43807220458984,30.72726821899414,,102.05635070800781,62.380001068115234,70.78652954101562,8.047704696655273,8.493509292602539,50.78739547729492,,30.253337860107422,81.44735717773438,68.53286743164062,86.00459289550781,7.360335826873779,42.33467102050781,96.74761962890625,77.49190521240234,2.250476121902466,8.358967781066895
2025-10-17,8.911125183105469,138.0319061279297,150.90863037109375,13.4442720413208,102.52464294433594,18.740901947021484,95.87906646728516,5.761837482452393,71.1663818359375,52.401283264160156,95.31107330322266,97.24739074707031,82.67801666259766,109.69029998779297,81.34107208251953,80.42206573486328,78.64634704589844,6.319438934326172,72.05744171142578,78.80470275878906,47.786808013916016,9.189640998840332,119.8009262084961,108.82734680175781,94.04148864746094,4.666965961456299,58.60946273803711,38.11431884765625,117.4070053100586,9.852198600769043,73.36964416503906,86.19965362548828,22.620874404907227,6.835720539093018,69.7298583984375,73.50494384765625,8.820006370544434,6.996926307678223,19.64045524597168,84.85824584960938,78.39459228515625,68.348876953125,86.40168762207031,30.300119400024414,,101.63983917236328,62.380001068115234,70.6126937866211,8.084494590759277,8.493509292602539,53.576087951660156,,31.03583335876465,81.63435363769531,68.50593566894531,86.17935943603516,7.2423529624938965,42.15547561645508,96.74761962890625,78.04312896728516,2.277374267578125,8.358967781066895
2025-10-20,8.865049362182617,137.4821014404297,150.6249542236328,13.335675239562988,101.63075256347656,18.694000244140625,95.45761108398438,5.724544048309326,70.9101333618164,52.02958297729492,94.73917388916016,96.8902359008789,82.57479858398438,109.219482421875,80.88618469238281,80.22032928466797,77.71891784667969,6.319438934326172,71.66136932373047,79.227783203125,47.805625915527344,9.180405616760254,119.26175689697266,108.27238464355469,94.13475036621094,4.657631874084473,58.232242584228516,37.92816162109375,117.61434173583984,9.855256080627441,72.61396026611328,86.3842544555664,22.611940383911133,6.835720539093018,69.78486633300781,73.94959259033203,8.810623168945312,7.024618625640869,19.6047420501709,84.84905242919922,79.36811065673828,68.33995056152344,86.39259338378906,30.572769165039062,,101.59249114990234,62.380001068115234,70.52120971679688,8.029308319091797,8.493509292602539,53.252891540527344,,30.935749053955078,81.75591278076172,68.57775115966797,86.18855285644531,7.26050329208374,42.17041015625,96.73831939697266,77.8134536743164,2.2594423294067383,8.358967781066895
2025-10-21,8.883480072021484,138.4395751953125,150.90863037109375,13.353558540344238,101.53666687011719,18.759660720825195,96.11727905273438,5.752514362335205,70.92843627929688,52.002384185791016,94.81416320800781,97.40716552734375,83.00643920898438,108.26844024658203,81.04401397705078,80.66966247558594,77.440673828125,6.319438934326172,70.92449188232422,79.27478790283203,47.71152114868164,9.180405616760254,119.65904235839844,108.7614974975586,94.15340423583984,4.648298740386963,58.33597946166992,38.198081970214844,118.66985321044922,9.864642143249512,73.37920379638672,86.31041717529297,22.39752197265625,6.899520397186279,70.12411499023438,74.88518524169922,8.885686874389648,6.950772285461426,19.595821380615234,84.43560028076172,78.34867858886719,68.61638641357422,86.32893371582031,30.718177795410156,,101.46944427490234,62.380001068115234,70.17353057861328,8.029308319091797,8.466487884521484,54.01932144165039,,30.207849502563477,81.718505859375,68.21870422363281,86.18855285644531,7.305881500244141,42.24806213378906,96.71971130371094,77.17037200927734,2.2594423294067383,8.358967781066895
2025-10-22,8.874266624450684,138.4111328125,151.59889221191406,13.34844970703125,100.74626922607422,18.759660720825195,96.1355972290039,5.733867645263672,70.3976058959961,52.01144790649414,95.04855346679688,97.41656494140625,82.82815551757812,107.82588195800781,80.70051574707031,80.59630584716797,77.8673095703125,6.319438934326172,70.21524810791016,79.66964721679688,48.08794021606445,9.189640998840332,119.71578979492188,108.89318084716797,93.89230346679688,4.657631874084473,58.33597946166992,37.57447814941406,118.56617736816406,9.836483001708984,72.03044891357422,86.2550277709961,22.40645408630371,6.899520397186279,69.86739349365234,74.52391052246094,8.913836479187012,7.006157875061035,19.595821380615234,84.63773345947266,78.25685119628906,68.75013732910156,86.52902221679688,31.299827575683594,,101.06239318847656,62.380001068115234,70.10950469970703,8.038505554199219,8.421454429626465,55.10893630981445,,30.88115119934082,81.61566162109375,68.2725601196289,86.4645004272461,7.305881500244141,42.2211799621582,95.8173599243164,77.38167572021484,2.250476121902466,8.358967781066895
2025-10-23,8.865049362182617,137.4630889892578,150.19949340820312,13.40593147277832,101.0191421508789,18.806556701660156,96.19971466064453,5.724544048309326,70.24203491210938,53.03590393066406,95.16107177734375,97.48234558105469,83.212890625,108.42851257324219,80.41272735595703,80.28451538085938,78.09915924072266,6.319438934326172,70.0033950805664,79.57563781738281,47.89972686767578,9.180405616760254,119.45093536376953,108.70506286621094,94.088134765625,4.610962867736816,58.279396057128906,37.732704162597656,119.68767547607422,9.845870971679688,71.4373550415039,86.53194427490234,22.334983825683594,6.935977935791016,69.86739349365234,74.12557983398438,8.876302719116211,6.978464603424072,19.64045524597168,84.71122741699219,79.16606140136719,68.52721405029297,86.62905883789062,30.863588333129883,,101.6682357788086,62.380001068115234,70.22843170166016,8.020112991333008,8.40343952178955,54.314815521240234,,30.6536808013916,81.50345611572266,66.96204376220703,86.60247802734375,7.333108425140381,42.239097595214844,95.8173599243164,77.37248992919922,2.2684080600738525,8.358967781066895
2025-10-24,8.883480072021484,137.90866088867188,150.6249542236328,13.34844970703125,101.09442901611328,18.844078063964844,96.84104919433594,5.761837482452393,70.73623657226562,53.03590393066406,95.22669982910156,97.65152740478516,83.27855682373047,107.06314849853516,81.06256866455078,80.59630584716797,78.49795532226562,6.319438934326172,70.09550476074219,80.3089599609375,48.27615737915039,9.226584434509277,119.76309204101562,109.06248474121094,94.28394317626953,4.648298740386963,58.241676330566406,36.69026565551758,118.7452392578125,9.911571502685547,71.74345397949219,86.84575653076172,22.34391975402832,6.963319778442383,70.56422424316406,75.320556640625,8.970134735107422,6.987695693969727,19.676166534423828,84.8306655883789,79.10176849365234,68.1259536743164,86.49264526367188,30.60003089904785,,102.21728515625,62.380001068115234,70.53034973144531,8.066100120544434,8.43946647644043,51.84931182861328,,30.389820098876953,81.53150939941406,67.8237533569336,86.90602111816406,7.314957618713379,42.328697204589844,95.86386108398438,76.95906829833984,2.2594423294067383,8.358967781066895
2025-10-27,8.855833053588867,139.2169647216797,149.8780059814453,13.448084831237793,101.0473861694336,18.759660720825195,96.91434478759766,5.743190765380859,70.78199768066406,53.03590393066406,94.97355651855469,97.0500259399414,85.38046264648438,109.71853637695312,81.22966766357422,81.4216079711914,78.64634704589844,6.319438934326172,69.81916809082031,80.3841781616211,48.50200653076172,9.235819816589355,119.6968765258789,109.5986328125,94.0601577758789,4.629631042480469,58.15679931640625,37.444175720214844,119.82904052734375,9.930343627929688,71.3321304321289,87.59339904785156,22.424325942993164,6.954205513000488,71.33442687988281,75.21866607666016,9.063962936401367,6.978464603424072,19.6047420501709,84.80311584472656,79.07422637939453,68.03678131103516,86.40168762207031,31.045351028442383,,102.04689025878906,62.380001068115234,70.41141510009766,8.047704696655273,8.43946647644043,54.0999870300293,,30.662784576416016,81.55021667480469,68.29051208496094,86.7680435180664,7.305881500244141,42.48400115966797,96.56156158447266,77.17955780029297,2.250476121902466,8.358967781066895
2025-10-28,8.865049362182617,138.60072326660156,149.14991760253906,13.396987915039062,100.99091339111328,18.778419494628906,97.05177307128906,5.752514362335205,70.4708251953125,53.03590393066406,95.02043151855469,96.8996353149414,85.38046264648438,109.03115844726562,81.22966766357422,82.53118896484375,78.83182525634766,6.319438934326172,69.81916809082031,80.57221984863281,48.93489456176758,9.226584434509277,119.75363159179688,109.18476104736328,94.54505157470703,4.601627826690674,59.23185729980469,37.537254333496094,120.63008117675781,9.939728736877441,70.8921127319336,87.47339630126953,22.379657745361328,6.926863670349121,71.24272155761719,75.29277801513672,9.045198440551758,7.024618625640869,19.613672256469727,85.21656799316406,79.0282974243164,68.2061996459961,86.72000122070312,30.890853881835938,,102.03742980957031,62.380001068115234,70.34737396240234,8.075295448303223,8.43946647644043,56.192562103271484,,30.50810432434082,81.718505859375,68.32640838623047,86.83244323730469,7.342184543609619,42.26299285888672,96.57086944580078,77.37248992919922,2.2594423294067383,8.349617958068848
2025-10-29,8.874266624450684,140.30718994140625,150.4358673095703,13.463412284851074,101.0191421508789,18.87221908569336,97.45491027832031,5.752514362335205,71.19384002685547,53.03590393066406,94.50477600097656,97.05941772460938,84.47965240478516,110.17051696777344,81.69384002685547,82.34780883789062,77.9136734008789,6.319438934326172,68.8980712890625,81.12691497802734,48.65258026123047,9.2173490524292,119.37525939941406,108.83674621582031,94.3585433959961,4.610962867736816,59.27901077270508,37.87232208251953,120.5923843383789,9.874027252197266,70.79645538330078,87.33494567871094,22.379657745361328,6.890405654907227,71.09603118896484,76.18206787109375,9.017047882080078,7.015387535095215,19.64045524597168,85.25331115722656,78.9180908203125,68.57180786132812,86.62905883789062,30.545503616333008,,99.82229614257812,62.380001068115234,70.73162841796875,8.093690872192383,8.466487884521484,56.527374267578125,,30.02587127685547,81.718505859375,68.39823150634766,87.21876525878906,7.324033260345459,42.70799255371094,96.32901000976562,77.24385833740234,2.232544422149658,8.405716896057129
2025-10-30,8.855833053588867,139.91847229003906,151.0504608154297,13.448084831237793,100.64276885986328,18.694000244140625,96.85938262939453,5.771162033081055,71.88024139404297,53.03590393066406,94.58917236328125,97.18159484863281,85.2772445678711,110.06693267822266,81.82381439208984,81.91679382324219,77.9043960571289,6.319438934326172,69.31256866455078,80.64743041992188,48.96312713623047,9.2173490524292,119.82930755615234,109.29764556884766,93.9016342163086,4.648298740386963,59.3638801574707,37.59309387207031,120.9316635131836,9.864642143249512,70.27989959716797,86.69807434082031,22.3707218170166,6.890405654907227,71.31608581542969,75.03340148925781,9.035816192626953,7.052310466766357,19.58689308166504,84.84905242919922,78.07317352294922,68.10810852050781,86.43807220458984,31.081707000732422,,99.51937866210938,62.380001068115234,70.56694030761719,8.075295448303223,8.493509292602539,53.94188690185547,,29.689218521118164,81.80265808105469,68.3623275756836,87.01641845703125,7.305881500244141,42.125614166259766,96.31039428710938,76.89476013183594,2.250476121902466,8.424419403076172
2025-10-31,8.892694473266602,140.8759765625,149.8685302734375,13.476184844970703,100.5957260131836,18.684621810913086,97.11590576171875,5.771162033081055,70.83690643310547,53.03590393066406,95.52670288085938,96.749267578125,85.75579833984375,110.04811096191406,81.69384002685547,81.51332092285156,78.43302917480469,6.319438934326172,69.72706604003906,80.74144744873047,49.198387145996094,9.263527870178223,119.61174774169922,109.75853729248047,94.38652038574219,4.648298740386963,59.741092681884766,37.937477111816406,120.36620330810547,9.855256080627441,70.61470031738281,87.74108123779297,22.24564552307129,6.935977935791016,71.50862884521484,75.07972717285156,9.09211254119873,7.015387535095215,19.595821380615234,85.21656799316406,78.82625579833984,68.91064453125,86.82914733886719,30.981739044189453,,100.32401275634766,62.380001068115234,70.72248077392578,8.084494590759277,8.51152229309082,54.27669906616211,,29.416257858276367,82.27951049804688,68.29949188232422,87.17277526855469,7.351260662078857,42.17340087890625,98.71047973632812,76.41704559326172,2.2594423294067383,8.49921989440918
2025-11-03,8.911317825317383,139.15798950195312,148.7259521484375,13.569435119628906,100.35868835449219,18.80748176574707,96.96746063232422,5.739171981811523,50.622283935546875,53.03590393066406,94.87454223632812,97.29438781738281,84.98970794677734,111.53728485107422,81.50685119628906,80.93560028076172,79.25846099853516,6.319438934326172,69.63494873046875,80.7888412475586,48.784324645996094,9.254292488098145,120.1542739868164,109.550048828125,94.97942352294922,4.6200127601623535,60.27322769165039,38.03985595703125,122.18907165527344,9.845870971679688,71.98136901855469,86.18327331542969,23.08544158935547,6.917748928070068,70.73921966552734,75.64106750488281,8.951367378234863,6.782473087310791,19.595821380615234,85.19799041748047,78.70545196533203,68.70267486572266,87.40213012695312,23.949066162109375,,100.22867584228516,62.380001068115234,70.6390609741211,8.075200080871582,8.457481384277344,54.60220718383789,,29.570932388305664,82.26058197021484,67.46212768554688,87.24636840820312,7.34207010269165,42.143531799316406,97.53714752197266,76.11055755615234,2.250476121902466,8.473739624023438
