,MXRF11,KNRI11,HGLG11,XPML11,VISC11,HGBS11,KNCR11,HFOF11,RECR11,IRDM11,XPLG11,BTLG11,VILG11,HGRE11,KNIP11,MCCI11,RBRR11,RBRF11,VGIP11,HSML11,RBRP11,GGRC11,HGRU11,BRCO11,TRXF11,VINO11,JSRE11,BRCR11,RCRB11,ALZR11,PVBI11,HGCR11,DEVA11,CPTS11,VRTA11,KFOF11,RBVA11,VGHF11,HCTR11,RZTR11,TGAR11,MFII11,RBRY11,RECT11,SDIL11,LVBI11,HGFF11,VCJR11,KNSC11,VGIR11,BTRA11,MORE11,BLMG11,VTLT11,OUJP11,AFHI11,PORD11,HGPO11,NEWL11,XPCI11,VSLH11,GARE11
2022-03-02,9.003111839294434,131.75999450683594,162.9962921142578,89.76728057861328,97.96604919433594,16.396209716796875,99.19999694824219,7.609000205993652,99.25981903076172,107.52985382080078,95.72132110595703,101.24185943603516,101.37999725341797,129.35000610351562,99.27999877929688,99.41466522216797,99.75332641601562,7.1529998779296875,99.27654266357422,75.91915130615234,67.0,10.314715385437012,111.58000183105469,99.30000305175781,98.87906646728516,9.456000328063965,76.08000183105469,69.04000091552734,126.20999908447266,10.604674339294434,,103.8424301147461,,10.280811309814453,104.25,73.47000122070312,9.261677742004395,,124.4000015258789,,120.60460662841797,104.92073059082031,104.27857208251953,67.32123565673828,88.44000244140625,97.8580322265625,70.5199966430664,94.66000366210938,9.380000114440918,9.866562843322754,,,,91.30000305175781,89.08999633789062,,9.303000450134277,257.95001220703125,102.48999786376953,94.32263946533203,,
2022-03-03,8.993249893188477,131.22999572753906,162.7213134765625,89.49101257324219,98.74363708496094,16.549116134643555,99.36000061035156,7.599999904632568,100.65714263916016,106.70216369628906,96.96094512939453,101.53788757324219,100.0999984741211,126.69999694824219,99.18000030517578,99.4844741821289,100.63980102539062,7.186999797821045,99.84236145019531,76.03880310058594,66.69999694824219,10.253371238708496,112.1500015258789,100.0,99.20543670654297,9.986000061035156,75.81999969482422,68.83000183105469,126.26000213623047,10.527849197387695,,104.25232696533203,,10.280811309814453,107.4000015258789,76.86000061035156,9.255685806274414,,123.25,,120.60460662841797,105.24048614501953,104.54773712158203,67.7108383178711,88.25,98.52706146240234,71.36000061035156,95.33999633789062,9.388999938964844,9.911293983459473,,,,91.19999694824219,89.08999633789062,,9.520000457763672,256.0,101.2699966430664,97.3224105834961,,
2022-03-04,8.993249893188477,131.97000122070312,161.1697235107422,89.34300994873047,99.41156005859375,16.5900936126709,99.62000274658203,7.605999946594238,100.4076156616211,107.88884735107422,97.22087097167969,101.44908142089844,99.16999816894531,126.12000274658203,99.1500015258789,99.73381042480469,101.38683319091797,7.198999881744385,100.22949981689453,75.74964141845703,66.5999984741211,10.243475914001465,112.5,99.80999755859375,99.03730773925781,9.592000007629395,75.66000366210938,69.0199966430664,126.80000305175781,10.444384574890137,,103.92240905761719,,10.280811309814453,105.30000305175781,74.98999786376953,9.24370288848877,,122.80000305175781,,120.60460662841797,104.92073059082031,104.47795104980469,67.93061065673828,88.0,99.63545227050781,71.0,94.80000305175781,9.418999671936035,9.90632438659668,,,,92.27999877929688,90.0,,9.484999656677246,259.0,101.25,96.1824951171875,,
2022-03-07,8.943944931030273,131.25,159.87344360351562,88.99767303466797,98.44456481933594,16.36522674560547,99.6500015258789,7.585000038146973,100.06826782226562,107.20077514648438,97.97064208984375,103.01803588867188,98.55999755859375,121.5,98.83999633789062,100.68128204345703,100.43063354492188,7.151000022888184,99.71331787109375,75.74964141845703,66.06999969482422,10.250402450561523,111.0199966430664,99.01000213623047,98.99774932861328,9.609999656677246,75.69000244140625,68.0,126.20999908447266,10.420673370361328,,103.87242126464844,,10.280811309814453,104.23999786376953,74.6500015258789,9.226728439331055,,122.29000091552734,,120.60460662841797,104.17129516601562,104.58587646484375,67.49105834960938,87.72000122070312,98.85658264160156,70.81999969482422,94.79000091552734,9.425000190734863,9.92024040222168,,,,91.3499984741211,90.13999938964844,,9.37600040435791,258.0,102.4800033569336,95.4925537109375,,
2022-03-08,8.973527908325195,130.60000610351562,158.3611297607422,88.9483413696289,98.29502868652344,16.458171844482422,99.94999694824219,7.568999767303467,100.15809631347656,106.75202178955078,97.97064208984375,103.03776550292969,98.98999786376953,124.30000305175781,98.4000015258789,100.41200256347656,100.59996032714844,7.105999946594238,100.08060455322266,74.82234191894531,65.5999984741211,10.24743366241455,110.48999786376953,99.0,99.18565368652344,9.42199993133545,75.5199966430664,67.20999908447266,123.12999725341797,10.414033889770508,,104.00238800048828,,10.280811309814453,104.5,74.20999908447266,9.186784744262695,,122.37000274658203,,120.60460662841797,104.66092681884766,104.46612548828125,66.6119613647461,86.87000274658203,97.66830444335938,70.93000030517578,96.13999938964844,9.395000457763672,9.895389556884766,,,,91.3499984741211,91.26000213623047,,9.302000045776367,255.47000122070312,100.05999755859375,95.5825424194336,,
2022-03-09,8.983388900756836,130.3000030517578,158.59681701660156,88.75100708007812,96.79966735839844,16.369224548339844,100.5199966430664,7.548999786376953,99.13006591796875,107.49993896484375,98.84038543701172,101.40613555908203,98.12999725341797,123.41000366210938,98.69999694824219,100.09284973144531,101.1876220703125,7.120999813079834,100.22949981689453,74.63288879394531,63.810001373291016,10.22863483428955,109.52999877929688,97.54000091552734,99.16587829589844,9.513999938964844,74.63999938964844,67.18000030517578,123.19000244140625,10.344797134399414,,104.07237243652344,,10.280811309814453,104.01000213623047,73.55000305175781,9.17380428314209,,120.52999877929688,,120.60460662841797,103.97145080566406,104.60584259033203,65.6429443359375,87.33000183105469,97.31880950927734,71.2300033569336,95.33000183105469,9.406999588012695,9.963976860046387,,,,91.52999877929688,90.16000366210938,,9.510000228881836,257.0,101.37000274658203,94.99259185791016,,
2022-03-10,9.012972831726074,130.10000610351562,158.1549072265625,89.93501281738281,96.80963897705078,16.3602294921875,100.22000122070312,7.539999961853027,99.07018280029297,107.21074676513672,100.8697738647461,101.62377166748047,98.93000030517578,125.4000015258789,98.6500015258789,100.73114776611328,102.58207702636719,7.111000061035156,100.23943328857422,74.66280364990234,63.15999984741211,10.142555236816406,109.0199966430664,97.29000091552734,98.5823745727539,9.458000183105469,74.05000305175781,66.94999694824219,121.5199966430664,10.33720874786377,,104.20233917236328,,10.280811309814453,104.41000366210938,73.55000305175781,9.13386058807373,,120.05999755859375,,120.60460662841797,103.94146728515625,104.68567657470703,65.0235824584961,86.87999725341797,97.35875701904297,71.16999816894531,96.29000091552734,9.420000076293945,10.006718635559082,,,,91.18000030517578,90.19999694824219,,9.442000389099121,257.0199890136719,100.16999816894531,96.48247528076172,,
2022-03-11,8.934083938598633,130.8000030517578,158.59681701660156,89.5206069946289,97.00901794433594,16.443180084228516,99.44999694824219,7.489999771118164,98.92046356201172,106.40299987792969,101.52957916259766,101.90074920654297,99.4000015258789,121.0199966430664,98.55000305175781,99.98314666748047,100.6995620727539,7.0,100.22949981689453,74.28390502929688,63.2400016784668,10.142555236816406,108.9000015258789,96.43000030517578,98.40435028076172,9.458000183105469,74.12000274658203,66.08999633789062,122.87999725341797,10.389373779296875,,105.01212310791016,,10.280811309814453,103.5,74.5,9.15982437133789,,119.19999694824219,,120.60460662841797,103.8515396118164,104.20665740966797,64.17444610595703,86.7699966430664,97.28885650634766,69.7300033569336,96.80000305175781,9.35200023651123,10.03852653503418,,,,91.66000366210938,90.0999984741211,,9.399999618530273,257.9599914550781,100.05999755859375,96.47247314453125,,
2022-03-14,8.89463996887207,130.5,157.90940856933594,88.6030044555664,96.45075225830078,16.19133186340332,98.98999786376953,7.488999843597412,98.66096496582031,105.11659240722656,100.36992645263672,101.87107849121094,98.05000305175781,120.0,98.12000274658203,98.57689666748047,99.75332641601562,6.954999923706055,97.67835235595703,73.53607940673828,62.54999923706055,10.121777534484863,108.19000244140625,96.69999694824219,97.90985870361328,9.460000038146973,73.12999725341797,66.01000213623047,123.58999633789062,10.408344268798828,,104.66221618652344,,10.280811309814453,101.56999969482422,73.88999938964844,9.101906776428223,,118.69999694824219,,120.60460662841797,103.4718246459961,104.58587646484375,63.83479690551758,85.98999786376953,98.14761352539062,68.11000061035156,96.05000305175781,9.35099983215332,9.88743782043457,,,,92.19999694824219,89.81999969482422,,9.300999641418457,256.0,101.38999938964844,94.46263122558594,,
2022-03-15,8.943944931030273,130.60000610351562,158.10580444335938,89.01741027832031,96.9691390991211,16.35523223876953,99.98999786376953,7.468999862670898,98.76077270507812,105.95425415039062,100.26995849609375,102.03924560546875,98.4000015258789,121.05000305175781,97.8499984741211,99.18527221679688,100.3708724975586,6.947999954223633,98.36328887939453,73.4862289428711,63.34000015258789,10.150470733642578,108.75,95.5,98.33512878417969,9.486000061035156,73.23999786376953,66.36000061035156,121.8499984741211,10.460509300231934,,104.22232818603516,,10.280811309814453,102.9000015258789,73.26000213623047,9.138854026794434,,118.02999877929688,,120.60460662841797,103.9214859008789,103.8873062133789,63.21542739868164,86.22000122070312,97.16902923583984,68.5999984741211,96.30000305175781,9.395000457763672,10.037532806396484,,73.08000183105469,,92.20999908447266,90.62000274658203,,9.29699993133545,256.1199951171875,100.2699966430664,94.44263458251953,,
2022-03-16,8.953805923461914,130.5,157.82101440429688,89.1654052734375,97.69688415527344,16.225311279296875,99.69999694824219,7.460000038146973,98.80069732666016,107.00132751464844,101.62954711914062,102.15795135498047,100.0,120.11000061035156,98.33999633789062,98.58686828613281,99.30510711669922,6.857999801635742,98.47248077392578,74.03462982177734,63.2400016784668,10.056475639343262,108.75,96.19000244140625,98.0582046508789,9.527999877929688,73.69999694824219,66.33999633789062,124.48999786376953,10.456714630126953,,103.67247772216797,,10.280811309814453,103.19000244140625,73.0,9.139852523803711,,117.01000213623047,,120.60460662841797,103.82156372070312,103.83740997314453,63.77485656738281,85.11000061035156,98.1176528930664,68.55000305175781,96.94999694824219,9.380000114440918,10.026598930358887,,72.02999877929688,,92.55999755859375,91.38999938964844,,9.350000381469727,258.9800109863281,100.98999786376953,94.32263946533203,,
2022-03-17,8.943944931030273,130.0,157.9879608154297,89.06674194335938,97.00901794433594,16.141361236572266,99.66000366210938,7.428999900817871,98.5112533569336,106.69219207763672,100.8697738647461,102.78116607666016,99.37000274658203,120.66000366210938,98.5999984741211,99.2451171875,100.90872955322266,6.831999778747559,99.18720245361328,72.28971099853516,63.95000076293945,10.057464599609375,108.98999786376953,95.66000366210938,97.96920013427734,9.442000389099121,73.23999786376953,66.25,122.66000366210938,10.414033889770508,,103.91241455078125,,10.280811309814453,102.0999984741211,72.77999877929688,9.165816307067871,,115.4000015258789,,120.60460662841797,103.36190795898438,105.7834243774414,63.83479690551758,85.1500015258789,98.41722106933594,68.8499984741211,95.55000305175781,9.458999633789062,10.005000114440918,,71.69999694824219,,93.44999694824219,91.4000015258789,,9.305000305175781,258.510009765625,101.0,94.49263000488281,,
2022-03-18,8.953805923461914,143.0,158.10580444335938,89.39234161376953,96.79966735839844,16.190332412719727,100.0,7.400000095367432,98.88054656982422,101.21747589111328,99.94005584716797,102.18762969970703,98.91999816894531,123.4000015258789,99.0,99.444580078125,100.89877319335938,6.800000190734863,98.96881866455078,72.98767852783203,64.7300033569336,10.040644645690918,109.20999908447266,95.97000122070312,97.27690887451172,9.477999687194824,73.83000183105469,66.33000183105469,123.27999877929688,10.447230339050293,,104.95214080810547,,10.280811309814453,102.91999816894531,73.33000183105469,9.271662712097168,,116.75,,120.60460662841797,102.42261505126953,105.26448822021484,63.854774475097656,85.97000122070312,97.8680191040039,69.95999908447266,95.97000122070312,9.494000434875488,10.060999870300293,,71.1500015258789,,91.70999908447266,90.63999938964844,,9.300000190734863,260.0,100.76000213623047,95.3925552368164,,
2022-03-21,8.914361953735352,135.4499969482422,157.90940856933594,89.06674194335938,96.89936065673828,16.383216857910156,100.43000030517578,7.388999938964844,99.06019592285156,104.53820037841797,96.74101257324219,102.18762969970703,97.55999755859375,123.44000244140625,99.95999908447266,99.73381042480469,100.7493667602539,6.7820000648498535,98.75042724609375,73.0774154663086,64.98999786376953,10.207857131958008,110.05000305175781,97.29000091552734,97.81095886230469,9.447999954223633,72.8499984741211,66.1500015258789,123.37999725341797,10.499395370483398,,104.58223724365234,,10.280811309814453,103.30000305175781,72.77999877929688,9.376511573791504,,118.4800033569336,,120.60460662841797,102.7223892211914,105.01499938964844,63.48515319824219,86.48999786376953,98.69681549072266,68.77999877929688,96.0,9.498000144958496,10.020999908447266,,71.19000244140625,,92.91000366210938,92.62000274658203,,9.329000473022461,260.0,100.97000122070312,95.69253540039062,,
2022-03-22,8.963666915893555,135.9600067138672,158.29238891601562,89.68833923339844,97.0289535522461,16.430187225341797,100.0999984741211,7.369999885559082,99.44945526123047,107.04121398925781,98.28055572509766,102.1183853149414,98.55000305175781,125.0,100.54000091552734,99.73381042480469,100.46051788330078,6.77400016784668,98.60153198242188,74.6229248046875,64.30000305175781,10.280084609985352,110.30000305175781,97.22000122070312,98.20655822753906,9.4399995803833,72.68000030517578,66.19999694824219,122.79000091552734,10.612260818481445,,104.66221618652344,,10.280811309814453,103.0999984741211,74.31999969482422,9.427438735961914,,119.69999694824219,,120.60460662841797,103.35191345214844,104.87528991699219,63.16547775268555,85.87000274658203,99.2560043334961,68.55000305175781,96.66000366210938,9.489999771118164,10.003000259399414,,71.08000183105469,,92.30000305175781,91.79000091552734,,9.298999786376953,256.0,101.0,95.0025863647461,,
2022-03-23,8.953805923461914,136.27000427246094,158.3611297607422,89.7870101928711,96.98908233642578,16.491151809692383,100.75,7.330999851226807,99.70895385742188,108.79631805419922,97.98064422607422,102.33601379394531,98.48999786376953,124.0,100.98999786376953,99.83354187011719,100.59996032714844,6.767000198364258,99.26661682128906,74.12437438964844,64.18000030517578,10.245454788208008,109.93000030517578,96.56999969482422,97.56371307373047,9.644000053405762,72.5,66.08000183105469,123.5,10.598982810974121,,104.76219177246094,,10.280811309814453,102.83999633789062,73.30000305175781,9.564242362976074,,119.2300033569336,,120.60460662841797,103.3319320678711,104.42620849609375,63.37526321411133,87.0199966430664,98.25745391845703,68.80000305175781,98.8499984741211,9.519000053405762,10.04699993133545,,70.80000305175781,,92.63999938964844,91.73999786376953,,9.305999755859375,257.989990234375,102.0,95.96251678466797,,
2022-03-24,8.953805923461914,136.27000427246094,158.8914337158203,89.91527557373047,96.7298812866211,16.49015235900879,100.22000122070312,7.434000015258789,99.57920837402344,107.78913116455078,98.72042083740234,102.82073974609375,98.41000366210938,123.19999694824219,100.91999816894531,99.08554077148438,100.95853424072266,6.800000190734863,98.63130950927734,74.78245544433594,63.560001373291016,10.281073570251465,109.70999908447266,96.4000015258789,97.81095886230469,9.529999732971191,71.97000122070312,65.69999694824219,122.80999755859375,10.570528984069824,,105.40201568603516,,10.280811309814453,102.80000305175781,73.5999984741211,9.631146430969238,,118.5999984741211,,120.60460662841797,103.62171173095703,104.78546905517578,63.265377044677734,87.16999816894531,97.9578857421875,69.9000015258789,97.98999786376953,9.63599967956543,10.039999961853027,,71.69999694824219,,92.55000305175781,91.0,,9.307999610900879,255.00999450683594,101.97000122070312,95.25257110595703,,
2022-03-25,9.022833824157715,136.4600067138672,160.80636596679688,90.51714324951172,96.79966735839844,16.969865798950195,101.23999786376953,7.445000171661377,99.529296875,107.8389892578125,98.25056457519531,103.2164306640625,98.63999938964844,123.5,101.11000061035156,99.41466522216797,100.75933074951172,6.929999828338623,99.07801055908203,76.47752380371094,65.98999786376953,10.297895431518555,112.06999969482422,96.80999755859375,97.7120590209961,9.576000213623047,72.45999908447266,66.2300033569336,123.16999816894531,10.542076110839844,,105.82190704345703,,10.280811309814453,103.47000122070312,75.9800033569336,9.797905921936035,,118.94000244140625,,120.60460662841797,103.65168762207031,105.2046127319336,63.19544982910156,89.0,99.2560043334961,70.91000366210938,97.19999694824219,9.708999633789062,10.02400016784668,,72.0,,93.5,90.86000061035156,,9.357000350952148,258.7200012207031,101.97000122070312,95.5825424194336,,
2022-03-28,9.003111839294434,136.60000610351562,160.06985473632812,90.82301330566406,97.3579330444336,17.224714279174805,101.62000274658203,7.488999843597412,99.60914611816406,107.4500732421875,97.89067077636719,102.88008880615234,98.26000213623047,122.98999786376953,101.20999908447266,99.23513793945312,100.59996032714844,7.000999927520752,98.5717544555664,77.9133529663086,64.33000183105469,10.383974075317383,112.19999694824219,96.83999633789062,98.50325012207031,9.586000442504883,72.48999786376953,66.08999633789062,125.0,10.528797149658203,,105.4520034790039,,10.280811309814453,104.0999984741211,76.1500015258789,9.762956619262695,,116.47000122070312,,120.60460662841797,103.66168212890625,105.18465423583984,62.715938568115234,89.94999694824219,98.69681549072266,71.25,97.62000274658203,9.6850004196167,10.017999649047852,,72.08999633789062,,93.62000274658203,91.02999877929688,,9.326000213623047,258.0,101.88999938964844,95.37255859375,,
2022-03-29,9.012972831726074,137.0,160.3644561767578,93.37849426269531,97.73675537109375,17.88931655883789,102.19999694824219,7.497000217437744,100.09821319580078,108.79631805419922,97.3708267211914,101.57430267333984,98.44999694824219,123.25,101.87999725341797,99.32489776611328,101.27726745605469,7.050000190734863,98.62138366699219,80.25653076171875,64.43000030517578,10.457191467285156,111.9000015258789,97.38999938964844,98.53292083740234,9.522000312805176,73.01000213623047,66.22000122070312,124.5,10.525004386901855,,105.8119125366211,,10.280811309814453,104.37999725341797,76.5999984741211,9.839845657348633,,116.9000015258789,,120.60460662841797,103.89151000976562,105.03495788574219,63.77485656738281,91.12999725341797,100.55411529541016,72.29000091552734,97.75,9.6899995803833,10.015000343322754,,71.77999877929688,,95.98999786376953,91.0,,9.423999786376953,257.9700012207031,101.87999725341797,95.55000305175781,,
2022-03-30,9.081999778747559,137.2899932861328,161.0518798828125,93.19102478027344,98.71372985839844,17.819358825683594,101.19999694824219,7.513999938964844,100.80685424804688,108.93592834472656,97.67073822021484,100.90162658691406,98.94000244140625,125.5999984741211,102.19999694824219,98.94591522216797,102.06414031982422,7.151000022888184,99.46514892578125,79.89757537841797,64.69999694824219,10.462138175964355,112.0999984741211,98.98999786376953,98.84939575195312,9.84000015258789,73.5999984741211,66.97000122070312,126.26000213623047,10.558198928833008,,106.94161224365234,,10.280811309814453,104.26000213623047,76.98999786376953,9.77893352508545,,117.9800033569336,,120.60460662841797,104.42110443115234,105.15471649169922,64.5440673828125,91.80000305175781,100.8836441040039,71.69999694824219,97.6500015258789,9.722999572753906,10.081999778747559,,72.0,,95.7699966430664,91.44000244140625,,9.359000205993652,260.0,100.9000015258789,96.5,,
2022-03-31,9.131304740905762,137.1999969482422,160.5608673095703,94.61183166503906,99.5710678100586,18.038227081298828,101.30999755859375,7.5980000495910645,101.3857421875,108.98578643798828,97.70072937011719,102.08870697021484,99.5999984741211,126.55999755859375,101.80999755859375,98.9359359741211,102.0740966796875,7.208000183105469,99.05815887451172,81.01432800292969,64.77999877929688,10.593730926513672,111.9800033569336,99.25,99.22521209716797,10.001999855041504,73.0999984741211,67.48999786376953,128.14999389648438,10.751684188842773,,106.97160339355469,,10.280811309814453,104.68000030517578,76.75,9.960672378540039,,118.0999984741211,,120.60460662841797,104.7408676147461,104.7754898071289,66.6319351196289,91.91000366210938,100.02488708496094,71.69999694824219,97.05999755859375,9.706999778747559,10.065999984741211,,72.0,,95.69000244140625,92.56999969482422,,9.486000061035156,258.2699890136719,100.80000305175781,97.0999984741211,,
2022-04-01,9.170748710632324,137.6199951171875,160.17787170410156,97.06864166259766,99.55113220214844,17.975265502929688,100.5,7.574999809265137,101.85484313964844,109.23509216308594,96.91096496582031,102.88008880615234,99.1500015258789,127.56999969482422,101.6500015258789,100.22250366210938,100.98841857910156,7.400000095367432,100.24935913085938,80.90464782714844,65.83000183105469,10.635287284851074,114.13999938964844,99.0,99.10653686523438,9.843999862670898,72.11000061035156,68.48999786376953,134.69000244140625,10.9546537399292,,106.37176513671875,,10.280811309814453,103.69999694824219,76.55000305175781,9.884780883789062,,118.93000030517578,,120.60460662841797,103.80157470703125,105.18465423583984,67.6109390258789,92.08000183105469,100.39434814453125,71.0,96.69999694824219,9.635000228881836,10.097000122070312,,72.0,,93.94999694824219,91.6500015258789,,9.333000183105469,257.5,98.80000305175781,96.80000305175781,,
2022-04-04,9.318663597106934,137.88999938964844,160.7572784423828,97.8777084350586,100.63775634765625,18.06021499633789,101.5,7.563000202178955,101.87480926513672,109.42456817626953,96.65103912353516,102.75149536132812,98.97000122070312,127.0,101.9000015258789,100.33221435546875,101.11790466308594,7.425000190734863,100.1897964477539,80.76505279541016,66.0,10.784689903259277,114.1500015258789,98.83999633789062,98.83950805664062,9.970000267028809,72.7699966430664,70.23999786376953,134.0,10.90533447265625,,105.90188598632812,,10.280811309814453,103.80000305175781,75.25,9.929717063903809,,119.41999816894531,,120.60460662841797,103.31194305419922,105.61377716064453,65.93265533447266,92.55000305175781,99.85513305664062,71.94999694824219,98.2300033569336,9.53499984741211,10.085000038146973,,71.83000183105469,,94.26000213623047,91.4000015258789,,9.194999694824219,256.1700134277344,98.0,98.0,,
2022-04-05,9.170748710632324,137.00999450683594,161.0518798828125,96.89103698730469,101.6346664428711,17.9462833404541,101.55000305175781,7.585000038146973,102.05445861816406,109.44451141357422,95.96125030517578,101.41603088378906,100.4800033569336,126.61000061035156,102.05999755859375,100.4419174194336,101.6856460571289,7.386000156402588,100.30891418457031,80.8747329711914,66.1500015258789,10.65705394744873,113.04000091552734,99.41999816894531,98.37468719482422,9.986000061035156,73.05999755859375,69.93000030517578,133.6199951171875,10.90438461303711,,107.8713607788086,,10.280811309814453,103.83000183105469,75.26000213623047,9.783926010131836,,120.02999877929688,,120.60460662841797,103.36190795898438,105.39422607421875,64.99361419677734,92.1500015258789,99.19609069824219,72.7300033569336,96.80999755859375,9.447999954223633,10.100000381469727,,71.58999633789062,,96.4800033569336,90.81999969482422,,9.260000228881836,256.9700012207031,96.5999984741211,97.94999694824219,,
2022-04-06,9.229914665222168,135.4499969482422,163.50694274902344,97.00943756103516,101.94371032714844,17.855337142944336,101.4000015258789,7.59499979019165,101.09629821777344,109.27497863769531,95.52137756347656,103.02848052978516,100.55000305175781,124.0,101.1500015258789,99.83354187011719,101.49639892578125,7.453999996185303,100.44789123535156,81.21375274658203,65.69999694824219,10.575922012329102,114.9000015258789,99.7300033569336,97.90985870361328,10.156000137329102,73.83999633789062,70.13999938964844,134.22000122070312,10.992591857910156,,106.97160339355469,,10.280811309814453,103.8499984741211,76.20999908447266,9.878789901733398,,119.69999694824219,,120.60460662841797,103.7815933227539,105.3343505859375,65.93265533447266,92.19000244140625,98.85658264160156,73.05999755859375,96.97000122070312,9.4399995803833,10.100000381469727,,71.88999938964844,,95.98999786376953,90.45999908447266,,9.25,257.0199890136719,95.77999877929688,97.06999969482422,,
2022-04-07,9.26935863494873,135.5,163.80154418945312,96.71343994140625,102.4720687866211,17.47056770324707,101.25,7.635000228881836,101.70513153076172,109.5940933227539,95.67133331298828,102.39537048339844,100.80999755859375,126.08000183105469,101.05999755859375,99.98314666748047,101.96453857421875,7.5,100.4081802368164,80.97444152832031,64.80000305175781,10.722355842590332,113.8499984741211,99.94000244140625,98.28567504882812,10.378000259399414,74.18000030517578,70.94999694824219,130.52000427246094,10.743147850036621,,107.08157348632812,,10.280811309814453,103.80000305175781,76.25,9.880786895751953,,119.33999633789062,,120.60460662841797,103.88151550292969,105.38424682617188,65.93265533447266,91.80999755859375,99.33588409423828,72.26000213623047,97.16999816894531,9.428000450134277,10.085000038146973,,71.8499984741211,,95.47000122070312,91.69000244140625,,9.333999633789062,257.0,95.70999908447266,97.94999694824219,,
2022-04-08,9.318663597106934,135.50999450683594,163.5462188720703,97.5323715209961,102.63157653808594,17.506546020507812,102.04000091552734,7.599999904632568,99.8187484741211,109.83342742919922,95.8412857055664,102.10848999023438,101.37000274658203,125.94000244140625,101.43000030517578,100.21253204345703,102.0541763305664,7.46999979019165,100.73576354980469,80.9644775390625,65.12000274658203,10.725323677062988,114.31999969482422,100.0,98.40435028076172,10.395999908447266,73.72000122070312,70.58999633789062,127.01000213623047,10.801004409790039,,107.33150482177734,,10.280811309814453,104.0,76.33999633789062,9.851828575134277,,116.80000305175781,,120.60460662841797,103.67167663574219,105.72354888916016,64.88372039794922,92.6500015258789,98.80665588378906,72.18000030517578,97.75,9.446000099182129,10.145000457763672,,71.70999908447266,,96.0,91.08999633789062,,9.32699966430664,255.89999389648438,95.9000015258789,96.55000305175781,,
2022-04-11,9.358107566833496,134.6999969482422,164.07650756835938,96.47663879394531,101.1860580444336,17.48955535888672,101.08999633789062,7.578999996185303,99.5999984741211,111.20957946777344,96.11119842529297,102.86030578613281,101.5,126.30000305175781,101.80000305175781,99.78367614746094,102.1936264038086,7.500999927520752,100.68612670898438,81.1140365600586,65.3499984741211,10.833170890808105,113.88999938964844,100.12000274658203,98.7010498046875,10.239999771118164,74.58999633789062,70.69999694824219,128.5,10.978364944458008,,107.33150482177734,,10.28081226348877,103.5199966430664,76.4800033569336,9.837848663330078,,115.5999984741211,,120.60460662841797,103.11209869384766,105.55390167236328,64.08454132080078,92.0,98.90650939941406,72.83000183105469,97.77999877929688,9.409000396728516,10.149999618530273,,71.73999786376953,,97.0,91.25,,9.369000434875488,256.489990234375,94.55999755859375,96.5,,
2022-04-12,9.377829551696777,135.3300018310547,163.4971160888672,98.11450958251953,101.97361755371094,17.398609161376953,101.9800033569336,7.574999809265137,99.75,110.69103240966797,96.36112976074219,103.01858520507812,101.55999755859375,128.39999389648438,101.55000305175781,100.30229187011719,101.24739074707031,7.394999980926514,99.95155334472656,81.71229553222656,65.83000183105469,10.842076301574707,113.0,99.33999633789062,97.82085418701172,10.069999694824219,75.73999786376953,70.73999786376953,130.0,10.981209754943848,,107.25152587890625,,10.28081226348877,103.30000305175781,76.9800033569336,9.786922454833984,,114.94999694824219,,120.60460662841797,103.27197265625,105.1646957397461,63.58504867553711,92.66999816894531,98.97640991210938,73.0,97.33999633789062,9.418000221252441,10.149999618530273,,71.66000366210938,,95.47000122070312,91.44999694824219,,9.401000022888184,256.1099853515625,95.20999908447266,97.5199966430664,,
2022-04-13,9.46657943725586,136.24000549316406,161.37820434570312,98.10464477539062,102.34246826171875,17.513540267944336,102.0,7.550000190734863,99.73999786376953,109.7436752319336,96.8709716796875,102.35579681396484,101.19999694824219,128.0,101.79000091552734,100.23247528076172,101.09798431396484,7.375,99.16735076904297,82.7791976928711,65.30999755859375,10.822287559509277,111.9000015258789,99.30000305175781,98.20655822753906,9.758000373840332,76.30999755859375,70.0,128.32000732421875,11.002076148986816,,106.97160339355469,,10.28081226348877,103.18000030517578,78.05000305175781,9.798905372619629,,111.1500015258789,,120.60460662841797,102.82231140136719,104.97508239746094,63.28535461425781,92.79000091552734,99.09623718261719,73.0,97.05000305175781,9.425000190734863,10.045000076293945,,71.41000366210938,,94.51000213623047,92.94999694824219,,9.392999649047852,257.2099914550781,94.8499984741211,97.0999984741211,,
2022-04-14,9.555329322814941,137.4600067138672,161.93116760253906,98.71637725830078,103.56866455078125,17.599489212036133,102.25,7.550000190734863,99.70999908447266,108.80628967285156,98.06061553955078,102.63278198242188,101.25,130.99000549316406,101.69999694824219,100.23247528076172,100.84896850585938,7.364999771118164,99.65375518798828,83.13815307617188,67.30999755859375,10.882641792297363,112.69000244140625,99.75,98.28567504882812,10.288000106811523,77.1500015258789,70.43000030517578,127.98999786376953,10.956549644470215,,105.36203002929688,,10.28081226348877,102.81999969482422,77.68000030517578,9.840845108032227,,105.19999694824219,,120.60460662841797,103.31194305419922,105.03495788574219,63.9346923828125,92.8499984741211,98.58697509765625,74.12999725341797,98.19999694824219,9.420999526977539,10.187999725341797,,70.98999786376953,,92.5999984741211,94.7300033569336,,9.392000198364258,256.5,97.30000305175781,96.7699966430664,,
2022-04-18,9.5454683303833,137.1999969482422,161.9410400390625,98.66704559326172,104.25653076171875,17.61448097229004,102.30000305175781,7.573999881744385,99.5199966430664,108.25782012939453,98.27055358886719,102.33601379394531,100.9000015258789,131.3000030517578,102.05000305175781,100.83087921142578,101.29718780517578,7.293000221252441,99.4552230834961,82.94869995117188,67.5,10.93310260772705,113.80000305175781,99.0999984741211,98.30545806884766,10.21399974822998,77.0,70.08999633789062,128.91000366210938,11.002076148986816,,105.97187042236328,,10.28081226348877,102.66000366210938,78.19999694824219,9.820873260498047,,97.5,,120.60460662841797,102.28272247314453,104.66571807861328,63.435203552246094,92.66000366210938,99.85513305664062,75.11000061035156,98.22000122070312,9.397000312805176,10.125,,70.30000305175781,,92.30000305175781,94.12000274658203,,9.364999771118164,255.0,95.97000122070312,96.94999694824219,,
2022-04-19,9.575051307678223,136.77000427246094,160.64749145507812,98.34144592285156,102.9007339477539,17.63946533203125,101.1500015258789,7.559999942779541,99.8499984741211,107.69937896728516,98.9603500366211,102.2173080444336,100.5,130.8000030517578,102.13999938964844,100.37210845947266,101.54619598388672,7.40500020980835,98.80998992919922,82.86893463134766,67.62999725341797,10.868789672851562,113.70999908447266,99.47000122070312,98.34501647949219,10.175999641418457,77.19999694824219,70.06999969482422,128.8699951171875,10.966034889221191,,106.15181732177734,,10.28081226348877,102.33999633789062,78.97000122070312,9.900757789611816,,104.80000305175781,,120.60460662841797,102.63246154785156,105.05491638183594,62.46619415283203,92.44999694824219,99.85513305664062,74.9000015258789,98.0999984741211,9.402999877929688,10.151000022888184,,70.33000183105469,,93.0,94.80999755859375,,9.38700008392334,257.3900146484375,96.81999969482422,97.0,,
2022-04-20,9.584912300109863,136.1199951171875,160.7956085205078,98.37104034423828,104.0671157836914,17.63946533203125,101.1500015258789,7.59499979019165,99.9800033569336,107.49993896484375,98.75041198730469,101.61387634277344,100.41999816894531,130.08999633789062,101.93000030517578,100.23247528076172,101.29718780517578,7.413000106811523,99.5048599243164,83.37745666503906,67.05000305175781,10.982574462890625,114.30000305175781,100.19999694824219,98.49336242675781,10.083999633789062,76.80000305175781,69.9000015258789,128.1999969482422,10.866447448730469,,106.70167541503906,,10.28081226348877,101.5999984741211,80.19999694824219,9.8368501663208,,107.69999694824219,,120.60460662841797,102.73238372802734,105.05491638183594,62.8358154296875,92.27999877929688,99.85513305664062,76.0,98.0,9.39900016784668,10.119999885559082,,70.19999694824219,,92.72000122070312,94.83000183105469,,9.399999618530273,256.0,96.91000366210938,97.04000091552734,,
2022-04-22,9.663800239562988,136.49000549316406,160.95359802246094,98.60784149169922,104.22662353515625,17.789377212524414,101.69999694824219,7.697000026702881,99.98999786376953,107.84896087646484,98.6704330444336,101.87107849121094,101.0,131.10000610351562,101.97000122070312,100.23247528076172,100.68960571289062,7.315000057220459,98.96881866455078,83.40736389160156,68.0,10.924198150634766,115.0,99.86000061035156,98.7010498046875,10.180000305175781,77.08999633789062,69.9800033569336,128.5800018310547,11.024839401245117,,106.1018295288086,,10.28081226348877,101.5,80.95999908447266,9.850830078125,,106.5,,120.60460662841797,102.59249114990234,103.3983154296875,62.93571472167969,92.55000305175781,99.2659912109375,75.69000244140625,98.45999908447266,9.399999618530273,10.14900016784668,,70.73999786376953,,92.70999908447266,94.56999969482422,,9.399999618530273,255.07000732421875,97.30000305175781,97.33999633789062,,
2022-04-25,9.663800239562988,136.74000549316406,160.84498596191406,98.47957611083984,102.1729965209961,17.804367065429688,102.0,7.599999904632568,99.94000244140625,106.8417739868164,98.95035552978516,100.71367645263672,99.66000366210938,130.5500030517578,102.0,100.03301239013672,100.60992431640625,7.316999912261963,98.96881866455078,82.71936798095703,68.5,10.885610580444336,114.94999694824219,100.12999725341797,98.77027893066406,10.236000061035156,77.27999877929688,69.83999633789062,123.55000305175781,11.04570484161377,,105.38202667236328,,10.28081226348877,102.3499984741211,80.0,9.865809440612793,,105.16999816894531,,120.60460662841797,102.62246704101562,103.6378173828125,63.325313568115234,92.23999786376953,98.90650939941406,74.98999786376953,98.5,9.39900016784668,10.128000259399414,,70.58000183105469,,93.16999816894531,94.77999877929688,,9.413000106811523,255.0800018310547,96.87999725341797,96.98999786376953,,
2022-04-26,9.68352222442627,136.39999389648438,160.8548583984375,99.1603775024414,103.9375228881836,17.773386001586914,101.8499984741211,7.550000190734863,99.80000305175781,106.65230560302734,98.6704330444336,101.53473663330078,99.6500015258789,129.75999450683594,102.0199966430664,99.96319580078125,100.11190032958984,7.341000080108643,99.0,80.76505279541016,67.55000305175781,10.938050270080566,114.01000213623047,100.5,98.7999496459961,10.194000244140625,77.08000183105469,69.45999908447266,128.8000030517578,10.912921905517578,,103.97239685058594,,10.28081226348877,102.19999694824219,79.51000213623047,9.855822563171387,,105.30999755859375,,120.60460662841797,103.24199676513672,104.53598022460938,62.985660552978516,92.0,99.24601745605469,76.37000274658203,98.4800033569336,9.395000457763672,10.052000045776367,,70.38999938964844,,89.55000305175781,95.88999938964844,,9.387999534606934,255.3000030517578,96.98999786376953,97.1500015258789,,
2022-04-27,9.722966194152832,136.85000610351562,161.06222534179688,99.30838012695312,103.9773941040039,17.811363220214844,102.0,7.550000190734863,100.0,105.32600402832031,98.14059448242188,101.21818542480469,99.80000305175781,128.00999450683594,101.81999969482422,99.57423400878906,99.9027328491211,7.367000102996826,98.38999938964844,80.74510955810547,67.25,10.95289134979248,115.1500015258789,100.7699966430664,98.7010498046875,10.180000305175781,77.30000305175781,69.73999786376953,128.8800048828125,10.9546537399292,,104.97212982177734,,10.28081226348877,102.3499984741211,79.5,9.855822563171387,,105.75,,120.60460662841797,102.9222412109375,104.56591796875,62.97567367553711,89.11000061035156,99.3059310913086,75.30000305175781,96.93000030517578,9.449000358581543,10.118000030517578,,70.19999694824219,,90.48999786376953,94.12000274658203,,9.371999740600586,255.72999572753906,95.61000061035156,96.80000305175781,,
2022-04-28,9.762410163879395,135.60000610351562,161.2498321533203,97.58170318603516,102.8608627319336,17.7753849029541,101.98999786376953,7.558000087738037,99.98999786376953,105.90438842773438,97.97064208984375,101.6930160522461,101.0,127.62000274658203,102.30999755859375,99.79364776611328,100.10194396972656,7.435999870300293,98.97000122070312,80.71520233154297,68.19999694824219,10.823277473449707,115.52999877929688,101.05000305175781,98.55270385742188,10.222000122070312,77.58999633789062,69.51000213623047,127.8499984741211,10.90817928314209,,104.66221618652344,,10.28081226348877,102.0999984741211,78.7300033569336,9.881786346435547,,106.37000274658203,,120.60460662841797,103.52178955078125,104.5260009765625,63.48515319824219,89.51000213623047,99.85513305664062,75.4000015258789,97.52999877929688,9.430999755859375,10.135000228881836,,70.63999938964844,,90.52999877929688,94.87999725341797,,9.375,259.30999755859375,98.18000030517578,97.0999984741211,,
2022-04-29,9.811715126037598,136.89999389648438,161.96080017089844,97.92704010009766,102.6814193725586,17.779382705688477,101.9800033569336,7.589000225067139,100.5,106.42294311523438,97.92066192626953,101.88096618652344,101.20999908447266,128.00999450683594,102.37000274658203,99.63407897949219,100.55015563964844,7.5,98.98999786376953,80.51577758789062,67.98999786376953,10.853948593139648,115.5,101.37000274658203,98.81973266601562,10.241999626159668,77.4800033569336,69.69999694824219,127.0,11.00586986541748,,105.77191925048828,,10.28081226348877,102.5,80.0999984741211,9.900757789611816,,107.2300033569336,,120.60460662841797,103.81156921386719,104.59586334228516,64.16445922851562,90.98999786376953,99.5655517578125,75.66999816894531,98.83000183105469,9.470000267028809,10.159000396728516,,71.4000015258789,,92.69000244140625,95.66000366210938,,9.472999572753906,259.20001220703125,99.98999786376953,96.70999908447266,,
2022-05-02,9.476441383361816,133.6999969482422,160.35125732421875,98.37104034423828,101.3655014038086,17.64446258544922,100.48999786376953,7.5,100.44999694824219,105.68500518798828,96.5710678100586,101.40613555908203,99.5,126.52999877929688,100.72000122070312,99.56426239013672,100.98841857910156,7.288000106811523,98.80000305175781,78.07288360595703,65.0,10.851969718933105,113.80000305175781,100.54000091552734,98.35490417480469,9.998000144958496,76.9000015258789,69.80999755859375,124.45999908447266,10.99638557434082,,103.3925552368164,,10.28081226348877,100.9800033569336,80.0,9.844839096069336,,104.93000030517578,,120.60460662841797,101.75312042236328,104.486083984375,63.53510284423828,89.70999908447266,98.84659576416016,74.19000244140625,98.45999908447266,9.279999732971191,10.104999542236328,,70.5,,92.3499984741211,94.38999938964844,,9.29800033569336,257.0,95.62999725341797,97.19999694824219,,
2022-05-03,9.486302375793457,133.0,160.01553344726562,98.04544067382812,101.79417419433594,17.65045928955078,100.31999969482422,7.5,100.69000244140625,105.20633697509766,95.97124481201172,101.03022766113281,99.2300033569336,126.33999633789062,100.70999908447266,99.65402221679688,101.33702850341797,7.284999847412109,98.87000274658203,77.34500122070312,64.05000305175781,10.666949272155762,114.30000305175781,100.38999938964844,98.37468719482422,10.03600025177002,76.01000213623047,69.29000091552734,125.0,11.002076148986816,,103.58250427246094,,10.28081226348877,100.7699966430664,80.4000015258789,9.770944595336914,,105.68000030517578,,120.60460662841797,101.46334075927734,104.05696105957031,63.39524459838867,89.94000244140625,98.67684173583984,73.4800033569336,97.63999938964844,9.288000106811523,10.07699966430664,,70.0,,92.33000183105469,93.30999755859375,,9.324000358581543,256.3900146484375,97.12000274658203,97.19999694824219,,
2022-05-04,9.496163368225098,133.5,159.91677856445312,98.15397644042969,101.6645736694336,17.679441452026367,100.7699966430664,7.400000095367432,99.9800033569336,105.13653564453125,95.63134765625,101.77215576171875,99.5,125.55999755859375,100.97000122070312,99.53433990478516,101.34699249267578,7.348999977111816,98.55000305175781,77.4845962524414,63.650001525878906,10.526451110839844,114.69999694824219,100.55000305175781,98.6021499633789,9.961999893188477,75.18000030517578,68.88999938964844,124.31999969482422,10.91766357421875,,103.90242004394531,,10.28081226348877,99.80000305175781,79.79000091552734,9.686066627502441,,105.30999755859375,,120.60460662841797,100.46409606933594,104.43618774414062,62.5860710144043,89.4000015258789,98.40723419189453,73.1500015258789,96.81999969482422,9.295000076293945,10.100000381469727,,70.19000244140625,,91.75,93.0,,9.263999938964844,253.52000427246094,95.38999938964844,97.05000305175781,,
2022-05-05,9.5454683303833,134.0399932861328,159.96615600585938,96.11156463623047,99.0028305053711,17.68843650817871,101.0,7.334000110626221,100.37999725341797,105.68500518798828,94.8815689086914,101.129150390625,98.4000015258789,128.0,101.0,99.70388793945312,102.03425598144531,7.284999847412109,98.0,77.44470977783203,62.599998474121094,10.478959083557129,115.0999984741211,99.3499984741211,98.18677520751953,9.854000091552734,73.0999984741211,68.61000061035156,125.38999938964844,10.992591857910156,,104.22232818603516,,10.28081226348877,99.95999908447266,79.05000305175781,9.563243865966797,,105.4000015258789,,120.60460662841797,99.91451263427734,104.40625,62.38627243041992,88.5,97.77814483642578,75.2300033569336,97.08000183105469,9.354999542236328,10.0,,70.2699966430664,,90.80999755859375,93.5999984741211,,9.300999641418457,253.9199981689453,97.0,96.75,,
2022-05-06,9.496163368225098,132.8000030517578,159.7982940673828,95.11502838134766,99.7206039428711,17.649459838867188,101.02999877929688,7.234000205993652,100.0199966430664,105.70494842529297,94.32173919677734,101.37645721435547,98.5999984741211,127.83000183105469,100.6500015258789,99.63407897949219,101.73544311523438,7.269999980926514,97.80999755859375,77.03590393066406,62.810001373291016,10.592741966247559,114.0999984741211,99.6500015258789,97.80107116699219,9.857999801635742,73.5,68.0,123.83999633789062,11.030529975891113,,103.9823989868164,,10.28081226348877,99.98999786376953,78.33999633789062,9.486353874206543,,105.97000122070312,,120.60460662841797,99.91451263427734,104.486083984375,62.336326599121094,87.75,96.97930908203125,74.0,97.33999633789062,9.291000366210938,10.09000015258789,,70.0,,92.0,93.69999694824219,,9.293999671936035,255.24000549316406,97.0,96.0,,
2022-05-09,9.555329322814941,132.5,159.7094268798828,94.7203598022461,99.74053955078125,17.659454345703125,101.1500015258789,7.204999923706055,98.5199966430664,105.56533813476562,93.98184204101562,101.87107849121094,98.3499984741211,127.45999908447266,100.83999633789062,99.53433990478516,101.38683319091797,7.164000034332275,99.87999725341797,77.05584716796875,61.95000076293945,10.492810249328613,114.0199966430664,99.25,97.36591339111328,9.640000343322754,73.22000122070312,66.5199966430664,121.61000061035156,10.86170482635498,,104.22232818603516,,10.28081226348877,98.94999694824219,76.9000015258789,9.338566780090332,,103.88999938964844,,120.60460662841797,98.77537536621094,104.13680267333984,60.34835433959961,86.75,96.599853515625,72.54000091552734,95.61000061035156,9.25100040435791,10.095000267028809,,69.48999786376953,,90.98999786376953,93.63999938964844,,9.295000076293945,251.5,97.0,95.55000305175781,,
2022-05-10,9.52574634552002,131.83999633789062,159.96615600585938,94.12835693359375,99.79039001464844,17.38961410522461,100.95999908447266,7.184999942779541,98.4000015258789,105.70494842529297,93.97183990478516,102.33601379394531,97.36000061035156,129.7899932861328,100.9000015258789,99.69391632080078,102.9406509399414,7.176000118255615,99.5999984741211,77.08575439453125,62.400001525878906,10.37803840637207,114.0,98.9800033569336,97.4944839477539,9.576000213623047,73.33000183105469,67.16999816894531,120.19000244140625,10.920509338378906,,104.79218292236328,,10.28081226348877,99.02999877929688,77.0,9.371520042419434,,102.41999816894531,,120.60460662841797,98.19580841064453,104.42620849609375,59.98872375488281,86.9000015258789,97.15904235839844,71.16999816894531,96.08000183105469,9.260000228881836,10.010000228881836,,68.45999908447266,,90.45999908447266,93.33999633789062,,9.295999526977539,251.1999969482422,97.47000122070312,95.04000091552734,,
2022-05-11,9.417274475097656,131.8000030517578,160.7067413330078,94.04942321777344,99.80035400390625,16.749996185302734,100.5,7.146999835968018,98.4000015258789,103.40137481689453,94.12179565429688,101.94032287597656,97.30000305175781,129.61000061035156,100.9000015258789,99.83354187011719,100.45055389404297,6.889999866485596,99.47000122070312,77.0757827758789,62.90999984741211,10.39683723449707,114.0,97.12999725341797,97.75162506103516,9.711999893188477,76.20999908447266,68.43000030517578,121.0199966430664,11.000179290771484,,104.67221069335938,,10.28081226348877,98.94000244140625,76.93000030517578,9.328580856323242,,102.86000061035156,,120.60460662841797,97.47635650634766,103.21868133544922,59.619102478027344,86.69999694824219,97.62836456298828,71.05999755859375,96.0,9.199999809265137,10.015999794006348,,68.0,,86.26000213623047,93.55000305175781,,9.260000228881836,250.0500030517578,96.36000061035156,95.47000122070312,,
2022-05-12,9.229914665222168,130.52000427246094,160.1833953857422,94.19742584228516,99.8103256225586,17.1827392578125,100.70999908447266,7.090000152587891,97.62999725341797,101.71607971191406,93.97183990478516,101.00054931640625,97.9000015258789,128.41000366210938,100.94999694824219,97.57955932617188,100.7493667602539,6.908999919891357,97.25,76.97607421875,63.06999969482422,10.404751777648926,114.20999908447266,98.08000183105469,97.89008331298828,9.579999923706055,75.19999694824219,68.4800033569336,120.36000061035156,10.926199913024902,,103.69247436523438,,10.28081226348877,99.0,76.98999786376953,9.309609413146973,,101.56999969482422,,120.60460662841797,96.12737274169922,102.63986206054688,58.989742279052734,86.77999877929688,97.44862365722656,70.51000213623047,96.98999786376953,9.145000457763672,9.88700008392334,,67.80000305175781,,89.2300033569336,93.38999938964844,,9.196999549865723,250.00999450683594,96.31999969482422,95.5,,
2022-05-13,9.298941612243652,131.35000610351562,161.30908203125,96.6937026977539,99.70066833496094,17.403606414794922,100.69999694824219,7.125,98.70999908447266,102.46399688720703,94.2117691040039,102.3755874633789,98.26000213623047,128.55999755859375,101.08999633789062,98.08820343017578,101.20999908447266,6.960000038146973,97.0999984741211,77.27520751953125,62.560001373291016,10.530407905578613,115.0,99.30000305175781,97.7120590209961,9.571999549865723,75.51000213623047,68.4800033569336,120.88999938964844,10.973623275756836,,103.97239685058594,,10.28081226348877,99.0,77.13999938964844,9.357540130615234,,103.70999908447266,,120.60460662841797,96.227294921875,103.14881896972656,60.01869201660156,87.9000015258789,98.08769989013672,70.9800033569336,99.83999633789062,9.29699993133545,9.932999610900879,,67.27999877929688,,90.0,93.55999755859375,,9.354999542236328,255.3000030517578,99.79000091552734,95.33000183105469,,
2022-05-16,9.387690544128418,131.02999877929688,161.04246520996094,96.50623321533203,99.89007568359375,17.260692596435547,100.2300033569336,7.048999786376953,98.97000122070312,101.8756332397461,94.24176025390625,102.3755874633789,97.9800033569336,129.17999267578125,102.29000091552734,97.58953094482422,101.19999694824219,6.821000099182129,97.19000244140625,77.3848876953125,61.56999969482422,10.408709526062012,115.0,98.9800033569336,97.61316680908203,9.35200023651123,76.94999694824219,68.0199966430664,120.2300033569336,11.002076148986816,,104.3722915649414,,10.28081226348877,99.0,76.51000213623047,9.301619529724121,,104.6500015258789,,120.60460662841797,96.00746154785156,102.8394546508789,59.86884689331055,87.30999755859375,98.1575927734375,70.93000030517578,98.0999984741211,9.279000282287598,9.826000213623047,,67.05000305175781,,90.7699966430664,93.3499984741211,,9.369000434875488,254.0,95.87000274658203,94.06999969482422,,
2022-05-17,9.4074125289917,131.0399932861328,160.8548583984375,96.79237365722656,99.93992614746094,17.439586639404297,100.5999984741211,7.130000114440918,99.12000274658203,102.07508087158203,95.66133880615234,101.00054931640625,97.91999816894531,128.58999633789062,102.3499984741211,97.72915649414062,100.80000305175781,6.926000118255615,97.4800033569336,78.7608871459961,62.0099983215332,10.455211639404297,115.0,98.98999786376953,97.41536712646484,9.569999694824219,76.97000122070312,67.5,122.77999877929688,11.038118362426758,,105.85189819335938,,10.28081226348877,98.94999694824219,76.79000091552734,9.255685806274414,,105.23999786376953,,120.60460662841797,95.3279800415039,103.27855682373047,59.93877410888672,87.5999984741211,98.1675796508789,71.94999694824219,97.55999755859375,9.291000366210938,9.800000190734863,,67.37000274658203,,89.31999969482422,93.95999908447266,,9.39900016784668,255.6999969482422,92.9000015258789,92.94000244140625,,
2022-05-18,9.446857452392578,131.2100067138672,160.75611877441406,96.10169982910156,99.6906967163086,17.439586639404297,100.91000366210938,7.179999828338623,99.36000061035156,102.41413116455078,95.77130126953125,100.9115219116211,97.91999816894531,128.02000427246094,101.87999725341797,97.63939666748047,100.80000305175781,6.88700008392334,97.80000305175781,78.97027587890625,61.9900016784668,10.388920783996582,115.25,99.0,97.79118347167969,9.545999526977539,76.97000122070312,67.5999984741211,121.0,11.035271644592285,,105.95187377929688,,10.28081226348877,99.41000366210938,75.22000122070312,9.265671730041504,,106.26000213623047,,120.60460662841797,95.42790222167969,103.08894348144531,59.828887939453125,87.66999816894531,97.53849029541016,70.8499984741211,97.44000244140625,9.282999992370605,9.821000099182129,,67.0999984741211,,89.88999938964844,93.69999694824219,,9.399999618530273,255.5,92.9000015258789,93.5999984741211,,
2022-05-19,9.52574634552002,131.3800048828125,160.39076232910156,96.48650360107422,99.4813461303711,17.656455993652344,101.5,7.223999977111816,99.45999908447266,101.96538543701172,95.95124816894531,100.30809020996094,97.62999725341797,127.16999816894531,101.76000213623047,97.30030822753906,100.01000213623047,6.933000087738037,98.4800033569336,77.85352325439453,62.0,10.31075668334961,114.80000305175781,98.9800033569336,97.79118347167969,9.534000396728516,76.91999816894531,67.3499984741211,120.37000274658203,10.965086936950684,,105.4520034790039,,10.28081226348877,100.0,75.75,9.396484375,,106.44999694824219,,120.60460662841797,95.3979263305664,103.07896423339844,59.86884689331055,87.88999938964844,98.74674224853516,71.5199966430664,97.45999908447266,9.279000282287598,9.819000244140625,,67.41999816894531,,89.9800033569336,93.19999694824219,,9.355999946594238,256.3999938964844,92.9000015258789,94.36000061035156,,
2022-05-20,9.52574634552002,130.75999450683594,160.75611877441406,95.7662353515625,100.06951904296875,17.588497161865234,101.05000305175781,7.25,99.19999694824219,102.40415954589844,95.38142395019531,100.62464141845703,98.19999694824219,128.17999267578125,101.75,98.03833770751953,101.0,6.9770002365112305,98.6500015258789,77.604248046875,61.59000015258789,10.329556465148926,115.38999938964844,99.69999694824219,97.80107116699219,9.496000289916992,76.91999816894531,67.66000366210938,121.0,10.948014259338379,,105.27205657958984,,10.28081226348877,99.8499984741211,75.80999755859375,9.302618980407715,,107.80000305175781,,120.60460662841797,95.49784851074219,103.07896423339844,59.279449462890625,88.68000030517578,99.85513305664062,70.97000122070312,97.47000122070312,9.305999755859375,9.821999549865723,,67.62000274658203,,89.5999984741211,94.9000015258789,,9.399999618530273,255.0,93.98999786376953,94.45999908447266,,
2022-05-23,9.575051307678223,132.0,160.4598846435547,95.50969696044922,100.83714294433594,17.786378860473633,101.41999816894531,7.215000152587891,99.66999816894531,103.03240966796875,95.4214096069336,100.75324249267578,99.0,128.69000244140625,101.94000244140625,97.7989730834961,100.93000030517578,7.098999977111816,99.4800033569336,77.43474578857422,61.529998779296875,10.372100830078125,116.0,99.98999786376953,97.5043716430664,9.399999618530273,76.83999633789062,67.55000305175781,121.0,10.992591857910156,,105.73193359375,,10.28081226348877,99.93000030517578,76.0,9.264673233032227,,108.30000305175781,,120.60460662841797,95.88755798339844,103.15879821777344,58.66007995605469,89.72000122070312,99.86511993408203,71.69999694824219,98.38999938964844,9.28499984741211,9.819999694824219,,67.94999694824219,,90.44999694824219,94.97000122070312,,9.40999984741211,255.00999450683594,92.98999786376953,95.22000122070312,,
2022-05-24,9.70324420928955,132.17999267578125,160.0648956298828,95.50969696044922,99.64085388183594,17.689435958862305,100.9800033569336,7.300000190734863,99.79000091552734,102.86287689208984,95.67133331298828,101.18850708007812,99.02999877929688,128.8000030517578,102.0,97.34020233154297,100.5999984741211,7.026000022888184,98.86000061035156,77.2652359008789,61.61000061035156,10.379027366638184,115.9000015258789,100.8499984741211,97.39558410644531,9.61400032043457,77.9000015258789,66.80000305175781,121.22000122070312,10.998283386230469,,105.52198791503906,,10.28081226348877,99.81999969482422,77.0,9.222734451293945,,109.79000091552734,,120.60460662841797,96.227294921875,103.8873062133789,58.39035415649414,89.54000091552734,99.79521942138672,72.31999969482422,98.55000305175781,9.317999839782715,9.890000343322754,,67.7300033569336,,90.54000091552734,93.94000244140625,,9.427000045776367,257.20001220703125,93.87000274658203,95.3499984741211,,
2022-05-25,9.68352222442627,132.0,160.07476806640625,95.28276824951172,99.4813461303711,17.733409881591797,101.19000244140625,7.300000190734863,99.5999984741211,102.7232666015625,94.99153900146484,100.90162658691406,98.72000122070312,128.14999389648438,102.5,97.34020233154297,100.80000305175781,7.099999904632568,98.9000015258789,77.27520751953125,61.779998779296875,10.537334442138672,115.33000183105469,100.91000366210938,96.52527618408203,9.479999542236328,77.44000244140625,66.81999969482422,123.41999816894531,10.945169448852539,,105.27205657958984,,10.28081226348877,99.87999725341797,77.5,9.223731994628906,,110.80000305175781,,120.60460662841797,97.0167007446289,103.19872283935547,58.099998474121094,90.0,99.91504669189453,72.13999938964844,98.41999816894531,9.32800006866455,9.809000015258789,,67.7300033569336,,90.80000305175781,94.98999786376953,,9.449999809265137,256.5199890136719,93.5,94.94999694824219,,
2022-05-26,9.673661231994629,131.6999969482422,161.69418334960938,94.96703338623047,99.5112533569336,17.73940658569336,101.27999877929688,7.39900016784668,99.80000305175781,102.9127426147461,94.22177124023438,100.95108795166016,98.5,126.55999755859375,103.44999694824219,97.42996215820312,101.0,7.090000152587891,98.98999786376953,77.0757827758789,61.599998474121094,10.482915878295898,115.83000183105469,100.0,97.5933837890625,9.444000244140625,77.75,66.54000091552734,122.5,10.9546537399292,,104.55224609375,,10.28081226348877,99.30000305175781,76.88999938964844,9.206756591796875,,110.77999877929688,,120.60460662841797,97.02669525146484,103.20870208740234,57.95000076293945,90.80000305175781,100.59406280517578,72.98999786376953,98.86000061035156,9.300999641418457,9.829999923706055,,67.9800033569336,,90.77999877929688,94.9000015258789,,9.529999732971191,257.010009765625,93.66999816894531,94.55000305175781,,
2022-05-27,9.70324420928955,131.52999877929688,163.037109375,95.75636291503906,100.68760681152344,17.782381057739258,101.55000305175781,7.322999954223633,99.98999786376953,104.29887390136719,94.37171936035156,101.39624786376953,98.80000305175781,128.4499969482422,103.30999755859375,97.64937591552734,101.80000305175781,7.175000190734863,99.4000015258789,78.93038940429688,61.47999954223633,10.708503723144531,115.94999694824219,99.73999786376953,97.7120590209961,9.543999671936035,77.29000091552734,66.58999633789062,124.3499984741211,10.9546537399292,,104.79218292236328,,10.28081226348877,99.63999938964844,77.33999633789062,9.299622535705566,,112.58000183105469,,120.60460662841797,97.82608795166016,103.28853607177734,58.20000076293945,91.33999633789062,100.59406280517578,73.69999694824219,98.62999725341797,9.343999862670898,9.822999954223633,,68.7699966430664,,90.55000305175781,95.4000015258789,,9.619000434875488,257.0299987792969,94.6500015258789,95.58000183105469,,
2022-05-30,9.752549171447754,132.4199981689453,162.28665161132812,97.47317504882812,100.9767074584961,17.887317657470703,101.48999786376953,7.255000114440918,100.75,104.50828552246094,95.27145385742188,101.44570922851562,98.97000122070312,129.9499969482422,103.45999908447266,97.4698486328125,101.75,7.072000026702881,99.4000015258789,79.26940155029297,62.15999984741211,10.745113372802734,117.97000122070312,99.77999877929688,97.51426696777344,9.515999794006348,77.62999725341797,67.02999877929688,124.47000122070312,10.925251007080078,,105.47200012207031,,10.28081226348877,99.79000091552734,78.9000015258789,9.326583862304688,,112.91000366210938,,120.60460662841797,99.66470336914062,104.03700256347656,58.290000915527344,91.41999816894531,100.57408905029297,72.55000305175781,97.91000366210938,9.329999923706055,9.833999633789062,,68.69000244140625,,90.26000213623047,95.18000030517578,,9.630000114440918,256.4100036621094,94.69999694824219,94.83999633789062,,
2022-05-31,9.772271156311035,132.60000610351562,163.02723693847656,96.9009017944336,101.1860580444336,17.945283889770508,102.5,7.324999809265137,100.69999694824219,104.50828552246094,95.43140411376953,100.90162658691406,99.25,130.89999389648438,103.0,97.55961608886719,101.5,7.179999828338623,99.95999908447266,80.27647399902344,61.900001525878906,10.799530982971191,118.4000015258789,99.86000061035156,97.7120590209961,9.795999526977539,77.80000305175781,67.66999816894531,123.5199966430664,10.926199913024902,,105.99185943603516,,10.28081226348877,99.94000244140625,79.68000030517578,9.25968074798584,,114.27999877929688,,120.60460662841797,98.12586212158203,104.03700256347656,58.70000076293945,91.62000274658203,102.05194854736328,73.36000061035156,98.11000061035156,9.416999816894531,9.836999893188477,,69.12999725341797,,92.94000244140625,95.0,,9.652000427246094,260.0,94.97000122070312,94.80000305175781,,
2022-06-01,9.584912300109863,132.1999969482422,160.5487518310547,95.17423248291016,99.9598617553711,17.669448852539062,100.94999694824219,7.2729997634887695,100.9800033569336,105.30606079101562,96.17118072509766,101.09947204589844,98.04000091552734,129.9600067138672,101.69000244140625,98.95588684082031,99.62000274658203,7.199999809265137,99.9800033569336,80.4559555053711,63.5,10.801509857177734,118.44999694824219,98.8499984741211,97.09889221191406,9.795999526977539,77.5999984741211,67.75,127.0,10.992591857910156,,104.52225494384766,,10.28081226348877,98.94999694824219,77.56999969482422,9.1777982711792,,114.8499984741211,,120.60460662841797,96.227294921875,103.33843231201172,58.439998626708984,91.05000305175781,99.85513305664062,71.91999816894531,96.25,9.29800033569336,9.836000442504883,,68.66000366210938,,91.0,94.05999755859375,,9.385000228881836,259.2699890136719,93.80999755859375,93.87999725341797,,
2022-06-02,9.614495277404785,132.0,160.0352783203125,96.74303436279297,100.41844177246094,17.68543815612793,100.58999633789062,7.170000076293945,101.58999633789062,105.3858413696289,97.67073822021484,101.24786376953125,97.37000274658203,129.82000732421875,101.36000061035156,99.33487701416016,101.05000305175781,7.21999979019165,101.25,79.48876953125,63.630001068115234,10.743133544921875,118.37999725341797,98.75,96.99999237060547,9.800000190734863,77.26000213623047,67.94999694824219,126.37000274658203,10.98974609375,,104.6322250366211,,10.28081226348877,99.29000091552734,77.9000015258789,9.162819862365723,,115.69999694824219,,120.60460662841797,95.19807434082031,103.48812866210938,58.84000015258789,90.83000183105469,99.93502044677734,71.30000305175781,96.98999786376953,9.23900032043457,9.86299991607666,,68.66000366210938,,89.5,94.05999755859375,,9.359999656677246,260.0799865722656,94.16000366210938,95.0999984741211,,
2022-06-03,9.575051307678223,132.44000244140625,160.82522583007812,96.86143493652344,101.6645736694336,17.618478775024414,100.79000091552734,7.139999866485596,102.06999969482422,106.05397033691406,97.85067749023438,100.79281616210938,98.4000015258789,131.25,101.41000366210938,98.84617614746094,101.16999816894531,7.298999786376953,101.30999755859375,79.75798034667969,63.36000061035156,10.685748100280762,118.5,98.47000122070312,96.9406509399414,9.845999717712402,78.25,68.48999786376953,125.41999816894531,10.96413803100586,,103.97239685058594,,10.28081226348877,99.4000015258789,77.1500015258789,9.136857032775879,,116.30000305175781,,120.60460662841797,95.19807434082031,103.28853607177734,59.04999923706055,90.0,99.24601745605469,71.0,97.16000366210938,9.260000228881836,9.899999618530273,,67.80000305175781,,89.95999908447266,93.55000305175781,,9.407999992370605,259.6499938964844,93.43000030517578,95.0999984741211,,
2022-06-06,9.584912300109863,133.5,160.3611297607422,97.12783813476562,101.98358154296875,17.512542724609375,100.5,7.098999977111816,102.0,106.00411224365234,97.25086212158203,100.79281616210938,98.55000305175781,132.72000122070312,101.45999908447266,98.78633880615234,101.9000015258789,7.300000190734863,100.94999694824219,79.3691177368164,64.44000244140625,10.577900886535645,118.0999984741211,98.55000305175781,97.5043716430664,9.71399974822998,78.48999786376953,67.80000305175781,126.36000061035156,10.893004417419434,,103.87242126464844,,10.28081226348877,99.4000015258789,77.0999984741211,9.086929321289062,,116.2300033569336,,120.60460662841797,95.85757446289062,102.32051849365234,58.95000076293945,90.0,98.68682861328125,72.31999969482422,97.31999969482422,9.269000053405762,9.854999542236328,,67.01000213623047,,89.94999694824219,94.5,,9.4350004196167,255.8800048828125,93.80000305175781,95.0999984741211,,
2022-06-07,9.555329322814941,132.8000030517578,160.41050720214844,97.93690490722656,102.3823471069336,17.482559204101562,100.55999755859375,7.124000072479248,102.0,105.80467224121094,96.52108001708984,100.90162658691406,98.73999786376953,131.25999450683594,101.0999984741211,98.60681915283203,100.97000122070312,7.230000019073486,100.5,78.7608871459961,63.31999969482422,10.5343656539917,118.08999633789062,98.83999633789062,97.83074188232422,9.640000343322754,79.37000274658203,67.19999694824219,129.02999877929688,10.907231330871582,,103.67247772216797,,10.28081226348877,98.94000244140625,77.0999984741211,9.06795597076416,,114.94999694824219,,120.60460662841797,95.48785400390625,101.78162384033203,59.0,89.69999694824219,100.10477447509766,72.9000015258789,97.1500015258789,9.222000122070312,9.920000076293945,,66.6500015258789,,89.38999938964844,94.0,,9.479999542236328,254.8000030517578,96.97000122070312,95.29000091552734,,
2022-06-08,9.53560733795166,133.1999969482422,160.29200744628906,97.68037414550781,102.4820327758789,17.504547119140625,101.5999984741211,7.099999904632568,99.87000274658203,105.85453033447266,96.00123596191406,100.88184356689453,99.13999938964844,132.30999755859375,101.05000305175781,98.53700256347656,100.77999877929688,7.150000095367432,100.05000305175781,78.75091552734375,62.369998931884766,10.569985389709473,117.69999694824219,99.4800033569336,97.21756744384766,9.5,79.5,66.08999633789062,132.1300048828125,10.973623275756836,,103.96240234375,,10.28081226348877,98.69000244140625,76.0199966430664,9.106900215148926,,113.25,,120.60460662841797,96.51708221435547,101.4123764038086,58.0099983215332,89.91000366210938,100.79376983642578,72.48999786376953,97.94999694824219,9.243000030517578,9.878999710083008,,66.58999633789062,,89.26000213623047,93.98999786376953,,9.49899959564209,255.49000549316406,94.83000183105469,95.13999938964844,,
2022-06-09,9.506024360656738,132.27999877929688,159.669921875,97.33503723144531,101.7642593383789,17.474565505981445,101.5999984741211,7.139999866485596,100.0,105.4057846069336,95.9012680053711,100.70378112792969,98.91999816894531,131.0,100.98999786376953,98.59684753417969,100.69999694824219,7.264999866485596,100.30999755859375,77.93328857421875,61.36000061035156,10.5670166015625,117.5,99.0,97.21756744384766,9.479999542236328,79.9800033569336,65.80999755859375,134.00999450683594,10.918611526489258,,103.82244110107422,,10.28081226348877,98.5,76.25,9.101906776428223,,112.1500015258789,,120.60460662841797,95.62775421142578,102.28060150146484,58.27000045776367,89.83000183105469,99.3558578491211,72.30000305175781,98.38999938964844,9.229999542236328,9.895999908447266,,66.4000015258789,,89.4800033569336,93.30999755859375,,9.508999824523926,255.49000549316406,95.75,94.5999984741211,,
2022-06-10,9.506024360656738,132.92999267578125,160.96347045898438,96.00303649902344,100.78729248046875,17.468568801879883,101.5999984741211,7.110000133514404,100.11000061035156,102.70332336425781,95.26145935058594,100.35755157470703,99.06999969482422,131.39999389648438,100.98999786376953,98.24777221679688,99.93000030517578,7.105000019073486,100.27999877929688,77.59427642822266,61.20000076293945,10.653097152709961,118.25,99.0,97.26702117919922,9.496000289916992,79.80000305175781,65.29000091552734,130.97999572753906,10.930941581726074,,103.97239685058594,,10.28081226348877,98.5,75.25,9.085929870605469,,111.5,,120.60460662841797,95.4678726196289,100.99323272705078,57.650001525878906,90.0,99.3558578491211,71.22000122070312,98.79000091552734,9.232999801635742,9.918999671936035,,67.0,,89.5,93.19999694824219,,9.569999694824219,257.0,94.9800033569336,95.08999633789062,,
2022-06-13,9.417274475097656,131.75,159.96615600585938,94.86836242675781,100.18914794921875,17.189735412597656,101.4800033569336,7.138999938964844,99.75,101.0678939819336,95.02153015136719,100.27841186523438,98.25,129.8300018310547,101.43000030517578,96.0037612915039,100.08000183105469,7.078000068664551,97.80000305175781,77.77375793457031,60.20000076293945,10.58779525756836,117.77999877929688,98.69999694824219,97.29668426513672,9.399999618530273,79.91999816894531,64.80000305175781,131.0,10.907231330871582,,104.01239013671875,,10.28081226348877,98.51000213623047,75.86000061035156,9.085929870605469,,110.0,,120.60460662841797,95.37793731689453,100.7337646484375,57.560001373291016,89.87999725341797,99.22604370117188,70.68000030517578,98.11000061035156,9.255999565124512,9.793000221252441,,66.91000366210938,,89.0999984741211,93.3499984741211,,9.557999610900879,252.6300048828125,94.51000213623047,94.75,,
2022-06-14,9.456718444824219,131.0800018310547,161.06222534179688,96.13130187988281,101.47515869140625,17.279680252075195,100.69999694824219,7.129000186920166,99.30000305175781,101.267333984375,94.481689453125,100.3377685546875,98.26000213623047,128.89999389648438,101.55000305175781,96.05363464355469,100.55999755859375,7.0279998779296875,97.69000244140625,77.25526428222656,61.08000183105469,10.571964263916016,117.94999694824219,98.26000213623047,97.31646728515625,9.342000007629395,79.5999984741211,64.5,128.99000549316406,10.907231330871582,,103.87242126464844,,10.28081226348877,98.47000122070312,74.12000274658203,9.068955421447754,,110.62999725341797,,120.60460662841797,95.48785400390625,100.69384765625,57.650001525878906,89.0,98.35730743408203,71.05000305175781,98.80000305175781,9.256999969482422,9.779000282287598,,66.51000213623047,,90.3499984741211,93.33999633789062,,9.678999900817871,252.5,93.79000091552734,94.51000213623047,,
2022-06-15,9.456718444824219,131.63999938964844,161.32882690429688,96.42729949951172,100.98667907714844,17.369626998901367,101.08999633789062,7.120999813079834,99.95999908447266,102.08505249023438,94.52167510986328,100.6543197631836,97.4000015258789,128.0,101.41000366210938,95.85416412353516,99.9000015258789,7.0,98.25,77.0757827758789,60.5,10.573943138122559,117.0,98.52999877929688,97.83074188232422,9.314000129699707,79.33000183105469,63.400001525878906,131.38999938964844,10.972674369812012,,103.87242126464844,,10.28081226348877,99.2699966430664,74.26000213623047,9.101906776428223,,112.12000274658203,,120.60460662841797,95.3279800415039,100.38448333740234,57.4900016784668,89.27999877929688,99.22604370117188,70.94999694824219,98.93000030517578,9.274999618530273,9.73900032043457,,66.1500015258789,,90.19999694824219,93.2300033569336,,9.699999809265137,254.41000366210938,93.69000244140625,94.6500015258789,,
2022-06-17,9.506024360656738,132.0,154.9400634765625,95.60836791992188,100.78729248046875,17.369626998901367,100.9000015258789,7.099999904632568,99.98999786376953,103.88004302978516,95.97124481201172,100.45647430419922,97.29000091552734,129.50999450683594,100.4000015258789,96.233154296875,100.0,6.991000175476074,98.75,77.74384307861328,58.900001525878906,10.665959358215332,117.43000030517578,98.19000244140625,97.83074188232422,9.23799991607666,78.80999755859375,64.87000274658203,129.9499969482422,10.9546537399292,,104.2723159790039,,10.28081226348877,98.98999786376953,76.62999725341797,9.06396198272705,,112.12000274658203,,120.60460662841797,95.2280502319336,101.08305358886719,57.52000045776367,89.2699966430664,99.3658447265625,70.80999755859375,99.30999755859375,9.274999618530273,9.710000038146973,,65.05000305175781,,89.98999786376953,93.9000015258789,,9.760000228881836,256.0,93.69999694824219,94.36000061035156,,
2022-06-20,9.506024360656738,131.11000061035156,159.76866149902344,95.11502838134766,101.1860580444336,17.479562759399414,101.3499984741211,7.099999904632568,100.0,102.84293365478516,95.67133331298828,99.90250396728516,97.08999633789062,129.8300018310547,101.6500015258789,97.49977111816406,99.98999786376953,6.989999771118164,99.3499984741211,78.14268493652344,58.709999084472656,10.727302551269531,118.27999877929688,99.4000015258789,97.89997100830078,9.29800033569336,79.0,64.1500015258789,128.89999389648438,10.916714668273926,,103.96240234375,,10.28081226348877,98.48999786376953,75.56999969482422,9.076943397521973,,112.80000305175781,,120.60460662841797,95.99747467041016,101.48223114013672,57.25,88.76000213623047,99.4557113647461,72.19999694824219,99.5,9.333000183105469,9.814000129699707,,65.04000091552734,,90.87999725341797,94.26000213623047,,9.743000030517578,255.0,93.0,94.62000274658203,,
2022-06-21,9.565190315246582,131.05999755859375,160.71661376953125,95.39129638671875,101.3655014038086,17.474565505981445,101.30000305175781,7.125999927520752,100.29000091552734,103.59085083007812,95.37142181396484,99.75411987304688,96.4000015258789,130.41000366210938,101.97000122070312,97.71918487548828,99.97000122070312,7.010000228881836,99.05000305175781,77.97317504882812,58.40999984741211,10.853948593139648,117.76000213623047,99.0,97.42525482177734,9.10200023651123,78.30999755859375,64.30000305175781,129.3699951171875,10.916714668273926,,104.42227935791016,,10.28081226348877,98.7699966430664,74.75,9.070952415466309,,113.08999633789062,,120.60460662841797,96.43714141845703,101.65188598632812,57.59000015258789,88.12999725341797,99.3059310913086,71.7300033569336,99.75,9.35099983215332,9.809000015258789,,65.11000061035156,,89.9000015258789,96.80000305175781,,9.70199966430664,255.3699951171875,93.0,93.5999984741211,,
2022-06-22,9.575051307678223,131.1199951171875,160.95359802246094,95.02622985839844,101.3954086303711,17.4765625,101.4000015258789,7.110000133514404,100.44000244140625,103.90995788574219,95.47139739990234,99.46723937988281,95.80000305175781,131.0,102.2300033569336,96.7417984008789,100.5999984741211,6.915999889373779,98.94999694824219,77.71392822265625,58.29999923706055,10.705535888671875,117.5199966430664,98.25,97.42525482177734,9.076000213623047,78.62999725341797,64.01000213623047,128.5,10.91766357421875,,103.97239685058594,,10.28081226348877,97.98999786376953,75.30000305175781,9.053976058959961,,112.8499984741211,,120.60460662841797,96.51708221435547,101.40239715576172,57.630001068115234,88.12000274658203,99.4057846069336,70.3499984741211,99.87999725341797,9.329999923706055,9.8149995803833,,65.04000091552734,,89.9000015258789,96.4000015258789,,9.758000373840332,257.0,93.0,93.75,,
2022-06-23,9.515885353088379,131.14999389648438,160.39076232910156,94.91769409179688,101.6147232055664,17.28667640686035,101.30000305175781,7.135000228881836,100.3499984741211,102.71329498291016,94.52167510986328,99.41777801513672,95.0199966430664,131.99000549316406,101.80000305175781,96.64205932617188,100.8499984741211,6.949999809265137,99.02999877929688,77.68401336669922,57.869998931884766,10.670906066894531,117.27999877929688,98.0999984741211,97.61316680908203,8.98799991607666,78.8499984741211,63.81999969482422,129.69000244140625,10.907231330871582,,104.3722915649414,,10.28081226348877,97.94999694824219,74.9000015258789,8.986074447631836,,113.25,,120.60460662841797,96.4970932006836,100.08509826660156,57.63999938964844,87.95999908447266,99.4557113647461,70.66000366210938,99.88999938964844,9.305999755859375,9.829999923706055,,65.13999938964844,,89.80000305175781,95.05999755859375,,9.708000183105469,257.8699951171875,92.69999694824219,93.43000030517578,,
2022-06-24,9.476441383361816,131.0,160.52899169921875,94.41449737548828,101.65460205078125,17.150758743286133,101.19999694824219,7.089000225067139,100.37999725341797,102.60360717773438,94.95155334472656,98.92316436767578,94.5999984741211,131.24000549316406,102.0,97.24046325683594,100.77999877929688,6.9629998207092285,99.04000091552734,77.76378631591797,57.93000030517578,10.585816383361816,116.98999786376953,97.95999908447266,97.74740600585938,8.973999977111816,78.80000305175781,63.7400016784668,128.6999969482422,10.877828598022461,,104.3722915649414,,10.28081226348877,97.98999786376953,76.4800033569336,8.943136215209961,,113.25,,120.60460662841797,96.02745056152344,100.58407592773438,57.40999984741211,88.05000305175781,97.9578857421875,70.5,99.98999786376953,9.288999557495117,9.8100004196167,,65.0,,89.98999786376953,95.19999694824219,,9.737000465393066,256.6099853515625,92.80000305175781,92.5199966430664,,
2022-06-27,9.46657943725586,131.1199951171875,160.75611877441406,94.46382904052734,100.68760681152344,17.154756546020508,101.08000183105469,7.071000099182129,100.23999786376953,102.30443572998047,94.73161315917969,98.92316436767578,94.5999984741211,131.8000030517578,101.83000183105469,97.66931915283203,100.75,6.910999774932861,99.5199966430664,77.77375793457031,57.93000030517578,10.58680534362793,116.72000122070312,98.19000244140625,97.56930541992188,8.907999992370605,78.5,63.2400016784668,127.16000366210938,10.98974609375,,104.17234802246094,,10.28081226348877,97.94999694824219,75.80000305175781,8.974090576171875,,113.20999908447266,,120.60460662841797,95.89754486083984,100.39446258544922,57.84000015258789,88.0,97.42865753173828,71.9000015258789,101.5,9.317999839782715,9.819999694824219,,65.0999984741211,,90.06999969482422,95.05000305175781,,9.630000114440918,256.0,93.0,93.47000122070312,,
2022-06-28,9.456718444824219,131.08999633789062,160.2722625732422,94.17769622802734,100.24896240234375,17.042821884155273,101.66999816894531,7.056000232696533,99.5999984741211,101.62633514404297,93.97183990478516,99.12100982666016,94.5999984741211,130.8699951171875,101.8499984741211,97.78900146484375,100.80000305175781,6.7769999504089355,98.69999694824219,77.3150863647461,58.08000183105469,10.661011695861816,116.91999816894531,97.79000091552734,97.31204986572266,8.87600040435791,78.2300033569336,62.779998779296875,127.25,11.125374794006348,,103.97239685058594,,10.28081226348877,97.62000274658203,75.79000091552734,8.95711612701416,,112.98999786376953,,120.60460662841797,95.37793731689453,100.24476623535156,57.38999938964844,87.83999633789062,98.08769989013672,70.69999694824219,101.0199966430664,9.324999809265137,9.793000221252441,,65.1500015258789,,89.58999633789062,94.5,,9.6899995803833,259.75,91.69999694824219,92.7300033569336,,
2022-06-29,9.476441383361816,131.0,160.95359802246094,93.77315521240234,100.7374496459961,17.089794158935547,101.8499984741211,7.014999866485596,100.19999694824219,101.70610809326172,93.59195709228516,98.8242416381836,94.6500015258789,129.3000030517578,101.6500015258789,97.54963684082031,100.83999633789062,6.796999931335449,98.0,77.14558410644531,57.630001068115234,10.611540794372559,117.3499984741211,97.9000015258789,97.37141418457031,8.819999694824219,77.30000305175781,62.0,126.0199966430664,11.054241180419922,,105.4520034790039,,10.28081226348877,97.68000030517578,76.25,8.964105606079102,,113.0199966430664,,120.60460662841797,95.02820587158203,101.59201049804688,57.29999923706055,87.80000305175781,98.13762664794922,71.66000366210938,101.1500015258789,9.383000373840332,9.815999984741211,,64.68000030517578,,89.98999786376953,95.25,,9.680000305175781,258.4800109863281,92.45999908447266,93.86000061035156,,
2022-06-30,9.5454683303833,131.47999572753906,162.35577392578125,93.43769073486328,100.68760681152344,17.313661575317383,101.95999908447266,7.000999927520752,100.0,101.61636352539062,93.6419448852539,98.92316436767578,95.51000213623047,129.67999267578125,101.19000244140625,97.53966522216797,100.80000305175781,6.790999889373779,98.38999938964844,77.76378631591797,57.29999923706055,10.80447769165039,118.69000244140625,98.54000091552734,97.34173583984375,8.826000213623047,75.83000183105469,61.88999938964844,126.18000030517578,11.049498558044434,,105.4520034790039,,10.28081226348877,97.80000305175781,75.91999816894531,9.045988082885742,,113.55000305175781,,120.60460662841797,95.07816314697266,100.6539306640625,57.400001525878906,87.81999969482422,98.32734680175781,71.20999908447266,101.29000091552734,9.407999992370605,9.800000190734863,,64.80000305175781,,89.97000122070312,96.58000183105469,,9.746999740600586,259.7799987792969,93.0,94.52999877929688,,
2022-07-01,9.446857452392578,130.6300048828125,158.77134704589844,92.86542510986328,99.88011169433594,17.134767532348633,100.4000015258789,6.849999904632568,99.86000061035156,101.73602294921875,93.20207214355469,98.22080993652344,94.94999694824219,130.57000732421875,98.9000015258789,97.54963684082031,99.12999725341797,6.888999938964844,97.45999908447266,76.91625213623047,58.45000076293945,10.877695083618164,117.58000183105469,98.2300033569336,96.8667984008789,8.930000305175781,77.77999877929688,60.529998779296875,128.8000030517578,11.021044731140137,,103.91241455078125,,10.28081226348877,97.13999938964844,74.45999908447266,8.877230644226074,,113.5,,120.60460662841797,94.6085205078125,102.18080139160156,57.279998779296875,87.13999938964844,101.59261322021484,69.88999938964844,97.5,9.180000305175781,9.86299991607666,,65.16999816894531,,89.12999725341797,94.51000213623047,,9.526000022888184,257.2099914550781,91.30000305175781,93.18000030517578,,
2022-07-04,9.456718444824219,130.9600067138672,159.37368774414062,91.7603530883789,99.35174560546875,16.998849868774414,100.69999694824219,6.849999904632568,100.4800033569336,103.42132568359375,93.37202453613281,98.41865539550781,95.0999984741211,131.0,98.30000305175781,97.68927001953125,99.80000305175781,6.868000030517578,97.6500015258789,77.02593231201172,59.36000061035156,10.71543025970459,117.87000274658203,98.58000183105469,96.79753875732422,8.84000015258789,77.47000122070312,59.9900016784668,128.80999755859375,11.072261810302734,,103.93241119384766,,10.28081226348877,96.5999984741211,74.4000015258789,9.000054359436035,,114.19000244140625,,120.60460662841797,94.57854461669922,100.83356475830078,57.31999969482422,86.75,99.65542602539062,70.29000091552734,96.6500015258789,9.194000244140625,9.9350004196167,,65.11000061035156,,88.56999969482422,94.37000274658203,,9.519000053405762,257.0,91.37000274658203,93.19000244140625,,
2022-07-05,9.4074125289917,130.14999389648438,159.8575439453125,91.13874816894531,99.19224548339844,17.10978126525879,100.94000244140625,6.849999904632568,101.0,103.3714599609375,93.68193054199219,97.82511901855469,94.51000213623047,129.3000030517578,97.30000305175781,97.32025146484375,100.43000030517578,6.89900016784668,99.08000183105469,75.08158874511719,58.29999923706055,10.693662643432617,118.08999633789062,97.26000213623047,96.76785278320312,8.734000205993652,77.19999694824219,59.130001068115234,128.02999877929688,11.056138038635254,,103.48252868652344,,10.28081226348877,95.88999938964844,74.30999755859375,8.890212059020996,,114.5,,120.60460662841797,94.07891845703125,101.34252166748047,56.40999984741211,87.4000015258789,97.57843780517578,70.18000030517578,97.12999725341797,9.170000076293945,9.982000350952148,,64.94000244140625,,87.80000305175781,94.1500015258789,,9.52299976348877,257.9700012207031,91.58999633789062,93.5,,
2022-07-06,9.446857452392578,130.24000549316406,159.59092712402344,91.08941650390625,99.08258056640625,17.29966926574707,100.80000305175781,6.849999904632568,101.08000183105469,103.71051025390625,93.97183990478516,96.13352966308594,94.25,129.3800048828125,98.38999938964844,97.04100036621094,100.62000274658203,6.809999942779541,99.69999694824219,75.67984771728516,57.79999923706055,10.636277198791504,117.75,98.5,97.15373992919922,8.847999572753906,77.19999694824219,59.31999969482422,129.5500030517578,11.077953338623047,,103.72246551513672,,10.28081226348877,95.9000015258789,74.22000122070312,8.948128700256348,,114.62000274658203,,120.60460662841797,94.02896118164062,101.31258392333984,57.27000045776367,86.94999694824219,98.39724731445312,70.13999938964844,97.11000061035156,9.277999877929688,10.045000076293945,,64.8499984741211,,87.86000061035156,94.68000030517578,,9.661999702453613,260.0,92.01000213623047,93.81999969482422,,
2022-07-07,9.496163368225098,130.57000732421875,159.86741638183594,90.28034210205078,99.59100341796875,17.323654174804688,101.36000061035156,6.863999843597412,100.30000305175781,105.17642211914062,94.17178344726562,96.25224304199219,94.0,128.5800018310547,98.1500015258789,97.5097427368164,100.27999877929688,6.900000095367432,100.0999984741211,76.23822021484375,57.470001220703125,10.546238899230957,117.55999755859375,98.04000091552734,96.96574401855469,8.862000465393066,76.98999786376953,59.4900016784668,126.01000213623047,11.058034896850586,,103.97239685058594,,10.28081226348877,96.12999725341797,74.12999725341797,8.95711612701416,,114.01000213623047,,120.60460662841797,93.80912780761719,101.2926254272461,56.7599983215332,89.80000305175781,98.0477523803711,69.55000305175781,97.18000030517578,9.300000190734863,10.0,,65.08999633789062,,88.0,94.30000305175781,,9.699999809265137,262.5,93.0,93.8499984741211,,
2022-07-08,9.584912300109863,130.3000030517578,159.96615600585938,90.92168426513672,100.35862731933594,17.086795806884766,101.29000091552734,6.874000072479248,98.66999816894531,105.16645050048828,95.71131896972656,97.05352020263672,93.16999816894531,126.5199966430664,97.1500015258789,98.13806915283203,100.0999984741211,6.900000095367432,99.5,77.52448272705078,56.25,10.468074798583984,118.19999694824219,98.0,97.06468963623047,8.784000396728516,77.4000015258789,59.779998779296875,124.98999786376953,11.096921920776367,,104.2723159790039,,10.28081226348877,96.0,74.4000015258789,8.985074996948242,,111.58000183105469,,120.60460662841797,93.29950714111328,101.4922103881836,55.90999984741211,88.7300033569336,97.83805847167969,69.61000061035156,97.01000213623047,9.279999732971191,10.081999778747559,,65.06999969482422,,88.77999877929688,94.1500015258789,,9.699999809265137,260.3999938964844,93.29000091552734,94.0,,
2022-07-11,9.555329322814941,130.0,160.41050720214844,91.46434783935547,100.18914794921875,17.18873405456543,101.25,6.849999904632568,97.73999786376953,104.70773315429688,95.67133331298828,96.8952407836914,92.69999694824219,126.6500015258789,96.87000274658203,98.2078857421875,100.0999984741211,6.875,98.83000183105469,77.77375793457031,54.369998931884766,10.448287010192871,117.9800033569336,98.44999694824219,96.98553466796875,8.65999984741211,77.51000213623047,59.61000061035156,129.9499969482422,11.073209762573242,,103.92240905761719,,10.28081226348877,95.51000213623047,73.87999725341797,8.958113670349121,,111.0,,120.60460662841797,93.27952575683594,101.20280456542969,55.9900016784668,87.94999694824219,98.61692810058594,69.43000030517578,96.30999755859375,9.180000305175781,10.08899974822998,,64.80000305175781,,88.5,92.5999984741211,,9.63599967956543,260.6600036621094,93.19999694824219,93.38999938964844,,
2022-07-12,9.5454683303833,129.89999389648438,160.65736389160156,91.55314636230469,99.6607894897461,17.214719772338867,101.4000015258789,6.818999767303467,97.5999984741211,103.5010986328125,95.67133331298828,96.69739532470703,91.97000122070312,123.87999725341797,97.0,97.9385986328125,98.98999786376953,6.781000137329102,98.68000030517578,77.77375793457031,52.900001525878906,10.240508079528809,117.9000015258789,98.62000274658203,96.91627502441406,8.571999549865723,76.0199966430664,59.20000076293945,125.30000305175781,11.10545825958252,,103.67247772216797,,10.28081226348877,95.5,73.41999816894531,8.987072944641113,,111.0,,120.60460662841797,93.30950164794922,100.79364776611328,56.099998474121094,87.0199966430664,97.80810546875,69.81999969482422,95.0,9.180999755859375,9.991000175476074,,65.56999969482422,,88.97000122070312,93.41000366210938,,9.595000267028809,260.989990234375,93.5,93.5199966430664,,
2022-07-13,9.565190315246582,130.3800048828125,160.1537628173828,91.4051513671875,100.18914794921875,17.10978126525879,101.55000305175781,6.817999839782715,97.0,103.99971008300781,95.77130126953125,96.22256469726562,92.20999908447266,120.72000122070312,96.0,96.53235626220703,99.08999633789062,6.758999824523926,95.19000244140625,77.03590393066406,53.22999954223633,10.041633605957031,117.8499984741211,97.9000015258789,97.46046447753906,8.456000328063965,76.66000366210938,58.88999938964844,125.31999969482422,11.08743667602539,,102.97266387939453,,10.28081226348877,95.51000213623047,73.22000122070312,8.984077453613281,,110.5,,120.60460662841797,92.31025695800781,100.99323272705078,56.459999084472656,87.58000183105469,97.72821807861328,69.5,94.33000183105469,9.184000015258789,9.888999938964844,,65.0199966430664,,88.9800033569336,92.70999908447266,,9.541000366210938,264.9700012207031,93.62000274658203,93.33000183105469,,
2022-07-14,9.555329322814941,130.52999877929688,161.1214599609375,92.22408294677734,100.66766357421875,17.238706588745117,101.5,6.814000129699707,97.41000366210938,103.71051025390625,95.76130676269531,96.54901123046875,91.5,121.44999694824219,96.12000274658203,96.14339447021484,98.94000244140625,6.7769999504089355,94.80000305175781,77.1954345703125,53.20000076293945,10.161354064941406,117.55000305175781,99.36000061035156,97.34173583984375,8.413999557495117,75.98999786376953,58.5,125.0199966430664,10.951801300048828,,102.9626693725586,,10.28081226348877,95.93000030517578,72.9000015258789,8.93714427947998,,110.94999694824219,,120.60460662841797,92.94977569580078,101.34252166748047,56.20000076293945,87.22000122070312,96.7596206665039,69.79000091552734,95.51000213623047,9.222000122070312,9.897000312805176,,64.33999633789062,,88.79000091552734,92.94000244140625,,9.555000305175781,260.7300109863281,93.61000061035156,93.83000183105469,,
2022-07-15,9.5454683303833,132.39999389648438,161.48681640625,91.95768737792969,100.41844177246094,17.26968765258789,101.41999816894531,6.810999870300293,97.75,103.77034759521484,95.97124481201172,96.93480682373047,91.48999786376953,121.72000122070312,96.12999725341797,95.74446105957031,98.69999694824219,6.764999866485596,94.69999694824219,77.54442596435547,52.79999923706055,10.113862037658691,117.45999908447266,98.0,97.36151885986328,8.253999710083008,74.73999786376953,57.79999923706055,125.0,10.956626892089844,,103.4725341796875,,10.28081226348877,96.0,73.5,8.927159309387207,,112.0999984741211,,120.60460662841797,92.33023834228516,101.3325424194336,56.599998474121094,87.5999984741211,97.6982650756836,70.44999694824219,94.62000274658203,9.175999641418457,9.89900016784668,,64.70999908447266,,89.9800033569336,92.94999694824219,,9.529999732971191,264.9599914550781,93.69999694824219,92.44999694824219,,
2022-07-18,9.565190315246582,132.75,162.82974243164062,91.75048065185547,99.70066833496094,17.417598724365234,101.79000091552734,6.809999942779541,97.56999969482422,103.22187805175781,95.69132995605469,96.34127044677734,90.61000061035156,121.9000015258789,96.5,96.28302001953125,97.5999984741211,6.85099983215332,95.19999694824219,77.34500122070312,52.029998779296875,10.160365104675293,117.72000122070312,96.69999694824219,97.35163116455078,8.227999687194824,74.52999877929688,56.650001525878906,125.6500015258789,10.94407844543457,,102.95266723632812,,10.28081226348877,95.9000015258789,73.43000030517578,8.882223129272461,,112.76000213623047,,120.60460662841797,92.63001251220703,102.46023559570312,56.29999923706055,87.33000183105469,97.16902923583984,69.44999694824219,95.9800033569336,9.199999809265137,9.902000427246094,,65.0,,89.63999938964844,93.75,,9.63700008392334,259.0,94.47000122070312,92.86000061035156,,
2022-07-19,9.476441383361816,133.10000610351562,163.0667266845703,91.74061584472656,99.68072509765625,17.738407135009766,101.77999877929688,6.820000171661377,97.5,103.03240966796875,95.86127471923828,96.8952407836914,90.63999938964844,122.38999938964844,96.30000305175781,96.93128967285156,97.16000366210938,6.943999767303467,95.87999725341797,77.17549896240234,51.959999084472656,10.236550331115723,118.68000030517578,97.0,97.15373992919922,8.223999977111816,75.33999633789062,55.2599983215332,125.9800033569336,10.792518615722656,,103.15261840820312,,10.28081226348877,96.0,73.26000213623047,8.86125373840332,,113.12999725341797,,120.60460662841797,92.75991821289062,102.29058074951172,56.31999969482422,88.94000244140625,96.90940856933594,70.37999725341797,95.87000274658203,9.220000267028809,9.949999809265137,,64.77999877929688,,89.83999633789062,95.47000122070312,,9.675999641418457,258.8999938964844,94.4000015258789,93.44999694824219,,
2022-07-20,9.555329322814941,133.61000061035156,163.28396606445312,92.90489196777344,99.9000473022461,17.789377212524414,102.0,6.820000171661377,97.63999938964844,102.8927993774414,96.32113647460938,96.9447021484375,91.37000274658203,124.75,96.0199966430664,97.43993377685547,97.87000274658203,6.877999782562256,96.36000061035156,76.86639404296875,53.900001525878906,10.24743366241455,118.7699966430664,97.69999694824219,96.98553466796875,8.27400016784668,74.70999908447266,55.349998474121094,127.45999908447266,10.792518615722656,,103.97239685058594,,10.28081226348877,95.91000366210938,73.0199966430664,8.958113670349121,,113.5,,120.60460662841797,92.43016815185547,102.5899658203125,55.970001220703125,88.58999633789062,96.67974090576172,71.73999786376953,95.0999984741211,9.218999862670898,9.965999603271484,,64.5999984741211,,89.9800033569336,94.75,,9.699000358581543,258.70001220703125,94.4000015258789,93.44999694824219,,
2022-07-21,9.555329322814941,133.16000366210938,162.4940185546875,93.68435668945312,99.70066833496094,17.73940658569336,101.94999694824219,6.828999996185303,97.5999984741211,103.20193481445312,95.97124481201172,98.27027130126953,92.58000183105469,126.33000183105469,95.80000305175781,97.24046325683594,97.9000015258789,6.874000072479248,97.0199966430664,77.25526428222656,54.400001525878906,10.278105735778809,118.91999816894531,97.30000305175781,97.20320892333984,8.36400032043457,74.91999816894531,55.43000030517578,124.18000030517578,10.826306343078613,,102.97266387939453,,10.28081226348877,95.70999908447266,72.75,8.927159309387207,,113.5999984741211,,120.60460662841797,92.54008483886719,102.5899658203125,55.70000076293945,88.0,97.31880950927734,71.05999755859375,94.87000274658203,9.1899995803833,9.965999603271484,,64.61000061035156,,89.94000244140625,94.12000274658203,,9.680000305175781,260.1000061035156,94.30999755859375,93.05999755859375,,
2022-07-22,9.575051307678223,133.08999633789062,163.99493408203125,93.70409393310547,99.96983337402344,17.740406036376953,101.83999633789062,6.823999881744385,97.41000366210938,102.9825439453125,95.33143615722656,97.88447570800781,92.5999984741211,126.4000015258789,95.70999908447266,97.24046325683594,99.2300033569336,6.868000030517578,97.30999755859375,77.57433319091797,55.849998474121094,10.289978981018066,119.48999786376953,97.79000091552734,97.14384460449219,8.465999603271484,74.73999786376953,54.9900016784668,123.16000366210938,10.956626892089844,,103.41254425048828,,10.28081226348877,95.16000366210938,72.05999755859375,8.940139770507812,,113.72000122070312,,120.60460662841797,92.77989959716797,102.53009033203125,56.13999938964844,87.61000061035156,97.8580322265625,70.52999877929688,95.41000366210938,9.199999809265137,9.949999809265137,,64.94999694824219,,89.7300033569336,94.1500015258789,,9.704999923706055,258.010009765625,93.2300033569336,92.51000213623047,,
2022-07-25,9.634217262268066,134.0,165.1304931640625,94.62169647216797,100.48822021484375,17.79937171936035,102.0,6.89900016784668,96.52999877929688,101.90555572509766,94.671630859375,97.2612533569336,92.87999725341797,126.79000091552734,96.0999984741211,96.59219360351562,98.52999877929688,6.875999927520752,96.52999877929688,77.76378631591797,53.25,10.329556465148926,119.44999694824219,98.51000213623047,97.00532531738281,8.720000267028809,74.73999786376953,55.20000076293945,124.33999633789062,10.898707389831543,,103.9424057006836,,10.28081226348877,95.87999725341797,72.48999786376953,8.977087020874023,,112.69999694824219,,120.60460662841797,92.9297866821289,102.40035247802734,56.349998474121094,86.88999938964844,98.58697509765625,70.5,94.9000015258789,9.180000305175781,9.970999717712402,,64.43000030517578,,89.22000122070312,93.91000366210938,,9.710000038146973,255.25999450683594,93.9000015258789,92.23999786376953,,
2022-07-26,9.673661231994629,134.3800048828125,163.90606689453125,94.09876251220703,100.03961181640625,17.809364318847656,102.01000213623047,6.926000118255615,96.5,102.12493896484375,94.4616928100586,98.0328598022461,92.88999938964844,125.30999755859375,96.01000213623047,96.75177001953125,98.75,6.889999866485596,96.62000274658203,77.77375793457031,51.79999923706055,10.388920783996582,119.5,98.20999908447266,97.23289489746094,8.836000442504883,75.16999816894531,55.349998474121094,123.25,10.905464172363281,,103.56250762939453,,10.28081226348877,95.9800033569336,73.31999969482422,8.974090576171875,,112.58999633789062,,120.60460662841797,93.90904998779297,102.88935089111328,57.7599983215332,87.5,99.4257583618164,71.4800033569336,94.0199966430664,9.199999809265137,10.0,,64.45999908447266,,89.0,94.19000244140625,,9.720000267028809,254.19000244140625,94.0,92.77999877929688,,
2022-07-27,9.68352222442627,134.35000610351562,165.44647216796875,93.68435668945312,100.24896240234375,18.072208404541016,102.2699966430664,6.929999828338623,96.30000305175781,102.3941879272461,95.57136535644531,97.9339370727539,92.30000305175781,124.12000274658203,96.30000305175781,96.59219360351562,98.9000015258789,6.841000080108643,96.61000061035156,77.27520751953125,50.599998474121094,10.391889572143555,119.4800033569336,98.0,99.43936157226562,8.82800006866455,75.0,55.20000076293945,122.5999984741211,10.90835952758789,,103.54251098632812,,10.28081226348877,95.69999694824219,74.0,8.95711612701416,,112.4800033569336,,120.60460662841797,93.88906860351562,103.37834930419922,56.939998626708984,88.01000213623047,99.34587097167969,71.48999786376953,93.38999938964844,9.194000244140625,10.0,,64.48999786376953,,89.0,94.18000030517578,,9.737000465393066,253.00999450683594,94.0,93.18000030517578,,
2022-07-28,9.663800239562988,136.0,166.26605224609375,94.01982879638672,100.57794189453125,18.156158447265625,102.48999786376953,6.928999900817871,95.80000305175781,102.57368469238281,96.90096282958984,97.66683959960938,93.44999694824219,122.87000274658203,96.88999938964844,96.99112701416016,98.61000061035156,6.869999885559082,96.61000061035156,77.56436157226562,50.20000076293945,10.392878532409668,119.4000015258789,99.0,101.45783233642578,8.833999633789062,75.58999633789062,55.790000915527344,123.44999694824219,11.003929138183594,,103.08263397216797,,10.28081226348877,95.66999816894531,74.87000274658203,8.977087020874023,,112.54000091552734,,120.60460662841797,93.87907409667969,103.06898498535156,57.099998474121094,87.98999786376953,98.30738067626953,71.70999908447266,93.16000366210938,9.125,9.970999717712402,,65.0,,88.97000122070312,94.48999786376953,,9.76200008392334,252.75999450683594,94.08999633789062,93.19999694824219,,
2022-07-29,9.70324420928955,136.60000610351562,166.52279663085938,94.35529327392578,101.07640075683594,18.219120025634766,102.45999908447266,7.0,96.88999938964844,102.48999786376953,97.55077362060547,99.07154846191406,94.41999816894531,123.12000274658203,97.5999984741211,97.20056915283203,98.30999755859375,6.886000156402588,96.88999938964844,78.00308990478516,51.0,10.448287010192871,119.55000305175781,99.98999786376953,102.1108627319336,8.829999923706055,76.33000183105469,56.849998474121094,124.98999786376953,10.956626892089844,,103.3925552368164,,10.28081226348877,95.5,74.79000091552734,9.045988082885742,,112.9000015258789,,120.60460662841797,93.82910919189453,103.13883972167969,57.970001220703125,88.55000305175781,99.83515930175781,71.0999984741211,93.88999938964844,9.121000289916992,10.04699993133545,,66.33999633789062,,89.05000305175781,95.51000213623047,,9.859999656677246,254.0,94.4000015258789,93.5999984741211,,
2022-08-01,9.653939247131348,138.99000549316406,164.2220458984375,91.36568450927734,98.1056137084961,18.089197158813477,101.19000244140625,6.9019999504089355,96.19000244140625,101.7699966430664,95.77130126953125,100.35755157470703,93.77999877929688,125.0,95.0,96.9412612915039,97.0999984741211,7.004000186920166,95.5,77.96320343017578,50.04999923706055,10.445318222045898,119.52999877929688,98.97000122070312,100.89384460449219,8.539999961853027,74.51000213623047,58.25,121.0999984741211,10.952766418457031,,102.77272033691406,,10.28081226348877,93.19999694824219,73.36000061035156,8.933150291442871,,112.8499984741211,,120.60460662841797,92.12039947509766,102.65982055664062,58.880001068115234,87.9800033569336,99.83515930175781,70.66999816894531,91.43000030517578,8.77299976348877,10.0,,66.01000213623047,,88.18000030517578,92.41000366210938,,9.680000305175781,250.0,94.30000305175781,92.43000030517578,,
2022-08-02,9.663800239562988,138.86000061035156,164.2812957763672,92.14514923095703,101.64463806152344,18.09519386291504,101.12000274658203,6.900000095367432,96.58999633789062,101.69999694824219,95.78130340576172,99.90250396728516,93.51000213623047,124.16999816894531,94.80000305175781,97.4698486328125,98.16000366210938,7.0929999351501465,95.80000305175781,77.37491607666016,53.9900016784668,10.358248710632324,118.95999908447266,99.91999816894531,100.93342590332031,8.302000045776367,75.13999938964844,58.380001068115234,121.52999877929688,10.826306343078613,,102.78271484375,,10.28081226348877,93.7300033569336,73.98999786376953,8.936145782470703,,112.80000305175781,,120.60460662841797,91.720703125,102.47021484375,58.9900016784668,87.9800033569336,101.15325164794922,70.62000274658203,92.33000183105469,8.8100004196167,10.045000076293945,,66.5,,87.19999694824219,92.0999984741211,,9.654999732971191,249.89999389648438,95.0,92.54000091552734,,
2022-08-03,9.69338321685791,138.5,164.60714721679688,94.00995635986328,101.23590087890625,18.075206756591797,100.83000183105469,6.900000095367432,97.31999969482422,101.76000213623047,94.97154235839844,100.07067108154297,94.0,123.87999725341797,94.01000213623047,97.48979949951172,98.20999908447266,7.064000129699707,95.77999877929688,77.53445434570312,54.2599983215332,10.312735557556152,118.95999908447266,99.36000061035156,101.31930541992188,8.34000015258789,75.05999755859375,57.560001373291016,121.81999969482422,10.809894561767578,,102.94267272949219,,10.28081226348877,94.13999938964844,73.9800033569336,8.838287353515625,,112.73999786376953,,120.60460662841797,92.53009033203125,102.37041473388672,59.099998474121094,87.7699966430664,100.85368347167969,71.1500015258789,91.02999877929688,8.810999870300293,10.098999977111816,,66.98999786376953,,86.91000366210938,92.08000183105469,,9.704999923706055,249.77000427246094,94.69999694824219,92.0999984741211,,
2022-08-04,9.673661231994629,138.44000244140625,165.42672729492188,94.7203598022461,101.43528747558594,18.159156799316406,101.75,6.880000114440918,97.16999816894531,102.38999938964844,95.45140075683594,99.12100982666016,94.3499984741211,124.5,93.0199966430664,97.47982788085938,98.55999755859375,7.099999904632568,96.08999633789062,77.793701171875,54.0,10.315704345703125,119.0,100.0,100.89384460449219,8.767999649047852,75.58999633789062,57.77000045776367,122.55000305175781,10.82437515258789,,102.90267944335938,,10.28081226348877,94.66000366210938,73.7699966430664,8.907188415527344,,112.68000030517578,,120.60460662841797,92.37020874023438,102.27062225341797,59.560001373291016,87.9000015258789,101.0334243774414,70.8499984741211,90.80000305175781,8.899999618530273,10.140999794006348,,66.69999694824219,,87.13999938964844,93.5999984741211,,9.692999839782715,252.0,94.69999694824219,92.04000091552734,,
2022-08-05,9.673661231994629,139.0,165.9796905517578,95.52943420410156,102.0533676147461,18.28508186340332,101.2699966430664,6.916999816894531,96.55000305175781,102.19999694824219,96.11119842529297,99.30896759033203,94.20999908447266,126.29000091552734,92.29000091552734,97.60948181152344,98.20999908447266,7.052000045776367,95.80000305175781,78.07288360595703,54.63999938964844,10.428498268127441,119.0,99.76000213623047,101.41825103759766,8.656000137329102,75.88999938964844,58.0,123.8499984741211,10.949870109558105,,103.03264617919922,,10.28081226348877,95.04000091552734,73.88999938964844,9.076943397521973,,112.44000244140625,,120.60460662841797,92.63001251220703,102.18080139160156,60.529998779296875,88.55000305175781,101.35295867919922,71.62999725341797,90.1500015258789,8.87399959564209,10.140999794006348,,67.30000305175781,,87.0,93.72000122070312,,9.694999694824219,254.74000549316406,94.80000305175781,92.44999694824219,,
2022-08-08,9.69338321685791,139.27000427246094,165.88095092773438,97.68037414550781,102.5019760131836,18.4859619140625,101.79000091552734,6.89900016784668,94.25,102.3499984741211,97.50078582763672,99.5167007446289,95.26000213623047,127.80000305175781,92.08000183105469,97.58953094482422,96.97000122070312,7.090000152587891,96.0,78.58140563964844,54.779998779296875,10.487862586975098,118.98999786376953,99.9000015258789,101.60624694824219,8.631999969482422,77.88999938964844,57.11000061035156,126.5999984741211,11.082121849060059,,102.82270050048828,,10.28081226348877,94.51000213623047,73.83999633789062,9.136857032775879,,107.95999908447266,,120.60460662841797,92.43016815185547,102.23070526123047,60.099998474121094,88.79000091552734,103.59970092773438,71.75,89.62999725341797,8.77299976348877,10.13700008392334,,67.55000305175781,,87.70999908447266,92.70999908447266,,9.656999588012695,250.0,94.48999786376953,92.31999969482422,,
2022-08-09,9.752549171447754,141.3699951171875,166.8289031982422,97.18704223632812,103.62847900390625,18.788780212402344,101.66999816894531,6.980000019073486,92.5,101.87000274658203,97.86067962646484,99.70465850830078,96.33000183105469,128.99000549316406,92.1500015258789,97.51972198486328,96.5,7.089000225067139,95.0,79.26940155029297,55.75,10.528429985046387,119.0,100.30000305175781,102.03170776367188,8.760000228881836,78.30000305175781,57.4900016784668,123.6500015258789,11.106254577636719,,102.67274475097656,,10.28081226348877,94.20999908447266,76.76000213623047,9.182790756225586,,104.5999984741211,,120.60460662841797,91.94053649902344,101.38243865966797,59.88999938964844,89.30000305175781,104.94774627685547,72.91999816894531,88.44000244140625,8.782999992370605,10.107000350952148,,69.19999694824219,,87.9800033569336,93.05999755859375,,9.678000450134277,250.49000549316406,94.5,92.0,,
2022-08-10,9.772271156311035,143.0,167.56948852539062,97.93690490722656,103.9076156616211,19.313467025756836,101.20999908447266,7.199999809265137,90.66999816894531,100.01000213623047,98.88037109375,99.47713470458984,98.75,131.33999633789062,91.62000274658203,96.9412612915039,95.79000091552734,7.046000003814697,93.12000274658203,80.76505279541016,57.599998474121094,10.60659408569336,119.5,100.69999694824219,102.55611419677734,8.819999694824219,79.7699966430664,58.529998779296875,125.69999694824219,11.321525573730469,,102.57276916503906,,10.28081226348877,93.63999938964844,79.18000030517578,9.34156322479248,,103.5,,120.60460662841797,92.5101089477539,101.59201049804688,59.709999084472656,89.69999694824219,103.08045196533203,74.44999694824219,87.04000091552734,8.746999740600586,10.142999649047852,,68.31999969482422,,88.0,92.80999755859375,,9.678000450134277,250.1999969482422,94.48999786376953,90.55000305175781,,
2022-08-11,9.782132148742676,146.88999938964844,167.99407958984375,98.02571105957031,104.1767807006836,19.31446647644043,100.98999786376953,7.389999866485596,92.0,100.6500015258789,98.97034454345703,99.74422454833984,99.77999877929688,132.49000549316406,93.0,96.57225036621094,95.05000305175781,7.105999946594238,92.22000122070312,81.3034896850586,59.68000030517578,10.883631706237793,119.5,101.06999969482422,103.77313232421875,8.821999549865723,78.9000015258789,57.72999954223633,128.99000549316406,11.388134956359863,,103.16261291503906,,10.28081226348877,93.95999908447266,79.69999694824219,9.43542766571045,,105.80999755859375,,120.60460662841797,92.74992370605469,101.99119567871094,59.79999923706055,91.0,106.03616333007812,76.98999786376953,87.91999816894531,8.699999809265137,10.029999732971191,,69.44000244140625,,88.29000091552734,92.18000030517578,,9.654999732971191,249.89999389648438,94.88999938964844,90.6500015258789,,
2022-08-12,9.722966194152832,147.5500030517578,169.24813842773438,98.26251220703125,104.5356674194336,19.618284225463867,101.05000305175781,7.438000202178955,94.38999938964844,101.27999877929688,99.49018859863281,99.40789031982422,100.19999694824219,134.0,93.0,96.7417984008789,96.12999725341797,7.300000190734863,92.1500015258789,81.75218200683594,60.9900016784668,10.877695083618164,121.88999938964844,101.38999938964844,101.715087890625,9.199999809265137,79.08000183105469,59.02000045776367,127.88999938964844,11.311873435974121,,103.172607421875,,10.28081226348877,94.69999694824219,82.25,9.484356880187988,,107.58999633789062,,120.60460662841797,93.80912780761719,102.28060150146484,60.349998474121094,92.01000213623047,105.78652954101562,76.4000015258789,89.69999694824219,8.76200008392334,10.039999961853027,,69.08999633789062,,88.9000015258789,92.5,,9.699999809265137,250.0,95.18000030517578,91.27999877929688,,
2022-08-15,9.742688179016113,149.67999267578125,170.60093688964844,98.43024444580078,105.4727554321289,19.962078094482422,101.4800033569336,7.494999885559082,95.19999694824219,101.0999984741211,100.46989440917969,100.70378112792969,104.30999755859375,137.6300048828125,93.87999725341797,97.09086608886719,97.93000030517578,7.369999885559082,91.5,82.26070404052734,63.349998474121094,11.161659240722656,121.88999938964844,102.48999786376953,102.90242004394531,9.531999588012695,79.9000015258789,61.59000015258789,137.44000244140625,11.229819297790527,,103.10263061523438,,10.28081226348877,95.48999786376953,82.51000213623047,9.586211204528809,,109.22000122070312,,120.60460662841797,93.92903137207031,101.17286682128906,61.290000915527344,91.87999725341797,105.3970947265625,76.0,93.69999694824219,8.800999641418457,10.038999557495117,,69.94999694824219,,91.0,93.0999984741211,,9.697999954223633,251.88999938964844,96.9800033569336,91.94000244140625,,
2022-08-16,9.782132148742676,148.47999572753906,169.7418670654297,98.33157348632812,106.58929443359375,19.948087692260742,101.91999816894531,7.480000019073486,95.62000274658203,100.94999694824219,100.34992980957031,100.57518005371094,104.77999877929688,137.30999755859375,93.12999725341797,97.2304916381836,97.9000015258789,7.3379998207092285,92.25,82.689453125,63.20000076293945,11.08151626586914,121.73999786376953,102.8499984741211,102.80347442626953,9.552000045776367,79.9800033569336,64.0999984741211,138.9499969482422,11.338903427124023,,103.00265502929688,,10.28081226348877,95.0,84.4000015258789,9.5822172164917,,108.23999786376953,,120.60460662841797,94.72843170166016,101.78162384033203,62.400001525878906,92.43000030517578,105.85643005371094,76.98999786376953,94.80000305175781,8.86299991607666,10.04699993133545,,69.55999755859375,,90.16999816894531,93.36000061035156,,9.666000366210938,251.9499969482422,96.91999816894531,92.9800033569336,,
2022-08-17,9.831437110900879,148.4499969482422,169.70236206054688,100.4825210571289,106.86842346191406,19.987064361572266,101.63999938964844,7.499000072479248,95.51000213623047,101.05999755859375,102.76920318603516,100.8224868774414,104.5,138.5500030517578,94.16999816894531,97.39006805419922,97.30999755859375,7.317999839782715,92.23999786376953,83.75635528564453,64.08000183105469,10.982574462890625,121.75,103.5,102.90242004394531,9.543999671936035,81.0,65.19999694824219,139.9600067138672,11.313803672790527,,102.87268829345703,,10.28081226348877,94.8499984741211,84.80000305175781,9.732999801635742,,107.48999786376953,,120.60460662841797,96.92677307128906,101.59201049804688,63.15999984741211,91.86000061035156,105.86640930175781,78.48999786376953,93.25,8.85200023651123,10.048999786376953,,69.68000030517578,,90.29000091552734,93.9000015258789,,9.694000244140625,258.489990234375,97.97000122070312,92.22000122070312,,
2022-08-18,9.85115909576416,148.3800048828125,170.1368408203125,101.82438659667969,107.63604736328125,20.023042678833008,101.95999908447266,7.489999771118164,95.0,101.0,103.36902618408203,101.27753448486328,105.25,139.6199951171875,93.75,97.35017395019531,97.5,7.374000072479248,92.70999908447266,85.49130249023438,64.5999984741211,10.910346031188965,123.0,103.68000030517578,103.34767150878906,9.631999969482422,81.05000305175781,65.61000061035156,137.0,11.308012008666992,,103.14261627197266,,10.28081226348877,94.04000091552734,84.22000122070312,9.686066627502441,,107.3499984741211,,120.60460662841797,97.72616577148438,101.78162384033203,63.15999984741211,92.83000183105469,105.67668914794922,80.19000244140625,92.44999694824219,8.765000343322754,10.059000015258789,,69.5,,90.36000061035156,94.45999908447266,,9.645000457763672,256.3900146484375,97.9800033569336,91.9000015258789,,
2022-08-19,9.870881080627441,148.35000610351562,169.8109893798828,101.6270523071289,108.06471252441406,19.938093185424805,102.01000213623047,7.494999885559082,94.44999694824219,100.98999786376953,105.2884521484375,101.76226043701172,105.44999694824219,138.3000030517578,93.7699966430664,97.59950256347656,97.19999694824219,7.389999866485596,92.27999877929688,85.75054931640625,64.5999984741211,10.910346031188965,122.58999633789062,103.9800033569336,103.84239959716797,9.62399959564209,81.75,64.86000061035156,138.60000610351562,11.226922988891602,,102.8626937866211,,10.28081226348877,94.0,84.5,9.630147933959961,,107.9000015258789,,120.60460662841797,96.97673034667969,101.84149932861328,63.0,91.93000030517578,106.9448471069336,79.87999725341797,93.25,8.692999839782715,10.027000427246094,,69.9000015258789,,90.0,94.37000274658203,,9.697999954223633,255.0,98.98999786376953,93.0,,
2022-08-22,9.910325050354004,148.60000610351562,168.35943603515625,101.6171875,108.6429214477539,19.970073699951172,102.0,7.497000217437744,94.66999816894531,100.81999969482422,106.0382308959961,101.97988891601562,104.75,138.47999572753906,94.0,97.63939666748047,97.27999877929688,7.425000190734863,92.75,86.24909973144531,63.20000076293945,10.884620666503906,123.31999969482422,104.01000213623047,103.8918685913086,9.807999610900879,80.9000015258789,65.9000015258789,139.75999450683594,11.251055717468262,,103.90242004394531,,10.28081226348877,93.94999694824219,83.80000305175781,9.875794410705566,,109.88999938964844,,120.60460662841797,97.48634338378906,101.7916030883789,63.5,92.0,106.15599060058594,79.33000183105469,93.02999877929688,8.800999641418457,10.053000450134277,,69.9000015258789,,91.0,94.20999908447266,,9.720000267028809,254.6699981689453,99.63999938964844,93.08999633789062,,
2022-08-23,9.939908027648926,148.3000030517578,167.01651000976562,100.47264862060547,108.65289306640625,20.01804542541504,102.16000366210938,7.5,94.97000122070312,100.80999755859375,105.91826629638672,100.73345947265625,106.08999633789062,139.6699981689453,94.25,97.53966522216797,97.63999938964844,7.388000011444092,93.91000366210938,86.6080551147461,62.34000015258789,11.032045364379883,124.0,104.22000122070312,103.8918685913086,9.776000022888184,81.08999633789062,65.9800033569336,138.99000549316406,11.217268943786621,,103.97239685058594,,10.28081226348877,94.0,84.0,9.909745216369629,,109.54000091552734,,120.60460662841797,97.52631378173828,102.76959991455078,62.95000076293945,92.13999938964844,107.34426879882812,79.9800033569336,92.91999816894531,8.734999656677246,10.053000450134277,,70.0,,90.83000183105469,93.7300033569336,,9.720000267028809,259.0,99.79000091552734,93.08000183105469,,
2022-08-24,9.949769973754883,148.49000549316406,165.59458923339844,100.90678405761719,108.90211486816406,20.030038833618164,102.58999633789062,7.5,94.05999755859375,100.95999908447266,106.53807830810547,100.90162658691406,106.6500015258789,139.30999755859375,93.68000030517578,97.04100036621094,97.19999694824219,7.480000019073486,93.4800033569336,86.74765014648438,63.0,11.198267936706543,124.12999725341797,104.7300033569336,104.2480697631836,9.937999725341797,82.05000305175781,65.79000091552734,139.0,11.207615852355957,,103.762451171875,,10.28081226348877,94.0,84.4000015258789,9.835851669311523,,108.25,,120.60460662841797,97.5662841796875,103.78751373291016,62.95000076293945,93.05000305175781,107.34426879882812,78.76000213623047,92.11000061035156,8.654999732971191,10.013999938964844,,70.69999694824219,,90.5,93.95999908447266,,9.74899959564209,256.79998779296875,99.7699966430664,92.7300033569336,,
2022-08-25,9.949769973754883,150.9600067138672,164.97250366210938,100.54171752929688,109.0915298461914,20.077011108398438,102.3499984741211,7.5,93.41999816894531,101.38999938964844,108.08761596679688,101.00054931640625,107.0199966430664,139.5800018310547,93.62999725341797,96.7417984008789,96.12000274658203,7.460000038146973,92.9000015258789,88.24330139160156,61.5,11.211130142211914,124.45999908447266,104.91999816894531,104.33712005615234,9.960000038146973,83.4000015258789,66.3499984741211,136.63999938964844,11.294496536254883,,103.80244445800781,,10.28081226348877,94.0,85.06999969482422,9.835851669311523,,107.30000305175781,,120.60460662841797,97.72616577148438,103.6877212524414,63.16999816894531,93.29000091552734,106.67523956298828,79.41000366210938,93.0,8.649999618530273,10.0600004196167,,70.95999908447266,,91.69999694824219,94.73999786376953,,9.743000030517578,257.8999938964844,99.98999786376953,92.58000183105469,,
2022-08-26,10.048379898071289,152.33999633789062,165.59458923339844,100.93638610839844,109.4504165649414,20.3768310546875,102.6500015258789,7.539999961853027,92.87000274658203,101.4000015258789,108.7474136352539,101.45559692382812,107.80000305175781,139.75,93.63999938964844,97.2304916381836,95.98999786376953,7.565000057220459,92.30000305175781,89.88851165771484,61.0,11.377352714538574,124.5999984741211,105.0999984741211,104.65373992919922,10.0600004196167,84.13999938964844,67.4000015258789,138.69000244140625,11.226922988891602,,104.07237243652344,,10.28081226348877,94.0,86.1500015258789,9.688063621520996,,106.98999786376953,,120.60460662841797,97.8360824584961,102.6298828125,62.75,93.4800033569336,107.34426879882812,79.0,92.5999984741211,8.630000114440918,10.069999694824219,,71.13999938964844,,93.30000305175781,95.19000244140625,,9.699999809265137,257.9200134277344,100.0,93.41000366210938,,
2022-08-29,10.097684860229492,153.17999267578125,167.36212158203125,102.307861328125,110.42738342285156,20.666658401489258,102.66000366210938,7.539999961853027,92.98999786376953,101.43000030517578,108.1375961303711,101.3863525390625,107.6500015258789,140.77000427246094,93.83999633789062,97.22052001953125,95.87999725341797,7.558000087738037,91.19000244140625,89.73895263671875,61.72999954223633,11.390214920043945,124.48999786376953,105.1500015258789,106.15769958496094,10.140000343322754,87.75,69.19999694824219,137.9499969482422,11.316699981689453,,103.97239685058594,,10.28081226348877,94.0,86.08999633789062,9.855822563171387,,106.66000366210938,,120.60460662841797,94.72843170166016,103.67774200439453,62.5,95.55000305175781,108.33283233642578,79.30999755859375,92.51000213623047,8.619000434875488,10.074999809265137,,71.54000091552734,,94.1500015258789,95.05999755859375,,9.685999870300293,258.9700012207031,101.73999786376953,93.9800033569336,,
2022-08-30,10.117406845092773,153.6999969482422,168.42855834960938,102.61372375488281,111.3046646118164,20.658662796020508,102.55999755859375,7.605000019073486,92.5,101.55999755859375,108.30754852294922,101.46549224853516,106.93000030517578,142.16000366210938,94.43000030517578,95.88408660888672,95.9000015258789,7.5229997634887695,90.98999786376953,90.52665710449219,61.5,11.573258399963379,125.04000091552734,106.1500015258789,107.7507095336914,9.98799991607666,87.58000183105469,70.19000244140625,137.94000244140625,11.341798782348633,,103.97239685058594,,10.28081226348877,94.0,86.0999984741211,9.885780334472656,,106.4000015258789,,120.60460662841797,96.65697479248047,104.07691955566406,63.0,96.37999725341797,109.74079132080078,79.80999755859375,91.37999725341797,8.532999992370605,10.039999961853027,,72.1500015258789,,95.44999694824219,95.02999877929688,,9.699999809265137,261.9800109863281,101.80000305175781,93.7300033569336,,
2022-08-31,10.176572799682617,153.9199981689453,170.324462890625,103.66946411132812,112.1121597290039,21.48716926574707,103.0,7.699999809265137,93.27999877929688,101.7300033569336,108.16758728027344,102.83062744140625,107.76000213623047,142.97999572753906,93.5999984741211,97.2105484008789,96.4000015258789,7.749000072479248,90.9000015258789,91.1348876953125,61.5,11.808740615844727,127.87999725341797,109.0,108.91825866699219,10.092000007629395,87.30999755859375,70.4000015258789,139.0,11.340832710266113,,104.02238464355469,,10.28081226348877,94.0,86.41999816894531,9.883783340454102,,108.05999755859375,,120.60460662841797,97.37642669677734,103.4781494140625,63.20000076293945,98.0,113.27566528320312,80.5,91.0,8.520999908447266,10.029999732971191,,73.37000274658203,,95.83000183105469,95.30000305175781,,9.649999618530273,262.94000244140625,102.94999694824219,95.08000183105469,,
2022-09-01,9.949769973754883,152.58999633789062,167.86572265625,101.23238372802734,110.8560562133789,21.23232078552246,101.56999969482422,7.64900016784668,94.38999938964844,101.94999694824219,104.55867004394531,101.01044464111328,106.29000091552734,138.66000366210938,92.3499984741211,96.64205932617188,95.11000061035156,7.611999988555908,90.5,89.14068603515625,60.77000045776367,11.887893676757812,126.1500015258789,109.4000015258789,107.83975982666016,10.0600004196167,86.5999984741211,70.4000015258789,136.72000122070312,11.391031265258789,,103.4725341796875,,10.28081226348877,93.51000213623047,86.19999694824219,9.719019889831543,,109.38999938964844,,120.60460662841797,95.82759857177734,104.57589721679688,63.43000030517578,95.4000015258789,112.60663604736328,79.80000305175781,91.91999816894531,8.475000381469727,10.005000114440918,,73.37000274658203,,96.0,93.69999694824219,,9.657999992370605,262.8999938964844,101.2300033569336,93.9000015258789,,
2022-09-02,9.949769973754883,151.83999633789062,167.3719940185547,103.99506378173828,111.52397918701172,21.058425903320312,101.91999816894531,7.685999870300293,94.6500015258789,102.38999938964844,105.46839904785156,102.4745101928711,109.1500015258789,139.9199981689453,92.43000030517578,97.63939666748047,96.80000305175781,7.75,90.83999633789062,89.28028106689453,61.5,11.655380249023438,127.80000305175781,109.4000015258789,108.98751831054688,9.741999626159668,85.9000015258789,70.12000274658203,138.1999969482422,11.519420623779297,,103.4725341796875,,10.28081226348877,93.80000305175781,85.62000274658203,9.691060066223145,,109.5,,120.60460662841797,95.91753387451172,103.02906799316406,63.13999938964844,95.70999908447266,113.53528594970703,79.27999877929688,90.19000244140625,8.470000267028809,10.095000267028809,,74.30000305175781,,94.48999786376953,93.80000305175781,,9.597000122070312,268.6499938964844,102.0,91.0,,
2022-09-05,10.018796920776367,152.89999389648438,166.87826538085938,104.24172973632812,111.1551284790039,21.290285110473633,101.80000305175781,7.684999942779541,94.75,102.9000015258789,106.21817779541016,103.27578735351562,107.16000366210938,140.77999877929688,92.25,97.7391357421875,96.94999694824219,7.877999782562256,90.80000305175781,91.63343811035156,60.79999923706055,11.655380249023438,126.94000244140625,109.4000015258789,108.83910369873047,9.960000038146973,85.0,70.37000274658203,138.14999389648438,11.419990539550781,,103.97239685058594,,10.28081226348877,93.91999816894531,86.5,9.585211753845215,,109.69999694824219,,120.60460662841797,95.85757446289062,103.90727233886719,64.16999816894531,96.66000366210938,110.39983367919922,79.75,90.5,8.529999732971191,10.095000267028809,,75.76000213623047,,94.80000305175781,94.76000213623047,,9.642000198364258,268.55999755859375,102.19999694824219,90.9000015258789,,
2022-09-06,10.048379898071289,151.60000610351562,167.11526489257812,103.42279815673828,110.8560562133789,21.11239242553711,102.0,7.688000202178955,94.72000122070312,102.91999816894531,105.66834259033203,103.27578735351562,106.38999938964844,139.49000549316406,91.70999908447266,97.78900146484375,97.0,7.651000022888184,91.68000030517578,91.354248046875,60.91999816894531,11.590078353881836,127.0,109.69999694824219,110.1055908203125,9.838000297546387,84.94000244140625,69.19999694824219,138.14999389648438,11.29353141784668,,104.4722671508789,,10.28081226348877,93.70999908447266,86.83999633789062,9.677080154418945,,109.4800033569336,,120.60460662841797,96.02745056152344,103.78751373291016,63.79999923706055,97.16999816894531,111.44831848144531,78.9000015258789,91.30000305175781,8.538000106811523,10.093999862670898,,75.5,,94.63999938964844,95.9800033569336,,9.663999557495117,268.4599914550781,102.01000213623047,91.2699966430664,,
2022-09-08,9.949769973754883,151.8800048828125,166.58204650878906,102.8110580444336,110.35760498046875,21.03943634033203,101.9000015258789,7.64900016784668,94.0,103.5,105.72831726074219,102.66246032714844,106.44999694824219,140.9199981689453,91.6500015258789,97.8388671875,96.26000213623047,7.626999855041504,92.06999969482422,91.38416290283203,60.599998474121094,11.664284706115723,127.8499984741211,107.5,110.60031127929688,9.79800033569336,84.79000091552734,70.25,138.91000366210938,11.26553726196289,,104.09236907958984,,10.28081226348877,93.30000305175781,86.98999786376953,9.686066627502441,,109.23999786376953,,120.60460662841797,96.07740783691406,103.94718933105469,63.189998626708984,96.69000244140625,111.5681381225586,78.91999816894531,92.0199966430664,8.538000106811523,10.083999633789062,,76.69000244140625,,95.08999633789062,96.25,,9.647000312805176,266.2900085449219,101.70999908447266,91.75,,
2022-09-09,10.028657913208008,152.39999389648438,166.39442443847656,104.68573760986328,110.50714111328125,21.14837074279785,101.98999786376953,7.598999977111816,91.80000305175781,103.5,106.5480728149414,103.75061798095703,108.26000213623047,141.44000244140625,91.83999633789062,97.84883880615234,96.58999633789062,7.539999961853027,91.56999969482422,91.96247863769531,61.189998626708984,11.774110794067383,128.25,109.19999694824219,110.8179931640625,9.998000144958496,84.0,69.4000015258789,138.77999877929688,11.342763900756836,,103.96240234375,,10.28081226348877,93.1500015258789,87.48999786376953,9.725010871887207,,106.5,,120.60460662841797,95.92752838134766,103.74759674072266,61.97999954223633,97.30000305175781,112.8363037109375,78.88999938964844,92.7699966430664,8.5600004196167,10.050000190734863,,76.76000213623047,,94.97000122070312,96.11000061035156,,9.649999618530273,262.010009765625,101.9800033569336,92.7699966430664,,
2022-09-12,10.028657913208008,152.00999450683594,165.22923278808594,106.06707000732422,109.87908935546875,21.087406158447266,101.9000015258789,7.598999977111816,91.23999786376953,103.31999969482422,106.65804290771484,103.14718627929688,107.9000015258789,141.27999877929688,91.80000305175781,97.78900146484375,96.3499984741211,7.609000205993652,91.87000274658203,91.41407775878906,60.4900016784668,11.569300651550293,128.35000610351562,108.8499984741211,111.21377563476562,9.878000259399414,83.0999984741211,68.5999984741211,134.58999633789062,11.260709762573242,,104.01239013671875,,10.28081226348877,93.48999786376953,87.41999816894531,9.815879821777344,,105.77999877929688,,120.60460662841797,96.19731903076172,103.78751373291016,61.900001525878906,96.62000274658203,111.4682846069336,80.54000091552734,92.66999816894531,8.480999946594238,10.0,,76.47000122070312,,94.91999816894531,95.19999694824219,,9.664999961853027,261.8500061035156,102.26000213623047,92.4000015258789,,
2022-09-13,10.048379898071289,151.36000061035156,165.32798767089844,105.95854187011719,109.56007385253906,21.157365798950195,101.5999984741211,7.539999961853027,91.44999694824219,101.80000305175781,106.1681900024414,102.68224334716797,108.5,140.24000549316406,91.91000366210938,97.78900146484375,94.9000015258789,7.440000057220459,91.0,90.05802154541016,60.0,11.701883316040039,128.11000061035156,109.69999694824219,111.19398498535156,9.739999771118164,84.3499984741211,68.7699966430664,135.0800018310547,11.229819297790527,,104.4000015258789,,10.28081226348877,93.83999633789062,87.43000030517578,9.855822563171387,,105.66000366210938,,120.60460662841797,96.24728393554688,102.29058074951172,61.66999816894531,97.08999633789062,111.29853057861328,79.04000091552734,93.19999694824219,8.555000305175781,10.010000228881836,,75.5,,94.5,94.9800033569336,,9.593000411987305,260.0,101.80000305175781,92.4000015258789,,
2022-09-14,10.05824089050293,150.6199951171875,165.09100341796875,104.58706665039062,109.53016662597656,21.11239242553711,101.44999694824219,7.598999977111816,91.4800033569336,101.56999969482422,106.75801086425781,102.79106140136719,108.9000015258789,140.24000549316406,92.19000244140625,97.2703857421875,95.55000305175781,7.485000133514404,90.0199966430664,88.74185180664062,58.5,11.652412414550781,128.1300048828125,109.9000015258789,110.6102066040039,9.736000061035156,84.48999786376953,67.0999984741211,136.99000549316406,11.3524169921875,,103.66999816894531,,10.28081226348877,93.98999786376953,87.5,9.824868202209473,,106.11000061035156,,120.60460662841797,95.63774108886719,103.78751373291016,61.650001525878906,97.3499984741211,111.96755981445312,79.18000030517578,92.30000305175781,8.520999908447266,9.859999656677246,,74.25,,94.87000274658203,94.95999908447266,,9.630000114440918,260.0,102.11000061035156,92.30000305175781,,
2022-09-15,10.038518905639648,148.91000366210938,164.84413146972656,104.35026550292969,109.56007385253906,21.027442932128906,100.36000061035156,7.645999908447266,91.5999984741211,101.8499984741211,106.86798095703125,102.98890686035156,107.30000305175781,139.10000610351562,92.0,96.7417984008789,96.94999694824219,7.488999843597412,90.66999816894531,89.73895263671875,57.63999938964844,11.641528129577637,127.83999633789062,110.0,109.72959899902344,9.9399995803833,85.0,67.26000213623047,139.6300048828125,11.434471130371094,,104.38999938964844,,10.28081226348877,94.98999786376953,87.5,9.872798919677734,,107.16999816894531,,120.60460662841797,96.32722473144531,103.3883285522461,64.12000274658203,97.3499984741211,113.0360107421875,78.9000015258789,90.61000061035156,8.647000312805176,9.869999885559082,,74.62000274658203,,95.0,95.05000305175781,,9.645000457763672,263.489990234375,101.94999694824219,91.43000030517578,,
2022-09-16,10.156850814819336,154.75,171.8155059814453,103.81718444824219,109.6597671508789,20.967479705810547,101.38999938964844,7.670000076293945,93.79000091552734,101.94999694824219,109.6071548461914,102.79106140136719,109.38999938964844,140.5,93.0,96.95124053955078,95.7300033569336,7.40500020980835,90.81999969482422,91.16480255126953,59.29999923706055,11.773120880126953,127.9000015258789,110.4000015258789,109.58118438720703,9.9399995803833,85.94999694824219,67.05999755859375,140.39999389648438,11.499149322509766,,104.30000305175781,,10.28081226348877,94.8499984741211,87.5,9.865809440612793,,100.0,,120.60460662841797,96.8768081665039,103.24861907958984,62.90999984741211,97.26000213623047,111.578125,79.1500015258789,89.6500015258789,8.5649995803833,9.829999923706055,,76.05999755859375,,95.26000213623047,95.6500015258789,,9.65999984741211,262.3999938964844,101.97000122070312,91.0,,
2022-09-19,10.156850814819336,153.60000610351562,170.3540802001953,103.14401245117188,109.3606948852539,20.9854679107666,101.23999786376953,7.739999771118164,92.37000274658203,101.91000366210938,109.05731964111328,102.54375457763672,109.05000305175781,141.00999450683594,92.58999633789062,96.9412612915039,96.38999938964844,7.427999973297119,89.9000015258789,92.0821304321289,60.349998474121094,11.84337043762207,126.97000122070312,109.8499984741211,110.77841186523438,9.843999862670898,85.80000305175781,67.30000305175781,139.63999938964844,11.097566604614258,,104.0999984741211,,10.28081226348877,95.5199966430664,87.48999786376953,9.835851669311523,,102.9000015258789,,120.60460662841797,96.32722473144531,102.94923400878906,63.0,97.30000305175781,111.12877655029297,79.27999877929688,91.5999984741211,8.569999694824219,9.899999618530273,,75.0,,95.80999755859375,95.80000305175781,,9.65999984741211,260.5,101.9800033569336,91.91999816894531,,
2022-09-20,10.107545852661133,153.99000549316406,170.9268035888672,103.44100189208984,109.44044494628906,21.067419052124023,101.3499984741211,7.78000020980835,91.88999938964844,101.9800033569336,107.80770111083984,102.82073974609375,109.29000091552734,141.5,92.22000122070312,96.64205932617188,96.63999938964844,7.480000019073486,89.94000244140625,92.35134887695312,61.4900016784668,11.872063636779785,127.12000274658203,110.25,111.352294921875,9.680000305175781,86.80000305175781,67.27999877929688,140.1999969482422,11.275190353393555,,104.0,,10.28081226348877,95.63999938964844,88.0,9.787920951843262,,104.72000122070312,,120.60460662841797,96.81685638427734,102.68975830078125,63.25,97.37999725341797,111.35844421386719,82.69999694824219,90.83999633789062,8.579999923706055,9.90999984741211,,75.19999694824219,,95.45999908447266,96.0,,9.6850004196167,258.4599914550781,101.98999786376953,92.0,,
2022-09-21,10.156850814819336,153.19000244140625,169.84060668945312,102.78762817382812,109.2111587524414,20.986467361450195,101.25,7.943999767303467,91.55000305175781,101.97000122070312,108.7474136352539,102.67235565185547,109.48999786376953,141.72000122070312,92.31999969482422,96.91134643554688,96.45999908447266,7.625,90.25,92.72027587890625,59.650001525878906,11.802803993225098,127.30000305175781,109.94999694824219,110.95651245117188,9.763999938964844,86.98999786376953,68.08999633789062,142.0,11.381378173828125,,104.5999984741211,,10.28081226348877,95.5199966430664,88.16000366210938,9.811885833740234,,104.04000091552734,,120.60460662841797,96.8768081665039,102.29058074951172,63.0,97.23999786376953,110.83919525146484,82.80000305175781,89.33000183105469,8.640000343322754,9.920000076293945,,75.20999908447266,,94.69000244140625,96.33000183105469,,9.697999954223633,260.20001220703125,102.08999633789062,91.9800033569336,,
2022-09-22,10.117406845092773,152.25,169.8603515625,103.8963851928711,109.5102310180664,21.080411911010742,101.1500015258789,8.010000228881836,91.63999938964844,102.19999694824219,109.16728973388672,102.88008880615234,110.44999694824219,142.50999450683594,92.33000183105469,97.14073181152344,95.9800033569336,7.670000076293945,89.98999786376953,92.97952270507812,60.70000076293945,11.770153045654297,127.9000015258789,110.19999694824219,111.41165924072266,9.947999954223633,87.0,68.6500015258789,144.07000732421875,11.324421882629395,,105.9000015258789,,10.28081226348877,95.68000030517578,89.98999786376953,9.759961128234863,,103.69999694824219,,120.60460662841797,96.75689697265625,101.3724594116211,62.7400016784668,97.55999755859375,111.278564453125,81.04000091552734,89.44999694824219,8.638999938964844,9.920000076293945,,75.0,,95.26000213623047,97.12999725341797,,9.699999809265137,260.8699951171875,102.98999786376953,91.9000015258789,,
2022-09-23,10.048379898071289,152.33999633789062,169.52462768554688,102.90642547607422,109.56007385253906,21.00645637512207,101.02999877929688,8.0,91.04000091552734,102.19999694824219,109.13729858398438,103.08782958984375,109.77999877929688,142.33999633789062,91.80000305175781,97.12078094482422,95.55999755859375,7.664999961853027,89.4800033569336,93.27864837646484,61.099998474121094,11.833476066589355,127.16999816894531,109.88999938964844,111.73817443847656,9.949999809265137,87.0,68.0999984741211,144.0,11.309942245483398,,104.51000213623047,,10.28081226348877,95.25,89.98999786376953,9.775938034057617,,103.44000244140625,,120.60460662841797,97.216552734375,100.18489074707031,62.459999084472656,97.88999938964844,112.26712799072266,80.51000213623047,89.58000183105469,8.649999618530273,9.920000076293945,,74.9000015258789,,96.0999984741211,97.69999694824219,,9.692000389099121,260.9800109863281,103.97000122070312,91.5,,
2022-09-26,10.127267837524414,151.75999450683594,169.10989379882812,102.91632080078125,109.56007385253906,21.022445678710938,101.3499984741211,7.960999965667725,90.62000274658203,102.19000244140625,109.96704864501953,102.88008880615234,110.5999984741211,142.97999572753906,91.5199966430664,96.92131805419922,95.33000183105469,7.625999927520752,88.04000091552734,94.4253158569336,61.22999954223633,11.82358169555664,127.62999725341797,109.95999908447266,111.95585632324219,9.984000205993652,86.70999908447266,68.19000244140625,144.0,11.311873435974121,,104.69999694824219,,10.28081226348877,95.80000305175781,89.91999816894531,9.76894760131836,,103.08999633789062,,120.60460662841797,96.92677307128906,100.08509826660156,62.029998779296875,98.19999694824219,111.84773254394531,82.80000305175781,89.68000030517578,8.51200008392334,10.020000457763672,,74.69999694824219,,95.79000091552734,97.68000030517578,,9.699000358581543,258.5,103.0999984741211,91.27999877929688,,
2022-09-27,10.06810188293457,151.75,168.75442504882812,102.8668212890625,109.53016662597656,21.070417404174805,101.37999725341797,7.900000095367432,90.0199966430664,102.27999877929688,108.22756958007812,102.55364227294922,109.83999633789062,143.3699951171875,91.25,96.54232788085938,94.30000305175781,7.571000099182129,88.25,93.97662353515625,61.220001220703125,11.754322052001953,127.94000244140625,109.0999984741211,112.16364288330078,9.989999771118164,86.69000244140625,68.20999908447266,147.0,11.333109855651855,,104.5,,10.28081226348877,95.9000015258789,90.9800033569336,9.712030410766602,,102.19999694824219,,120.60460662841797,96.38717651367188,98.49834442138672,61.70000076293945,97.80000305175781,111.90764617919922,81.0199966430664,90.19999694824219,8.486000061035156,10.039999961853027,,74.66000366210938,,96.94000244140625,97.30000305175781,,9.710000038146973,260.6499938964844,102.20999908447266,91.18000030517578,,
2022-09-28,10.127267837524414,151.3800048828125,168.8037872314453,102.89652252197266,109.3906021118164,20.98746681213379,101.45999908447266,7.880000114440918,89.43000030517578,102.01000213623047,107.83769226074219,101.93042755126953,109.29000091552734,143.3800048828125,91.2699966430664,96.9412612915039,93.19999694824219,7.585999965667725,89.0999984741211,93.22879791259766,60.9900016784668,11.872063636779785,128.11000061035156,108.9000015258789,112.27247619628906,9.90999984741211,86.9800033569336,69.33000183105469,144.9499969482422,11.323456764221191,,104.3499984741211,,10.28081226348877,95.37999725341797,90.9000015258789,9.6790771484375,,102.02999877929688,,120.60460662841797,95.92752838134766,98.99732208251953,61.060001373291016,97.55000305175781,112.55670928955078,81.66000366210938,89.3499984741211,8.539999961853027,10.0,,74.43000030517578,,96.4000015258789,96.7300033569336,,9.699000358581543,258.5,101.70999908447266,90.30000305175781,,
2022-09-29,10.137128829956055,151.69000244140625,169.10989379882812,102.5599365234375,109.40057373046875,20.87053680419922,102.26000213623047,7.816999912261963,88.37999725341797,102.04000091552734,108.91736602783203,101.72269439697266,109.3499984741211,142.6999969482422,91.19999694824219,96.16333770751953,92.69999694824219,7.618000030517578,88.76000213623047,92.7302474975586,59.11000061035156,11.8819580078125,128.05999755859375,108.5,112.54952239990234,9.942000389099121,86.30000305175781,69.13999938964844,137.97999572753906,11.324421882629395,,104.25,,10.28081226348877,94.7300033569336,91.27999877929688,9.69904899597168,,101.8499984741211,,120.60460662841797,95.77764129638672,100.03519439697266,60.779998779296875,97.56999969482422,111.28854370117188,82.87999725341797,89.11000061035156,8.520000457763672,10.020000457763672,,74.29000091552734,,96.01000213623047,96.73999786376953,,9.699999809265137,256.75,101.38999938964844,90.16000366210938,,
2022-09-30,10.156850814819336,152.8000030517578,169.34689331054688,102.52033996582031,111.14515686035156,21.587108612060547,102.4000015258789,7.999000072479248,89.3499984741211,103.01000213623047,109.83708953857422,101.89086151123047,110.43000030517578,144.1199951171875,91.4000015258789,97.14073181152344,90.5999984741211,7.646999835968018,90.05000305175781,93.97662353515625,60.29999923706055,11.84831714630127,129.35000610351562,108.5,113.90506744384766,10.0,87.75,69.79000091552734,146.97000122070312,11.316699981689453,,104.70999908447266,,10.28081226348877,95.54000091552734,92.44000244140625,9.6930570602417,,101.87999725341797,,120.60460662841797,96.41715240478516,99.50627899169922,61.38999938964844,98.0,115.83195495605469,81.88999938964844,90.11000061035156,8.5600004196167,10.069999694824219,,73.7699966430664,,96.30000305175781,96.54000091552734,,9.699999809265137,262.0,101.37999725341797,87.72000122070312,,
2022-10-03,10.107545852661133,151.0500030517578,165.39710998535156,102.34214782714844,109.67970275878906,21.435199737548828,100.87999725341797,7.936999797821045,89.93000030517578,102.44999694824219,107.86768341064453,101.39624786376953,108.05999755859375,138.6999969482422,91.05000305175781,96.13341522216797,90.61000061035156,7.64900016784668,89.27999877929688,92.52085876464844,58.099998474121094,11.847328186035156,127.69999694824219,108.94999694824219,113.26192474365234,9.928000450134277,88.4000015258789,69.8499984741211,140.25,11.31476879119873,,104.05000305175781,,10.28081226348877,93.86000061035156,91.77999877929688,9.636138916015625,,103.29000091552734,,120.60460662841797,95.52782440185547,100.85352325439453,60.86000061035156,98.1500015258789,113.0459976196289,80.0,90.0,8.399999618530273,10.029999732971191,,74.98999786376953,,96.4000015258789,93.19999694824219,,9.611000061035156,259.5199890136719,101.5,86.72000122070312,,
2022-10-04,10.097684860229492,148.89999389648438,164.06405639648438,102.5797348022461,107.6858901977539,21.34625244140625,100.6500015258789,7.800000190734863,92.41000366210938,102.5,107.4677963256836,101.09947204589844,108.69999694824219,137.94000244140625,92.0,96.7417984008789,92.36000061035156,7.64900016784668,92.0999984741211,92.7302474975586,58.0,11.783016204833984,124.19000244140625,109.0,112.45057678222656,9.597999572753906,87.5,68.47000122070312,146.9600067138672,11.304149627685547,,102.44000244140625,,10.28081226348877,91.61000061035156,91.69999694824219,9.68906307220459,,104.9000015258789,,120.60460662841797,96.11737823486328,102.11094665527344,61.97999954223633,97.9000015258789,113.43543243408203,79.5999984741211,89.55000305175781,8.588000297546387,9.989999771118164,,75.04000091552734,,98.0,94.1500015258789,,9.635000228881836,259.5,103.9800033569336,85.94999694824219,,
2022-10-05,10.107545852661133,149.6199951171875,164.93299865722656,102.41144561767578,109.08155822753906,21.187347412109375,100.51000213623047,7.800000190734863,90.69999694824219,102.9000015258789,107.28784942626953,100.90162658691406,108.25,139.16000366210938,91.01000213623047,97.04100036621094,94.94000244140625,7.650000095367432,91.11000061035156,92.53083038330078,59.380001068115234,11.819623947143555,124.5999984741211,109.30999755859375,111.79754638671875,9.631999969482422,86.5999984741211,68.2300033569336,144.5,11.323456764221191,,102.51000213623047,,10.28081226348877,94.0,89.5999984741211,9.68506908416748,,104.93000030517578,,120.60460662841797,95.92752838134766,100.85352325439453,61.599998474121094,97.69999694824219,113.37551879882812,79.58999633789062,90.0,8.515000343322754,10.069999694824219,,75.68000030517578,,96.52999877929688,95.30000305175781,,9.61400032043457,259.510009765625,102.22000122070312,85.81999969482422,,
2022-10-06,10.137128829956055,152.5500030517578,166.11793518066406,102.41144561767578,110.87599182128906,21.043434143066406,100.56999969482422,7.822999954223633,90.66000366210938,103.0999984741211,107.37782287597656,101.09947204589844,109.27999877929688,138.41000366210938,91.5,97.7391357421875,95.01000213623047,7.809999942779541,91.13999938964844,92.33140563964844,60.75,11.8582124710083,126.0199966430664,109.4000015258789,111.12471771240234,9.678000450134277,86.16000366210938,68.51000213623047,149.0,11.308977127075195,,102.73999786376953,,10.28081226348877,95.5,89.0,9.682072639465332,,104.79000091552734,,120.60460662841797,96.92677307128906,101.7916030883789,61.060001373291016,97.5,113.86480712890625,79.0999984741211,90.55999755859375,8.564000129699707,10.069999694824219,,75.80000305175781,,96.0,95.51000213623047,,9.604999542236328,263.0,102.94999694824219,86.69999694824219,,
2022-10-07,10.166711807250977,151.4499969482422,166.73016357421875,102.38174438476562,113.08912658691406,21.204336166381836,100.88999938964844,7.900000095367432,90.51000213623047,103.5,107.5077896118164,101.09947204589844,109.18000030517578,140.60000610351562,91.6500015258789,97.53966522216797,95.7699966430664,7.809999942779541,91.4000015258789,92.47100067138672,60.47999954223633,11.874041557312012,127.0,109.98999786376953,107.8199691772461,9.720000267028809,86.19999694824219,67.98999786376953,146.57000732421875,11.323456764221191,,103.66999816894531,,10.28081226348877,96.05999755859375,89.26000213623047,9.667094230651855,,104.0,,120.60460662841797,98.41564178466797,101.44231414794922,61.18000030517578,98.0,115.28275299072266,79.4800033569336,91.0,8.585000038146973,10.0600004196167,,76.19999694824219,,96.0,96.25,,9.49899959564209,263.489990234375,102.91999816894531,86.51000213623047,,
2022-10-10,10.156850814819336,152.77000427246094,166.87826538085938,102.8470230102539,113.44801330566406,21.486169815063477,101.05000305175781,7.908999919891357,89.05000305175781,103.43000030517578,107.07791900634766,101.13904571533203,109.4000015258789,138.6199951171875,91.4000015258789,97.7391357421875,95.16000366210938,7.919000148773193,91.61000061035156,92.25164031982422,59.5,11.841390609741211,126.55000305175781,109.9000015258789,106.8602066040039,9.710000038146973,85.38999938964844,66.5999984741211,146.0,11.45860481262207,,103.1500015258789,,10.28081226348877,96.0,90.0,9.58920669555664,,102.4000015258789,,120.60460662841797,98.4256362915039,101.85147857666016,59.97999954223633,98.01000213623047,115.27276611328125,79.30000305175781,90.8499984741211,8.560999870300293,10.079999923706055,,75.73999786376953,,96.19999694824219,94.7300033569336,,9.53499984741211,261.67999267578125,102.9000015258789,86.9800033569336,,
2022-10-11,10.156850814819336,152.33999633789062,167.33250427246094,102.8866195678711,113.46794891357422,21.182350158691406,101.1500015258789,7.900000095367432,88.69000244140625,103.16000366210938,108.5574722290039,101.6930160522461,110.7300033569336,141.16000366210938,91.26000213623047,97.42996215820312,93.38999938964844,7.9770002365112305,90.9800033569336,92.7103042602539,59.459999084472656,12.06697940826416,125.80000305175781,109.9000015258789,108.63131713867188,9.984000205993652,85.1500015258789,67.87999725341797,145.8800048828125,11.47404956817627,,104.05999755859375,,10.28081226348877,95.80000305175781,90.91999816894531,9.613171577453613,,102.13999938964844,,120.60460662841797,98.72541046142578,100.80362701416016,60.0,97.51000213623047,117.69924926757812,79.16000366210938,91.75,8.550000190734863,9.989999771118164,,76.2699966430664,,98.0,95.52999877929688,,9.595999717712402,259.9800109863281,101.19999694824219,87.05000305175781,,
2022-10-13,10.127267837524414,151.64999389648438,165.8908233642578,103.2529067993164,112.75017547607422,21.187347412109375,101.0,7.920000076293945,88.30000305175781,100.30999755859375,108.73741912841797,101.88096618652344,109.86000061035156,142.38999938964844,91.55999755859375,97.20056915283203,90.62000274658203,7.747000217437744,90.11000061035156,92.38126373291016,59.65999984741211,12.000687599182129,126.75,110.0,107.84965515136719,9.994000434875488,85.30000305175781,67.75,145.49000549316406,11.452813148498535,,104.69999694824219,,10.28081226348877,94.75,89.5,9.609177589416504,,103.5,,120.60460662841797,97.93600463867188,99.45638275146484,60.0,97.0999984741211,115.53238677978516,79.55000305175781,90.44000244140625,8.520999908447266,9.960000038146973,,76.05000305175781,,98.0,94.62000274658203,,9.520000457763672,258.8800048828125,101.1500015258789,86.80000305175781,,
2022-10-14,10.137128829956055,152.1199951171875,164.60714721679688,102.90642547607422,111.9925308227539,21.092403411865234,101.19000244140625,7.925000190734863,88.37000274658203,100.30000305175781,108.64744567871094,101.5940933227539,109.5999984741211,141.85000610351562,92.0999984741211,96.21320343017578,91.51000213623047,7.807000160217285,88.81999969482422,92.63053894042969,58.47999954223633,12.050159454345703,125.9000015258789,110.0,107.74081420898438,10.0,85.79000091552734,67.30000305175781,145.8300018310547,11.582168579101562,,104.5199966430664,,10.28081226348877,94.20999908447266,90.6500015258789,9.666095733642578,,103.97000122070312,,120.60460662841797,98.62548828125,98.45842742919922,59.939998626708984,97.79000091552734,114.89331817626953,80.26000213623047,91.0,8.571000099182129,9.84000015258789,,75.05000305175781,,98.30000305175781,95.12999725341797,,9.526000022888184,260.239990234375,101.0,86.36000061035156,,
2022-10-17,10.077962875366211,150.69000244140625,164.36029052734375,102.41144561767578,110.8560562133789,20.89252471923828,100.98999786376953,7.989999771118164,87.5,99.72000122070312,108.00763702392578,101.31710815429688,109.4000015258789,141.88999938964844,91.55000305175781,95.92398071289062,90.54000091552734,7.769999980926514,87.54000091552734,92.610595703125,57.79999923706055,12.061042785644531,125.16000366210938,110.0,107.9387435913086,10.053999900817871,85.43000030517578,67.38999938964844,143.0,11.595683097839355,,104.9000015258789,,10.28081226348877,94.98999786376953,90.44999694824219,9.678078651428223,,102.63999938964844,,120.60460662841797,98.27574920654297,97.89956665039062,60.349998474121094,98.37999725341797,113.68506622314453,79.83999633789062,90.01000213623047,8.538000106811523,9.819999694824219,,74.94999694824219,,98.87999725341797,95.98999786376953,,9.515000343322754,259.8999938964844,100.98999786376953,86.4000015258789,,
2022-10-18,10.097684860229492,150.4499969482422,165.5550994873047,102.9460220336914,112.12212371826172,20.956485748291016,101.12000274658203,7.998000144958496,87.1500015258789,99.06999969482422,108.56746673583984,101.58419799804688,110.0199966430664,142.44000244140625,92.29000091552734,96.15336608886719,91.0199966430664,7.78000020980835,87.16000366210938,92.60062408447266,57.779998779296875,12.110513687133789,125.79000091552734,110.1500015258789,108.87551879882812,10.053999900817871,85.20999908447266,67.38999938964844,142.00999450683594,11.464397430419922,,104.98999786376953,,10.28081226348877,94.20999908447266,90.41000366210938,9.687066078186035,,102.5,,120.60460662841797,98.82533264160156,97.60018157958984,60.38999938964844,97.7300033569336,114.21430206298828,80.30000305175781,89.80000305175781,8.532999992370605,9.9399995803833,,75.0999984741211,,100.0,96.16000366210938,,9.517000198364258,257.8500061035156,101.0199966430664,87.18000030517578,,
2022-10-19,10.127267837524414,151.30999755859375,164.3997802734375,102.8470230102539,112.00249481201172,20.937496185302734,100.62999725341797,8.001999855041504,87.04000091552734,99.1500015258789,108.5574722290039,101.49517059326172,110.68000030517578,142.27999877929688,92.06999969482422,95.26573181152344,90.88999938964844,7.820000171661377,87.30000305175781,92.62056732177734,57.130001068115234,12.176804542541504,124.94999694824219,110.0,108.58651733398438,10.079999923706055,87.0,67.30999755859375,144.25,11.376550674438477,,104.27999877929688,,10.28081226348877,94.4000015258789,90.94999694824219,9.676081657409668,,102.18000030517578,,120.60460662841797,98.765380859375,97.05130767822266,59.91999816894531,97.5999984741211,113.83485412597656,79.80000305175781,90.30000305175781,8.569000244140625,9.899999618530273,,73.9800033569336,,100.0,95.76000213623047,,9.50100040435791,259.9800109863281,101.0,87.0999984741211,,
2022-10-20,10.127267837524414,151.1999969482422,164.40965270996094,102.85692596435547,111.9028091430664,20.923505783081055,101.16999816894531,7.989999771118164,87.80000305175781,99.61000061035156,108.28755187988281,101.46549224853516,109.41999816894531,141.75,93.5199966430664,95.68461608886719,91.45999908447266,7.701000213623047,88.2300033569336,92.9296646118164,57.25,12.259917259216309,124.3499984741211,110.5,108.63634490966797,10.157999992370605,87.61000061035156,67.19999694824219,142.75,11.359174728393555,,104.13999938964844,,10.28081226348877,94.2300033569336,91.13999938964844,9.671089172363281,,102.86000061035156,,120.60460662841797,98.73540496826172,98.53826141357422,60.0,97.30000305175781,113.36553192138672,80.75,90.22000122070312,8.595000267028809,9.880000114440918,,73.22000122070312,,99.91999816894531,95.58999633789062,,9.527999877929688,258.75,101.51000213623047,87.30000305175781,,
2022-10-21,10.127267837524414,150.7100067138672,163.87643432617188,102.9460220336914,111.9925308227539,20.93649673461914,101.25,7.999000072479248,89.33999633789062,100.55999755859375,108.83738708496094,101.54463195800781,110.08999633789062,141.3000030517578,94.23999786376953,95.58488464355469,91.9000015258789,7.800000190734863,89.37999725341797,93.677490234375,57.189998626708984,12.362815856933594,124.41999816894531,110.33000183105469,108.84562683105469,10.133999824523926,87.19999694824219,67.5,143.0,11.323456764221191,,104.0,,10.28081226348877,94.0199966430664,90.91000366210938,9.674083709716797,,103.31999969482422,,120.60460662841797,98.58551788330078,99.02725982666016,59.95000076293945,97.0199966430664,113.33557891845703,81.0,90.69999694824219,8.664999961853027,9.880000114440918,,72.80000305175781,,100.0,96.69999694824219,,9.569999694824219,258.75,101.22000122070312,87.88999938964844,,
2022-10-24,10.137128829956055,149.25,162.14840698242188,102.47084045410156,113.14894104003906,20.687646865844727,101.30000305175781,7.993000030517578,89.30000305175781,100.4000015258789,108.64744567871094,102.25687408447266,109.16999816894531,140.2100067138672,93.55999755859375,95.5,92.30000305175781,7.795000076293945,89.0999984741211,93.14903259277344,56.5,12.22924518585205,124.0,109.87000274658203,108.87551879882812,10.149999618530273,86.22000122070312,67.55000305175781,143.69000244140625,11.301254272460938,,103.43000030517578,,10.28081226348877,94.05000305175781,90.95999908447266,9.668092727661133,,103.29000091552734,,120.60460662841797,98.65546417236328,98.27879333496094,60.13999938964844,97.36000061035156,112.8363037109375,82.33999633789062,92.19999694824219,8.678000450134277,9.880000114440918,,73.41999816894531,,100.4000015258789,95.5999984741211,,9.569999694824219,256.0899963378906,101.30000305175781,87.5999984741211,,
2022-10-25,10.127267837524414,149.33999633789062,162.4545135498047,102.35204315185547,113.13896942138672,20.815570831298828,101.2699966430664,8.0,89.4000015258789,100.05000305175781,108.66744232177734,102.07881164550781,109.33999633789062,140.24000549316406,94.19999694824219,95.47000122070312,92.20999908447266,7.619999885559082,90.0,92.78010559082031,56.16999816894531,12.275747299194336,123.69999694824219,110.20999908447266,109.11470031738281,10.291999816894531,85.86000061035156,67.0,142.0,11.326353073120117,,103.12999725341797,,10.28081226348877,94.18000030517578,90.5,9.673086166381836,,103.36000061035156,,120.60460662841797,98.15583801269531,98.7977294921875,59.9900016784668,97.13999938964844,111.60808563232422,81.1500015258789,92.9800033569336,8.767000198364258,9.899999618530273,,72.51000213623047,,102.91000366210938,96.0,,9.609000205993652,257.0,101.01000213623047,88.04000091552734,,
2022-10-26,10.06810188293457,149.2100067138672,162.82974243164062,102.4807357788086,113.44801330566406,20.888526916503906,101.18000030517578,8.008999824523926,89.2300033569336,99.93000030517578,108.72742462158203,101.63365936279297,108.97000122070312,140.1999969482422,95.05000305175781,95.5,92.4000015258789,7.535999774932861,90.4800033569336,91.89268493652344,55.04999923706055,12.041254997253418,124.5,111.0,108.92534637451172,10.196000099182129,85.94999694824219,66.6500015258789,142.75,11.29353141784668,,102.66999816894531,,10.28081226348877,96.52999877929688,90.91000366210938,9.646124839782715,,102.9800033569336,,120.60460662841797,97.52631378173828,98.00934600830078,59.70000076293945,97.3499984741211,109.99043273925781,82.0,93.23999786376953,8.850000381469727,9.890000343322754,,72.9800033569336,,102.58999633789062,95.05999755859375,,9.579999923706055,258.0,101.2699966430664,87.69999694824219,,
2022-10-27,10.107545852661133,148.85000610351562,163.42221069335938,102.4411392211914,113.4878921508789,20.97747230529785,101.13999938964844,7.995999813079834,88.93000030517578,99.9000015258789,108.94735717773438,101.31710815429688,109.30000305175781,139.69000244140625,95.9000015258789,95.5,92.44999694824219,7.558000087738037,90.1500015258789,91.36421966552734,55.209999084472656,11.898777961730957,124.86000061035156,112.9800033569336,108.43702697753906,10.182000160217285,86.1500015258789,66.19999694824219,141.0,11.313803672790527,,102.2300033569336,,10.28081226348877,96.11000061035156,90.91000366210938,9.656109809875488,,102.7300033569336,,120.60460662841797,97.87605285644531,98.20893859863281,59.79999923706055,96.44000244140625,110.21011352539062,81.9000015258789,94.94000244140625,8.824999809265137,9.859999656677246,,72.1500015258789,,99.5199966430664,95.69000244140625,,9.598999977111816,255.10000610351562,101.19999694824219,88.02999877929688,,
2022-10-28,10.127267837524414,149.22000122070312,164.32078552246094,102.5599365234375,113.04924774169922,20.997461318969727,101.5,7.979000091552734,89.97000122070312,99.79000091552734,108.3675308227539,101.28742980957031,109.47000122070312,139.77000427246094,95.41000366210938,96.0,91.83999633789062,7.488999843597412,90.01000213623047,90.29732513427734,55.70000076293945,12.064010620117188,125.56999969482422,112.9000015258789,109.06487274169922,10.0,85.69000244140625,66.66999816894531,140.0,11.413233757019043,,103.04000091552734,,10.28081226348877,96.02999877929688,90.69999694824219,9.666095733642578,,102.6500015258789,,120.60460662841797,97.9759750366211,97.92950439453125,59.5,95.91999816894531,111.09882354736328,81.9000015258789,93.43000030517578,8.890000343322754,9.930000305175781,,72.27999877929688,,99.0199966430664,95.80000305175781,,9.569999694824219,257.80999755859375,101.41000366210938,88.06999969482422,,
2022-10-31,10.156850814819336,147.8000030517578,163.3135986328125,102.93611907958984,112.8000259399414,20.834558486938477,101.63999938964844,7.989999771118164,89.87999725341797,99.75,108.10760498046875,101.28742980957031,109.20999908447266,139.44000244140625,95.30000305175781,95.0,91.19999694824219,7.547999858856201,89.3499984741211,90.73604583740234,57.0,11.986836433410645,126.9000015258789,109.6500015258789,109.02500915527344,10.107999801635742,86.1500015258789,66.55000305175781,140.0,11.407442092895508,,103.5,,10.28081226348877,96.01000213623047,91.23999786376953,9.686066627502441,,102.08999633789062,,120.60460662841797,98.67544555664062,99.5162582397461,59.38999938964844,96.6500015258789,110.63948822021484,82.0,93.43000030517578,8.864999771118164,9.90999984741211,,72.19999694824219,,99.25,96.80999755859375,,9.571000099182129,256.510009765625,101.41000366210938,90.1500015258789,,
2022-11-01,10.06810188293457,145.39999389648438,163.8863067626953,100.9561996459961,112.42119598388672,20.78658676147461,100.0,7.939000129699707,92.16999816894531,100.5999984741211,107.13790130615234,100.6048583984375,109.0,137.9499969482422,94.5,96.30999755859375,89.94000244140625,7.4720001220703125,89.97000122070312,89.04097747802734,56.029998779296875,12.10062026977539,125.22000122070312,109.44999694824219,108.97518157958984,10.0,86.0,66.62000274658203,138.0,11.335041046142578,,100.9800033569336,,10.28081226348877,95.75,89.69999694824219,9.605183601379395,,102.77999877929688,,120.60460662841797,97.11662292480469,98.72787475585938,59.0099983215332,95.25,108.03327178955078,80.88999938964844,93.0,8.857000350952148,9.949999809265137,,72.62000274658203,,97.5999984741211,95.41999816894531,,9.512999534606934,257.1499938964844,100.69999694824219,87.5,,
2022-11-03,10.117406845092773,144.8000030517578,164.2812957763672,101.8669662475586,113.0392837524414,20.73761558532715,100.52999877929688,7.800000190734863,90.81999969482422,100.13999938964844,106.59806060791016,100.30809020996094,107.56999969482422,139.52999877929688,94.04000091552734,96.4000015258789,89.19999694824219,7.574999809265137,90.19000244140625,89.24040222167969,55.68000030517578,11.932417869567871,124.7300033569336,109.94999694824219,108.56658172607422,9.97599983215332,85.91999816894531,66.9800033569336,140.2899932861328,11.369792938232422,,102.75,,10.28081226348877,96.3499984741211,89.9800033569336,9.598194122314453,,102.63999938964844,,120.60460662841797,97.37642669677734,99.77572631835938,59.70000076293945,95.01000213623047,107.84354400634766,81.37000274658203,92.51000213623047,8.736000061035156,9.989999771118164,,72.61000061035156,,97.69000244140625,95.41000366210938,,9.458999633789062,257.7799987792969,100.52999877929688,89.44999694824219,,
2022-11-04,10.127267837524414,144.50999450683594,167.2633819580078,101.6689682006836,112.8000259399414,20.73561668395996,100.69999694824219,7.699999809265137,90.75,101.08999633789062,107.05792236328125,100.71367645263672,107.54000091552734,138.49000549316406,93.69999694824219,96.30000305175781,89.29000091552734,7.635000228881836,90.30000305175781,89.31019592285156,56.06999969482422,11.934396743774414,125.4000015258789,111.20999908447266,108.36727142333984,10.086000442504883,85.4000015258789,67.98999786376953,136.8300018310547,11.3784818649292,,103.29000091552734,,10.28081226348877,96.13999938964844,90.19999694824219,9.531290054321289,,103.04000091552734,,120.60460662841797,97.40641021728516,98.84762573242188,59.31999969482422,95.25,106.83500671386719,81.97000122070312,93.44999694824219,8.800999641418457,9.899999618530273,,72.1500015258789,,97.5,95.11000061035156,,9.420999526977539,261.0,100.44999694824219,89.62000274658203,,
2022-11-07,10.127267837524414,143.89999389648438,163.59007263183594,103.3717041015625,113.07915496826172,20.548728942871094,100.0,7.619999885559082,91.4800033569336,101.0,106.52808380126953,101.39624786376953,108.27999877929688,137.58999633789062,93.4800033569336,96.38999938964844,90.08999633789062,7.548999786376953,90.77999877929688,89.88851165771484,55.54999923706055,11.99673080444336,123.69999694824219,110.55000305175781,108.12808990478516,10.118000030517578,83.6500015258789,67.5999984741211,131.1199951171875,11.388134956359863,,102.93000030517578,,10.28081226348877,96.0999984741211,89.98999786376953,9.550263404846191,,102.95999908447266,,120.60460662841797,97.27650451660156,99.54619598388672,59.29999923706055,96.79000091552734,106.14600372314453,80.31999969482422,93.48999786376953,8.857000350952148,10.029999732971191,,72.11000061035156,,96.80999755859375,96.4000015258789,,9.402999877929688,257.6000061035156,99.94000244140625,89.94000244140625,,
2022-11-08,10.107545852661133,144.1699981689453,163.767822265625,103.3519058227539,113.2486343383789,20.38982391357422,100.2300033569336,7.607999801635742,90.22000122070312,100.29000091552734,106.95795440673828,100.9115219116211,108.4000015258789,136.9499969482422,93.38999938964844,96.98999786376953,90.05999755859375,7.510000228881836,91.18000030517578,88.8116455078125,54.779998779296875,11.8770112991333,124.68000030517578,109.98999786376953,108.0483627319336,10.140000343322754,82.87999725341797,67.30999755859375,135.4600067138672,11.376550674438477,,102.87000274658203,,10.28081226348877,96.23999786376953,88.69999694824219,9.516310691833496,,102.75,,120.60460662841797,98.40565490722656,98.69793701171875,59.13999938964844,97.12999725341797,105.5568618774414,80.5999984741211,93.9000015258789,8.869999885559082,10.020000457763672,,72.27999877929688,,98.25,96.0999984741211,,9.388999938964844,260.8999938964844,100.0,89.5999984741211,,
2022-11-09,10.05824089050293,142.89999389648438,163.42221069335938,103.2529067993164,113.19878387451172,20.287885665893555,100.1500015258789,7.534999847412109,88.87999725341797,99.9000015258789,106.68803405761719,100.90162658691406,107.19999694824219,133.3300018310547,93.5999984741211,97.0,89.80000305175781,7.434000015258789,90.19000244140625,88.83158874511719,55.0,11.825560569763184,124.44000244140625,110.0,107.5301513671875,9.979999542236328,82.75,66.0999984741211,134.58999633789062,11.363036155700684,,102.3499984741211,,10.28081226348877,94.30000305175781,87.98999786376953,9.441418647766113,,100.69999694824219,,120.60460662841797,97.92601776123047,98.34864807128906,57.70000076293945,96.7300033569336,105.86640930175781,79.4800033569336,93.87000274658203,8.788999557495117,9.970000267028809,,72.37999725341797,,99.79000091552734,96.23999786376953,,9.373000144958496,258.0199890136719,99.98999786376953,88.68000030517578,,
2022-11-10,10.048379898071289,140.0800018310547,163.9159393310547,101.17398834228516,111.55388641357422,20.223922729492188,99.61000061035156,7.449999809265137,87.80999755859375,99.36000061035156,104.36872863769531,100.12013244628906,103.80000305175781,131.6199951171875,93.55000305175781,96.61000061035156,88.12000274658203,7.364999771118164,89.19999694824219,87.94416809082031,54.599998474121094,11.582645416259766,123.5,108.33000183105469,106.7328872680664,9.9399995803833,81.0,64.0199966430664,134.19000244140625,11.263606071472168,,102.62000274658203,,10.28081226348877,93.70999908447266,85.11000061035156,9.189781188964844,,100.25,,120.60460662841797,97.07665252685547,97.79977416992188,56.81999969482422,95.30000305175781,104.67813873291016,77.12000274658203,92.5199966430664,8.729999542236328,9.970000267028809,,70.5,,95.30000305175781,95.19999694824219,,9.26200008392334,260.9800109863281,99.9800033569336,87.4000015258789,,
2022-11-11,10.018796920776367,139.67999267578125,162.92849731445312,99.97613525390625,109.28094482421875,19.79817771911621,99.63999938964844,7.589000225067139,87.8499984741211,98.72000122070312,102.83918762207031,99.91239929199219,102.5,131.58999633789062,94.30000305175781,96.5,90.27999877929688,7.170000076293945,88.9800033569336,86.44852447509766,56.4900016784668,11.582645416259766,123.02999877929688,107.16999816894531,106.23460388183594,9.9399995803833,79.19999694824219,62.68000030517578,132.88999938964844,11.292566299438477,,103.94000244140625,,10.28081226348877,93.58000183105469,84.30000305175781,9.272662162780762,,99.9800033569336,,120.60460662841797,96.5670394897461,95.90365600585938,55.5,94.6500015258789,103.7894287109375,77.5199966430664,93.94000244140625,8.744000434875488,9.970000267028809,,70.5999984741211,,94.72000122070312,95.25,,9.199999809265137,260.9800109863281,99.98999786376953,86.58000183105469,,
2022-11-14,10.028657913208008,140.19000244140625,163.4617156982422,100.97599792480469,107.8055191040039,19.73321533203125,99.6500015258789,7.550000190734863,87.98999786376953,98.1500015258789,102.31934356689453,99.88272094726562,102.20999908447266,131.6999969482422,93.9800033569336,96.47000122070312,88.20999908447266,7.179999828338623,88.33000183105469,86.19924926757812,56.0099983215332,11.796401977539062,123.0199966430664,105.02999877929688,105.0387191772461,9.918000221252441,78.44999694824219,62.5,131.75,11.283878326416016,,103.5,,10.28081226348877,93.66000366210938,85.73999786376953,9.30062198638916,,100.5,,120.60460662841797,97.03668975830078,96.7818603515625,56.529998779296875,96.01000213623047,103.51981353759766,77.83000183105469,93.43000030517578,8.689000129699707,9.84000015258789,,71.0,,94.31999969482422,96.30000305175781,,9.147000312805176,258.0,99.9800033569336,85.7300033569336,,
2022-11-16,10.018796920776367,139.6999969482422,162.80999755859375,101.75806427001953,108.0148696899414,19.668254852294922,99.41999816894531,7.525000095367432,86.91999816894531,96.4000015258789,103.02912902832031,98.85391998291016,102.16000366210938,133.22999572753906,92.93000030517578,96.69000244140625,88.0,7.13100004196167,87.0,86.51831817626953,54.5,11.590599060058594,122.5999984741211,103.25,104.93905639648438,9.720000267028809,78.22000122070312,61.5,131.14999389648438,11.25588321685791,,104.0,,10.28081226348877,92.58000183105469,86.0,9.119881629943848,,99.41000366210938,,120.60460662841797,96.03744506835938,96.48246765136719,56.97999954223633,94.81999969482422,103.48986053466797,77.0,93.5,8.619999885559082,9.859999656677246,,69.98999786376953,,93.37000274658203,96.5,,9.097999572753906,258.0,99.9800033569336,85.52999877929688,,
2022-11-17,9.890603065490723,136.60000610351562,160.95359802246094,99.1940689086914,104.2764663696289,18.98866081237793,99.05000305175781,7.28000020980835,85.48999786376953,94.86000061035156,99.25025939941406,97.85479736328125,99.37000274658203,129.0,92.5199966430664,95.98999786376953,86.37000274658203,7.039999961853027,85.9000015258789,83.56690216064453,53.11000061035156,11.582645416259766,120.08000183105469,99.80000305175781,103.34454345703125,9.477999687194824,75.94999694824219,60.130001068115234,129.00999450683594,11.062814712524414,,102.41000366210938,,10.28081226348877,91.51000213623047,83.4000015258789,9.097912788391113,,97.25,,120.60460662841797,94.90829467773438,95.31485748291016,56.290000915527344,92.0,101.85223388671875,75.72000122070312,93.0,8.541000366210938,9.850000381469727,,67.63999938964844,,90.01000213623047,95.19999694824219,,9.062999725341797,258.0,98.98999786376953,83.30000305175781,,
2022-11-18,9.979352951049805,140.33999633789062,161.56581115722656,100.4513168334961,104.5157241821289,18.98066520690918,99.20999908447266,7.400000095367432,85.26000213623047,95.80000305175781,100.28994750976562,98.0427474975586,99.80999755859375,130.0,92.20999908447266,96.0,86.6500015258789,7.001999855041504,86.79000091552734,84.95287322998047,52.81999969482422,11.582645416259766,121.9800033569336,100.18000030517578,104.41087341308594,9.57800006866455,76.63999938964844,59.5,129.8300018310547,11.127492904663086,,102.73999786376953,,10.28081226348877,92.7699966430664,83.0999984741211,9.207755088806152,,98.41999816894531,,120.60460662841797,95.06817626953125,95.40467834472656,56.0,92.5199966430664,101.85223388671875,76.4000015258789,93.0,8.517999649047852,9.899999618530273,,67.38999938964844,,90.01000213623047,95.94999694824219,,9.027000427246094,258.0,98.0,83.0,,
2022-11-21,9.939908027648926,139.77999877929688,161.25970458984375,99.15447235107422,103.77801513671875,18.76079750061035,99.19000244140625,7.210999965667725,86.0199966430664,95.2699966430664,99.77010345458984,97.92404174804688,100.19999694824219,126.8499984741211,92.5199966430664,95.55000305175781,86.62000274658203,7.0,86.08999633789062,83.507080078125,52.619998931884766,11.617443084716797,120.05000305175781,99.87999725341797,104.30125427246094,9.539999961853027,76.91999816894531,59.20000076293945,127.0,10.957592964172363,,103.19999694824219,,10.28081226348877,92.30000305175781,82.37000274658203,9.151836395263672,,98.51000213623047,,120.60460662841797,94.9482650756836,96.2629165649414,55.66999816894531,92.13999938964844,101.94210815429688,76.55000305175781,91.30000305175781,8.538999557495117,9.949999809265137,,67.13999938964844,,90.12999725341797,96.62000274658203,,9.055999755859375,258.3599853515625,98.27999877929688,82.16000366210938,,
2022-11-22,9.939908027648926,139.4600067138672,161.37820434570312,98.84757995605469,101.58482360839844,18.960676193237305,99.12000274658203,7.199999809265137,86.4800033569336,94.7300033569336,98.4005126953125,97.7756576538086,99.29000091552734,125.16000366210938,92.2300033569336,96.0,87.12999725341797,6.974999904632568,86.37999725341797,83.2179183959961,53.5,11.688032150268555,119.83999633789062,100.97000122070312,104.58029174804688,9.73799991607666,76.80999755859375,59.380001068115234,127.75,11.001997947692871,,101.1500015258789,,10.28081226348877,92.48999786376953,83.69999694824219,9.137855529785156,,98.6500015258789,,120.60460662841797,94.47862243652344,96.20304107666016,55.959999084472656,91.9800033569336,103.54977416992188,75.9000015258789,92.0,8.5600004196167,9.930000305175781,,67.94999694824219,,87.26000213623047,95.93000030517578,,9.069999694824219,259.3500061035156,98.30000305175781,82.58999633789062,,
2022-11-23,9.880742073059082,137.64999389648438,160.1241455078125,97.69922637939453,102.88079833984375,18.76079750061035,99.9800033569336,7.198999881744385,86.44999694824219,94.58999633789062,98.53047943115234,97.201904296875,99.05000305175781,125.5,93.13999938964844,96.12000274658203,87.69000244140625,6.881999969482422,86.62999725341797,82.63960266113281,52.38999938964844,11.66417121887207,119.12999725341797,99.80000305175781,104.75967407226562,9.380000114440918,75.25,59.599998474121094,127.9800033569336,11.067642211914062,,101.97000122070312,,10.28081226348877,92.30000305175781,82.3499984741211,9.186784744262695,,98.11000061035156,,120.60460662841797,94.71843719482422,96.20304107666016,55.72999954223633,91.3499984741211,101.79232025146484,74.69999694824219,91.22000122070312,8.543000221252441,9.869999885559082,,66.58000183105469,,90.23999786376953,94.52999877929688,,9.097000122070312,258.2900085449219,97.23999786376953,82.83999633789062,,
2022-11-24,9.890603065490723,135.8699951171875,160.3413848876953,97.73883056640625,103.95745849609375,18.94568634033203,100.08000183105469,7.199999809265137,86.0999984741211,95.2300033569336,99.22026824951172,97.63716125488281,98.63999938964844,126.79000091552734,92.05999755859375,96.08999633789062,87.37999725341797,6.922999858856201,86.97000122070312,82.39032745361328,52.29999923706055,11.699962615966797,119.0,100.0,104.72978210449219,9.144000053405762,74.61000061035156,60.150001525878906,128.1699981689453,11.076330184936523,,102.30000305175781,,10.28081226348877,93.0,81.95999908447266,9.168810844421387,,98.30000305175781,,120.60460662841797,95.65773010253906,95.14521026611328,55.810001373291016,91.98999786376953,101.24311828613281,73.98999786376953,90.88999938964844,8.557000160217285,9.920000076293945,,66.75,,88.01000213623047,95.19000244140625,,9.142999649047852,255.89999389648438,96.44999694824219,83.29000091552734,,
2022-11-25,9.910325050354004,135.94000244140625,160.4302520751953,98.08531188964844,102.78111267089844,19.041629791259766,99.80000305175781,7.011000156402588,86.5999984741211,95.01000213623047,98.25056457519531,97.60749053955078,99.48999786376953,127.0999984741211,91.69999694824219,96.30000305175781,88.9000015258789,6.927999973297119,86.97000122070312,82.20087432861328,52.75,11.618436813354492,118.08999633789062,99.3499984741211,104.63011932373047,9.34000015258789,74.0,59.0,127.52999877929688,11.09080982208252,,102.38999938964844,,10.28081226348877,93.05999755859375,83.0,9.166813850402832,,98.69999694824219,,120.60460662841797,95.91753387451172,96.76189422607422,55.90999984741211,91.27999877929688,100.79376983642578,74.01000213623047,90.45999908447266,8.557999610900879,10.0,,66.80000305175781,,88.30999755859375,95.02999877929688,,9.074999809265137,255.5,97.58000183105469,83.88999938964844,,
2022-11-28,9.930047035217285,140.0,160.8548583984375,97.283447265625,103.03033447265625,18.99165916442871,99.86000061035156,7.005000114440918,86.16000366210938,95.0199966430664,98.0206298828125,97.58769989013672,99.79000091552734,125.5999984741211,91.87000274658203,95.8499984741211,88.0,6.961999893188477,86.4000015258789,81.26360321044922,52.529998779296875,11.582645416259766,118.4800033569336,99.55999755859375,104.7995376586914,9.447999954223633,72.87000274658203,59.11000061035156,129.00999450683594,11.023236274719238,,102.05000305175781,,10.28081226348877,92.80999755859375,82.05000305175781,9.197770118713379,,97.77999877929688,,120.60460662841797,95.17809295654297,96.29286193847656,55.70000076293945,91.2300033569336,100.65397644042969,74.44999694824219,91.26000213623047,8.531999588012695,10.020000457763672,,66.88999938964844,,88.44999694824219,95.19000244140625,,9.057000160217285,257.0,96.4000015258789,84.47000122070312,,
2022-11-29,10.038518905639648,141.75,161.44732666015625,95.97669982910156,102.39231872558594,19.009647369384766,100.4800033569336,7.025000095367432,85.9000015258789,94.6500015258789,99.67013549804688,97.22168731689453,99.12000274658203,125.11000061035156,91.93000030517578,94.29000091552734,88.68000030517578,6.954999923706055,86.4800033569336,81.60261535644531,52.0099983215332,11.621418952941895,119.02999877929688,99.4000015258789,104.61019134521484,9.444000244140625,72.58999633789062,57.2400016784668,127.52999877929688,11.060884475708008,,102.88999938964844,,10.28081226348877,93.30999755859375,82.05999755859375,9.197770118713379,,98.9800033569336,,120.60460662841797,95.1581039428711,95.2150650024414,55.0099983215332,90.69999694824219,101.56265258789062,73.55000305175781,90.70999908447266,8.562999725341797,9.819999694824219,,66.69000244140625,,90.88999938964844,95.48999786376953,,9.100000381469727,257.510009765625,97.91999816894531,84.62000274658203,,
2022-11-30,10.048379898071289,144.3699951171875,162.74087524414062,97.17455291748047,104.5356674194336,19.073610305786133,100.19999694824219,7.119999885559082,85.69999694824219,94.80000305175781,100.91976165771484,97.2513656616211,100.6500015258789,126.7300033569336,91.7699966430664,94.70999908447266,89.05999755859375,6.951000213623047,86.80000305175781,81.26360321044922,51.79999923706055,11.729788780212402,120.9800033569336,99.66000366210938,104.66998291015625,9.595999717712402,72.41000366210938,58.27000045776367,127.52999877929688,11.148730278015137,,102.41999816894531,,10.28081226348877,92.51000213623047,81.6500015258789,9.285642623901367,,100.5,,120.60460662841797,96.4271469116211,95.7639389038086,55.0,92.94999694824219,102.60115051269531,74.05000305175781,91.33000183105469,8.565999984741211,9.890000343322754,,68.0,,95.98999786376953,96.5999984741211,,9.11400032043457,257.5,98.05999755859375,84.25,,
2022-12-01,9.8610200881958,142.10000610351562,160.667236328125,99.88703918457031,103.3393783569336,19.08060646057129,99.0999984741211,7.058000087738037,85.5999984741211,95.19999694824219,99.5301742553711,97.63716125488281,102.5,129.9499969482422,90.88999938964844,96.16000366210938,88.33000183105469,7.178999900817871,87.0,81.24365997314453,51.619998931884766,11.722829818725586,123.76000213623047,102.5,104.3809814453125,9.842000007629395,73.0,57.779998779296875,128.58999633789062,11.09080982208252,,102.66000366210938,,10.28081226348877,92.0999984741211,81.80999755859375,9.20276165008545,,100.8499984741211,,120.60460662841797,94.0589370727539,96.013427734375,55.11000061035156,92.0199966430664,104.65816497802734,75.79000091552734,89.8499984741211,8.486000061035156,10.039999961853027,,67.62000274658203,,94.01000213623047,95.29000091552734,,8.996999740600586,260.010009765625,96.30999755859375,85.0,,
2022-12-02,9.870881080627441,144.0,160.75611877441406,99.77814483642578,104.67523193359375,19.015644073486328,99.55999755859375,7.074999809265137,86.51000213623047,95.19999694824219,100.55986785888672,97.92404174804688,102.29000091552734,130.30999755859375,92.19000244140625,95.5999984741211,88.69999694824219,7.164000034332275,85.80999755859375,81.21375274658203,51.58000183105469,11.652239799499512,122.13999938964844,100.80999755859375,104.51053619384766,9.62600040435791,72.87000274658203,58.290000915527344,128.7100067138672,11.190239906311035,,103.69999694824219,,10.28081226348877,92.93000030517578,81.75,9.18478775024414,,101.5,,120.60460662841797,94.50859832763672,97.01139068603516,55.61000061035156,93.19999694824219,105.16742706298828,75.7300033569336,90.12000274658203,8.600000381469727,10.050000190734863,,67.36000061035156,,94.70999908447266,95.2300033569336,,9.137999534606934,261.9800109863281,95.97000122070312,87.69999694824219,,
2022-12-05,9.8610200881958,143.5,160.7956085205078,99.14456939697266,104.82476806640625,18.930694580078125,99.75,7.068999767303467,87.5999984741211,95.1500015258789,99.97004699707031,97.73609161376953,101.54000091552734,129.41000366210938,92.69999694824219,94.51000213623047,89.01000213623047,7.111999988555908,86.05000305175781,81.56273651123047,51.540000915527344,11.601534843444824,120.9800033569336,100.26000213623047,104.4407730102539,9.555999755859375,72.58999633789062,59.0,128.75,11.231749534606934,,102.9800033569336,,10.28081226348877,92.26000213623047,80.87999725341797,9.236714363098145,,101.12000274658203,,120.60460662841797,93.94902038574219,98.19895935058594,55.06999969482422,92.12000274658203,102.85078430175781,76.4800033569336,90.55999755859375,8.670000076293945,10.069999694824219,,67.0199966430664,,95.08000183105469,94.86000061035156,,9.041999816894531,260.80999755859375,95.27999877929688,84.80000305175781,,
2022-12-06,9.8610200881958,141.0,160.90423583984375,99.22377014160156,104.97430419921875,18.86373519897461,99.45999908447266,7.033999919891357,87.11000061035156,95.16999816894531,99.98004150390625,97.83501434326172,101.91999816894531,129.1699981689453,92.0,95.05000305175781,89.98999786376953,7.124000072479248,86.9000015258789,79.79786682128906,51.45000076293945,11.721835136413574,120.29000091552734,100.63999938964844,104.39094543457031,9.428000450134277,71.22000122070312,58.90999984741211,128.89999389648438,11.173829078674316,,102.0999984741211,,10.28081226348877,90.9000015258789,80.77999877929688,9.210750579833984,,101.30000305175781,,120.60460662841797,94.10890197753906,97.81973266601562,55.099998474121094,92.37000274658203,100.35440826416016,76.0999984741211,90.45999908447266,8.64799976348877,9.960000038146973,,66.5,,96.41000366210938,96.80000305175781,,9.074000358581543,261.4700012207031,94.8499984741211,87.94999694824219,,
2022-12-07,9.8610200881958,140.0,160.14389038085938,99.30296325683594,104.67523193359375,18.843746185302734,99.11000061035156,7.0,87.0,95.1500015258789,99.83008575439453,97.4195327758789,101.8499984741211,127.0199966430664,91.91999816894531,95.4000015258789,88.62999725341797,7.114999771118164,86.66000366210938,80.0271987915039,52.34000015258789,11.522992134094238,119.61000061035156,101.16999816894531,104.17169952392578,9.470000267028809,71.23999786376953,58.900001525878906,125.12999725341797,11.091774940490723,,101.75,,10.28081226348877,89.87999725341797,81.0,9.189781188964844,,101.27999877929688,,120.60460662841797,94.10890197753906,95.70406341552734,55.20000076293945,91.5999984741211,101.34297180175781,75.0,90.19999694824219,8.619999885559082,10.050000190734863,,66.66000366210938,,94.0,95.02999877929688,,9.039999961853027,262.2699890136719,94.5,86.69999694824219,,
2022-12-08,9.8610200881958,139.52000427246094,160.1636505126953,98.64958953857422,104.82476806640625,18.742807388305664,99.06999969482422,6.986000061035156,86.05999755859375,95.0199966430664,98.83038330078125,97.4195327758789,101.38999938964844,125.43000030517578,91.5999984741211,94.93000030517578,88.0999984741211,7.040999889373779,86.66000366210938,79.47879791259766,52.20000076293945,11.433511734008789,120.38999938964844,99.5,103.67341613769531,9.37399959564209,70.68000030517578,58.0,121.77999877929688,11.075364112854004,,101.30999755859375,,10.28081226348877,89.30000305175781,80.13999938964844,9.172804832458496,,99.44999694824219,,120.60460662841797,93.42941284179688,95.1751480102539,54.29999923706055,91.0199966430664,100.05484771728516,73.52999877929688,89.5199966430664,8.579000473022461,10.0600004196167,,66.86000061035156,,94.16000366210938,94.98999786376953,,9.048999786376953,262.2699890136719,93.75,87.36000061035156,,
2022-12-09,9.8610200881958,139.17999267578125,160.92398071289062,98.8079833984375,105.51263427734375,18.704830169677734,99.22000122070312,6.989999771118164,86.44000244140625,95.37999725341797,98.72042083740234,97.28104400634766,101.33000183105469,125.48999786376953,91.98999786376953,95.29000091552734,88.1500015258789,7.093999862670898,86.8499984741211,80.09700012207031,50.36000061035156,11.431524276733398,119.51000213623047,100.02999877929688,103.81293487548828,9.357999801635742,70.72000122070312,58.0099983215332,119.0,11.04350757598877,,101.61000061035156,,10.28081226348877,90.19999694824219,80.51000213623047,9.18478775024414,,99.0,,120.60460662841797,94.3287353515625,95.31485748291016,54.099998474121094,90.75,101.10332489013672,73.94999694824219,90.12999725341797,8.600000381469727,10.0600004196167,,66.66999816894531,,95.80000305175781,95.4000015258789,,9.03600025177002,260.05999755859375,92.3499984741211,88.44999694824219,,
2022-12-12,9.821576118469238,138.75,160.0648956298828,97.90711975097656,103.35931396484375,18.642866134643555,99.12000274658203,7.0,85.9000015258789,93.93000030517578,98.08061218261719,96.80621337890625,99.9800033569336,124.20999908447266,91.13999938964844,94.76000213623047,86.37999725341797,7.0,85.77999877929688,79.7081298828125,50.40999984741211,11.433511734008789,119.33999633789062,99.58999633789062,103.14523315429688,9.222000122070312,70.0999984741211,58.0,116.1500015258789,10.907395362854004,,101.95999908447266,,10.28081226348877,88.5,79.87999725341797,9.089924812316895,,98.20999908447266,,120.60460662841797,93.51934051513672,93.04949951171875,53.4900016784668,90.83999633789062,100.30448150634766,73.41000366210938,90.48999786376953,8.569999694824219,10.029999732971191,,66.69999694824219,,94.0,95.5199966430664,,8.970000267028809,260.0,92.83999633789062,87.20999908447266,,
2022-12-13,9.762410163879395,137.80999755859375,159.96615600585938,97.19435119628906,103.1300277709961,18.217121124267578,98.25,6.952000141143799,85.08000183105469,93.0,97.77070617675781,97.19200897216797,99.08999633789062,122.4000015258789,90.80000305175781,93.69000244140625,85.08999633789062,6.811999797821045,83.31999969482422,79.46882629394531,50.060001373291016,11.393742561340332,118.51000213623047,98.51000213623047,102.84626007080078,9.208000183105469,68.75,57.75,117.5,10.891948699951172,,100.56999969482422,,10.28081226348877,87.6500015258789,79.9800033569336,9.098912239074707,,97.6500015258789,,120.60460662841797,92.93978118896484,91.56254577636719,53.25,90.0,99.1561508178711,73.4000015258789,90.0,8.503999710083008,9.930000305175781,,67.16000366210938,,94.1500015258789,96.19999694824219,,8.925000190734863,260.2900085449219,91.87999725341797,86.0,,
2022-12-14,9.584912300109863,136.4600067138672,159.47242736816406,95.04613494873047,102.16302490234375,18.195133209228516,96.5,6.818999767303467,84.70999908447266,91.26000213623047,96.29114532470703,96.84577941894531,96.47000122070312,122.19999694824219,90.0,91.61000061035156,84.4000015258789,6.855999946594238,82.08000183105469,78.5714340209961,50.09000015258789,11.31917667388916,118.0,98.2300033569336,102.93595123291016,9.178000450134277,68.73999786376953,57.83000183105469,116.0999984741211,10.808930397033691,,100.23999786376953,,10.28081226348877,86.55000305175781,77.97000122070312,9.098912239074707,,96.97000122070312,,120.60460662841797,92.53009033203125,90.21530151367188,53.0,89.94000244140625,97.8580322265625,71.5,89.91000366210938,8.588000297546387,9.880000114440918,,65.66000366210938,,94.6500015258789,95.05000305175781,,8.977999687194824,265.0,92.5,84.4000015258789,,
2022-12-15,9.722966194152832,136.60000610351562,159.6403045654297,94.68975067138672,101.19602966308594,18.197132110595703,96.98999786376953,6.701000213623047,85.44999694824219,90.48999786376953,95.40141296386719,94.71893310546875,95.0,121.0,90.05000305175781,90.4000015258789,83.29000091552734,6.679999828338623,81.12000274658203,76.82650756835938,50.560001373291016,11.322159767150879,117.19000244140625,96.41000366210938,101.65037536621094,9.079999923706055,68.08999633789062,56.61000061035156,115.55000305175781,10.784795761108398,,100.01000213623047,,10.28081226348877,85.19999694824219,77.9000015258789,9.090923309326172,,96.80000305175781,,120.60460662841797,92.5101089477539,90.19534301757812,52.0099983215332,89.16000366210938,97.35875701904297,70.5199966430664,88.80000305175781,8.579000473022461,9.720000267028809,,65.30000305175781,,95.0,95.86000061035156,,9.144000053405762,260.25,92.73999786376953,82.33999633789062,,
2022-12-16,9.762410163879395,135.75999450683594,158.9787139892578,94.04627227783203,100.03961181640625,18.089197158813477,96.51000213623047,6.7729997634887695,84.9000015258789,89.0,97.07091522216797,93.96711730957031,95.37000274658203,122.58999633789062,90.08000183105469,88.41000366210938,83.22000122070312,6.611000061035156,81.77999877929688,77.49456787109375,49.75,11.291338920593262,117.25,95.68000030517578,101.65037536621094,8.977999687194824,68.5,56.599998474121094,117.66999816894531,10.703707695007324,,100.3499984741211,,10.28081226348877,86.0,75.9800033569336,9.086929321289062,,98.5999984741211,,120.60460662841797,92.08042907714844,90.15542602539062,51.709999084472656,88.4000015258789,97.8580322265625,71.06999969482422,88.98999786376953,8.487000465393066,9.59000015258789,,64.2300033569336,,95.4000015258789,95.69999694824219,,8.989999771118164,263.6600036621094,92.5999984741211,81.54000091552734,,
2022-12-19,9.673661231994629,136.5,157.91226196289062,93.29389953613281,100.39849853515625,18.108186721801758,96.88999938964844,6.724999904632568,84.30000305175781,88.0,97.29084777832031,93.68023681640625,94.30999755859375,120.25,88.4000015258789,86.29000091552734,81.5,6.520999908447266,80.43000030517578,78.47172546386719,49.09000015258789,11.28537368774414,117.12000274658203,93.69999694824219,101.2318115234375,9.013999938964844,68.38999938964844,56.900001525878906,117.94999694824219,10.606207847595215,,99.80999755859375,,10.28081226348877,85.4000015258789,73.61000061035156,9.08792781829834,,99.95999908447266,,120.60460662841797,92.64000701904297,90.12548828125,51.54999923706055,88.04000091552734,97.10911560058594,70.70999908447266,89.0999984741211,8.342000007629395,9.65999984741211,,63.75,,95.0,95.5,,8.994999885559082,261.6099853515625,92.16999816894531,79.13999938964844,,
2022-12-20,9.811715126037598,137.86000061035156,158.7022247314453,93.54139709472656,101.9636459350586,18.289077758789062,97.5,6.724999904632568,85.27999877929688,89.4000015258789,96.91096496582031,94.57054901123047,95.80999755859375,120.69000244140625,88.69999694824219,85.44999694824219,80.54000091552734,6.550000190734863,81.31999969482422,78.75091552734375,49.4900016784668,11.433511734008789,117.5999984741211,94.19000244140625,102.09883117675781,9.100000381469727,69.06999969482422,57.20000076293945,118.11000061035156,10.629376411437988,,100.75,,10.28081226348877,85.77999877929688,74.0,9.143847465515137,,100.0,,120.60460662841797,93.6092758178711,93.09939575195312,52.31999969482422,91.1500015258789,97.61837768554688,72.0999984741211,88.70999908447266,8.529999732971191,9.720000267028809,,65.43000030517578,,95.0,95.93000030517578,,8.972000122070312,262.2900085449219,91.91999816894531,79.0199966430664,,
2022-12-21,9.85115909576416,139.75,157.9715118408203,96.93695831298828,102.00352478027344,18.39401626586914,97.9000015258789,6.76800012588501,86.44999694824219,90.44999694824219,97.07091522216797,94.58043670654297,97.1500015258789,121.69000244140625,88.72000122070312,85.62000274658203,80.7699966430664,6.742000102996826,81.80000305175781,79.29931640625,50.5099983215332,11.442460060119629,118.41999816894531,96.5999984741211,103.51396179199219,9.23799991607666,68.63999938964844,56.619998931884766,118.55000305175781,10.72011947631836,,102.55999755859375,,10.28081226348877,87.83000183105469,75.91000366210938,9.18379020690918,,100.3499984741211,,120.60460662841797,93.76915740966797,94.7160873413086,53.13999938964844,92.41999816894531,102.7409439086914,72.29000091552734,89.19000244140625,8.501999855041504,9.6899995803833,,64.94000244140625,,95.0,96.19999694824219,,9.022000312805176,263.0,93.0,79.29000091552734,,
2022-12-22,9.870881080627441,140.72999572753906,157.99127197265625,96.42218017578125,102.3324966430664,18.614883422851562,98.41999816894531,6.625,86.16999816894531,90.9800033569336,97.5607681274414,95.21354675292969,96.43000030517578,122.44999694824219,88.75,87.72000122070312,81.66999816894531,6.7210001945495605,82.80999755859375,80.08702850341797,49.599998474121094,11.436494827270508,117.86000061035156,95.63999938964844,103.49403381347656,9.116000175476074,69.13999938964844,56.959999084472656,118.04000091552734,10.700812339782715,,101.8499984741211,,10.28081226348877,87.91000366210938,76.4000015258789,9.167813301086426,,100.63999938964844,,120.60460662841797,94.30874633789062,91.19329833984375,53.06999969482422,93.48999786376953,99.60549926757812,70.9000015258789,89.9800033569336,8.456999778747559,9.710000038146973,,65.20999908447266,,93.0,96.19999694824219,,8.960000038146973,263.0400085449219,93.9800033569336,81.0199966430664,,
2022-12-23,9.85115909576416,140.94000244140625,160.95359802246094,94.34326171875,102.52191162109375,18.417001724243164,97.37999725341797,6.822000026702881,86.58000183105469,91.66000366210938,98.30054473876953,97.14254760742188,97.75,122.44999694824219,89.23999786376953,89.68000030517578,82.37000274658203,6.785999774932861,83.94999694824219,79.34917449951172,51.5,11.531940460205078,119.12000274658203,97.5,103.63355255126953,9.142000198364258,69.69999694824219,57.099998474121094,120.1500015258789,10.73073673248291,,101.73999786376953,,10.28081226348877,88.7699966430664,75.61000061035156,9.147841453552246,,100.70999908447266,,120.60460662841797,94.09890747070312,94.19715118408203,53.25,95.0,99.1561508178711,71.54000091552734,89.9000015258789,8.562000274658203,9.729999542236328,,66.9000015258789,,91.0999984741211,98.16999816894531,,9.0,264.5,94.0,80.4000015258789,,
2022-12-26,9.8610200881958,138.60000610351562,161.93116760253906,94.93724060058594,102.64154052734375,18.42099952697754,96.81999969482422,6.751999855041504,86.80999755859375,91.91000366210938,98.03062438964844,97.37996673583984,97.87999725341797,122.38999938964844,91.0999984741211,88.2699966430664,83.98999786376953,6.741000175476074,85.58999633789062,81.9117202758789,49.650001525878906,11.532934188842773,118.12999725341797,97.51000213623047,103.81293487548828,9.295999526977539,70.0,58.349998474121094,122.05000305175781,10.712395668029785,,102.05000305175781,,10.28081226348877,86.6500015258789,77.4000015258789,9.206756591796875,,100.62000274658203,,120.60460662841797,93.80912780761719,94.22708892822266,52.540000915527344,95.5199966430664,98.1575927734375,71.69999694824219,90.0,8.550000190734863,9.729999542236328,,65.70999908447266,,91.19999694824219,97.08000183105469,,9.013999938964844,263.1600036621094,95.0,80.08999633789062,,
2022-12-27,9.880742073059082,137.8000030517578,162.17803955078125,95.20452880859375,102.79107666015625,18.492956161499023,97.79000091552734,6.789999961853027,86.79000091552734,91.37999725341797,98.53047943115234,97.44921112060547,99.8499984741211,122.30999755859375,91.76000213623047,88.87000274658203,83.63999938964844,6.796000003814697,85.9800033569336,81.7422103881836,49.58000183105469,11.484216690063477,119.18000030517578,97.52999877929688,104.0720443725586,9.760000228881836,70.26000213623047,58.380001068115234,123.4000015258789,10.903532981872559,,102.5,,10.28081226348877,88.36000061035156,77.5,9.231720924377441,,99.63999938964844,,120.60460662841797,93.72918701171875,95.1352310180664,52.5,95.54000091552734,98.95643615722656,71.44999694824219,89.43000030517578,8.545999526977539,9.739999771118164,,66.38999938964844,,92.01000213623047,97.1500015258789,,9.0649995803833,262.510009765625,95.4800033569336,80.48999786376953,,
2022-12-28,9.930047035217285,140.97999572753906,161.2498321533203,94.04627227783203,103.53875732421875,18.543926239013672,98.37000274658203,6.849999904632568,87.05000305175781,92.0,98.12059783935547,97.47888946533203,99.0,125.93000030517578,91.98999786376953,89.0,83.80999755859375,6.866000175476074,85.51000213623047,81.03427124023438,49.08000183105469,11.493165016174316,119.30000305175781,97.5999984741211,104.64009094238281,9.619999885559082,71.58000183105469,59.119998931884766,130.22000122070312,10.892914772033691,,103.0,,10.28081226348877,88.1500015258789,77.79000091552734,9.236714363098145,,100.05999755859375,,120.60460662841797,93.58929443359375,98.23887634277344,52.900001525878906,94.91000366210938,101.35295867919922,71.69000244140625,90.98999786376953,8.642999649047852,9.779999732971191,,67.80000305175781,,91.0,98.26000213623047,,9.069999694824219,261.4200134277344,96.5,80.13999938964844,,
2022-12-29,9.949769973754883,140.1999969482422,162.4347686767578,94.71944427490234,105.8914566040039,19.00265121459961,98.69000244140625,6.968999862670898,87.77999877929688,92.3499984741211,99.05032348632812,99.31885528564453,99.93000030517578,123.01000213623047,91.94999694824219,87.9000015258789,84.22000122070312,6.881999969482422,85.91000366210938,81.60261535644531,50.9900016784668,11.532934188842773,122.19000244140625,98.31999969482422,104.7895736694336,9.520000457763672,73.0,59.220001220703125,127.0999984741211,10.716257095336914,,102.1500015258789,,10.28081226348877,88.87999725341797,78.41999816894531,9.20875358581543,,100.23999786376953,,120.60460662841797,93.409423828125,98.16902160644531,53.88999938964844,95.19000244140625,102.88074493408203,71.81999969482422,90.51000213623047,8.640000343322754,9.850000381469727,,67.55000305175781,,93.5,98.9000015258789,,9.083999633789062,263.2099914550781,97.5,81.29000091552734,,
2023-01-02,9.920186042785645,139.80999755859375,159.95628356933594,94.51155853271484,106.17059326171875,18.808767318725586,97.5,6.875999927520752,89.4000015258789,92.04000091552734,96.93095397949219,97.14254760742188,99.91999816894531,123.61000061035156,89.55000305175781,90.30999755859375,86.80000305175781,6.974999904632568,86.19000244140625,78.00308990478516,48.5099983215332,11.503107070922852,116.36000061035156,99.94999694824219,104.4407730102539,9.34000015258789,70.5199966430664,59.0,126.45999908447266,10.90835952758789,,100.2699966430664,,10.28081226348877,89.45999908447266,74.26000213623047,9.236714363098145,,100.80000305175781,,120.60460662841797,91.9205551147461,96.31282043457031,54.41999816894531,90.20999908447266,98.92648315429688,69.16000366210938,88.61000061035156,8.562000274658203,9.869999885559082,,67.4000015258789,,94.16999816894531,97.0,,8.979999542236328,259.3999938964844,96.30000305175781,83.30000305175781,,
2023-01-03,9.939908027648926,139.0,160.37100219726562,93.86808013916016,103.5786361694336,18.916704177856445,97.61000061035156,6.835000038146973,88.88999938964844,91.62000274658203,95.08151245117188,96.9447021484375,98.0999984741211,123.61000061035156,89.81999969482422,90.02999877929688,87.33000183105469,7.050000190734863,86.2699966430664,78.05294036865234,48.02000045776367,11.433511734008789,116.80000305175781,99.69999694824219,103.94248962402344,9.600000381469727,70.16000366210938,59.72999954223633,121.87999725341797,10.918013572692871,,103.2300033569336,,10.28081226348877,88.5999984741211,75.55000305175781,9.2247314453125,,100.69999694824219,,120.60460662841797,92.00048828125,96.35273742675781,53.790000915527344,89.44999694824219,97.54847717285156,69.83999633789062,89.30000305175781,8.439000129699707,9.869999885559082,,66.30999755859375,,93.51000213623047,96.19999694824219,,8.960000038146973,258.79998779296875,96.26000213623047,86.0199966430664,,
2023-01-04,9.959630966186523,136.64999389648438,160.22288513183594,93.40280151367188,101.53497314453125,18.188138961791992,97.97000122070312,6.798999786376953,89.26000213623047,92.0999984741211,95.71131896972656,94.99591827392578,97.38999938964844,119.0,90.80000305175781,90.23999786376953,87.02999877929688,6.96999979019165,86.0,75.75961303710938,48.290000915527344,11.532934188842773,116.69999694824219,98.4800033569336,104.04214477539062,9.435999870300293,69.87999725341797,59.720001220703125,118.69000244140625,10.920909881591797,,103.19999694824219,,10.28081226348877,89.04000091552734,75.58999633789062,9.18878173828125,,100.76000213623047,,120.60460662841797,92.55007934570312,95.1352310180664,53.54999923706055,89.33999633789062,97.9578857421875,71.13999938964844,89.51000213623047,8.45300006866455,9.829999923706055,,64.68000030517578,,93.9000015258789,96.52999877929688,,9.149999618530273,258.0199890136719,97.43000030517578,84.83999633789062,,
2023-01-05,9.959630966186523,137.32000732421875,160.4598846435547,93.74928283691406,104.3362808227539,18.30207061767578,98.54000091552734,6.833000183105469,88.9800033569336,92.79000091552734,96.970947265625,96.64793395996094,98.5999984741211,118.3499984741211,90.0199966430664,91.0999984741211,88.0,6.974999904632568,86.01000213623047,75.81944274902344,48.540000915527344,11.225720405578613,116.5999984741211,96.55000305175781,103.69334411621094,9.342000007629395,70.45999908447266,60.0,119.25,10.893879890441895,,102.06999969482422,,10.28081226348877,88.9000015258789,76.94999694824219,9.205758094787598,,101.30000305175781,,120.60460662841797,92.81986999511719,95.7639389038086,54.22999954223633,89.94999694824219,97.58842468261719,70.19999694824219,90.87000274658203,8.494000434875488,9.770000457763672,,66.9000015258789,,93.93000030517578,94.05000305175781,,8.968000411987305,255.49000549316406,97.5,87.62000274658203,,
2023-01-06,9.999074935913086,137.02000427246094,160.0648956298828,93.01671600341797,103.32940673828125,18.045223236083984,98.26000213623047,6.71999979019165,89.0,92.69999694824219,96.17118072509766,96.30170440673828,98.12000274658203,116.26000213623047,89.93000030517578,92.0,88.80000305175781,6.955999851226807,85.97000122070312,75.30094909667969,48.04999923706055,11.207823753356934,117.0,97.19999694824219,103.93252563476562,9.579999923706055,70.48999786376953,60.470001220703125,119.9000015258789,10.948904037475586,,101.91000366210938,,10.28081226348877,88.08999633789062,78.0,9.246699333190918,,101.37000274658203,,120.60460662841797,93.1995849609375,95.56434631347656,54.06999969482422,89.73999786376953,96.17047882080078,70.23999786376953,90.3499984741211,8.538999557495117,9.829999923706055,,66.9000015258789,,94.16999816894531,94.88999938964844,,9.079999923706055,256.25,97.91999816894531,85.23999786376953,,
2023-01-09,9.969491958618164,139.5500030517578,160.1537628173828,93.05631256103516,104.61541748046875,18.00025177001953,97.87000274658203,6.76800012588501,86.5999984741211,93.44000244140625,96.53107452392578,97.19200897216797,95.0,116.63999938964844,89.5,91.98999786376953,88.68000030517578,6.869999885559082,86.55999755859375,74.57306671142578,47.58000183105469,11.142206192016602,116.26000213623047,97.6500015258789,103.94248962402344,9.468000411987305,68.80000305175781,59.560001373291016,118.5,10.94697380065918,,101.94999694824219,,10.28081226348877,88.94000244140625,76.5,9.296627044677734,,99.29000091552734,,120.60460662841797,94.37869262695312,94.94561767578125,53.400001525878906,90.9000015258789,97.35875701904297,70.0199966430664,90.5,8.562000274658203,9.869999885559082,,66.9000015258789,,93.98999786376953,95.48999786376953,,9.043999671936035,252.88999938964844,97.58999633789062,82.20999908447266,,
2023-01-10,9.969491958618164,139.5500030517578,160.3611297607422,93.60079193115234,104.37615966796875,18.146163940429688,97.80000305175781,6.791999816894531,86.05000305175781,92.68000030517578,96.74101257324219,97.9339370727539,93.75,115.25,89.4000015258789,92.2699966430664,88.0,6.848999977111816,86.4000015258789,73.8750991821289,47.90999984741211,11.141212463378906,116.9000015258789,98.5,104.21156311035156,9.404000282287598,69.3499984741211,58.880001068115234,119.73999786376953,11.005860328674316,,102.0999984741211,,10.28081226348877,87.97000122070312,77.66000366210938,9.336569786071777,,99.12000274658203,,120.60460662841797,93.92903137207031,96.75192260742188,54.0,89.8499984741211,100.04486083984375,70.94999694824219,90.95999908447266,8.5600004196167,9.899999618530273,,66.13999938964844,,93.5999984741211,95.2300033569336,,9.029999732971191,249.97999572753906,97.56999969482422,82.4800033569336,,
2023-01-11,9.979352951049805,139.97000122070312,160.1636505126953,94.43235778808594,104.4758529663086,18.160154342651367,97.66999816894531,6.771999835968018,85.02999877929688,90.9000015258789,96.27115631103516,97.4195327758789,93.5,112.05999755859375,89.77999877929688,92.69999694824219,87.70999908447266,6.747000217437744,85.4000015258789,74.23405456542969,47.900001525878906,11.12132740020752,116.2699966430664,97.9800033569336,104.1318359375,9.399999618530273,68.30999755859375,58.40999984741211,120.19999694824219,10.997172355651855,,101.63999938964844,,10.28081226348877,88.12000274658203,78.08999633789062,9.446412086486816,,98.55000305175781,,120.60460662841797,92.08042907714844,93.61833190917969,53.41999816894531,89.44999694824219,100.15470123291016,70.91000366210938,90.29000091552734,8.5600004196167,9.800000190734863,,65.95999908447266,,93.5,95.08999633789062,,9.090999603271484,250.00999450683594,99.0,83.30000305175781,,
2023-01-12,9.979352951049805,139.39999389648438,160.311767578125,95.68960571289062,103.8876724243164,18.31206512451172,97.91999816894531,6.743000030517578,84.77999877929688,90.56999969482422,95.45140075683594,97.27114868164062,92.55999755859375,112.1500015258789,89.91999816894531,90.77999877929688,87.30999755859375,6.730000019073486,85.0,74.78245544433594,48.459999084472656,10.697790145874023,116.73999786376953,97.0999984741211,104.04214477539062,9.300000190734863,68.79000091552734,58.279998779296875,119.69999694824219,11.01551342010498,,102.9000015258789,,10.28081226348877,87.26000213623047,79.30000305175781,9.483359336853027,,98.29000091552734,,120.60460662841797,92.12039947509766,91.91182708740234,53.20000076293945,89.37999725341797,98.45716094970703,70.30000305175781,89.30999755859375,8.57800006866455,9.670000076293945,,65.11000061035156,,93.5,94.77999877929688,,9.053999900817871,249.5,99.0,82.9000015258789,,
2023-01-13,10.05824089050293,138.8000030517578,160.3413848876953,97.92691802978516,105.1736831665039,18.826757431030273,98.19999694824219,6.798999786376953,84.9000015258789,91.01000213623047,95.37142181396484,97.4591064453125,93.63999938964844,113.0,89.3499984741211,90.19999694824219,87.62000274658203,6.620999813079834,85.5,77.0458755493164,47.540000915527344,10.43929386138916,116.93000030517578,97.20999908447266,103.94248962402344,9.281999588012695,66.25,58.29999923706055,119.80000305175781,11.08984375,,102.0,,10.28081226348877,87.95999908447266,76.16000366210938,9.619162559509277,,99.38999938964844,,120.60460662841797,93.75916290283203,93.08941650390625,53.66999816894531,91.5999984741211,96.85948181152344,70.61000061035156,90.0,8.640000343322754,9.710000038146973,,64.38999938964844,,93.72000122070312,95.22000122070312,,9.065999984741211,250.5,99.44999694824219,83.12000274658203,,
2023-01-16,10.028657913208008,138.75,160.29200744628906,97.90711975097656,105.87152099609375,18.715822219848633,98.45999908447266,6.800000190734863,85.97000122070312,91.05000305175781,93.23206329345703,95.21354675292969,96.4000015258789,116.0,89.83999633789062,90.05000305175781,88.5,6.659999847412109,85.58000183105469,79.25943756103516,47.45000076293945,10.041605949401855,117.4000015258789,97.0,104.29129028320312,9.461999893188477,66.16999816894531,58.7400016784668,120.62000274658203,11.059919357299805,,101.0999984741211,,10.28081226348877,88.5,77.0,9.701045989990234,,98.98999786376953,,120.60460662841797,94.31874084472656,94.40672302246094,52.869998931884766,91.79000091552734,96.85948181152344,71.88999938964844,89.8499984741211,8.649999618530273,9.609999656677246,,64.58999633789062,,93.52999877929688,95.30000305175781,,9.005999565124512,250.97000122070312,100.0,82.44999694824219,,
2023-01-17,10.018796920776367,137.97999572753906,159.4822998046875,97.60023498535156,106.2204360961914,18.468971252441406,98.30999755859375,6.800000190734863,86.0,91.05999755859375,92.94215393066406,95.53999328613281,96.37999725341797,113.69000244140625,89.44999694824219,89.33999633789062,87.68000030517578,6.739999771118164,85.5199966430664,78.63126373291016,47.20000076293945,10.275247573852539,117.77999877929688,97.66999816894531,104.17169952392578,9.255999565124512,66.0999984741211,59.47999954223633,120.70999908447266,10.98462200164795,,101.80000305175781,,10.28081226348877,87.94999694824219,76.36000061035156,9.591203689575195,,98.79000091552734,,120.60460662841797,94.70844268798828,92.58045959472656,52.5,91.0,96.5599136352539,70.5999984741211,89.5199966430664,8.649999618530273,9.680000305175781,,64.38999938964844,,93.51000213623047,95.19000244140625,,9.008999824523926,250.97999572753906,99.98999786376953,83.19999694824219,,
2023-01-18,10.008935928344727,140.44000244140625,159.47242736816406,97.75862884521484,106.76873779296875,18.527936935424805,98.54000091552734,6.809999942779541,86.83000183105469,91.33000183105469,92.9721450805664,95.8466567993164,96.0199966430664,114.41999816894531,89.55000305175781,88.5199966430664,87.19999694824219,6.815000057220459,86.55999755859375,78.28227233886719,47.29999923706055,10.001836776733398,117.37000274658203,96.76000213623047,104.12187194824219,9.279999732971191,65.19999694824219,59.0,121.2300033569336,11.014548301696777,,101.80000305175781,,10.28081226348877,87.94999694824219,76.3499984741211,9.596196174621582,,98.69999694824219,,120.60460662841797,94.98823547363281,92.3509292602539,52.119998931884766,91.02999877929688,95.46150970458984,70.0,89.80000305175781,8.746999740600586,9.710000038146973,,63.79999923706055,,93.69000244140625,95.62000274658203,,9.013999938964844,250.75999450683594,100.0,82.0,,
2023-01-19,9.8610200881958,139.6199951171875,159.23544311523438,95.82820129394531,106.55938720703125,18.48895835876465,98.5999984741211,6.817999839782715,86.80000305175781,91.05999755859375,89.98303985595703,95.02559661865234,95.33000183105469,113.19000244140625,89.56999969482422,87.8499984741211,86.0,6.860000133514404,86.63999938964844,77.57433319091797,46.54999923706055,9.892473220825195,117.0,96.0,103.7132797241211,9.180000305175781,64.5,58.290000915527344,119.22000122070312,10.860093116760254,,101.22000122070312,,10.28081226348877,88.1500015258789,75.33999633789062,9.566240310668945,,98.93000030517578,,120.60460662841797,95.2280502319336,92.7401351928711,52.209999084472656,90.5999984741211,94.16339111328125,69.80999755859375,89.04000091552734,8.718999862670898,9.609999656677246,,64.4800033569336,,94.0199966430664,95.41000366210938,,9.006999969482422,250.6999969482422,99.9800033569336,81.5,,
2023-01-20,9.930047035217285,139.27999877929688,159.60079956054688,96.273681640625,106.46966552734375,18.422998428344727,98.41999816894531,6.822999954223633,87.2699966430664,91.3499984741211,90.92276000976562,94.95634460449219,95.88999938964844,112.79000091552734,89.9000015258789,88.0,84.0999984741211,6.955999851226807,86.05999755859375,77.16552734375,47.9900016784668,10.088334083557129,116.9000015258789,94.0,103.73320770263672,9.175999641418457,64.38999938964844,58.279998779296875,120.0,10.82437515258789,,101.41999816894531,,10.28081226348877,88.08999633789062,74.3499984741211,9.346555709838867,,99.12000274658203,,120.60460662841797,95.16809844970703,93.09939575195312,52.0,90.68000030517578,93.86382293701172,69.77999877929688,89.94000244140625,8.753000259399414,9.680000305175781,,65.04000091552734,,93.5199966430664,95.20999908447266,,9.005999565124512,250.99000549316406,98.5199966430664,81.25,,
2023-01-23,9.890603065490723,138.97000122070312,159.1761932373047,96.26378631591797,105.9712142944336,18.249101638793945,98.1500015258789,6.839000225067139,86.9800033569336,91.3499984741211,91.4426040649414,94.42215728759766,94.93000030517578,112.66000366210938,88.95999908447266,88.0,83.37999725341797,6.888999938964844,84.8499984741211,76.49746704101562,48.72999954223633,10.111202239990234,116.5,94.33000183105469,103.64351654052734,9.07800006866455,64.5,57.52000045776367,118.87999725341797,10.796380996704102,,100.8499984741211,,10.28081226348877,87.80000305175781,73.80000305175781,9.376511573791504,,98.9000015258789,,120.60460662841797,94.53857421875,91.53260040283203,52.0,90.6500015258789,94.40304565429688,69.8499984741211,89.56999969482422,8.743000030517578,9.640000343322754,,63.900001525878906,,92.05000305175781,95.45999908447266,,9.015000343322754,253.00999450683594,98.48999786376953,79.94999694824219,,
2023-01-24,9.870881080627441,139.1999969482422,159.19595336914062,94.78874206542969,105.6721420288086,18.572908401489258,98.3499984741211,6.789999961853027,86.56999969482422,91.06999969482422,91.32263946533203,93.53185272216797,94.68000030517578,111.80000305175781,89.19999694824219,87.62000274658203,82.69999694824219,6.836999893188477,84.80000305175781,76.80657196044922,48.650001525878906,10.12313175201416,116.2300033569336,94.7300033569336,104.14179992675781,8.949999809265137,64.76000213623047,57.900001525878906,119.63999938964844,10.762594223022461,,100.98999786376953,,10.28081226348877,86.9800033569336,73.05000305175781,9.269665718078613,,98.72000122070312,,120.60460662841797,94.61851501464844,91.52262878417969,51.79999923706055,90.38999938964844,93.87380981445312,70.19000244140625,89.26000213623047,8.711999893188477,9.539999961853027,,63.9900016784668,,92.4000015258789,96.0999984741211,,9.013999938964844,255.0,98.97000122070312,79.26000213623047,,
2023-01-25,9.900464057922363,140.0,159.32431030273438,95.43222045898438,106.2503433227539,18.58989906311035,98.9000015258789,6.769999980926514,86.83999633789062,91.20999908447266,91.91246032714844,93.5516357421875,94.16000366210938,112.5999984741211,89.4000015258789,87.33999633789062,82.80999755859375,6.769999980926514,85.27999877929688,77.10569763183594,48.04999923706055,10.170854568481445,116.9000015258789,94.75,104.14179992675781,8.862000465393066,64.9000015258789,58.439998626708984,119.0,10.732667922973633,,100.9800033569336,,10.28081226348877,86.5,74.4000015258789,9.336569786071777,,98.97000122070312,,120.60460662841797,94.8083724975586,92.77007293701172,51.220001220703125,90.4000015258789,93.67410278320312,69.33999633789062,89.41000366210938,8.739999771118164,9.630000114440918,,64.36000061035156,,91.38999938964844,96.04000091552734,,8.979999542236328,255.0800018310547,99.37999725341797,78.91999816894531,,
2023-01-26,9.930047035217285,139.24000549316406,159.23544311523438,94.40265655517578,106.3699722290039,18.554920196533203,99.0,6.730000019073486,87.0,91.20999908447266,91.59255981445312,93.52195739746094,94.06999969482422,112.54000091552734,89.4000015258789,87.19999694824219,81.93000030517578,6.705999851226807,85.02999877929688,77.29515075683594,47.599998474121094,10.187755584716797,116.36000061035156,95.30000305175781,104.09197235107422,8.84000015258789,64.31999969482422,57.880001068115234,119.37999725341797,10.70563793182373,,100.8499984741211,,10.28081226348877,86.5199966430664,74.88999938964844,9.318595886230469,,98.79000091552734,,120.60460662841797,94.83834838867188,91.88188934326172,51.5,91.75,92.57569122314453,69.2699966430664,89.19999694824219,8.66100025177002,9.5600004196167,,64.87000274658203,,93.30000305175781,96.16000366210938,,8.96500015258789,254.61000061035156,99.37999725341797,78.61000061035156,,
2023-01-27,9.949769973754883,139.36000061035156,159.47242736816406,94.64025115966797,106.64910888671875,18.54892349243164,98.0,6.710000038146973,86.9800033569336,91.19000244140625,91.62254333496094,93.48239135742188,94.5199966430664,112.83999633789062,89.66000366210938,87.30000305175781,82.08999633789062,6.685999870300293,85.05000305175781,78.27230834960938,48.13999938964844,10.09827709197998,117.30000305175781,95.37000274658203,104.09197235107422,8.8100004196167,64.30000305175781,57.20000076293945,119.5,10.703707695007324,,101.2699966430664,,10.28081226348877,86.4000015258789,76.91000366210938,9.334572792053223,,98.80999755859375,,120.60460662841797,95.31798553466797,91.43280792236328,51.40999984741211,91.81999969482422,93.36454772949219,69.7300033569336,89.30000305175781,8.65999984741211,9.569999694824219,,64.01000213623047,,94.98999786376953,96.91000366210938,,8.965999603271484,256.4800109863281,99.30000305175781,78.0,,
2023-01-30,9.969491958618164,139.0,159.86741638183594,96.02619171142578,106.55938720703125,18.189138412475586,98.9000015258789,6.684000015258789,87.0999984741211,91.16000366210938,90.97274017333984,93.09658813476562,94.55000305175781,112.94999694824219,89.87999725341797,86.58000183105469,82.0999984741211,6.585999965667725,85.08999633789062,79.26940155029297,47.630001068115234,10.236473083496094,117.19000244140625,96.19999694824219,104.22152709960938,8.791999816894531,63.81999969482422,56.869998931884766,119.25,10.642890930175781,,101.55999755859375,,10.28081226348877,86.86000061035156,76.33000183105469,9.408467292785645,,98.63999938964844,,120.60460662841797,95.84758758544922,91.27313232421875,51.400001525878906,92.1500015258789,94.48292541503906,70.83999633789062,89.27999877929688,8.70300006866455,9.539999961853027,,63.380001068115234,,93.29000091552734,97.77999877929688,,8.96500015258789,254.0,99.4800033569336,77.5,,
2023-01-31,10.008935928344727,139.75,160.22288513183594,95.91729736328125,106.5095443725586,18.389019012451172,99.1500015258789,6.659999847412109,86.75,91.72000122070312,91.07271575927734,93.64067077636719,93.55000305175781,113.77999877929688,90.43000030517578,86.55999755859375,83.01000213623047,6.630000114440918,86.19999694824219,79.76795196533203,48.11000061035156,10.339872360229492,118.73999786376953,96.19999694824219,104.4407730102539,8.765999794006348,64.3499984741211,57.099998474121094,118.66000366210938,10.753905296325684,,102.4000015258789,,10.28081226348877,87.25,76.5,9.436426162719727,,98.68000030517578,,120.60460662841797,96.91677856445312,95.2150650024414,51.65999984741211,92.43000030517578,96.7596206665039,71.98999786376953,90.5,8.788000106811523,9.619999885559082,,63.779998779296875,,93.0,98.08000183105469,,9.140000343322754,256.79998779296875,99.38999938964844,78.70999908447266,,
2023-02-01,9.930047035217285,136.13999938964844,159.56130981445312,94.650146484375,101.9636459350586,18.072208404541016,97.44999694824219,6.519999980926514,87.75,90.55999755859375,91.06271362304688,93.29443359375,93.30999755859375,109.75,88.9000015258789,85.93000030517578,83.58000183105469,6.539999961853027,85.5199966430664,79.14974975585938,48.099998474121094,10.280219078063965,115.37999725341797,94.4000015258789,103.86276245117188,8.70199966430664,63.84000015258789,55.08000183105469,115.80000305175781,10.835960388183594,,100.8499984741211,,10.28081226348877,87.69000244140625,75.8499984741211,9.205758094787598,,98.5,,120.60460662841797,94.8783187866211,94.90570068359375,51.5,91.1500015258789,96.2403793334961,70.0,89.4000015258789,8.83899974822998,9.529999732971191,,63.310001373291016,,91.05000305175781,95.3499984741211,,8.88700008392334,253.10000610351562,98.98999786376953,76.91999816894531,,
2023-02-02,9.870881080627441,136.86000061035156,159.77853393554688,95.01643371582031,102.4720687866211,18.168149948120117,98.33000183105469,6.513000011444092,87.79000091552734,91.02999877929688,91.25265502929688,93.4922866821289,94.11000061035156,110.87999725341797,88.94999694824219,86.77999877929688,83.76000213623047,6.650000095367432,83.80999755859375,79.05004119873047,48.54999923706055,10.258345603942871,116.38999938964844,93.62999725341797,103.95245361328125,8.989999771118164,64.44999694824219,56.09000015258789,118.1500015258789,10.823410034179688,,101.05999755859375,,10.28081226348877,87.36000061035156,75.25,9.226728439331055,,98.58999633789062,,120.60460662841797,95.14810943603516,94.76598358154297,52.5,90.5,97.32879638671875,69.43000030517578,89.0,8.640000343322754,9.5600004196167,,63.59000015258789,,89.79000091552734,96.16999816894531,,8.85099983215332,249.52999877929688,98.5,76.69999694824219,,
2023-02-03,9.930047035217285,137.00999450683594,159.98590087890625,94.95703887939453,103.3094711303711,18.239107131958008,98.4000015258789,6.513000011444092,87.91999816894531,91.48999786376953,91.35263061523438,93.18562316894531,94.62999725341797,111.19000244140625,88.9000015258789,87.58999633789062,83.94999694824219,6.822999954223633,83.8499984741211,78.30221557617188,48.11000061035156,9.9431791305542,116.51000213623047,92.98999786376953,103.74317169189453,8.831999778747559,64.0,56.650001525878906,118.33000183105469,10.77803897857666,,100.19999694824219,,10.28081226348877,87.4000015258789,74.55000305175781,9.191778182983398,,98.58999633789062,,120.60460662841797,95.82759857177734,94.45661926269531,52.38999938964844,90.6500015258789,97.07916259765625,68.80000305175781,88.58000183105469,8.630000114440918,9.649999618530273,,63.900001525878906,,90.0,97.1500015258789,,8.878999710083008,248.2100067138672,98.94000244140625,76.41999816894531,,
2023-02-06,9.939908027648926,136.5,159.76866149902344,95.0362319946289,102.61163330078125,18.239107131958008,98.69000244140625,6.488999843597412,88.18000030517578,91.44999694824219,90.42290496826172,92.73057556152344,92.30000305175781,109.79000091552734,89.0,87.44000244140625,84.2300033569336,6.763000011444092,84.5999984741211,77.77375793457031,47.18000030517578,10.091317176818848,116.08999633789062,95.4000015258789,103.64351654052734,8.829999923706055,62.849998474121094,56.56999969482422,113.81999969482422,10.779970169067383,,100.05000305175781,,10.28081226348877,87.25,74.98999786376953,9.205758094787598,,98.69999694824219,,120.60460662841797,94.3287353515625,95.50447082519531,52.08000183105469,90.0,96.80955505371094,68.62000274658203,88.98999786376953,8.604000091552734,9.739999771118164,,61.709999084472656,,89.2699966430664,98.19999694824219,,8.899999618530273,249.0,98.48999786376953,78.19999694824219,,
2023-02-07,9.930047035217285,136.1199951171875,157.99127197265625,95.21442413330078,102.4720687866211,18.239107131958008,98.6500015258789,6.488999843597412,87.47000122070312,91.62000274658203,90.99273681640625,92.74047088623047,92.5,109.97000122070312,88.80000305175781,87.44000244140625,85.22000122070312,6.767000198364258,84.13999938964844,77.65410614013672,47.209999084472656,10.041605949401855,116.33000183105469,94.44000244140625,103.54386138916016,9.053999900817871,62.630001068115234,56.04999923706055,115.30999755859375,10.777073860168457,,99.87000274658203,,10.28081226348877,87.4000015258789,73.5199966430664,9.176799774169922,,98.01000213623047,,120.60460662841797,93.47937774658203,95.30487823486328,52.02000045776367,90.30000305175781,96.02069854736328,68.12000274658203,88.51000213623047,8.557000160217285,9.729999542236328,,61.619998931884766,,88.80000305175781,97.01000213623047,,8.800000190734863,248.6999969482422,98.48999786376953,77.51000213623047,,
2023-02-08,9.949769973754883,136.42999267578125,158.62322998046875,95.26392364501953,101.83404541015625,18.173147201538086,98.81999969482422,6.421000003814697,85.91000366210938,91.69999694824219,90.89276885986328,92.78993225097656,92.69999694824219,108.94999694824219,88.8499984741211,87.31999969482422,83.1500015258789,6.697999954223633,83.8499984741211,77.32505798339844,46.38999938964844,10.047572135925293,116.0,94.31999969482422,103.34454345703125,8.800000190734863,62.0,54.400001525878906,112.80000305175781,10.692124366760254,,99.4000015258789,,10.28081226348877,88.08000183105469,73.93000030517578,9.186784744262695,,95.54000091552734,,120.60460662841797,93.3294906616211,95.2948989868164,51.150001525878906,87.58999633789062,95.13198852539062,67.5,88.6500015258789,8.550000190734863,9.770000457763672,,61.91999816894531,,88.69999694824219,96.91000366210938,,8.8100004196167,248.8000030517578,98.38999938964844,78.5,,
2023-02-09,9.939908027648926,135.5,158.46524047851562,96.02619171142578,101.6346664428711,18.118179321289062,98.6500015258789,6.429999828338623,85.72000122070312,91.51000213623047,90.62284851074219,92.85917663574219,92.86000061035156,108.93000030517578,88.69999694824219,87.29000091552734,83.68000030517578,6.670000076293945,83.5,76.537353515625,46.25,10.003826141357422,116.13999938964844,93.91999816894531,103.29471588134766,8.670000076293945,61.650001525878906,54.18000030517578,111.5,10.69694995880127,,98.30000305175781,,10.28081226348877,87.54000091552734,73.55000305175781,9.158825874328613,,95.05000305175781,,120.60460662841797,92.82986450195312,95.92361450195312,51.31999969482422,88.8499984741211,94.49291229248047,67.30999755859375,88.45999908447266,8.5600004196167,9.6899995803833,,60.880001068115234,,90.0,98.0,,8.779000282287598,248.9499969482422,98.4000015258789,78.52999877929688,,
2023-02-10,9.949769973754883,135.3000030517578,158.1788787841797,97.01615905761719,101.86395263671875,17.934289932250977,98.63999938964844,6.499000072479248,84.0,89.22000122070312,90.47289276123047,93.0669174194336,92.97000122070312,108.9800033569336,88.80000305175781,86.79000091552734,83.30000305175781,6.535999774932861,82.55999755859375,77.24529266357422,46.25,10.02271556854248,115.9000015258789,93.9000015258789,103.42427062988281,8.520000457763672,61.900001525878906,54.0,113.79000091552734,10.735564231872559,,98.83000183105469,,10.28081226348877,87.19999694824219,73.8499984741211,9.117883682250977,,93.08000183105469,,120.60460662841797,94.28876495361328,95.20508575439453,50.959999084472656,88.69000244140625,93.81389617919922,67.41999816894531,88.19999694824219,8.489999771118164,9.710000038146973,,61.18000030517578,,90.0,97.31999969482422,,8.835000038146973,248.27999877929688,98.5,78.4800033569336,,
2023-02-13,9.959630966186523,134.89999389648438,157.9023895263672,96.31328582763672,101.8838882446289,17.912303924560547,98.68000030517578,6.460999965667725,82.79000091552734,88.68000030517578,90.27294921875,92.82949829101562,92.31999969482422,108.9000015258789,88.47000122070312,84.69000244140625,82.75,6.480000019073486,80.8499984741211,77.66407775878906,45.880001068115234,9.939202308654785,115.91000366210938,93.12999725341797,103.63355255126953,8.184000015258789,61.97999954223633,54.16999816894531,113.72000122070312,10.715291976928711,,99.81999969482422,,10.28081226348877,87.30000305175781,73.8499984741211,9.101906776428223,,90.4800033569336,,120.60460662841797,93.07967376708984,93.8678207397461,50.810001373291016,88.08000183105469,93.40449523925781,67.70999908447266,88.69999694824219,8.463000297546387,9.569999694824219,,61.400001525878906,,88.08999633789062,96.91999816894531,,8.75,246.52000427246094,98.5,78.36000061035156,,
2023-02-14,9.979352951049805,134.9499969482422,157.98138427734375,96.52117919921875,102.6814193725586,17.996252059936523,98.88999938964844,6.539999961853027,83.5,89.18000030517578,90.87277221679688,92.95809936523438,90.69999694824219,109.69999694824219,88.72000122070312,84.62999725341797,83.30000305175781,6.466000080108643,80.63999938964844,77.62419128417969,45.560001373291016,9.97896957397461,116.04000091552734,93.33999633789062,103.70330810546875,8.199999809265137,61.58000183105469,54.31999969482422,113.69999694824219,10.708534240722656,,100.5,,10.28081226348877,87.77999877929688,74.3499984741211,9.089924812316895,,90.38999938964844,,120.60460662841797,93.69921112060547,93.12933349609375,50.939998626708984,88.45999908447266,93.19479370117188,67.62000274658203,88.43000030517578,8.486000061035156,9.5600004196167,,60.70000076293945,,88.11000061035156,97.41000366210938,,8.75,248.10000610351562,98.87999725341797,78.6500015258789,,
2023-02-15,9.979352951049805,134.89999389648438,157.73452758789062,96.71916961669922,103.17987060546875,17.999250411987305,99.05000305175781,6.4679999351501465,84.0,89.0,91.39261627197266,92.98777770996094,90.7699966430664,109.76000213623047,88.83000183105469,84.4000015258789,83.33999633789062,6.559999942779541,80.66000366210938,78.25236511230469,45.5,10.007802963256836,116.13999938964844,93.31999969482422,104.01224517822266,8.27400016784668,61.66999816894531,54.099998474121094,113.5,10.724945068359375,,100.29000091552734,,10.28081226348877,87.33000183105469,75.30000305175781,9.153833389282227,,87.8499984741211,,120.60460662841797,93.16960906982422,94.93563842773438,51.08000183105469,88.0199966430664,93.07496643066406,68.56999969482422,88.30000305175781,8.545999526977539,9.649999618530273,,60.79999923706055,,88.16000366210938,97.19999694824219,,8.756999969482422,248.99000549316406,98.87999725341797,78.79000091552734,,
2023-02-16,9.979352951049805,134.5,157.89251708984375,96.02619171142578,103.6384506225586,17.939287185668945,98.69999694824219,6.486000061035156,83.69999694824219,88.9000015258789,91.60255432128906,92.30520629882812,87.5999984741211,110.4800033569336,89.01000213623047,84.5,83.16999816894531,6.4679999351501465,81.5,78.05294036865234,44.83000183105469,9.959086418151855,115.62999725341797,92.80999755859375,103.55382537841797,8.180000305175781,62.36000061035156,54.2599983215332,113.5,10.702741622924805,,100.69000244140625,,10.28081226348877,87.81999969482422,75.43000030517578,9.181793212890625,,86.69000244140625,,120.60460662841797,93.65924072265625,94.89572143554688,51.119998931884766,87.5199966430664,92.47583770751953,68.25,88.08999633789062,8.574999809265137,9.6899995803833,,61.2599983215332,,87.9000015258789,97.0,,8.755999565124512,248.94000244140625,99.93000030517578,78.87000274658203,,
2023-02-17,10.008935928344727,137.75999450683594,159.62054443359375,96.84786224365234,103.6783218383789,17.999250411987305,99.0,6.445000171661377,83.5,89.41999816894531,93.37202453613281,92.06778717041016,88.30000305175781,113.9000015258789,89.83999633789062,84.41999816894531,84.8499984741211,6.4770002365112305,82.08000183105469,78.93038940429688,44.790000915527344,10.061491012573242,115.97000122070312,93.41000366210938,103.63355255126953,8.21399974822998,62.95000076293945,54.43000030517578,115.5999984741211,10.72880744934082,,101.3499984741211,,10.28081226348877,87.45999908447266,76.16999816894531,9.226728439331055,,89.9000015258789,,120.60460662841797,93.92903137207031,93.8279037475586,51.369998931884766,87.7300033569336,92.1862564086914,68.69000244140625,88.0999984741211,8.569000244140625,9.699999809265137,,61.4900016784668,,88.66999816894531,97.19999694824219,,8.741999626159668,248.0,101.48999786376953,79.26000213623047,,
2023-02-22,9.999074935913086,137.5500030517578,158.14926147460938,97.04585266113281,103.95745849609375,18.189138412475586,99.02999877929688,6.426000118255615,83.47000122070312,89.5,93.79190063476562,92.11724853515625,88.6500015258789,111.30000305175781,89.11000061035156,84.45999908447266,84.19000244140625,6.46999979019165,82.30000305175781,79.71810150146484,44.79999923706055,10.059501647949219,115.75,93.5999984741211,103.39437103271484,8.22599983215332,63.849998474121094,54.900001525878906,113.98999786376953,10.857196807861328,,101.62000274658203,,10.28081226348877,88.80000305175781,76.20999908447266,9.226728439331055,,88.98999786376953,,120.60460662841797,93.90904998779297,94.01751708984375,51.47999954223633,87.93000030517578,92.35601043701172,69.01000213623047,88.36000061035156,8.5649995803833,9.739999771118164,,61.91999816894531,,87.98999786376953,97.25,,8.753000259399414,247.02000427246094,100.4000015258789,79.83000183105469,,
2023-02-23,10.028657913208008,136.0800018310547,158.40599060058594,97.02605438232422,103.7281723022461,18.28807830810547,99.0999984741211,6.428999900817871,83.55000305175781,89.0,91.48258972167969,90.34652709960938,87.56999969482422,109.01000213623047,89.61000061035156,83.19000244140625,84.45999908447266,6.310999870300293,83.31999969482422,79.85769653320312,45.150001525878906,10.14102840423584,115.5,93.12000274658203,103.08543395996094,8.210000038146973,65.5,54.09000015258789,113.58999633789062,10.749078750610352,,101.19999694824219,,10.28081226348877,88.69000244140625,76.5,9.197770118713379,,88.91999816894531,,120.60460662841797,93.85908508300781,94.99551391601562,51.380001068115234,87.87000274658203,93.87380981445312,69.02999877929688,88.0,8.592000007629395,9.729999542236328,,61.38999938964844,,87.44999694824219,96.80000305175781,,8.734999656677246,246.94000244140625,100.38999938964844,79.02999877929688,,
2023-02-24,10.048379898071289,136.94000244140625,159.25518798828125,97.01615905761719,104.07708740234375,18.319059371948242,99.30000305175781,6.432000160217285,83.69999694824219,89.12999725341797,92.37232208251953,91.30608367919922,88.11000061035156,110.08999633789062,90.0,83.68000030517578,84.69999694824219,6.326000213623047,83.7699966430664,79.66824340820312,45.16999816894531,10.179802894592285,115.41000366210938,93.80000305175781,103.24488830566406,8.222000122070312,66.05000305175781,54.25,113.30000305175781,10.823410034179688,,101.58000183105469,,10.28081226348877,88.5999984741211,78.12000274658203,9.216741561889648,,88.20999908447266,,120.60460662841797,93.9190444946289,94.70610809326172,51.529998779296875,88.29000091552734,93.31462097167969,70.5999984741211,88.1500015258789,8.628000259399414,9.739999771118164,,61.470001220703125,,87.87000274658203,97.5,,8.751999855041504,248.0,100.06999969482422,78.9800033569336,,
2023-02-27,10.048379898071289,136.0,159.6304168701172,97.71902465820312,105.18365478515625,18.43499183654785,99.33000183105469,6.534999847412109,83.7300033569336,89.44000244140625,92.37232208251953,91.58306884765625,87.58999633789062,110.48999786376953,90.91000366210938,84.01000213623047,85.88999938964844,6.361000061035156,84.06999969482422,79.46882629394531,44.9900016784668,10.249398231506348,115.63999938964844,92.80999755859375,103.45417022705078,8.222000122070312,66.8499984741211,54.369998931884766,114.91999816894531,10.834029197692871,,102.0,,10.28081226348877,89.16999816894531,76.5199966430664,9.227725982666016,,86.93000030517578,,120.60460662841797,93.92903137207031,94.55641174316406,51.349998474121094,88.7300033569336,93.29464721679688,70.01000213623047,88.61000061035156,8.657999992370605,9.770000457763672,,61.13999938964844,,87.72000122070312,97.83999633789062,,8.758000373840332,246.14999389648438,100.4000015258789,79.80000305175781,,
2023-02-28,10.087823867797852,137.25999450683594,159.62054443359375,98.00611877441406,102.82098388671875,18.151161193847656,99.37999725341797,6.531000137329102,84.4000015258789,89.87000274658203,93.65193939208984,91.30608367919922,87.0,113.80000305175781,91.0,84.18000030517578,86.55999755859375,6.408999919891357,83.45999908447266,78.56146240234375,45.29999923706055,10.30109691619873,114.30000305175781,93.26000213623047,103.54386138916016,8.449999809265137,67.4800033569336,52.900001525878906,113.73999786376953,10.783830642700195,,101.72000122070312,,10.28081226348877,89.52999877929688,77.93000030517578,9.175801277160645,,87.83999633789062,,120.60460662841797,94.2687759399414,94.56639099121094,51.599998474121094,89.91999816894531,94.20333099365234,70.69000244140625,88.62000274658203,8.675000190734863,9.75,,61.13999938964844,,88.0999984741211,98.86000061035156,,8.788999557495117,247.94000244140625,100.4000015258789,79.8499984741211,,
2023-03-01,10.048379898071289,136.5,158.5442352294922,97.33294677734375,101.74432373046875,17.809364318847656,98.41999816894531,6.46999979019165,85.0,90.0,91.09270477294922,91.6720962524414,85.5,108.68000030517578,90.5,83.69999694824219,86.41999816894531,6.559999942779541,83.52999877929688,77.75381469726562,45.27000045776367,10.498947143554688,115.9000015258789,95.5,102.76653289794922,8.239999771118164,64.9000015258789,54.29999923706055,112.9000015258789,10.819548606872559,,100.5999984741211,,10.28081226348877,87.55999755859375,76.75,9.079938888549805,,86.5,,120.60460662841797,93.22956085205078,96.20304107666016,51.4900016784668,88.62999725341797,95.85094451904297,67.80999755859375,88.98999786376953,8.635000228881836,9.699999809265137,,60.97999954223633,,86.98999786376953,96.98999786376953,,8.625,246.3800048828125,100.4000015258789,79.19000244140625,,
2023-03-02,10.038518905639648,136.39999389648438,158.18875122070312,96.90725708007812,102.64154052734375,17.926294326782227,98.23999786376953,6.507999897003174,85.0,90.0999984741211,92.51228332519531,91.6720962524414,85.79000091552734,109.86000061035156,90.45999908447266,86.0,86.86000061035156,6.6479997634887695,83.1500015258789,77.54442596435547,45.43000030517578,10.329930305480957,115.69999694824219,95.0999984741211,102.64694213867188,8.576000213623047,63.75,54.900001525878906,113.7300033569336,10.802172660827637,,101.25,,10.28081226348877,87.0,76.69999694824219,9.110895156860352,,86.1500015258789,,120.60460662841797,93.29950714111328,95.80386352539062,51.810001373291016,87.8499984741211,94.65267944335938,69.44999694824219,88.93000030517578,8.526000022888184,9.720000267028809,,61.720001220703125,,86.58999633789062,95.20999908447266,,8.668999671936035,246.3800048828125,100.29000091552734,79.54000091552734,,
2023-03-03,10.097684860229492,136.57000732421875,158.38624572753906,98.69908905029297,104.1568374633789,17.86733055114746,98.7699966430664,6.5,85.44000244140625,90.3499984741211,92.48229217529297,92.59208679199219,85.19000244140625,109.87000274658203,90.98999786376953,85.69999694824219,86.8499984741211,6.71999979019165,83.69999694824219,79.26940155029297,44.91999816894531,10.394554138183594,115.69999694824219,93.12999725341797,102.7565689086914,8.666000366210938,63.2400016784668,55.029998779296875,113.19000244140625,10.806999206542969,,101.5,,10.28081226348877,87.0,77.80999755859375,9.086929321289062,,87.19999694824219,,120.60460662841797,94.4086685180664,95.14521026611328,51.869998931884766,90.9000015258789,94.17337799072266,68.80999755859375,89.12999725341797,8.618000030517578,9.739999771118164,,61.5,,90.19999694824219,95.80000305175781,,8.64900016784668,246.74000549316406,100.87000274658203,79.70999908447266,,
2023-03-06,10.077962875366211,135.66000366210938,157.95176696777344,99.34256744384766,104.6353530883789,17.86733055114746,98.41000366210938,6.510000228881836,84.80000305175781,90.22000122070312,90.92276000976562,93.27465057373047,84.05000305175781,110.06999969482422,90.1500015258789,85.88999938964844,85.25,6.692999839782715,83.52999877929688,79.49874114990234,45.189998626708984,10.538715362548828,115.01000213623047,92.6500015258789,102.61705017089844,8.755999565124512,62.2599983215332,55.790000915527344,117.11000061035156,10.807965278625488,,101.80000305175781,,10.28081226348877,86.20999908447266,77.80000305175781,9.076943397521973,,84.4000015258789,,120.60460662841797,94.54856872558594,95.87371826171875,51.0099983215332,89.94000244140625,92.65557861328125,70.25,88.94000244140625,8.550000190734863,9.75,,61.29999923706055,,88.9000015258789,95.2300033569336,,8.638999938964844,246.50999450683594,100.97000122070312,80.0999984741211,,
2023-03-07,10.107545852661133,136.0,157.7937774658203,99.49105834960938,104.67523193359375,17.812362670898438,98.80999755859375,6.559000015258789,83.69999694824219,89.70999908447266,91.62254333496094,93.2350845336914,85.19999694824219,111.0199966430664,90.91000366210938,84.86000061035156,84.75,6.684999942779541,83.25,79.26940155029297,45.189998626708984,10.526784896850586,115.41999816894531,92.9000015258789,102.63697814941406,8.819999694824219,62.2599983215332,56.59000015258789,114.8499984741211,10.80313777923584,,101.94000244140625,,10.28081226348877,85.61000061035156,77.94999694824219,9.086929321289062,,80.58999633789062,,120.60460662841797,94.5,95.30487823486328,51.29999923706055,88.94000244140625,92.86527252197266,70.2300033569336,89.0,8.583999633789062,9.760000228881836,,61.09000015258789,,89.83000183105469,95.43000030517578,,8.619999885559082,246.3800048828125,100.05999755859375,80.29000091552734,,
2023-03-08,10.097684860229492,135.5399932861328,158.4553680419922,97.90711975097656,104.7151107788086,17.93229103088379,98.5,6.557000160217285,81.91000366210938,89.08999633789062,92.08241271972656,93.10648345947266,84.12000274658203,111.0999984741211,90.1500015258789,84.86000061035156,84.5999984741211,6.521999835968018,83.3499984741211,78.73097229003906,44.5099983215332,10.638136863708496,115.6500015258789,92.91999816894531,102.53732299804688,8.699999809265137,62.349998474121094,56.58000183105469,113.55000305175781,10.868781089782715,,101.61000061035156,,10.28081226348877,85.45999908447266,77.05000305175781,9.086929321289062,,78.01000213623047,,120.60460662841797,91.26000213623047,95.52442932128906,50.849998474121094,89.5,92.96512603759766,68.91000366210938,88.44000244140625,8.567999839782715,9.779999732971191,,61.790000915527344,,88.87999725341797,93.5999984741211,,8.595000267028809,245.85000610351562,99.97000122070312,80.95999908447266,,
2023-03-09,10.097684860229492,135.8000030517578,158.20849609375,97.62992858886719,104.3661880493164,17.737407684326172,98.2300033569336,6.538000106811523,81.81999969482422,88.66999816894531,92.29234313964844,93.7593765258789,84.5,110.18000030517578,90.0999984741211,85.08999633789062,85.0,6.489999771118164,83.20999908447266,78.42186737060547,44.40999984741211,10.359756469726562,115.41999816894531,93.19000244140625,102.52735137939453,8.687999725341797,62.349998474121094,56.68000030517578,118.30000305175781,10.79058837890625,,101.87000274658203,,10.28081226348877,85.30999755859375,76.70999908447266,9.078940391540527,,73.55999755859375,,120.60460662841797,93.0,96.41261291503906,51.29999923706055,88.1500015258789,93.51433563232422,68.9000015258789,87.38999938964844,8.597999572753906,9.770000457763672,,61.0,,88.80000305175781,93.23999786376953,,8.557000160217285,246.0,99.9000015258789,80.98999786376953,,
2023-03-10,10.127267837524414,134.6199951171875,158.47511291503906,98.27340698242188,103.17987060546875,17.740406036376953,98.11000061035156,6.5,81.94000244140625,87.4000015258789,93.21207427978516,93.71981048583984,84.0,110.37000274658203,90.19999694824219,84.98999786376953,84.80000305175781,6.443999767303467,83.06999969482422,78.47172546386719,44.119998931884766,10.142022132873535,115.80000305175781,92.47000122070312,102.4974594116211,8.708000183105469,62.65999984741211,55.7599983215332,114.01000213623047,10.821478843688965,,101.9000015258789,,10.28081226348877,85.69999694824219,76.94999694824219,9.097912788391113,,72.54000091552734,,120.60460662841797,93.2300033569336,95.30487823486328,51.040000915527344,88.5,93.36454772949219,68.88999938964844,87.41999816894531,8.543000221252441,9.760000228881836,,61.029998779296875,,89.5,91.06999969482422,,8.394000053405762,246.19000244140625,99.97000122070312,81.23999786376953,,
2023-03-13,10.107545852661133,134.85000610351562,157.98138427734375,98.20410919189453,102.4720687866211,17.81036376953125,98.20999908447266,6.539000034332275,81.0199966430664,86.0999984741211,92.8721694946289,93.81873321533203,83.19999694824219,111.0,89.93000030517578,83.9800033569336,85.19999694824219,6.39900016784668,81.94999694824219,78.05294036865234,44.0099983215332,9.990900993347168,115.55999755859375,92.80000305175781,102.1486587524414,8.37600040435791,62.0099983215332,54.900001525878906,113.98999786376953,10.8118257522583,,102.0,,10.28081226348877,85.3499984741211,76.98999786376953,9.046985626220703,,68.44999694824219,,120.60460662841797,93.80000305175781,93.96762084960938,50.77000045776367,88.22000122070312,93.36454772949219,69.55000305175781,87.08000183105469,8.53499984741211,9.59000015258789,,61.09000015258789,,89.63999938964844,91.0,,8.4350004196167,245.99000549316406,99.87999725341797,80.69999694824219,,
2023-03-14,10.137128829956055,137.63999938964844,158.16900634765625,98.5010986328125,102.06333923339844,17.876325607299805,97.94000244140625,6.525000095367432,81.5,85.44999694824219,94.30174255371094,94.56065368652344,83.5999984741211,109.30999755859375,89.93000030517578,84.55999755859375,85.01000213623047,6.328999996185303,81.91000366210938,77.86349487304688,44.06999969482422,9.97896957397461,115.44999694824219,93.05000305175781,102.01910400390625,8.380000114440918,61.7400016784668,54.099998474121094,112.81999969482422,10.918013572692871,,101.69999694824219,,10.28081226348877,85.4000015258789,76.93000030517578,9.058968544006348,,65.43000030517578,,120.60460662841797,93.75,94.7959213256836,51.08000183105469,89.30000305175781,94.36309814453125,69.3499984741211,88.16999816894531,8.538999557495117,9.479999542236328,,60.310001373291016,,89.4800033569336,90.41000366210938,,8.414999961853027,246.3699951171875,100.0,80.18000030517578,,
2023-03-15,10.137128829956055,136.85000610351562,157.41854858398438,98.13481140136719,102.6515121459961,17.84334373474121,97.27999877929688,6.521999835968018,81.62000274658203,85.31999969482422,95.11150360107422,94.57054901123047,85.41000366210938,109.80000305175781,90.22000122070312,84.79000091552734,84.97000122070312,6.276000022888184,81.8499984741211,77.40483093261719,44.93000030517578,10.014761924743652,115.05000305175781,92.51000213623047,101.8397216796875,8.45199966430664,62.310001373291016,54.130001068115234,113.29000091552734,10.985587120056152,,100.19999694824219,,10.28081226348877,85.83999633789062,78.7699966430664,9.008042335510254,,72.23999786376953,,120.60460662841797,93.51000213623047,94.01751708984375,51.290000915527344,89.9000015258789,94.16339111328125,69.37000274658203,86.69999694824219,8.510000228881836,9.550000190734863,,60.0,,89.2699966430664,91.51000213623047,,8.359999656677246,246.0,100.0,79.48999786376953,,
2023-03-16,10.137128829956055,136.0,157.67527770996094,97.32304382324219,102.85089111328125,17.857336044311523,97.41000366210938,6.565000057220459,81.5999984741211,85.93000030517578,94.93155670166016,92.78993225097656,83.80999755859375,108.30000305175781,90.13999938964844,85.69999694824219,84.56999969482422,6.300000190734863,81.8499984741211,77.3150863647461,44.18000030517578,9.922300338745117,115.44999694824219,92.5,101.6404037475586,8.5,62.150001525878906,53.369998931884766,113.61000061035156,10.887123107910156,,100.97000122070312,,10.28081226348877,86.0,78.05999755859375,9.051979064941406,,71.19000244140625,,120.60460662841797,93.5,95.90365600585938,50.70000076293945,88.4000015258789,95.85094451904297,69.38999938964844,86.83000183105469,8.600000381469727,9.5,,60.09000015258789,,88.55000305175781,91.62000274658203,,8.335000038146973,245.0,100.0,79.69999694824219,,
2023-03-17,10.107545852661133,135.6999969482422,156.64834594726562,96.62017059326172,102.58172607421875,17.762393951416016,97.30000305175781,6.541999816894531,81.5,85.31999969482422,94.33173370361328,92.87895965576172,84.51000213623047,108.19999694824219,89.97000122070312,86.4000015258789,85.66999816894531,6.284999847412109,82.33000183105469,78.232421875,44.2400016784668,9.932242393493652,115.30000305175781,92.30000305175781,101.6404037475586,8.37600040435791,61.83000183105469,53.2599983215332,113.4800033569336,10.967246055603027,,101.5,,10.28081226348877,87.22000122070312,78.04000091552734,9.125872611999512,,71.9000015258789,,120.60460662841797,94.5,94.80590057373047,51.08000183105469,88.52999877929688,94.30318450927734,70.13999938964844,86.87999725341797,8.598999977111816,9.470000267028809,,60.95000076293945,,86.80999755859375,91.58999633789062,,8.380000114440918,246.0,99.98999786376953,79.31999969482422,,
2023-03-20,10.146989822387695,135.1699981689453,156.89520263671875,95.38272094726562,101.97361755371094,17.643463134765625,97.33000183105469,6.517000198364258,81.44999694824219,85.26000213623047,93.67193603515625,92.48326873779297,84.55000305175781,108.0,90.0,86.5,85.12999725341797,6.304999828338623,81.4000015258789,78.42186737060547,44.0,9.88750171661377,115.5,92.0,101.50088500976562,8.359999656677246,61.02000045776367,53.189998626708984,113.69999694824219,10.712395668029785,,100.94999694824219,,10.28081226348877,86.19999694824219,77.01000213623047,9.053976058959961,,69.98999786376953,,120.60460662841797,94.1500015258789,95.40467834472656,51.150001525878906,88.6500015258789,92.56571197509766,69.80999755859375,87.75,8.555999755859375,9.479999542236328,,59.849998474121094,,86.4000015258789,92.68000030517578,,8.510000228881836,245.9499969482422,99.98999786376953,79.22000122070312,,
2023-03-21,10.137128829956055,135.36000061035156,157.32968139648438,95.18473052978516,101.77423095703125,17.699430465698242,97.5999984741211,6.5279998779296875,81.87999725341797,85.33999633789062,93.37202453613281,91.81059265136719,84.0999984741211,107.38999938964844,90.55000305175781,86.88999938964844,85.0999984741211,6.2769999504089355,81.98999786376953,77.3150863647461,44.099998474121094,9.93124771118164,115.69999694824219,91.69999694824219,101.44109344482422,8.329999923706055,61.18000030517578,52.77000045776367,110.12000274658203,10.861058235168457,,101.4000015258789,,10.28081226348877,86.69999694824219,77.44999694824219,9.103904724121094,,69.2699966430664,,120.60460662841797,94.3499984741211,95.33482360839844,51.099998474121094,87.94999694824219,92.44588470458984,69.55000305175781,87.69999694824219,8.604999542236328,9.479999542236328,,60.380001068115234,,86.69999694824219,93.48999786376953,,8.49899959564209,245.60000610351562,99.9800033569336,79.2699966430664,,
2023-03-22,10.176572799682617,134.89999389648438,157.74440002441406,95.01643371582031,101.71441650390625,17.73940658569336,97.4000015258789,6.5269999504089355,81.70999908447266,85.6500015258789,93.6019515991211,91.84026336669922,84.5,107.51000213623047,90.70999908447266,86.36000061035156,85.47000122070312,6.289000034332275,81.68000030517578,77.37491607666016,43.88999938964844,9.924287796020508,115.7300033569336,91.38999938964844,101.58061218261719,8.21399974822998,61.38999938964844,52.5,109.54000091552734,10.913187026977539,,101.12000274658203,,10.28081226348877,86.5999984741211,76.5,9.084932327270508,,68.8499984741211,,120.60460662841797,94.0,96.39265441894531,50.650001525878906,87.54000091552734,92.87525939941406,70.13999938964844,87.76000213623047,8.605999946594238,9.5,,59.95000076293945,,86.5,93.5,,8.458999633789062,245.49000549316406,100.0,79.63999938964844,,
2023-03-23,10.166711807250977,134.66000366210938,156.86557006835938,95.00653839111328,101.7243881225586,17.76938819885254,97.81999969482422,6.5,81.19000244140625,85.1500015258789,92.67223358154297,91.78091430664062,84.16999816894531,109.9000015258789,90.56999969482422,88.30000305175781,84.55999755859375,6.199999809265137,80.87000274658203,77.37491607666016,43.400001525878906,9.941189765930176,115.4000015258789,90.30000305175781,101.45105743408203,8.197999954223633,61.099998474121094,52.02000045776367,108.91000366210938,10.87553882598877,,102.0999984741211,,10.28081226348877,86.31999969482422,76.5,9.096915245056152,,67.69999694824219,,120.60460662841797,92.12999725341797,96.00344848632812,50.61000061035156,87.5,92.51577758789062,68.73999786376953,87.51000213623047,8.62399959564209,9.420000076293945,,59.939998626708984,,86.08000183105469,93.27999877929688,,8.460000038146973,244.75,99.80999755859375,79.06999969482422,,
2023-03-24,10.196294784545898,134.69000244140625,157.87277221679688,95.48171997070312,102.1729965209961,17.800369262695312,97.5199966430664,6.539999961853027,81.51000213623047,85.27999877929688,91.79249572753906,91.65231323242188,84.98999786376953,110.5,90.54000091552734,89.11000061035156,84.97000122070312,6.2129998207092285,80.9000015258789,78.72100067138672,44.310001373291016,9.93124771118164,115.30999755859375,90.9000015258789,101.5407485961914,8.173999786376953,61.40999984741211,52.43000030517578,109.5,10.918978691101074,,102.47000122070312,,10.28081226348877,86.5,77.30999755859375,9.075944900512695,,69.0,,120.60460662841797,92.7699966430664,97.14112091064453,50.52000045776367,88.08999633789062,92.64559173583984,69.6500015258789,87.87999725341797,8.642000198364258,9.5,,59.939998626708984,,86.97000122070312,93.5999984741211,,8.496999740600586,245.33999633789062,100.4000015258789,79.81999969482422,,
2023-03-27,10.21601676940918,135.5,157.59628295898438,94.83824157714844,100.9168930053711,17.85933494567871,98.12000274658203,6.533999919891357,81.11000061035156,83.94000244140625,91.77249908447266,91.56327819824219,85.6500015258789,110.4800033569336,90.75,89.0999984741211,85.69000244140625,6.2779998779296875,80.6500015258789,78.5215835571289,44.279998779296875,9.851710319519043,115.3499984741211,91.3499984741211,101.35140228271484,8.003999710083008,61.13999938964844,52.5099983215332,109.0999984741211,10.90835952758789,,102.27999877929688,,10.28081226348877,87.25,77.56999969482422,9.085929870605469,,65.81999969482422,,120.60460662841797,92.69999694824219,96.80181884765625,50.380001068115234,87.93000030517578,92.50579833984375,69.87999725341797,88.5199966430664,8.647000312805176,9.550000190734863,,60.11000061035156,,89.80000305175781,93.48999786376953,,8.430999755859375,245.32000732421875,100.11000061035156,80.51000213623047,,
2023-03-28,10.117406845092773,136.10000610351562,157.91226196289062,94.4422607421875,100.83714294433594,17.929292678833008,97.93000030517578,6.547999858856201,81.19999694824219,81.30000305175781,91.89246368408203,92.06778717041016,86.69999694824219,111.0999984741211,91.0999984741211,88.73999786376953,85.5,6.2729997634887695,81.0,78.39196014404297,44.290000915527344,9.891478538513184,115.08999633789062,91.87999725341797,101.42115783691406,7.995999813079834,61.33000183105469,52.709999084472656,108.9000015258789,10.85044002532959,,102.88999938964844,,10.28081226348877,87.27999877929688,77.18000030517578,9.106900215148926,,62.900001525878906,,120.60460662841797,92.16000366210938,96.0633316040039,50.150001525878906,88.9000015258789,92.86527252197266,70.13999938964844,88.0199966430664,8.57800006866455,9.600000381469727,,60.119998931884766,,90.5,92.19999694824219,,8.449999809265137,245.5,99.69999694824219,81.51000213623047,,
2023-03-29,10.176572799682617,136.72000122070312,157.89251708984375,94.54125213623047,100.63775634765625,18.00225067138672,97.95999908447266,6.534999847412109,79.98999786376953,78.83000183105469,92.17237854003906,91.90951538085938,87.4000015258789,109.94999694824219,91.04000091552734,86.83000183105469,85.5999984741211,6.210000038146973,80.2699966430664,78.65119934082031,44.029998779296875,9.77316665649414,115.19000244140625,91.98999786376953,101.35140228271484,7.789999961853027,61.0,52.79999923706055,108.01000213623047,10.82534122467041,,102.88999938964844,,10.28081226348877,85.80000305175781,77.51000213623047,9.076943397521973,,54.4900016784668,,120.60460662841797,91.91000366210938,94.965576171875,50.16999816894531,88.9000015258789,93.04501342773438,70.5999984741211,87.18000030517578,8.53600025177002,9.470000267028809,,59.310001373291016,,91.43000030517578,93.63999938964844,,8.401000022888184,245.17999267578125,99.69999694824219,81.5199966430664,,
2023-03-30,10.176572799682617,137.14999389648438,157.99127197265625,93.78888702392578,100.78729248046875,18.137168884277344,97.6500015258789,6.520999908447266,76.5,77.69000244140625,93.17208099365234,92.44369506835938,87.9000015258789,110.83999633789062,91.0,84.05999755859375,85.02999877929688,6.25,79.87999725341797,78.73097229003906,43.95000076293945,9.84276294708252,115.31999969482422,93.01000213623047,101.6404037475586,7.800000190734863,61.150001525878906,53.0099983215332,108.06999969482422,10.8118257522583,,103.0,,10.28081226348877,85.37999725341797,77.19000244140625,9.08792781829834,,52.5,,120.60460662841797,91.5,94.06741333007812,49.77000045776367,89.19999694824219,93.20478057861328,70.77999877929688,86.69999694824219,8.572999954223633,9.420000076293945,,59.20000076293945,,90.94999694824219,92.06999969482422,,8.369000434875488,245.0,100.16999816894531,82.44999694824219,,
2023-03-31,10.235738754272461,137.8800048828125,158.4553680419922,94.53135681152344,101.62469482421875,18.229114532470703,97.95999908447266,6.494999885559082,77.25,80.45999908447266,94.35173034667969,93.47249603271484,88.6500015258789,111.5999984741211,91.83000183105469,84.98999786376953,86.19999694824219,6.2729997634887695,79.69000244140625,79.4189682006836,43.91999816894531,9.922300338745117,115.22000122070312,93.2300033569336,102.12872314453125,7.886000156402588,61.52000045776367,52.779998779296875,108.79000091552734,10.8118257522583,,102.98999786376953,,10.28081226348877,85.45999908447266,77.8499984741211,9.113889694213867,,58.9900016784668,,120.60460662841797,91.6500015258789,96.71199798583984,50.22999954223633,89.0,94.62272644042969,70.80000305175781,87.6500015258789,8.623000144958496,9.300000190734863,,60.25,,90.0,93.08999633789062,,8.420000076293945,245.10000610351562,100.1500015258789,82.69999694824219,,
2023-04-03,10.137128829956055,137.6199951171875,157.64566040039062,97.44184112548828,101.1561508178711,17.977264404296875,96.13999938964844,6.428999900817871,78.0999984741211,81.19999694824219,93.32203674316406,92.2953109741211,84.19000244140625,107.93000030517578,90.19999694824219,85.20999908447266,86.06999969482422,6.340000152587891,80.41000366210938,79.12981414794922,43.54999923706055,9.92031192779541,115.4000015258789,95.98999786376953,101.65037536621094,7.757999897003174,61.88999938964844,50.45000076293945,107.80000305175781,10.786726951599121,,100.86000061035156,,10.28081226348877,83.5,77.51000213623047,9.034005165100098,,60.099998474121094,,120.60460662841797,89.20999908447266,94.7959213256836,50.189998626708984,87.7699966430664,93.13488006591797,69.5199966430664,86.4800033569336,8.449000358581543,9.329999923706055,,60.9900016784668,,87.81999969482422,90.69999694824219,,8.164999961853027,245.35000610351562,99.3499984741211,81.1500015258789,,
2023-04-04,10.166711807250977,137.74000549316406,157.3988037109375,95.89749908447266,101.53497314453125,17.925296783447266,96.9000015258789,6.5,78.30999755859375,81.9800033569336,93.75190734863281,92.09746551513672,85.0999984741211,108.4000015258789,90.0,86.6500015258789,86.9800033569336,6.367000102996826,80.25,78.77085876464844,43.45000076293945,9.909375190734863,115.08999633789062,94.94999694824219,101.55071258544922,7.8460001945495605,61.45000076293945,52.0,108.48999786376953,10.806999206542969,,102.0,,10.28081226348877,83.16000366210938,77.56999969482422,9.070952415466309,,61.689998626708984,,120.60460662841797,89.0,94.10733032226562,50.0,87.7300033569336,94.09349060058594,69.91999816894531,86.66000366210938,8.449999809265137,9.359999656677246,,59.630001068115234,,88.37999725341797,89.5,,8.357999801635742,243.25,99.55000305175781,80.0,,
2023-04-05,10.206155776977539,138.0,157.37904357910156,96.52117919921875,102.28265380859375,17.878324508666992,97.0999984741211,6.49399995803833,78.30000305175781,81.55000305175781,92.9721450805664,91.84026336669922,85.69000244140625,108.5,89.9000015258789,87.52999877929688,86.22000122070312,6.323999881744385,80.04000091552734,78.97027587890625,44.83000183105469,9.991894721984863,115.0,94.5,101.63043975830078,7.7779998779296875,61.29999923706055,52.20000076293945,107.98999786376953,10.831132888793945,,101.86000061035156,,10.28081226348877,82.62999725341797,76.5,9.070952415466309,,58.849998474121094,,120.60460662841797,88.0,94.27698516845703,50.18000030517578,87.70999908447266,95.11201477050781,69.0,87.04000091552734,8.460000038146973,9.329999923706055,,59.5,,88.0,89.76000213623047,,8.36400032043457,242.0,99.98999786376953,79.58999633789062,,
2023-04-06,10.206155776977539,138.0,157.20130920410156,98.23381042480469,102.28265380859375,17.928293228149414,97.25,6.480000019073486,77.93000030517578,81.0999984741211,92.92215728759766,92.10736083984375,85.4000015258789,110.33999633789062,90.44999694824219,89.12999725341797,84.5,6.3979997634887695,79.19999694824219,79.42893981933594,44.720001220703125,9.96306324005127,115.13999938964844,94.68000030517578,101.45105743408203,7.995999813079834,61.34000015258789,53.279998779296875,108.5199966430664,10.835960388183594,,101.33000183105469,,10.28081226348877,82.69999694824219,76.13999938964844,9.088926315307617,,56.02000045776367,,120.60460662841797,87.9000015258789,93.41873931884766,50.20000076293945,88.0,95.06208801269531,68.5,86.41999816894531,8.470000267028809,9.550000190734863,,59.88999938964844,,87.01000213623047,89.9800033569336,,8.369999885559082,241.0800018310547,99.95999908447266,79.56999969482422,,
2023-04-10,10.156850814819336,138.97999572753906,157.2407989501953,97.71902465820312,103.03033447265625,17.974266052246094,97.5,6.514999866485596,78.0999984741211,80.12000274658203,92.66223907470703,92.49315643310547,86.06999969482422,111.30999755859375,90.44000244140625,86.5999984741211,85.05999755859375,6.46999979019165,79.19999694824219,79.40899658203125,44.38999938964844,9.986924171447754,115.0,94.4000015258789,101.44109344482422,7.96999979019165,61.150001525878906,52.869998931884766,107.72000122070312,10.880365371704102,,101.97000122070312,,10.28081226348877,81.31999969482422,75.0,9.086929321289062,,57.90999984741211,,120.60460662841797,87.73999786376953,93.79796600341797,50.2400016784668,87.23999786376953,95.26179504394531,69.30000305175781,86.04000091552734,8.475000381469727,9.5,,59.88999938964844,,87.5,91.45999908447266,,8.388999938964844,242.9499969482422,99.70999908447266,79.5,,
2023-04-11,10.196294784545898,139.5,157.80364990234375,98.06551361083984,103.7281723022461,18.407007217407227,97.20999908447266,6.482999801635742,76.9000015258789,79.9000015258789,93.50198364257812,93.92754364013672,88.2300033569336,112.69999694824219,90.19000244140625,88.01000213623047,86.19000244140625,6.5289998054504395,79.47000122070312,79.66824340820312,44.0099983215332,10.111202239990234,115.30000305175781,94.69000244140625,102.62701416015625,7.998000144958496,61.36000061035156,52.70000076293945,109.5,10.913187026977539,,101.75,,10.28081226348877,81.69999694824219,74.4000015258789,9.084932327270508,,54.099998474121094,,120.60460662841797,87.19999694824219,93.97760009765625,49.84000015258789,87.66999816894531,95.84095764160156,70.31999969482422,85.6500015258789,8.48799991607666,9.569999694824219,,60.189998626708984,,87.1500015258789,91.5,,8.309000015258789,241.5,99.80000305175781,79.5999984741211,,
2023-04-12,10.186433792114258,144.1999969482422,158.04063415527344,98.09521484375,103.9474868774414,18.49495506286621,96.83999633789062,6.514999866485596,76.58999633789062,79.27999877929688,93.96184539794922,93.541748046875,88.41999816894531,114.8499984741211,90.44999694824219,87.44999694824219,86.4800033569336,6.6529998779296875,79.80999755859375,79.89757537841797,43.97999954223633,10.015756607055664,115.19999694824219,95.11000061035156,102.84626007080078,8.050000190734863,61.52000045776367,52.869998931884766,109.45999908447266,10.939250946044922,,101.6500015258789,,10.28081226348877,81.7699966430664,74.4000015258789,9.08193588256836,,53.5,,120.60460662841797,87.4000015258789,93.26905059814453,50.0,87.70999908447266,95.1519546508789,70.30000305175781,86.2300033569336,8.505000114440918,9.520000457763672,,60.25,,90.1500015258789,90.83999633789062,,8.277999877929688,240.2899932861328,100.9000015258789,80.0,,
2023-04-13,10.196294784545898,143.0,157.67527770996094,98.09521484375,104.2964096069336,18.848743438720703,96.80999755859375,6.579999923706055,76.33999633789062,78.25,94.3117446899414,93.17572784423828,89.13999938964844,115.5,90.55000305175781,88.0,86.94000244140625,6.460999965667725,79.5199966430664,79.8277816772461,44.29999923706055,10.005813598632812,116.0,95.86000061035156,102.89608764648438,8.013999938964844,61.77000045776367,52.869998931884766,110.0,10.966280937194824,,102.38999938964844,,10.28081226348877,81.66999816894531,74.30000305175781,9.069952964782715,,52.5099983215332,,120.60460662841797,87.02999877929688,91.70225524902344,49.54999923706055,87.0,95.86093139648438,70.91999816894531,85.26000213623047,8.472000122070312,9.449999809265137,,59.95000076293945,,90.27999877929688,90.26000213623047,,8.281000137329102,238.0,100.80000305175781,79.83000183105469,,
2023-04-14,10.206155776977539,142.0500030517578,159.96615600585938,97.85762023925781,106.05096435546875,18.908708572387695,97.04000091552734,6.639999866485596,76.41000366210938,78.43000030517578,95.1714859008789,93.97700500488281,90.44999694824219,116.0,90.63999938964844,87.43000030517578,86.77999877929688,6.709000110626221,79.22000122070312,80.73513793945312,44.08000183105469,10.160911560058594,115.98999786376953,95.9000015258789,102.89608764648438,8.258000373840332,62.369998931884766,52.9900016784668,108.51000213623047,11.004894256591797,,102.1500015258789,,10.28081226348877,81.88999938964844,74.55000305175781,9.061964988708496,,52.689998626708984,,120.60460662841797,87.05999755859375,92.63035583496094,49.88999938964844,87.20999908447266,96.52996063232422,73.41999816894531,85.69999694824219,8.50100040435791,9.279999732971191,,61.06999969482422,,90.2300033569336,91.27999877929688,,8.288000106811523,239.60000610351562,99.9800033569336,78.94000244140625,,
2023-04-17,10.196294784545898,142.3699951171875,160.0945281982422,99.15447235107422,107.33697509765625,19.1485652923584,97.20999908447266,6.678999900817871,76.98999786376953,78.44999694824219,96.79100036621094,96.05439758300781,89.87999725341797,116.77999877929688,90.69999694824219,86.0,89.11000061035156,6.76800012588501,79.62999725341797,82.40029907226562,44.02000045776367,10.518831253051758,116.0,96.75,103.04557037353516,8.399999618530273,64.0999984741211,53.849998474121094,109.94999694824219,10.986553192138672,,101.5999984741211,,10.28081226348877,82.7699966430664,75.3499984741211,9.08193588256836,,52.599998474121094,,120.60460662841797,87.16999816894531,91.9317855834961,50.29999923706055,87.70999908447266,97.40868377685547,73.4000015258789,85.91999816894531,8.550999641418457,9.270000457763672,,60.400001525878906,,91.30000305175781,90.94000244140625,,8.342000007629395,242.8000030517578,99.98999786376953,79.38999938964844,,
2023-04-18,10.22587776184082,142.19000244140625,159.9760284423828,98.51099395751953,106.85845947265625,19.588302612304688,96.70999908447266,6.670000076293945,78.29000091552734,78.30000305175781,96.67103576660156,94.86731719970703,91.0999984741211,116.5999984741211,91.5,85.9000015258789,88.29000091552734,6.699999809265137,79.80000305175781,82.83901977539062,44.599998474121094,10.824055671691895,116.9000015258789,98.43000030517578,103.35450744628906,8.449999809265137,65.0,53.95000076293945,109.30000305175781,10.932494163513184,,102.0999984741211,,10.28081226348877,82.86000061035156,76.77999877929688,9.109895706176758,,52.95000076293945,,120.60460662841797,88.5,92.01162719726562,50.599998474121094,88.80000305175781,99.76526641845703,74.87000274658203,86.23999786376953,8.539999961853027,9.380000114440918,,60.470001220703125,,91.04000091552734,91.4000015258789,,8.253000259399414,244.00999450683594,100.45999908447266,79.38999938964844,,
2023-04-19,10.235738754272461,143.38999938964844,159.95628356933594,98.65949249267578,106.9282455444336,19.522342681884766,96.83000183105469,6.599999904632568,78.3499984741211,78.30999755859375,96.6610336303711,93.97700500488281,91.91999816894531,118.58999633789062,90.87999725341797,85.58999633789062,87.29000091552734,6.735000133514404,80.0999984741211,82.36041259765625,45.13999938964844,10.81113052368164,118.19999694824219,98.6500015258789,104.34111785888672,8.59000015258789,65.68000030517578,54.439998626708984,112.0,10.916083335876465,,101.88999938964844,,10.28081226348877,82.95999908447266,76.95999908447266,9.086929321289062,,52.79999923706055,,120.60460662841797,88.4000015258789,93.03952026367188,50.52000045776367,89.37999725341797,99.5256118774414,75.20999908447266,86.38999938964844,8.515000343322754,9.449999809265137,,60.45000076293945,,91.9800033569336,91.44000244140625,,8.25,244.9199981689453,100.19000244140625,79.01000213623047,,
2023-04-20,10.245599746704102,142.42999267578125,160.1537628173828,98.61988830566406,106.6690444946289,19.683246612548828,96.91000366210938,6.658999919891357,78.80000305175781,78.12999725341797,96.5110855102539,93.34390258789062,93.38999938964844,119.08000183105469,90.76000213623047,86.05000305175781,86.91000366210938,6.756999969482422,81.0,82.62963104248047,45.97999954223633,10.788264274597168,119.86000061035156,100.80000305175781,103.60365295410156,8.579999923706055,66.0,54.849998474121094,111.05000305175781,10.995241165161133,,102.12999725341797,,10.28081226348877,82.9000015258789,77.9800033569336,9.144845962524414,,50.16999816894531,,120.60460662841797,88.4800033569336,93.25907135009766,50.90999984741211,89.5,99.2060775756836,76.0,86.83999633789062,8.520000457763672,9.399999618530273,,61.290000915527344,,92.9800033569336,91.01000213623047,,8.25,245.14999389648438,99.98999786376953,79.44999694824219,,
2023-04-24,10.245599746704102,141.2899932861328,158.78121948242188,98.55059814453125,106.6690444946289,19.788183212280273,97.08999633789062,6.710000038146973,78.9000015258789,78.36000061035156,97.12090301513672,93.98690032958984,92.5999984741211,120.97000122070312,91.0,85.98999786376953,87.25,6.756999969482422,80.5999984741211,82.8091049194336,45.130001068115234,10.707733154296875,120.69999694824219,99.94999694824219,103.01567840576172,8.59000015258789,67.80000305175781,55.130001068115234,118.69999694824219,11.020339965820312,,102.18000030517578,,10.28081226348877,82.87999725341797,78.5,9.281648635864258,,46.75,,120.60460662841797,88.94999694824219,92.7401351928711,50.41999816894531,91.0199966430664,101.77235412597656,75.0999984741211,86.0999984741211,8.52400016784668,9.350000381469727,,60.810001373291016,,91.0,91.05999755859375,,8.270999908447266,245.24000549316406,99.94000244140625,80.30999755859375,,
2023-04-25,10.265321731567383,144.0,158.73184204101562,98.98617553710938,106.88836669921875,19.688243865966797,97.43000030517578,6.75,79.05999755859375,77.7699966430664,97.67073822021484,94.40237426757812,93.63999938964844,122.4800033569336,90.93000030517578,84.66999816894531,86.77999877929688,6.610000133514404,80.30000305175781,83.15809631347656,45.29999923706055,10.88072681427002,121.75,100.19999694824219,103.00570678710938,8.569999694824219,67.75,55.04999923706055,120.19999694824219,11.076330184936523,,102.37000274658203,,10.28081226348877,82.62000274658203,77.61000061035156,9.41545581817627,,43.959999084472656,,120.60460662841797,89.80000305175781,92.08148193359375,50.20000076293945,91.55000305175781,100.35440826416016,74.55999755859375,85.93000030517578,8.567000389099121,9.25,,60.29999923706055,,91.7699966430664,90.69000244140625,,8.211999893188477,244.5500030517578,99.94000244140625,80.30999755859375,,
2023-04-26,10.304765701293945,145.0,159.96615600585938,98.99607849121094,106.8185806274414,19.590301513671875,96.9800033569336,6.749000072479248,79.02999877929688,77.0,99.77010345458984,94.66947174072266,92.0199966430664,120.9000015258789,90.5999984741211,84.04000091552734,86.62000274658203,6.577000141143799,81.0,83.79623413085938,45.38999938964844,10.933420181274414,121.58000183105469,102.0,103.3509750366211,8.5,67.9000015258789,54.70000076293945,119.5999984741211,11.197962760925293,,102.13999938964844,,10.28081226348877,82.56999969482422,77.44999694824219,9.377511024475098,,45.34000015258789,,120.60460662841797,89.30000305175781,92.11141967773438,50.0,92.91999816894531,101.21316528320312,74.0,86.12000274658203,8.553000450134277,9.170000076293945,,60.349998474121094,,91.16999816894531,91.94000244140625,,8.210000038146973,245.0,99.94999694824219,80.54000091552734,,
2023-04-27,10.324487686157227,143.8300018310547,160.4598846435547,102.34214782714844,106.7587661743164,19.618284225463867,96.66000366210938,6.735000133514404,79.88999938964844,77.1500015258789,100.26995849609375,94.47162628173828,91.9000015258789,126.8499984741211,91.16999816894531,83.87000274658203,86.02999877929688,6.613999843597412,81.30000305175781,84.2549057006836,48.20000076293945,10.9811429977417,121.94000244140625,102.0999984741211,103.16150665283203,8.541999816894531,67.0,54.810001373291016,115.58000183105469,11.336006164550781,,102.76000213623047,,10.28081226348877,82.63999938964844,76.55000305175781,9.40047836303711,,47.599998474121094,,120.60460662841797,89.83999633789062,92.3110122680664,50.150001525878906,93.8499984741211,100.95353698730469,72.69999694824219,86.0199966430664,8.576000213623047,9.220000267028809,,60.529998779296875,,92.0999984741211,92.38999938964844,,8.22599983215332,245.0,100.30000305175781,79.0199966430664,,
2023-04-28,10.42309856414795,146.0,160.4598846435547,102.11445617675781,107.5064468383789,19.73821258544922,96.9800033569336,6.684000015258789,82.83999633789062,79.0,99.97004699707031,95.26300811767578,94.30000305175781,126.51000213623047,91.62000274658203,85.0,88.9800033569336,6.760000228881836,83.5,85.04261016845703,49.45000076293945,11.309234619140625,122.88999938964844,102.33999633789062,104.38807678222656,8.545999526977539,67.33000183105469,55.849998474121094,119.91999816894531,11.283878326416016,,103.19000244140625,,10.28081226348877,84.0,78.69999694824219,9.41545581817627,,50.0,,120.60460662841797,90.44999694824219,92.80998992919922,51.369998931884766,93.98999786376953,102.2217025756836,73.48999786376953,86.56999969482422,8.58899974822998,9.319999694824219,,61.13999938964844,,92.98999786376953,93.58999633789062,,8.32699966430664,245.0,100.0,79.69999694824219,,
2023-05-02,10.334348678588867,145.4499969482422,160.4598846435547,102.80742645263672,106.8185806274414,19.7841854095459,94.8499984741211,6.873000144958496,83.77999877929688,80.91000366210938,99.25025939941406,94.2836685180664,92.94999694824219,117.76000213623047,90.12999725341797,88.05999755859375,86.58999633789062,6.869999885559082,84.69000244140625,84.65373992919922,47.060001373291016,11.382806777954102,122.69999694824219,100.9000015258789,103.36094665527344,8.244000434875488,67.41999816894531,55.06999969482422,114.11000061035156,11.142937660217285,,102.9000015258789,,10.28081226348877,82.69999694824219,78.66999816894531,9.38649845123291,,50.02000045776367,,120.60460662841797,88.94999694824219,91.32303619384766,51.279998779296875,92.5999984741211,99.07626342773438,74.0999984741211,86.30000305175781,8.505000114440918,9.430000305175781,,63.290000915527344,,92.44999694824219,92.5,,8.29699993133545,246.49000549316406,99.73999786376953,80.94999694824219,,
2023-05-03,10.354070663452148,147.85000610351562,160.4598846435547,101.2234878540039,106.82855224609375,19.783185958862305,95.0,6.754000186920166,83.0,82.7300033569336,98.97034454345703,93.541748046875,96.58999633789062,121.62999725341797,90.22000122070312,87.69999694824219,88.41999816894531,6.874000072479248,84.62999725341797,84.73351287841797,48.5,10.903594017028809,122.91999816894531,102.16999816894531,103.6102523803711,8.100000381469727,65.9000015258789,55.529998779296875,115.86000061035156,11.197962760925293,,102.0999984741211,,10.28081226348877,82.81999969482422,77.70999908447266,9.36652660369873,,47.099998474121094,,120.60460662841797,88.69999694824219,92.11141967773438,51.0099983215332,92.37000274658203,101.89218139648438,74.9800033569336,87.19000244140625,8.548999786376953,9.460000038146973,,65.37999725341797,,92.4000015258789,94.69000244140625,,8.319999694824219,248.97999572753906,100.11000061035156,81.0,,
2023-05-04,10.334348678588867,149.8699951171875,161.02272033691406,100.5503158569336,106.71888732910156,19.788183212280273,95.11000061035156,6.76800012588501,82.5,84.80000305175781,100.8097915649414,94.24410247802734,96.47000122070312,121.0,90.05000305175781,87.68000030517578,90.79000091552734,6.900000095367432,84.69000244140625,84.2549057006836,47.84000015258789,11.135247230529785,122.5999984741211,101.9000015258789,103.70000457763672,8.118000030517578,68.8499984741211,55.93000030517578,118.05000305175781,11.149696350097656,,102.19000244140625,,10.28081226348877,83.30000305175781,77.30999755859375,9.412461280822754,,47.599998474121094,,120.60460662841797,89.0,92.79003143310547,51.0099983215332,92.51000213623047,106.13602447509766,74.5999984741211,87.0,8.505000114440918,9.489999771118164,,64.9000015258789,,92.30000305175781,94.08000183105469,,8.243000030517578,249.49000549316406,100.0,80.83999633789062,,
2023-05-05,10.37379264831543,150.6999969482422,161.64480590820312,100.97599792480469,106.6590805053711,19.789182662963867,95.37000274658203,6.849999904632568,83.6500015258789,84.04000091552734,100.30994415283203,95.41139221191406,96.0999984741211,120.6500015258789,90.30000305175781,87.55000305175781,90.19000244140625,6.927000045776367,85.7300033569336,84.01559448242188,49.33000183105469,11.284379005432129,122.95999908447266,102.30999755859375,103.12162017822266,8.15999984741211,68.75,57.599998474121094,118.73999786376953,11.196996688842773,,102.81999969482422,,10.28081226348877,84.41999816894531,80.19000244140625,9.46238899230957,,48.970001220703125,,120.60460662841797,88.9000015258789,94.2071304321289,51.459999084472656,93.04000091552734,103.52980041503906,75.25,88.0,8.543999671936035,9.460000038146973,,65.41000366210938,,91.19000244140625,94.38999938964844,,8.414999961853027,249.3699951171875,100.66000366210938,81.48999786376953,,
2023-05-08,10.393514633178711,150.75,161.44732666015625,100.9364013671875,108.1644058227539,19.90111541748047,95.63999938964844,6.929999828338623,83.75,84.6500015258789,100.2999496459961,93.84840393066406,98.2699966430664,120.5999984741211,91.19999694824219,87.08000183105469,89.33000183105469,6.980000019073486,85.5,84.14521789550781,50.290000915527344,11.276426315307617,123.5,101.98999786376953,103.2013931274414,7.995999813079834,69.45999908447266,57.709999084472656,118.0,10.983631134033203,,103.4000015258789,,10.28081226348877,85.33999633789062,81.11000061035156,9.506325721740723,,48.38999938964844,,120.60460662841797,89.20999908447266,94.73604583740234,52.150001525878906,94.1500015258789,103.28016662597656,75.55999755859375,89.62999725341797,8.770000457763672,9.470000267028809,,66.38999938964844,,93.2699966430664,95.38999938964844,,8.449999809265137,249.10000610351562,101.0,83.08000183105469,,
2023-05-09,10.43295955657959,151.89999389648438,160.9437255859375,100.6295166015625,109.3606948852539,19.957082748413086,96.02999877929688,6.980000019073486,82.52999877929688,85.05000305175781,101.46959686279297,94.71893310546875,97.80999755859375,123.9800033569336,92.55000305175781,86.80000305175781,89.1500015258789,7.050000190734863,85.6500015258789,84.09536743164062,49.43000030517578,11.309234619140625,124.98999786376953,101.41999816894531,103.0717544555664,8.043999671936035,70.20999908447266,56.90999984741211,118.77999877929688,11.026966094970703,,102.5999984741211,,10.28081226348877,86.19000244140625,81.79000091552734,9.502330780029297,,48.41999816894531,,120.60460662841797,88.9800033569336,95.30487823486328,51.0,93.77999877929688,104.74803161621094,75.29000091552734,89.97000122070312,8.708000183105469,9.460000038146973,,66.58999633789062,,92.30000305175781,95.81999969482422,,8.357999801635742,248.1999969482422,100.55000305175781,81.62999725341797,,
2023-05-10,10.44282054901123,150.0500030517578,160.95359802246094,100.78791046142578,110.24794006347656,20.247909545898438,95.55000305175781,7.098999977111816,83.30999755859375,85.9800033569336,101.96944427490234,94.92666625976562,97.05000305175781,125.0,91.55999755859375,86.83999633789062,88.75,7.0960001945495605,85.45999908447266,84.75344848632812,49.45000076293945,11.371870994567871,124.80999755859375,101.44999694824219,103.16150665283203,8.11400032043457,71.61000061035156,56.79999923706055,119.4000015258789,10.989540100097656,,102.80999755859375,,10.28081226348877,86.0,83.11000061035156,9.396484375,,49.400001525878906,,120.60460662841797,88.9800033569336,96.52239227294922,50.97999954223633,93.63999938964844,105.14745330810547,75.33000183105469,89.94999694824219,8.710000038146973,9.470000267028809,,65.5,,92.0,97.80000305175781,,8.371000289916992,249.02999877929688,100.4800033569336,83.70999908447266,,
2023-05-11,10.48226547241211,151.6999969482422,162.7310028076172,100.77800750732422,110.65667724609375,20.296878814697266,95.37000274658203,7.0929999351501465,83.6500015258789,85.87000274658203,102.63924407958984,95.49053192138672,96.12999725341797,127.81999969482422,91.36000061035156,86.7699966430664,88.87000274658203,7.063000202178955,85.69999694824219,84.65373992919922,49.619998931884766,11.404680252075195,123.95999908447266,101.94999694824219,103.41081237792969,8.39799976348877,72.3499984741211,57.4900016784668,120.0,10.988554954528809,,103.1500015258789,,10.28081226348877,86.1500015258789,84.30000305175781,9.486353874206543,,51.22999954223633,,120.60460662841797,89.44000244140625,95.38471984863281,51.2599983215332,93.95999908447266,106.36568450927734,75.30000305175781,89.98999786376953,8.814000129699707,9.470000267028809,,66.01000213623047,,94.63999938964844,97.44999694824219,,8.539999961853027,249.3000030517578,100.66999816894531,82.69000244140625,,
2023-05-12,10.48226547241211,153.60000610351562,162.46438598632812,102.68862915039062,113.6374282836914,20.55072784423828,95.0999984741211,7.109000205993652,84.01000213623047,86.30999755859375,103.5689697265625,96.64793395996094,96.76000213623047,126.62000274658203,91.80000305175781,86.19999694824219,88.61000061035156,7.070000171661377,86.11000061035156,85.17223358154297,49.95000076293945,11.373859405517578,124.25,105.55999755859375,103.49058532714844,8.460000038146973,73.44999694824219,57.560001373291016,123.5,11.000373840332031,,103.41000366210938,,10.28081226348877,87.1500015258789,84.33000183105469,9.489350318908691,,53.36000061035156,,120.60460662841797,89.1500015258789,95.10529327392578,51.33000183105469,93.95999908447266,105.247314453125,75.31999969482422,90.66999816894531,8.819999694824219,9.329999923706055,,65.5999984741211,,91.70999908447266,95.73999786376953,,8.598999977111816,249.5,100.5,81.19999694824219,,
2023-05-15,10.561153411865234,153.47999572753906,161.92129516601562,102.4609375,112.6803970336914,20.81956672668457,95.16999816894531,7.110000133514404,86.1500015258789,87.87000274658203,104.85858154296875,97.37996673583984,98.44999694824219,125.0,92.0999984741211,87.0,89.19999694824219,7.105000019073486,86.7699966430664,84.85316467285156,50.97999954223633,11.393742561340332,124.25,106.83999633789062,103.66011047363281,8.930000305175781,73.20999908447266,58.13999938964844,123.0,10.991510391235352,,103.41000366210938,,10.28081226348877,88.79000091552734,83.86000061035156,9.561246871948242,,58.7599983215332,,120.60460662841797,91.8499984741211,95.2948989868164,53.400001525878906,93.41000366210938,104.61822509765625,75.7300033569336,90.0,8.833999633789062,9.3100004196167,,64.62000274658203,,93.29000091552734,96.45999908447266,,8.664999961853027,249.47999572753906,100.55000305175781,82.72000122070312,,
2023-05-16,10.571014404296875,153.49000549316406,160.8548583984375,101.92636108398438,113.6972427368164,20.70763397216797,95.0,7.089000225067139,86.58999633789062,89.4000015258789,105.15849304199219,96.93480682373047,98.6500015258789,127.18000030517578,92.0999984741211,87.05999755859375,89.26000213623047,7.124000072479248,86.7300033569336,84.93292999267578,53.5,11.422575950622559,124.16999816894531,108.5,103.2213363647461,8.890000343322754,74.0,57.529998779296875,125.91999816894531,11.02992057800293,,103.48999786376953,,10.28081226348877,88.20999908447266,83.94000244140625,9.606182098388672,,62.95000076293945,,120.60460662841797,92.16999816894531,95.56434631347656,55.18000030517578,94.51000213623047,104.94774627685547,75.38999938964844,89.80999755859375,8.84000015258789,9.329999923706055,,64.69999694824219,,92.25,96.06999969482422,,8.60200023651123,249.4600067138672,100.98999786376953,82.9800033569336,,
2023-05-17,10.590736389160156,154.13999938964844,160.95359802246094,102.23324584960938,114.00627899169922,20.687646865844727,94.8499984741211,7.103000164031982,89.0,89.75,105.16848754882812,97.14254760742188,98.1500015258789,128.3000030517578,92.5,87.9000015258789,91.37999725341797,7.315999984741211,86.62000274658203,84.75344848632812,53.599998474121094,11.41064453125,125.0,109.44999694824219,103.21136474609375,8.892000198364258,74.68000030517578,58.29999923706055,128.0,11.053559303283691,,103.5,,10.28081226348877,88.69999694824219,85.05000305175781,9.564242362976074,,61.29999923706055,,120.60460662841797,93.12000274658203,96.40263366699219,55.400001525878906,95.0199966430664,105.27726745605469,76.19999694824219,89.98999786376953,8.86400032043457,9.319999694824219,,66.9000015258789,,92.69999694824219,97.0,,8.619999885559082,249.91000366210938,100.62000274658203,83.19999694824219,,
2023-05-18,10.571014404296875,153.5500030517578,160.56849670410156,101.96595764160156,114.84368133544922,20.687646865844727,95.19000244140625,7.159999847412109,88.55999755859375,87.94999694824219,105.44840240478516,96.91502380371094,98.11000061035156,127.2300033569336,92.8499984741211,89.30000305175781,90.58999633789062,7.276000022888184,86.80999755859375,84.8631362915039,54.93000030517578,11.384795188903809,124.87999725341797,110.30000305175781,103.11164855957031,8.960000038146973,75.26000213623047,58.880001068115234,130.0,11.071287155151367,,103.5,,10.28081226348877,88.70999908447266,84.05999755859375,9.682072639465332,,61.9900016784668,,120.60460662841797,93.5999984741211,96.901611328125,56.29999923706055,95.43000030517578,105.77654266357422,78.58000183105469,91.55000305175781,8.859000205993652,9.3100004196167,,65.9800033569336,,92.5,97.0,,8.64900016784668,251.99000549316406,100.9800033569336,83.77999877929688,,
2023-05-19,10.580875396728516,153.10000610351562,160.16000366210938,101.27298736572266,115.21253967285156,20.728622436523438,95.23999786376953,7.13700008392334,88.5,87.9000015258789,105.25846099853516,97.34039306640625,97.9800033569336,126.94999694824219,92.88999938964844,89.41000366210938,90.33999633789062,7.298999786376953,87.25,84.90301513671875,55.619998931884766,11.433511734008789,124.52999877929688,110.54000091552734,102.90222930908203,8.960000038146973,74.80000305175781,59.93000030517578,129.97000122070312,11.019086837768555,,103.76000213623047,,10.28081226348877,88.80000305175781,86.05000305175781,9.716024398803711,,62.70000076293945,,120.60460662841797,93.66999816894531,96.87167358398438,57.5,96.45999908447266,104.54832458496094,78.83000183105469,91.56999969482422,8.84000015258789,9.319999694824219,,64.76000213623047,,92.69999694824219,97.0,,8.6850004196167,256.1099853515625,100.98999786376953,83.36000061035156,,
2023-05-22,10.561153411865234,151.5,160.88999938964844,101.67887115478516,115.60133361816406,20.742612838745117,95.2300033569336,7.136000156402588,87.69999694824219,86.6500015258789,105.9382553100586,97.24147033691406,97.91999816894531,128.5800018310547,93.08000183105469,89.0,89.5999984741211,7.261000156402588,87.05999755859375,85.17223358154297,54.61000061035156,11.433511734008789,124.19999694824219,110.9000015258789,103.41081237792969,8.989999771118164,73.19999694824219,59.880001068115234,129.00999450683594,10.997419357299805,,103.4000015258789,,10.28081226348877,88.83999633789062,86.02999877929688,9.72001838684082,,65.0,,120.60460662841797,93.80999755859375,96.37269592285156,56.91999816894531,96.06999969482422,103.59970092773438,78.93000030517578,92.12999725341797,8.779000282287598,9.289999961853027,,64.41999816894531,,92.4800033569336,97.98999786376953,,8.736000061035156,262.70001220703125,102.02999877929688,83.27999877929688,,
2023-05-23,10.561153411865234,150.35000610351562,159.61000061035156,99.93653869628906,115.6412124633789,20.712631225585938,95.30999755859375,7.218999862670898,87.33999633789062,86.2699966430664,106.338134765625,96.84577941894531,98.27999877929688,129.14999389648438,93.30000305175781,89.38999938964844,89.73999786376953,7.2270002365112305,87.0999984741211,85.65084075927734,56.0099983215332,11.473280906677246,124.72000122070312,110.22000122070312,103.56039428710938,9.079999923706055,73.9800033569336,60.20000076293945,133.49000549316406,11.134321212768555,,103.38999938964844,,10.28081226348877,89.05000305175781,85.5999984741211,9.75896167755127,,66.9000015258789,,120.60460662841797,93.93000030517578,95.55436706542969,56.849998474121094,96.44000244140625,103.23023986816406,78.51000213623047,91.05999755859375,8.802000045776367,9.279999732971191,,64.8499984741211,,92.70999908447266,97.80000305175781,,8.729999542236328,262.4800109863281,102.30999755859375,83.16999816894531,,
2023-05-24,10.344209671020508,150.2899932861328,158.80999755859375,98.89707946777344,114.49476623535156,20.69963836669922,95.02999877929688,7.250999927520752,87.33999633789062,85.25,105.98824310302734,96.74685668945312,98.04000091552734,129.5,93.55000305175781,88.68000030517578,89.31999969482422,7.189000129699707,87.0199966430664,85.73060607910156,55.060001373291016,11.433511734008789,122.27999877929688,110.63999938964844,103.60028076171875,9.088000297546387,74.79000091552734,59.47999954223633,133.0,11.2012939453125,,102.4000015258789,,10.28081226348877,88.80000305175781,86.30000305175781,9.925722122192383,,64.9800033569336,,120.60460662841797,93.88999938964844,93.96762084960938,56.400001525878906,95.37999725341797,101.75238037109375,79.69999694824219,92.0,8.819999694824219,9.1899995803833,,65.0999984741211,,92.1500015258789,97.80000305175781,,8.66100025177002,267.0,101.88999938964844,83.30000305175781,,
2023-05-25,10.452681541442871,149.0,159.7100067138672,100.75820922851562,113.85674285888672,20.897520065307617,95.0,7.295000076293945,87.9800033569336,84.26000213623047,105.958251953125,96.95459747314453,98.69999694824219,131.00999450683594,94.30000305175781,88.38999938964844,90.43000030517578,7.300000190734863,86.87999725341797,86.24909973144531,57.099998474121094,11.483222961425781,124.55000305175781,110.75,103.97921752929688,9.053999900817871,74.94000244140625,58.79999923706055,134.99000549316406,10.85657787322998,,102.63999938964844,,10.28081226348877,89.16000366210938,86.5,9.925722122192383,,64.73999786376953,,120.60460662841797,94.19000244140625,94.12728881835938,57.150001525878906,95.6500015258789,102.55122375488281,80.05000305175781,92.80000305175781,8.847999572753906,9.149999618530273,,66.13999938964844,,91.9000015258789,96.87000274658203,,8.697999954223633,262.8999938964844,102.20999908447266,83.37999725341797,,
2023-05-26,10.37379264831543,148.5800018310547,159.5,100.84984588623047,114.4449234008789,20.79458236694336,95.0199966430664,7.293000221252441,87.25,84.62000274658203,106.20817565917969,97.1623306274414,98.58000183105469,133.39999389648438,94.45999908447266,89.4000015258789,90.20999908447266,7.499000072479248,87.01000213623047,87.525390625,56.5,11.53094482421875,124.83000183105469,111.76000213623047,103.2013931274414,9.095999717712402,74.33999633789062,58.4900016784668,137.99000549316406,10.766951560974121,,103.19999694824219,,10.28081226348877,89.12000274658203,84.5,9.937705039978027,,65.45999908447266,,120.60460662841797,94.0,95.18512725830078,56.900001525878906,94.69999694824219,103.54977416992188,80.69000244140625,93.44000244140625,8.944000244140625,9.119999885559082,,66.52999877929688,,91.7699966430664,96.83999633789062,,8.550000190734863,264.9800109863281,99.81999969482422,83.75,,
2023-05-29,10.50198745727539,148.8000030517578,159.33999633789062,100.81014251708984,114.18572235107422,20.88153076171875,95.0,7.297999858856201,87.55000305175781,85.0,104.96855163574219,96.57868957519531,98.4000015258789,131.27000427246094,95.30000305175781,89.20999908447266,89.8499984741211,7.408999919891357,87.08999633789062,86.64794158935547,56.38999938964844,11.532934188842773,124.79000091552734,112.62999725341797,103.49058532714844,9.067999839782715,73.56999969482422,58.560001373291016,136.6300048828125,10.735434532165527,,103.98999786376953,,10.28081226348877,89.06999969482422,83.91000366210938,9.884780883789062,,64.69999694824219,,120.60460662841797,94.20999908447266,96.63216400146484,57.0,95.4000015258789,104.138916015625,78.55000305175781,93.5,9.0,9.130000114440918,,66.43000030517578,,91.5,97.80999755859375,,8.571000099182129,265.0,99.93000030517578,83.51000213623047,,
2023-05-30,10.452681541442871,148.97999572753906,159.0800018310547,100.1847915649414,116.35897827148438,20.78658676147461,94.9800033569336,7.204999923706055,86.8499984741211,84.9000015258789,105.65834045410156,96.93480682373047,97.61000061035156,134.75,95.5,88.81999969482422,89.86000061035156,7.251999855041504,87.18000030517578,86.84735870361328,54.79999923706055,11.532934188842773,124.54000091552734,113.5,103.4806137084961,8.887999534606934,73.48999786376953,58.65999984741211,132.6999969482422,10.736419677734375,,104.01000213623047,,10.28081226348877,89.0999984741211,84.9000015258789,9.86081600189209,,64.4000015258789,,120.60460662841797,94.0199966430664,97.5802230834961,50.79999923706055,95.48999786376953,103.35005950927734,78.63999938964844,92.02999877929688,9.071000099182129,9.140000343322754,,65.88999938964844,,91.33999633789062,98.9000015258789,,8.59000015258789,266.0,100.1500015258789,83.61000061035156,,
2023-05-31,10.561153411865234,152.2899932861328,159.11000061035156,100.62154388427734,117.63502502441406,20.758604049682617,95.23999786376953,7.199999809265137,87.02999877929688,85.5,105.86827850341797,97.37007141113281,97.72000122070312,132.3800048828125,95.62000274658203,89.80000305175781,90.41000366210938,7.276000022888184,87.4000015258789,87.73477935791016,52.599998474121094,11.566737174987793,125.30000305175781,113.0,104.03905487060547,8.90999984741211,74.70999908447266,58.59000015258789,135.61000061035156,10.927491188049316,,103.69999694824219,,10.28081226348877,89.4000015258789,85.69000244140625,9.873797416687012,,64.63999938964844,,120.60460662841797,93.9800033569336,98.29875183105469,49.459999084472656,95.4000015258789,105.646728515625,78.66000366210938,92.3499984741211,9.098999977111816,9.140000343322754,,65.81999969482422,,91.0199966430664,98.94000244140625,,8.60200023651123,263.7200012207031,100.62999725341797,83.5199966430664,,
2023-06-01,10.44282054901123,151.52000427246094,161.0,101.24689483642578,116.13966369628906,20.68065071105957,93.0,7.297999858856201,85.19999694824219,86.4000015258789,105.8782730102539,97.30082702636719,97.41999816894531,127.5,93.80000305175781,91.56999969482422,89.3499984741211,7.269999980926514,86.5,86.69779968261719,52.040000915527344,11.585627555847168,125.12000274658203,112.06999969482422,103.36094665527344,8.871999740600586,72.5999984741211,58.81999969482422,127.0,10.981660842895508,,101.94999694824219,,10.28081226348877,88.25,85.0,9.736993789672852,,64.73999786376953,,120.60460662841797,93.33999633789062,98.02930450439453,50.0,95.26000213623047,105.74658966064453,78.9800033569336,92.5,8.85200023651123,9.140000343322754,,66.23999786376953,,91.0,97.5,,8.5600004196167,270.0,99.9800033569336,83.0,,
2023-06-02,10.452681541442871,152.58999633789062,160.89999389648438,101.544677734375,116.83749389648438,20.72662353515625,93.05000305175781,7.400000095367432,85.9000015258789,87.79000091552734,106.53807830810547,97.4591064453125,99.55000305175781,128.35000610351562,93.80000305175781,89.5,91.44000244140625,7.151000022888184,87.87000274658203,87.47553253173828,52.04999923706055,11.585627555847168,126.91000366210938,113.33999633789062,103.17147827148438,8.836000442504883,72.80000305175781,58.849998474121094,130.5,10.954084396362305,,102.30999755859375,,10.28081226348877,88.4000015258789,84.30999755859375,9.717022895812988,,65.4000015258789,,120.60460662841797,92.62999725341797,99.03723907470703,50.5,94.66000366210938,111.83775329589844,78.5,92.79000091552734,8.824000358581543,9.239999771118164,,67.63999938964844,,93.12999725341797,98.43000030517578,,8.663000106811523,280.9800109863281,101.5,81.37000274658203,,
2023-06-05,10.511848449707031,153.6999969482422,158.8000030517578,100.94911193847656,116.03997039794922,20.867538452148438,93.69000244140625,7.392000198364258,86.06999969482422,87.98999786376953,109.19728088378906,98.28016662597656,102.27999877929688,130.3000030517578,93.81999969482422,89.69999694824219,89.44999694824219,7.211999893188477,87.38999938964844,88.6919937133789,52.0099983215332,11.450413703918457,126.69999694824219,114.0,103.47064208984375,8.871999740600586,72.98999786376953,58.650001525878906,132.0,11.02105712890625,,102.04000091552734,,10.28081226348877,88.06999969482422,85.80000305175781,9.676081657409668,,65.51000213623047,,120.60460662841797,92.80000305175781,98.1191177368164,50.84000015258789,95.01000213623047,112.33702850341797,78.68000030517578,92.52999877929688,8.84000015258789,9.260000228881836,,67.22000122070312,,92.66999816894531,98.12999725341797,,8.630000114440918,272.54998779296875,100.76000213623047,81.97000122070312,,
2023-06-06,10.541431427001953,152.67999267578125,158.22999572753906,100.84984588623047,113.8168716430664,20.637676239013672,93.41000366210938,7.5,86.2300033569336,87.44999694824219,109.29724884033203,98.71542358398438,102.37999725341797,131.3699951171875,93.3499984741211,89.79000091552734,90.66000366210938,7.242000102996826,87.95999908447266,88.80167388916016,52.33000183105469,11.542876243591309,126.63999938964844,113.94999694824219,103.30111694335938,8.829999923706055,74.13999938964844,58.70000076293945,133.0,11.074241638183594,,102.30000305175781,,10.28081226348877,88.25,84.98999786376953,9.832856178283691,,64.80999755859375,,120.60460662841797,92.5,97.06128692626953,50.970001220703125,94.94000244140625,112.02747344970703,78.69999694824219,92.62000274658203,8.83899974822998,9.270000457763672,,67.25,,92.0999984741211,98.12999725341797,,8.640000343322754,274.760009765625,100.66999816894531,82.91999816894531,,
2023-06-07,10.561153411865234,152.64999389648438,158.25,100.72080993652344,112.76014709472656,20.57771110534668,93.66999816894531,7.375,86.08000183105469,87.94999694824219,108.91736602783203,98.92316436767578,102.66000366210938,132.69000244140625,92.88999938964844,89.86000061035156,90.08999633789062,7.263000011444092,88.2300033569336,89.64920806884766,54.25,11.74669075012207,126.73999786376953,114.04000091552734,103.11164855957031,8.850000381469727,74.80000305175781,59.0,135.0,11.154019355773926,,102.0199966430664,,10.28081226348877,87.37999725341797,87.3499984741211,9.919731140136719,,64.87999725341797,,120.60460662841797,92.68000030517578,97.29081726074219,51.400001525878906,94.20999908447266,111.80779266357422,79.47000122070312,92.55000305175781,9.026000022888184,9.300000190734863,,68.0999984741211,,92.4000015258789,98.66000366210938,,8.696000099182129,269.1300048828125,101.30000305175781,83.5999984741211,,
2023-06-09,10.561153411865234,154.41000366210938,159.00999450683594,101.15756225585938,112.6504898071289,20.527740478515625,93.69000244140625,7.389999866485596,85.44999694824219,88.5999984741211,108.95735168457031,99.07154846191406,103.0,133.24000549316406,93.19000244140625,90.0,91.9000015258789,7.355999946594238,88.54000091552734,90.13778686523438,52.75,11.83617115020752,126.5999984741211,114.44000244140625,102.99198150634766,8.869999885559082,75.0,59.029998779296875,135.97999572753906,11.129396438598633,,102.66999816894531,,10.28081226348877,88.0999984741211,88.0,9.913740158081055,,61.5,,120.60460662841797,92.91000366210938,97.89956665039062,50.54999923706055,94.63999938964844,111.33847045898438,82.19999694824219,92.02999877929688,8.989999771118164,9.300000190734863,,68.31999969482422,,92.37999725341797,98.91999816894531,,8.744000434875488,269.989990234375,101.73999786376953,83.54000091552734,,
2023-06-12,10.551292419433594,154.58999633789062,160.0,101.23696899414062,112.4710464477539,20.73761558532715,93.4000015258789,7.25,85.0,87.91000366210938,109.04732513427734,99.41777801513672,102.05000305175781,132.8000030517578,93.25,93.05999755859375,91.80000305175781,7.380000114440918,87.56999969482422,91.48387145996094,53.18000030517578,11.783476829528809,126.0,114.98999786376953,103.90941619873047,8.819999694824219,76.25,60.5,136.00999450683594,11.178641319274902,,102.1500015258789,,10.28081226348877,88.5999984741211,88.16999816894531,9.928717613220215,,60.599998474121094,,120.60460662841797,93.19999694824219,98.32868957519531,50.88999938964844,94.55000305175781,111.40837097167969,81.0,91.0999984741211,8.947999954223633,9.319999694824219,,67.9000015258789,,92.1500015258789,98.7699966430664,,8.765999794006348,264.20001220703125,100.98999786376953,83.5999984741211,,
2023-06-13,10.561153411865234,155.89999389648438,159.99000549316406,101.0979995727539,111.65357971191406,20.624683380126953,93.63999938964844,7.349999904632568,85.0999984741211,86.58000183105469,109.0973129272461,99.88272094726562,102.0,132.0500030517578,93.6500015258789,93.05999755859375,90.19999694824219,7.322000026702881,87.95999908447266,90.73604583740234,53.689998626708984,11.806344032287598,126.12999725341797,118.12999725341797,104.75704193115234,8.85200023651123,76.8499984741211,60.70000076293945,136.0,11.158943176269531,,103.04000091552734,,10.28081226348877,88.23999786376953,87.33999633789062,9.942697525024414,,59.9900016784668,,120.60460662841797,92.87000274658203,96.92156982421875,51.2599983215332,94.05999755859375,111.33847045898438,81.5,91.19000244140625,8.88599967956543,9.3100004196167,,69.27999877929688,,92.06999969482422,98.5999984741211,,8.847999572753906,264.489990234375,101.69999694824219,83.30999755859375,,
2023-06-14,10.561153411865234,155.27000427246094,160.5,101.24689483642578,109.85914611816406,20.917509078979492,94.23999786376953,7.328999996185303,85.76000213623047,86.76000213623047,109.19728088378906,100.73345947265625,103.69000244140625,133.5,93.08000183105469,92.0999984741211,91.5,7.440000057220459,86.30000305175781,90.90555572509766,53.689998626708984,11.503107070922852,128.99000549316406,117.9000015258789,104.68724060058594,8.9399995803833,78.44999694824219,60.5,136.0,11.128411293029785,,104.06999969482422,,10.28081226348877,88.55000305175781,87.23999786376953,10.015592575073242,,58.970001220703125,,120.60460662841797,92.95999908447266,97.13114166259766,50.900001525878906,95.9000015258789,111.4882583618164,81.3499984741211,90.4800033569336,8.899999618530273,9.25,,68.31999969482422,,92.33000183105469,100.2300033569336,,8.859999656677246,263.04998779296875,101.25,85.19999694824219,,
2023-06-15,10.669624328613281,155.47000122070312,162.0,101.74320220947266,111.04546356201172,20.983469009399414,94.9000015258789,7.324999809265137,85.94000244140625,87.02999877929688,109.46720123291016,100.62464141845703,103.45999908447266,131.00999450683594,93.1500015258789,89.80999755859375,89.8499984741211,7.369999885559082,86.44999694824219,91.26451110839844,53.11000061035156,11.633350372314453,130.0,118.0,104.64735412597656,8.868000030517578,78.79000091552734,61.349998474121094,142.0,11.168791770935059,,103.72000122070312,,10.28081226348877,88.55000305175781,86.37999725341797,10.084493637084961,,59.400001525878906,,120.60460662841797,93.41999816894531,97.13114166259766,49.209999084472656,95.98999786376953,111.18869018554688,82.5,89.98999786376953,8.899999618530273,9.300000190734863,,68.77999877929688,,92.69999694824219,100.66999816894531,,8.810999870300293,262.54998779296875,102.25,85.58000183105469,,
2023-06-16,10.738651275634766,156.38999938964844,162.0,103.48028564453125,111.83302307128906,20.98746681213379,95.9800033569336,7.434999942779541,86.30000305175781,87.94000244140625,110.95675659179688,100.2883071899414,104.0,133.39999389648438,93.86000061035156,90.2699966430664,89.93000030517578,7.380000114440918,86.22000122070312,91.15483093261719,54.20000076293945,11.701951026916504,130.3000030517578,117.16000366210938,104.66729736328125,8.904000282287598,79.80000305175781,62.38999938964844,139.44000244140625,11.277132034301758,,103.80000305175781,,10.28081226348877,88.5999984741211,87.38999938964844,10.162382125854492,,59.58000183105469,,120.60460662841797,93.41999816894531,97.18103790283203,50.2599983215332,96.51000213623047,111.38839721679688,83.36000061035156,90.37000274658203,8.963000297546387,9.359999656677246,,68.98999786376953,,93.0,100.02999877929688,,8.932999610900879,266.0,104.69999694824219,85.63999938964844,,
2023-06-19,10.81753921508789,156.91000366210938,164.3699951171875,102.93434143066406,113.10906219482422,20.9854679107666,96.5,7.414999961853027,87.3499984741211,87.98999786376953,110.96675109863281,100.40701293945312,104.48999786376953,133.60000610351562,93.9800033569336,90.30999755859375,89.69999694824219,7.414999961853027,86.3499984741211,91.33430480957031,53.02000045776367,11.87593936920166,130.8800048828125,118.0999984741211,104.69721221923828,9.013999938964844,79.9000015258789,63.16999816894531,140.0,11.07719612121582,,103.5,,10.28081226348877,88.69999694824219,87.16999816894531,10.230283737182617,,59.599998474121094,,120.60460662841797,93.36000061035156,96.79183959960938,50.849998474121094,96.33999633789062,111.83775329589844,82.76000213623047,90.41000366210938,8.904999732971191,9.40999984741211,,68.69999694824219,,93.38999938964844,99.75,,8.9399995803833,269.8999938964844,105.87999725341797,85.12999725341797,,
2023-06-20,10.669624328613281,156.91000366210938,164.72999572753906,103.13286590576172,113.22869110107422,20.98746681213379,97.08000183105469,7.409999847412109,88.44999694824219,88.69999694824219,110.96675109863281,100.00142669677734,104.1500015258789,133.3000030517578,93.94999694824219,90.69999694824219,89.69999694824219,7.489999771118164,86.55000305175781,91.93257141113281,54.040000915527344,11.87593936920166,130.19000244140625,117.93000030517578,104.68724060058594,9.008000373840332,79.02999877929688,63.59000015258789,140.0,10.942264556884766,,103.52999877929688,,10.28081226348877,89.80000305175781,87.8499984741211,10.416016578674316,,59.5099983215332,,120.60460662841797,93.6500015258789,96.79183959960938,50.79999923706055,95.8499984741211,111.6879653930664,83.29000091552734,90.30000305175781,8.890999794006348,9.4399995803833,,70.66999816894531,,93.75,99.69999694824219,,8.998000144958496,270.3999938964844,107.5199966430664,85.73999786376953,,
2023-06-21,10.64990234375,157.47000122070312,165.82000732421875,103.42072296142578,113.19878387451172,20.98746681213379,97.76000213623047,7.388000011444092,87.37999725341797,88.37999725341797,111.36663055419922,100.35755157470703,105.05999755859375,131.44000244140625,94.33000183105469,91.48999786376953,89.7300033569336,7.519999980926514,86.87000274658203,92.03227996826172,55.040000915527344,11.930621147155762,132.7899932861328,118.25,104.96646118164062,9.086000442504883,78.9000015258789,63.380001068115234,143.89999389648438,11.001358985900879,,103.75,,10.28081226348877,90.75,89.9000015258789,10.250255584716797,,59.5,,120.60460662841797,93.83000183105469,97.22095489501953,50.59000015258789,95.3499984741211,113.0360107421875,84.30000305175781,89.69000244140625,8.859000205993652,9.420000076293945,,69.61000061035156,,94.1500015258789,100.0,,9.074999809265137,270.3999938964844,107.48999786376953,87.0,,
2023-06-22,10.571014404296875,156.97999572753906,165.0,103.43064880371094,112.78008270263672,20.847551345825195,97.86000061035156,7.385000228881836,87.38999938964844,87.88999938964844,111.9664535522461,100.40701293945312,104.30999755859375,131.2100067138672,94.5,92.9800033569336,90.0,7.71999979019165,86.33000183105469,92.02230834960938,54.810001373291016,11.88090991973877,131.47000122070312,118.0,105.18584442138672,9.095999717712402,78.66000366210938,63.220001220703125,145.0,10.96787166595459,,103.7699966430664,,10.28081226348877,90.76000213623047,90.0199966430664,10.372079849243164,,59.31999969482422,,120.60460662841797,93.38999938964844,96.46250915527344,50.349998474121094,95.05000305175781,114.294189453125,84.75,90.0,8.807999610900879,9.399999618530273,,69.69000244140625,,97.98999786376953,99.44000244140625,,9.116000175476074,271.9800109863281,104.76000213623047,86.0199966430664,,
2023-06-23,10.630180358886719,157.38999938964844,165.47999572753906,103.23212432861328,113.74708557128906,20.98746681213379,97.5,7.388999938964844,88.55999755859375,87.61000061035156,112.08641815185547,100.3971176147461,105.44000244140625,134.63999938964844,94.0,90.55999755859375,90.43000030517578,7.809999942779541,87.45999908447266,92.43111419677734,57.5,12.092679023742676,133.3000030517578,118.0,104.60746002197266,9.128000259399414,77.5,63.290000915527344,144.0,10.996434211730957,,103.87000274658203,,10.28081226348877,91.0,91.9800033569336,10.375076293945312,,58.75,,120.60460662841797,93.30999755859375,96.49244689941406,50.040000915527344,95.01000213623047,114.83340454101562,85.68000030517578,89.47000122070312,8.819999694824219,9.270000457763672,,69.86000061035156,,96.9000015258789,99.58999633789062,,8.932000160217285,271.9700012207031,106.08000183105469,86.73999786376953,,
2023-06-26,10.610458374023438,156.97000122070312,165.6999969482422,103.43064880371094,114.54460906982422,21.097400665283203,98.0,7.410999774932861,88.66999816894531,87.0,112.08641815185547,100.25862884521484,104.9000015258789,134.24000549316406,93.44999694824219,90.38999938964844,90.62999725341797,7.7789998054504395,87.86000061035156,92.58068084716797,58.54999923706055,12.069811820983887,133.80999755859375,117.87999725341797,104.64735412597656,9.197999954223633,76.97000122070312,65.08999633789062,143.5,11.112652778625488,,104.0,,10.28081226348877,91.22000122070312,92.12000274658203,10.462949752807617,,58.15999984741211,,120.60460662841797,93.1500015258789,94.9256591796875,50.0099983215332,96.70999908447266,115.97174835205078,86.51000213623047,89.8499984741211,8.812000274658203,9.25,,69.69999694824219,,96.33999633789062,100.16000366210938,,9.034000396728516,271.0,105.98999786376953,86.88999938964844,,
2023-06-27,10.590736389160156,157.47999572753906,166.0,103.63909912109375,115.54151916503906,21.34325408935547,97.30000305175781,7.409999847412109,88.83999633789062,87.75,112.7662124633789,100.3971176147461,105.30999755859375,135.99000549316406,93.69999694824219,90.75,90.66999816894531,7.918000221252441,88.5,92.33140563964844,57.810001373291016,12.031037330627441,132.77999877929688,117.91999816894531,104.63738250732422,9.199999809265137,78.75,66.66000366210938,144.0500030517578,11.113637924194336,,103.86000061035156,,10.28081226348877,91.08000183105469,91.91999816894531,10.474932670593262,,57.86000061035156,,120.60460662841797,92.95999908447266,96.21302032470703,50.4900016784668,96.8499984741211,116.23137664794922,86.08000183105469,89.88999938964844,8.779999732971191,9.359999656677246,,69.80999755859375,,98.0,100.76000213623047,,8.970999717712402,269.989990234375,106.44000244140625,86.12000274658203,,
2023-06-28,10.638862609863281,159.0,165.89999389648438,103.92695617675781,116.23934936523438,21.35924530029297,96.9000015258789,7.418000221252441,88.48999786376953,89.4000015258789,113.02613067626953,100.2883071899414,105.4000015258789,136.75,92.93000030517578,91.52999877929688,91.04000091552734,7.881999969482422,88.41000366210938,92.23169708251953,58.06999969482422,12.039984703063965,133.1699981689453,116.9000015258789,104.69721221923828,9.279999732971191,77.51000213623047,66.43000030517578,143.14999389648438,11.177656173706055,,103.8499984741211,,10.28081226348877,91.16999816894531,92.33000183105469,10.499897003173828,,57.68000030517578,,120.60460662841797,92.87999725341797,96.40263366699219,50.75,96.80000305175781,115.73210144042969,86.8499984741211,89.9800033569336,8.73900032043457,9.350000381469727,,69.81999969482422,,97.44999694824219,101.41999816894531,,8.970999717712402,271.82000732421875,106.33999633789062,87.0,,
2023-06-29,10.658712387084961,160.8000030517578,165.94000244140625,104.22474670410156,117.83440399169922,21.708036422729492,97.08999633789062,7.611000061035156,89.29000091552734,88.55999755859375,113.36603546142578,100.01132202148438,107.25,139.17999267578125,93.5999984741211,92.20999908447266,90.5,7.751999855041504,89.19000244140625,92.36132049560547,58.959999084472656,12.129465103149414,132.5,116.3499984741211,107.28996276855469,9.289999961853027,78.76000213623047,66.5,143.30999755859375,11.275161743164062,,103.86000061035156,,10.28081226348877,91.55000305175781,91.6500015258789,10.61972427368164,,57.0,,120.60460662841797,93.36000061035156,97.10120391845703,51.2400016784668,97.41000366210938,116.56089782714844,86.72000122070312,90.04000091552734,8.774999618530273,9.380000114440918,,71.5,,97.4800033569336,101.58000183105469,,8.982999801635742,271.69000244140625,107.9800033569336,86.66999816894531,,
2023-06-30,10.817501068115234,159.77000427246094,167.22999572753906,104.71112823486328,119.32976531982422,21.776994705200195,97.6500015258789,7.900000095367432,89.29000091552734,88.81999969482422,114.15579223632812,101.53473663330078,111.0,141.58999633789062,93.69999694824219,92.66000366210938,91.16999816894531,8.0,90.0,93.32850646972656,58.4900016784668,12.378020286560059,132.36000061035156,116.56999969482422,110.18187713623047,9.394000053405762,79.69999694824219,66.79000091552734,143.77999877929688,11.361832618713379,,104.0,,10.28081226348877,91.88999938964844,93.01000213623047,10.64369010925293,,58.619998931884766,,120.60460662841797,94.51000213623047,98.1191177368164,51.88999938964844,97.0,117.4595947265625,87.19000244140625,90.68000030517578,8.901000022888184,9.510000228881836,,72.9000015258789,,99.9800033569336,102.44999694824219,,8.972000122070312,278.0,107.93000030517578,88.0,,
2023-07-03,10.569393157958984,156.77999877929688,164.5,104.62178802490234,120.40642547607422,21.786989212036133,96.62999725341797,7.943999767303467,90.0,88.58000183105469,113.416015625,102.6426773071289,105.69999694824219,133.02999877929688,91.94000244140625,93.80000305175781,90.69999694824219,7.8420000076293945,90.75,92.48097229003906,57.779998779296875,12.213973999023438,130.2100067138672,117.04000091552734,108.9453353881836,9.359999656677246,80.69999694824219,66.5999984741211,143.39999389648438,11.415018081665039,,102.86000061035156,,10.28081226348877,90.8499984741211,92.77999877929688,10.506887435913086,,58.9900016784668,,120.60460662841797,92.80000305175781,99.58611297607422,53.0,96.5,116.97030639648438,86.08999633789062,89.13999938964844,8.88599967956543,9.520000457763672,,71.8499984741211,,95.12999725341797,100.33999633789062,,8.850000381469727,275.75,107.0,86.69000244140625,,
2023-07-04,10.589241027832031,156.94000244140625,165.0,104.22474670410156,118.66183471679688,21.82696533203125,97.27999877929688,7.73199987411499,91.79000091552734,88.75,113.69593048095703,103.4736328125,105.4000015258789,135.63999938964844,91.70999908447266,92.6500015258789,90.69999694824219,7.901000022888184,91.2300033569336,92.7103042602539,59.310001373291016,12.100632667541504,129.17999267578125,116.16999816894531,108.59630584716797,9.13599967956543,79.79000091552734,66.62000274658203,144.8000030517578,11.464262962341309,,103.79000091552734,,10.28081226348877,90.88999938964844,93.4800033569336,10.530852317810059,,59.79999923706055,,120.60460662841797,92.95999908447266,99.73580932617188,53.5,96.5,117.82905578613281,86.0999984741211,89.0,8.791999816894531,9.550000190734863,,73.0999984741211,,94.30000305175781,101.55000305175781,,8.84000015258789,276.32000732421875,107.43000030517578,87.5,,
2023-07-05,10.599165916442871,157.1300048828125,165.0,104.10562896728516,119.43942260742188,21.690046310424805,97.5,7.798999786376953,92.1500015258789,88.66999816894531,113.63594818115234,102.87020111083984,107.08000183105469,139.33999633789062,92.19999694824219,93.0,91.2300033569336,8.1899995803833,90.94000244140625,92.81001281738281,62.459999084472656,12.120516777038574,128.80999755859375,117.97000122070312,108.98522186279297,9.194000244140625,80.66999816894531,67.9800033569336,146.85000610351562,11.465248107910156,,103.80000305175781,,10.28081226348877,91.27999877929688,93.12999725341797,10.692619323730469,,59.9900016784668,,120.60460662841797,93.1500015258789,99.61605834960938,51.70000076293945,96.5,116.83050537109375,85.97000122070312,88.93000030517578,8.791999816894531,9.539999961853027,,72.68000030517578,,95.4800033569336,101.5199966430664,,8.90999984741211,278.989990234375,107.37999725341797,87.29000091552734,,
2023-07-06,10.599165916442871,157.89999389648438,165.41000366210938,103.87732696533203,119.72852325439453,21.7759952545166,97.9000015258789,7.798999786376953,92.69999694824219,88.83999633789062,113.73592376708984,103.07793426513672,106.87999725341797,140.83999633789062,92.5,94.41000366210938,91.27999877929688,8.12399959564209,91.31999969482422,92.72027587890625,62.2599983215332,12.25473690032959,129.8800048828125,117.61000061035156,108.73591613769531,9.246000289916992,79.79000091552734,69.0,147.5,11.459339141845703,,103.87999725341797,,10.28081226348877,91.98999786376953,92.30000305175781,10.655673027038574,,59.95000076293945,,120.60460662841797,93.19999694824219,100.10505676269531,52.06999969482422,96.5,116.57088470458984,85.63999938964844,88.69999694824219,8.815999984741211,9.600000381469727,,72.56999969482422,,97.51000213623047,101.20999908447266,,8.861000061035156,275.5,105.83000183105469,88.37000274658203,,
2023-07-07,10.628938674926758,158.58999633789062,166.35000610351562,103.8318862915039,120.09738159179688,22.226726531982422,99.0,7.925000190734863,92.0,89.9000015258789,114.1657943725586,103.37471008300781,107.5,141.08999633789062,92.30999755859375,94.80999755859375,91.6500015258789,8.1899995803833,91.98999786376953,92.74021911621094,63.25,12.243800163269043,129.1999969482422,117.80000305175781,108.93536376953125,9.3100004196167,79.83000183105469,70.58999633789062,147.8000030517578,11.504644393920898,,103.83999633789062,,10.28081226348877,91.98999786376953,93.22000122070312,10.6626615524292,,59.93000030517578,,120.60460662841797,93.9800033569336,100.46431732177734,52.33000183105469,96.5,118.22847747802734,86.06999969482422,89.0,8.815999984741211,9.65999984741211,,72.87000274658203,,96.4000015258789,100.80000305175781,,8.970999717712402,276.7799987792969,107.5,87.94000244140625,,
2023-07-10,10.589241027832031,158.50999450683594,167.0,104.11090087890625,119.98772430419922,22.136781692504883,98.29000091552734,7.986999988555908,89.16000366210938,89.83999633789062,113.72592163085938,103.37471008300781,107.01000213623047,141.5,91.5999984741211,95.08999633789062,91.52999877929688,8.133000373840332,91.5,92.5407943725586,60.54999923706055,12.189118385314941,128.8699951171875,116.73999786376953,108.89546966552734,9.355999946594238,79.9800033569336,69.48999786376953,147.6699981689453,11.651394844055176,,103.80000305175781,,10.28081226348877,91.75,93.0,10.729565620422363,,57.869998931884766,,120.60460662841797,93.41999816894531,100.04517364501953,51.290000915527344,96.5,116.13152313232422,86.16999816894531,88.29000091552734,8.802000045776367,9.640000343322754,,73.80000305175781,,96.9000015258789,101.9000015258789,,9.038999557495117,277.8900146484375,107.87999725341797,84.4800033569336,,
2023-07-11,10.599165916442871,159.39999389648438,167.83999633789062,104.12086486816406,120.80518341064453,22.28269386291504,98.5999984741211,7.999000072479248,88.8499984741211,89.77999877929688,114.05582427978516,103.05815124511719,107.11000061035156,142.0500030517578,90.94999694824219,93.91000366210938,90.0999984741211,8.017999649047852,92.0999984741211,91.95250701904297,60.54999923706055,12.087708473205566,128.97000122070312,116.6500015258789,108.54644775390625,9.312000274658203,80.0,69.45999908447266,148.8800048828125,11.676016807556152,,103.75,,10.28081226348877,92.0199966430664,93.01000213623047,10.665657997131348,,58.0,,120.60460662841797,93.06999969482422,100.0152359008789,51.0,96.5,115.60228729248047,86.08999633789062,89.66000366210938,8.791000366210938,9.649999618530273,,75.0,,96.0199966430664,102.0999984741211,,8.980999946594238,277.20001220703125,107.9000015258789,84.86000061035156,,
2023-07-12,10.609089851379395,159.47000122070312,166.60000610351562,103.6325912475586,120.49614715576172,22.376636505126953,98.5199966430664,7.960000038146973,88.6500015258789,88.11000061035156,113.86588287353516,103.14718627929688,107.41000366210938,143.8000030517578,90.26000213623047,94.44999694824219,88.51000213623047,8.114999771118164,91.61000061035156,92.610595703125,61.2400016784668,12.059869766235352,129.69000244140625,117.5,109.44393920898438,9.234000205993652,81.75,68.44999694824219,153.32000732421875,11.611014366149902,,103.80000305175781,,10.28081226348877,92.12999725341797,92.98999786376953,10.5847749710083,,58.20000076293945,,120.60460662841797,93.0,98.81768798828125,51.150001525878906,96.5,114.84339141845703,85.62000274658203,88.2699966430664,8.791000366210938,9.699999809265137,,74.3499984741211,,96.75,101.69999694824219,,8.925000190734863,278.6499938964844,107.44999694824219,85.29000091552734,,
2023-07-13,10.529696464538574,159.17999267578125,167.13999938964844,103.73223876953125,120.57589721679688,22.17775535583496,98.87999725341797,7.946000099182129,88.5,87.4000015258789,113.86588287353516,102.78116607666016,107.54000091552734,143.5399932861328,90.79000091552734,92.7699966430664,88.93000030517578,8.076000213623047,90.72000122070312,92.52085876464844,62.209999084472656,12.059869766235352,129.3699951171875,117.55000305175781,110.37134552001953,9.109999656677246,80.73999786376953,67.30000305175781,154.41000366210938,11.596240043640137,,104.06999969482422,,10.28081226348877,92.20999908447266,93.08000183105469,10.68463134765625,,58.099998474121094,,120.60460662841797,93.19999694824219,99.29670715332031,51.5,96.5,114.05453491210938,85.52999877929688,88.73999786376953,8.788999557495117,9.579999923706055,,74.69999694824219,,97.38999938964844,100.62999725341797,,8.970000267028809,284.0,107.69000244140625,85.9800033569336,,
2023-07-14,10.569393157958984,159.74000549316406,165.0,103.8318862915039,119.72852325439453,22.246715545654297,98.95999908447266,7.959000110626221,88.9000015258789,88.0,114.00584411621094,102.88008880615234,107.66999816894531,142.0,91.12000274658203,92.88999938964844,88.80000305175781,8.086000442504883,91.5,91.81291961669922,61.470001220703125,12.088702201843262,129.91000366210938,117.87999725341797,111.25886535644531,9.1899995803833,81.18000030517578,67.58999633789062,150.0,11.598210334777832,,104.5,,10.28081226348877,92.05999755859375,94.9000015258789,10.914300918579102,,58.36000061035156,,120.60460662841797,94.0999984741211,99.61605834960938,52.0099983215332,96.5,114.71357727050781,85.80000305175781,89.08999633789062,8.798999786376953,9.619999885559082,,74.08999633789062,,99.0,100.2300033569336,,8.940999984741211,281.5,107.75,86.83999633789062,,
2023-07-17,10.569393157958984,160.0,163.85000610351562,103.72227478027344,118.09359741210938,22.281694412231445,99.05000305175781,7.949999809265137,88.75,87.83000183105469,113.99584197998047,102.4349365234375,108.0,143.1999969482422,91.05000305175781,92.4000015258789,88.95999908447266,8.045999526977539,91.44000244140625,91.4539566040039,60.400001525878906,11.930621147155762,129.1999969482422,118.1500015258789,111.6078872680664,9.260000228881836,81.04000091552734,67.69999694824219,146.25,11.651394844055176,,104.9800033569336,,10.28081226348877,92.04000091552734,94.9800033569336,10.919293403625488,,58.189998626708984,,120.60460662841797,94.0999984741211,99.36656951904297,51.45000076293945,96.5,114.47392272949219,85.16999816894531,89.62000274658203,8.795000076293945,9.640000343322754,,73.05000305175781,,99.25,100.18000030517578,,8.937000274658203,281.75,110.08000183105469,86.08000183105469,,
2023-07-18,10.549544334411621,160.61000061035156,162.25999450683594,103.8318862915039,118.80140686035156,22.215734481811523,97.61000061035156,7.979000091552734,88.9000015258789,87.87000274658203,113.99584197998047,102.33601379394531,107.98999786376953,143.4600067138672,90.91000366210938,92.93000030517578,88.79000091552734,8.100000381469727,90.79000091552734,91.70323181152344,60.11000061035156,11.831198692321777,129.10000610351562,118.23999786376953,110.6904525756836,9.498000144958496,80.80000305175781,67.62999725341797,146.58999633789062,11.60214900970459,,105.44999694824219,,10.28081226348877,92.13999938964844,96.43000030517578,10.91130542755127,,58.099998474121094,,120.60460662841797,93.43000030517578,99.78570556640625,51.470001220703125,96.5,114.46394348144531,86.83999633789062,89.37999725341797,8.776000022888184,9.619999885559082,,74.30000305175781,,98.98999786376953,99.9000015258789,,8.84000015258789,281.8299865722656,109.48999786376953,85.55999755859375,,
2023-07-19,10.559468269348145,160.0500030517578,162.3800048828125,103.2340087890625,118.96090698242188,22.276697158813477,97.3499984741211,7.936999797821045,88.91999816894531,87.80000305175781,113.93585968017578,102.04914093017578,108.0,141.6999969482422,90.66000366210938,94.44999694824219,89.05000305175781,8.145999908447266,91.2699966430664,91.18474578857422,59.4900016784668,11.895824432373047,129.5,117.93000030517578,110.26165008544922,9.501999855041504,80.30000305175781,67.4000015258789,147.74000549316406,11.364788055419922,,104.66999816894531,,10.28081226348877,92.11000061035156,97.48999786376953,10.919293403625488,,58.119998931884766,,120.60460662841797,94.13999938964844,101.93131256103516,51.95000076293945,96.5,114.52384948730469,87.70999908447266,88.77999877929688,8.72599983215332,9.640000343322754,,73.4000015258789,,98.88999938964844,100.30000305175781,,8.833999633789062,280.010009765625,109.80000305175781,85.11000061035156,,
2023-07-20,10.509846687316895,160.3300018310547,162.49000549316406,103.3735122680664,119.37960815429688,22.23172378540039,96.69000244140625,7.939000129699707,88.51000213623047,86.75,113.9758529663086,102.36569213867188,107.48999786376953,140.0,92.0,94.95999908447266,89.4000015258789,8.100000381469727,90.5,91.40410614013672,59.29999923706055,11.900794982910156,129.4499969482422,117.61000061035156,109.64337921142578,9.399999618530273,80.44999694824219,67.9000015258789,149.57000732421875,11.126441955566406,,105.69999694824219,,10.28081226348877,91.94999694824219,97.11000061035156,10.836413383483887,,58.0,,120.60460662841797,94.1500015258789,99.91544342041016,51.88999938964844,96.5,115.48246002197266,87.98999786376953,88.80000305175781,8.798999786376953,9.529999732971191,,74.0,,97.79000091552734,100.05000305175781,,8.913999557495117,281.5,108.83999633789062,85.44999694824219,,
2023-07-21,10.480073928833008,161.8000030517578,163.30999755859375,103.73223876953125,120.51608276367188,22.360647201538086,97.86000061035156,7.947999954223633,88.25,86.5,114.14579772949219,104.01770782470703,108.0,141.3699951171875,92.43000030517578,94.81999969482422,90.0999984741211,8.204999923706055,91.45999908447266,92.44108581542969,58.97999954223633,12.00518798828125,130.1999969482422,118.25,109.54365539550781,9.406000137329102,80.29000091552734,68.44999694824219,147.60000610351562,11.148109436035156,,105.69999694824219,,10.28081226348877,92.0999984741211,97.5199966430664,10.848395347595215,,58.04999923706055,,120.60460662841797,93.98999786376953,99.71585083007812,51.9900016784668,96.5,116.83050537109375,89.0,89.11000061035156,8.788000106811523,9.579999923706055,,74.30999755859375,,97.0,100.25,,8.99899959564209,282.79998779296875,109.80000305175781,85.54000091552734,,
2023-07-24,10.390754699707031,162.52999877929688,164.39999389648438,103.8318862915039,120.60580444335938,22.355649948120117,98.0999984741211,7.900000095367432,87.9000015258789,86.26000213623047,113.96585083007812,104.85855865478516,107.94000244140625,138.77999877929688,92.86000061035156,92.44000244140625,90.83999633789062,8.138999938964844,90.36000061035156,93.72734832763672,61.779998779296875,11.939569473266602,129.35000610351562,118.44999694824219,109.19463348388672,9.369999885559082,79.4000015258789,68.3499984741211,146.88999938964844,11.174701690673828,,106.0999984741211,,10.28081226348877,91.05000305175781,94.58999633789062,10.863373756408691,,58.0,,120.60460662841797,93.87999725341797,98.88754272460938,51.59000015258789,96.5,116.61082458496094,86.4800033569336,89.19999694824219,8.774999618530273,9.520000457763672,,74.43000030517578,,98.76000213623047,100.05000305175781,,8.968999862670898,283.1000061035156,110.2300033569336,86.0,,
2023-07-25,10.360981941223145,162.08999633789062,164.63999938964844,103.81195831298828,120.62574005126953,22.365644454956055,98.25,7.801000118255615,87.98999786376953,86.02999877929688,113.8158950805664,105.2542495727539,108.0,139.32000732421875,92.5199966430664,91.9800033569336,92.4000015258789,8.25,89.43000030517578,93.81708526611328,62.54999923706055,11.975360870361328,129.24000549316406,120.73999786376953,111.4782485961914,9.420000076293945,79.20999908447266,68.27999877929688,147.02000427246094,11.089015007019043,,105.5999984741211,,10.28081226348877,91.87999725341797,94.38999938964844,10.914300918579102,,58.0099983215332,,120.60460662841797,94.77999877929688,97.97940826416016,51.970001220703125,96.5,115.8519287109375,85.94999694824219,90.01000213623047,8.77299976348877,9.4399995803833,,74.7300033569336,,97.80000305175781,100.0199966430664,,9.015999794006348,283.9700012207031,113.19999694824219,85.9000015258789,,
2023-07-26,10.440377235412598,160.64999389648438,163.5,104.0212173461914,121.12419891357422,22.411617279052734,98.12000274658203,7.800000190734863,87.51000213623047,85.5,114.06582641601562,105.41252136230469,107.5999984741211,141.5,91.75,90.54000091552734,91.30000305175781,8.274999618530273,88.79000091552734,93.73731994628906,60.08000183105469,12.007176399230957,130.25,119.5199966430664,112.88431549072266,9.312000274658203,79.63999938964844,67.69000244140625,146.7899932861328,11.155003547668457,,105.36000061035156,,10.28081226348877,91.9000015258789,94.69000244140625,10.784486770629883,,57.630001068115234,,120.60460662841797,94.75,97.97940826416016,51.91999816894531,96.5,117.32978057861328,86.80000305175781,90.26000213623047,8.75,9.380000114440918,,74.94000244140625,,97.69999694824219,100.05999755859375,,8.937999725341797,285.0,113.25,85.5999984741211,,
2023-07-27,10.509846687316895,160.99000549316406,163.64999389648438,103.59273529052734,120.80518341064453,22.247713088989258,98.0,7.900000095367432,86.25,85.5999984741211,114.31575012207031,104.67060089111328,107.63999938964844,141.50999450683594,91.33000183105469,92.0,91.83000183105469,8.317999839782715,89.31999969482422,93.7472915649414,60.130001068115234,12.021095275878906,132.0,119.5,113.47267150878906,9.27400016784668,80.0,67.16999816894531,147.74000549316406,11.129396438598633,,106.58999633789062,,10.28081226348877,91.4000015258789,93.94999694824219,10.807454109191895,,55.79999923706055,,120.60460662841797,95.5999984741211,97.94947052001953,51.5,96.5,117.27985382080078,86.58000183105469,90.22000122070312,8.753000259399414,9.40999984741211,,75.01000213623047,,99.27999877929688,100.08999633789062,,9.008999824523926,284.510009765625,112.0,85.80000305175781,,
2023-07-28,10.529696464538574,160.94000244140625,163.69000244140625,103.53295135498047,118.56214904785156,22.406620025634766,98.5,7.925000190734863,86.69999694824219,85.87999725341797,114.2957534790039,106.32261657714844,107.27999877929688,142.1699981689453,91.86000061035156,92.55999755859375,91.52999877929688,8.289999961853027,87.33000183105469,94.1860122680664,60.459999084472656,12.03004264831543,132.5,121.47000122070312,114.07099914550781,9.255999565124512,80.45999908447266,67.5999984741211,148.85000610351562,11.177656173706055,,106.77999877929688,,10.28081226348877,91.9000015258789,93.98999786376953,10.898324012756348,,54.5,,120.60460662841797,95.69000244140625,98.7977294921875,51.41999816894531,96.5,117.7192153930664,87.5,89.97000122070312,8.819999694824219,9.479999542236328,,75.16000366210938,,99.55000305175781,100.19999694824219,,9.071999549865723,288.1300048828125,113.30000305175781,86.98999786376953,,
2023-07-31,10.638862609863281,161.25,163.25,105.60559844970703,119.23007202148438,22.54153823852539,98.91999816894531,8.039999961853027,88.08999633789062,86.76000213623047,114.3557357788086,105.15532684326172,109.9800033569336,142.39999389648438,92.2300033569336,92.55999755859375,91.7699966430664,8.401000022888184,87.5999984741211,94.22589874267578,60.75,12.055892944335938,132.5,120.63999938964844,112.53529357910156,9.359999656677246,80.05999755859375,67.7699966430664,157.7899932861328,11.329331398010254,,105.51000213623047,,10.28081226348877,93.02999877929688,97.48999786376953,10.984199523925781,,55.79999923706055,,120.60460662841797,95.76000213623047,101.26268768310547,51.470001220703125,96.5,117.22992706298828,88.5,91.44000244140625,8.892000198364258,9.579999923706055,,75.83999633789062,,99.69999694824219,101.41000366210938,,9.133999824523926,289.55999755859375,115.0,86.88999938964844,,
2023-08-01,10.549544334411621,161.38999938964844,162.9600067138672,107.12023162841797,119.82821655273438,22.087810516357422,97.1500015258789,8.166000366210938,88.16999816894531,86.75,113.96585083007812,104.789306640625,108.69999694824219,136.02000427246094,90.9800033569336,91.81999969482422,89.0,8.618000030517578,86.9000015258789,93.9666519165039,60.619998931884766,12.00518798828125,128.27000427246094,119.19999694824219,110.04226684570312,9.302000045776367,79.29000091552734,68.5999984741211,150.3300018310547,11.37463665008545,,104.19999694824219,,10.28081226348877,90.43000030517578,98.05000305175781,10.904314994812012,,54.81999969482422,,120.60460662841797,92.75,100.79364776611328,51.279998779296875,96.5,116.33123016357422,87.5,90.66999816894531,8.805000305175781,9.600000381469727,,75.97000122070312,,98.5,99.23999786376953,,8.904999732971191,291.6300048828125,113.9000015258789,84.61000061035156,,
2023-08-02,10.559468269348145,160.39999389648438,163.10000610351562,108.13662719726562,119.82821655273438,22.167762756347656,97.0199966430664,8.065999984741211,88.30000305175781,86.91999816894531,114.01583862304688,104.8387680053711,108.9800033569336,137.5,91.02999877929688,92.69999694824219,89.76000213623047,8.489999771118164,88.22000122070312,94.39540100097656,62.04999923706055,11.906760215759277,128.67999267578125,120.6500015258789,111.68766021728516,9.241999626159668,78.69999694824219,66.91000366210938,152.4600067138672,11.414032936096191,,104.9000015258789,,10.28081226348877,90.31999969482422,99.12999725341797,10.832418441772461,,54.970001220703125,,120.60460662841797,94.30999755859375,101.661865234375,51.310001373291016,96.5,117.72920227050781,87.29000091552734,89.94000244140625,8.800000190734863,9.729999542236328,,76.0199966430664,,97.94999694824219,100.05999755859375,,8.946000099182129,297.0,114.0,85.62999725341797,,
2023-08-03,10.559468269348145,161.85000610351562,163.1999969482422,108.10673522949219,120.92481231689453,22.48357391357422,97.01000213623047,8.126999855041504,88.75,87.18000030517578,114.1657943725586,105.20478820800781,108.98999786376953,139.3800048828125,90.80000305175781,92.97000122070312,90.70999908447266,8.600000381469727,89.93000030517578,94.8341293334961,62.97999954223633,11.94951057434082,129.7899932861328,121.79000091552734,111.48822021484375,9.210000038146973,77.3499984741211,66.6500015258789,149.74000549316406,11.517448425292969,,105.83999633789062,,10.28081226348877,90.38999938964844,100.05999755859375,10.792475700378418,,54.86000061035156,,120.60460662841797,94.36000061035156,101.15290832519531,51.540000915527344,96.5,118.31835174560547,87.73999786376953,89.7699966430664,8.817000389099121,9.779999732971191,,76.16999816894531,,97.58000183105469,99.70999908447266,,8.942999839782715,294.4800109863281,113.6500015258789,85.48999786376953,,
2023-08-04,10.619013786315918,162.02000427246094,163.55999755859375,108.50531768798828,123.17782592773438,22.594507217407227,97.4000015258789,8.234999656677246,88.98999786376953,87.30000305175781,114.45570373535156,104.9871597290039,110.58999633789062,142.0,91.0,95.08999633789062,91.44000244140625,8.829999923706055,91.18000030517578,95.42241668701172,63.58000183105469,11.899801254272461,129.5,125.0,111.52810668945312,9.229999542236328,77.19999694824219,67.48999786376953,149.02000427246094,11.601163864135742,,106.25,,10.28081226348877,90.73999786376953,101.88999938964844,10.918294906616211,,54.90999984741211,,120.60460662841797,94.4000015258789,101.78162384033203,51.560001373291016,96.5,118.43817138671875,88.75,90.75,8.831000328063965,9.779999732971191,,76.0,,98.0,100.43000030517578,,8.920999526977539,292.5,113.66000366210938,85.58999633789062,,
2023-08-07,10.569393157958984,163.3000030517578,163.10000610351562,108.5152816772461,119.72852325439453,22.82137107849121,98.5,8.475000381469727,88.44999694824219,86.5999984741211,114.44570922851562,104.0078125,110.30000305175781,141.9499969482422,91.12000274658203,96.08999633789062,90.30999755859375,8.609999656677246,91.2699966430664,95.32270812988281,62.20000076293945,11.895824432373047,130.0,125.4000015258789,110.74031066894531,9.390000343322754,76.79000091552734,67.0,149.41000366210938,11.474111557006836,,106.0,,10.28081226348877,90.36000061035156,106.51000213623047,10.92628288269043,,53.29999923706055,,120.60460662841797,94.5,101.99119567871094,51.70000076293945,96.5,118.82760620117188,88.6500015258789,89.80000305175781,8.873000144958496,9.819999694824219,,76.25,,98.76000213623047,99.30999755859375,,8.958000183105469,292.0,113.69999694824219,86.48999786376953,,
2023-08-08,10.509846687316895,163.88999938964844,162.5,108.58503723144531,120.32666778564453,23.096208572387695,98.58999633789062,8.35200023651123,86.9800033569336,87.45999908447266,114.755615234375,103.77040100097656,111.20999908447266,143.44000244140625,91.4000015258789,95.69999694824219,91.4000015258789,8.631999969482422,91.98999786376953,95.12328338623047,61.5,11.984309196472168,129.97999572753906,124.12000274658203,112.2859878540039,9.289999961853027,77.27999877929688,66.01000213623047,149.0,11.523357391357422,,105.9000015258789,,10.28081226348877,90.56999969482422,104.58999633789062,10.884344100952148,,50.40999984741211,,120.60460662841797,94.6500015258789,102.44026947021484,51.5,96.5,118.9274673461914,89.0,90.0199966430664,8.84000015258789,9.850000381469727,,75.9000015258789,,98.0,100.20999908447266,,8.960000038146973,291.8999938964844,113.9000015258789,86.83999633789062,,
2023-08-09,10.380830764770508,161.89999389648438,162.1999969482422,109.41210174560547,120.49614715576172,22.915315628051758,98.79000091552734,8.491999626159668,85.95999908447266,87.30000305175781,114.90557098388672,103.85942840576172,110.75,143.5800018310547,91.9000015258789,94.19999694824219,91.0999984741211,8.5649995803833,91.6500015258789,95.40247344970703,60.83000183105469,11.930621147155762,130.0,126.54000091552734,111.65774536132812,9.270000457763672,77.68000030517578,66.5,150.5399932861328,11.486915588378906,,106.58000183105469,,10.28081226348877,90.70999908447266,104.58999633789062,10.944256782531738,,47.11000061035156,,120.60460662841797,94.30000305175781,101.28264617919922,51.09000015258789,96.5,119.42674255371094,88.55999755859375,90.37999725341797,8.89799976348877,9.800000190734863,,76.4000015258789,,97.69999694824219,99.81999969482422,,8.928999900817871,290.3800048828125,113.68000030517578,86.9000015258789,,
2023-08-10,10.420528411865234,160.7899932861328,162.0,109.1729507446289,119.76840209960938,22.88333511352539,98.5,8.449999809265137,85.63999938964844,85.19000244140625,114.79560089111328,102.52033996582031,111.19000244140625,141.94000244140625,91.62000274658203,94.9800033569336,90.6500015258789,8.600000381469727,91.95999908447266,95.97081756591797,60.630001068115234,11.95845890045166,129.66000366210938,125.45999908447266,111.7574691772461,9.25,77.73999786376953,66.91000366210938,153.88999938964844,11.474111557006836,,107.19999694824219,,10.28081226348877,90.80000305175781,103.9800033569336,10.931276321411133,,49.15999984741211,,120.60460662841797,94.5999984741211,100.56411743164062,51.13999938964844,96.5,118.28839111328125,89.4800033569336,91.33999633789062,8.92300033569336,9.819999694824219,,76.33000183105469,,98.12000274658203,100.0,,8.982000350952148,291.4100036621094,114.0,87.0999984741211,,
2023-08-11,10.440377235412598,159.6300048828125,162.10000610351562,109.50178527832031,117.64498901367188,22.88333511352539,98.87000274658203,8.48900032043457,86.19999694824219,84.0,114.87557983398438,102.94929504394531,111.31999969482422,142.64999389648438,91.87000274658203,95.44999694824219,91.52999877929688,8.668000221252441,91.88999938964844,96.44942474365234,61.16999816894531,11.9674072265625,129.97000122070312,126.94999694824219,112.24610137939453,9.25,78.12999725341797,67.23999786376953,153.0500030517578,11.482975959777832,,107.66000366210938,,10.28081226348877,90.98999786376953,103.0999984741211,10.931276321411133,,49.54999923706055,,120.60460662841797,94.58000183105469,101.06309509277344,51.0,96.5,118.8775405883789,89.13999938964844,90.11000061035156,9.039999961853027,9.729999542236328,,76.27999877929688,,98.4800033569336,99.9800033569336,,9.006999969482422,289.7699890136719,114.0,87.30000305175781,,
2023-08-14,10.480073928833008,159.11000061035156,162.0,109.61139678955078,117.17644500732422,22.685453414916992,98.8499984741211,8.380000114440918,86.77999877929688,83.4000015258789,114.86558532714844,102.84953308105469,110.98999786376953,142.39999389648438,92.0,95.93000030517578,91.1500015258789,8.574999809265137,90.58000183105469,96.5092544555664,61.45000076293945,11.895824432373047,129.89999389648438,124.80000305175781,111.79735565185547,9.229999542236328,78.44999694824219,67.30000305175781,153.0,11.342135429382324,,106.95999908447266,,10.28081226348877,91.44999694824219,100.80000305175781,10.91230297088623,,47.540000915527344,,120.60460662841797,95.29000091552734,101.44231414794922,50.61000061035156,96.5,118.16856384277344,88.41000366210938,90.08999633789062,9.055000305175781,9.75,,75.20999908447266,,98.25,100.0,,9.045999526977539,288.510009765625,113.94999694824219,87.30000305175781,,
2023-08-15,10.480073928833008,160.0,161.89999389648438,109.58150482177734,117.38579559326172,22.677457809448242,98.97000122070312,8.39900016784668,86.45999908447266,82.19999694824219,114.66564178466797,102.6500244140625,110.80999755859375,141.67999267578125,92.2699966430664,95.88999938964844,90.94999694824219,8.552000045776367,91.33999633789062,95.96084594726562,61.0,11.85605525970459,130.82000732421875,124.79000091552734,112.2161865234375,9.289999961853027,77.7300033569336,66.97000122070312,152.9499969482422,11.410093307495117,,107.48999786376953,,10.28081226348877,91.68000030517578,100.36000061035156,10.98120403289795,,46.77000045776367,,120.60460662841797,95.19999694824219,101.7916030883789,50.689998626708984,96.5,118.12862396240234,89.0,90.05000305175781,9.085000038146973,9.789999961853027,,75.58999633789062,,96.01000213623047,100.18000030517578,,9.010000228881836,288.489990234375,113.83999633789062,87.38999938964844,,
2023-08-16,10.480073928833008,159.99000549316406,162.1300048828125,109.51174926757812,118.06657409667969,22.72542953491211,99.05000305175781,8.378999710083008,86.25,82.98999786376953,114.46570587158203,102.25099182128906,110.58000183105469,141.39999389648438,92.44000244140625,95.05000305175781,90.5999984741211,8.57800006866455,91.58000183105469,96.21012115478516,61.0,11.781489372253418,130.9199981689453,121.47000122070312,111.68766021728516,9.260000228881836,77.83999633789062,67.12999725341797,153.0,11.44357967376709,,107.0,,10.28081226348877,91.91999816894531,97.3499984741211,10.974213600158691,,46.5,,120.60460662841797,95.0,100.75372314453125,50.5099983215332,96.5,114.98318481445312,87.41000366210938,89.55000305175781,9.069999694824219,9.8100004196167,,75.87000274658203,,96.55000305175781,99.98999786376953,,8.97599983215332,291.70001220703125,114.0,87.19999694824219,,
2023-08-17,10.450301170349121,159.11000061035156,161.3300018310547,108.31599426269531,117.97679138183594,22.698444366455078,98.8499984741211,8.376999855041504,85.9800033569336,83.0,114.2757568359375,101.99162292480469,110.18000030517578,140.25999450683594,92.37999725341797,95.01000213623047,90.45999908447266,8.571000099182129,91.3499984741211,95.52212524414062,59.7400016784668,11.771546363830566,130.0800018310547,121.19999694824219,111.97685241699219,9.289999961853027,77.29000091552734,67.0,151.0500030517578,11.48396110534668,,106.30000305175781,,10.28081226348877,91.4800033569336,96.69999694824219,10.974213600158691,,46.58000183105469,,120.60460662841797,95.0,100.69384765625,50.560001373291016,96.5,117.2499008178711,87.12000274658203,89.79000091552734,9.03499984741211,9.8100004196167,,76.38999938964844,,96.98999786376953,99.91999816894531,,8.99899959564209,291.0,113.86000061035156,87.13999938964844,,
2023-08-18,10.509846687316895,159.5,161.74000549316406,108.15655517578125,117.99674224853516,22.698444366455078,99.30000305175781,8.375,85.8499984741211,82.73999786376953,113.34603881835938,102.56024169921875,110.1500015258789,139.5,92.79000091552734,96.0,90.36000061035156,8.6899995803833,91.05999755859375,96.63887786865234,58.970001220703125,11.771546363830566,130.3800048828125,122.33999633789062,112.88431549072266,9.270000457763672,76.80000305175781,65.9000015258789,151.5399932861328,11.46918773651123,,106.0,,10.28081226348877,90.70999908447266,97.33999633789062,10.979207038879395,,46.709999084472656,,120.60460662841797,94.80000305175781,101.08305358886719,50.599998474121094,96.5,118.03874969482422,87.2699966430664,89.58999633789062,8.994999885559082,9.819999694824219,,76.4800033569336,,95.5999984741211,100.94999694824219,,8.975000381469727,291.0,113.11000061035156,87.83000183105469,,
2023-08-21,10.589241027832031,157.9600067138672,160.1199951171875,107.96722412109375,120.1814956665039,22.68745231628418,99.19999694824219,8.267000198364258,87.69000244140625,82.05999755859375,113.27606201171875,102.73979949951172,108.91000366210938,138.0500030517578,92.73999786376953,94.70999908447266,89.83000183105469,8.598999977111816,90.63999938964844,95.45233154296875,57.0099983215332,11.749500274658203,131.5,123.33999633789062,112.98403930664062,9.260000228881836,76.1500015258789,63.68000030517578,149.83999633789062,11.375621795654297,,106.4000015258789,,10.28081226348877,90.33000183105469,96.80999755859375,11.064085006713867,,46.400001525878906,,120.60460662841797,94.8499984741211,100.79364776611328,50.40999984741211,96.5,117.6493148803711,87.13999938964844,90.0999984741211,9.0,9.800000190734863,,76.16000366210938,,95.5199966430664,101.19999694824219,,8.972999572753906,288.19000244140625,113.27999877929688,87.98999786376953,,
2023-08-22,10.559468269348145,156.6999969482422,161.24000549316406,107.81775665283203,120.03185272216797,22.765405654907227,98.87999725341797,8.13700008392334,87.80000305175781,81.43000030517578,111.46659851074219,102.64004516601562,108.12000274658203,135.05999755859375,93.0,95.70999908447266,91.30000305175781,8.484000205993652,89.22000122070312,96.2200927734375,60.0,11.734521865844727,131.5,126.22000122070312,112.85440063476562,9.229999542236328,76.37999725341797,62.08000183105469,149.88999938964844,11.278117179870605,,106.0999984741211,,10.28081226348877,89.79000091552734,94.55000305175781,10.954242706298828,,46.369998931884766,,120.60460662841797,94.01000213623047,100.27470397949219,50.0,96.5,115.78202819824219,86.56999969482422,92.0,8.92199993133545,9.739999771118164,,76.87000274658203,,95.20999908447266,101.18000030517578,,8.932000160217285,284.3800048828125,113.1500015258789,87.0,,
2023-08-23,10.579317092895508,157.49000549316406,161.57000732421875,107.55867767333984,119.22379302978516,22.76140785217285,99.0,8.149999618530273,88.30000305175781,80.68000030517578,111.80650329589844,102.98919677734375,108.0,135.3300018310547,92.3499984741211,94.38999938964844,89.98999786376953,8.534000396728516,89.55000305175781,94.87400817871094,59.349998474121094,11.720542907714844,131.49000549316406,124.73999786376953,112.98403930664062,9.239999771118164,76.29000091552734,61.0,151.44000244140625,11.321452140808105,,106.19999694824219,,10.28081226348877,90.31999969482422,95.45999908447266,10.954242706298828,,46.400001525878906,,120.60460662841797,94.36000061035156,100.28468322753906,49.90999984741211,96.5,115.02312469482422,87.33999633789062,91.02999877929688,8.87600040435791,9.789999961853027,,76.01000213623047,,96.04000091552734,101.19999694824219,,8.989999771118164,286.1300048828125,113.5,87.08999633789062,,
2023-08-24,10.619013786315918,158.99000549316406,161.1999969482422,107.9771957397461,119.21382141113281,22.729999542236328,99.05000305175781,8.114999771118164,87.93000030517578,80.16999816894531,111.9664535522461,102.9293441772461,107.5,136.3699951171875,92.51000213623047,94.30999755859375,90.2300033569336,8.479000091552734,90.27999877929688,94.84410095214844,58.97999954223633,11.696578979492188,133.08999633789062,124.08000183105469,112.53529357910156,9.15999984741211,76.0999984741211,60.59000015258789,149.97999572753906,11.31258773803711,,106.41999816894531,,10.28081226348877,90.19000244140625,99.5,10.893330574035645,,46.33000183105469,,120.60460662841797,94.37000274658203,99.77572631835938,49.59000015258789,96.5,115.77204132080078,87.27999877929688,90.62000274658203,8.899999618530273,9.789999961853027,,76.33000183105469,,95.30999755859375,101.05000305175781,,8.99899959564209,285.989990234375,113.44000244140625,88.12000274658203,,
2023-08-25,10.698409080505371,158.38999938964844,161.5399932861328,108.11669921875,118.86465454101562,22.87700080871582,99.20999908447266,8.119999885559082,88.2699966430664,81.88999938964844,112.7462158203125,103.34832000732422,107.87999725341797,135.99000549316406,92.25,95.04000091552734,90.5999984741211,8.564000129699707,89.80000305175781,95.17314147949219,58.58000183105469,11.686594009399414,132.41000366210938,124.37000274658203,112.48543548583984,9.079999923706055,76.08999633789062,61.060001373291016,148.89999389648438,11.324406623840332,,106.63999938964844,,10.28081226348877,90.5,100.76000213623047,11.226851463317871,,45.779998779296875,,120.60460662841797,95.08000183105469,100.11503601074219,49.5099983215332,96.5,117.6193618774414,87.94999694824219,91.16999816894531,8.98900032043457,9.819999694824219,,76.5,,95.8499984741211,102.0,,8.977999687194824,285.95001220703125,113.5,88.98999786376953,,
2023-08-28,10.668636322021484,159.0,161.22999572753906,108.0668716430664,118.8447036743164,22.8700008392334,99.18000030517578,8.109999656677246,88.0,81.79000091552734,112.96614837646484,102.76972961425781,104.5,136.6999969482422,92.19000244140625,93.62999725341797,89.80000305175781,8.440999984741211,88.9000015258789,95.53209686279297,57.54999923706055,11.686594009399414,133.5,124.2300033569336,112.49540710449219,9.119999885559082,75.79000091552734,61.0,149.30999755859375,11.279101371765137,,107.1500015258789,,10.28081226348877,90.30000305175781,96.94999694824219,11.217864036560059,,44.630001068115234,,120.60460662841797,95.26000213623047,100.04517364501953,49.5,96.5,117.4695816040039,88.27999877929688,91.25,8.989999771118164,9.75,,75.66000366210938,,98.94000244140625,101.4800033569336,,8.98900032043457,281.7799987792969,113.12000274658203,89.20999908447266,,
2023-08-29,10.757954597473145,157.3800048828125,161.47999572753906,108.75443267822266,119.11405944824219,22.99799919128418,99.3499984741211,8.020000457763672,87.9800033569336,81.66999816894531,111.66654205322266,103.31838989257812,102.19999694824219,136.5,93.4800033569336,94.13999938964844,89.7300033569336,8.289999961853027,89.12999725341797,95.40247344970703,57.72999954223633,11.702569961547852,133.41000366210938,124.95999908447266,112.85440063476562,9.140000343322754,76.23999786376953,60.36000061035156,149.9600067138672,11.260388374328613,,107.79000091552734,,10.28081226348877,91.87999725341797,98.98999786376953,11.162942886352539,,44.18000030517578,,120.60460662841797,95.30000305175781,100.54415130615234,49.0099983215332,96.5,118.40821838378906,88.73999786376953,91.19999694824219,9.079999923706055,9.819999694824219,,76.4000015258789,,98.30000305175781,101.4000015258789,,8.994999885559082,281.9800109863281,113.12000274658203,89.25,,
2023-08-30,10.867121696472168,158.99000549316406,162.08999633789062,109.89041137695312,119.11405944824219,23.299999237060547,99.3499984741211,8.069000244140625,88.25,81.5999984741211,112.4762954711914,103.9069595336914,103.25,136.97000122070312,93.5199966430664,95.0,89.58999633789062,8.34000015258789,90.77999877929688,96.41951751708984,59.29999923706055,11.732524871826172,134.0,126.4000015258789,112.61506652832031,9.15999984741211,76.87999725341797,60.84000015258789,152.80999755859375,11.44752025604248,,106.95999908447266,,10.28081226348877,91.69000244140625,96.95999908447266,11.13498306274414,,43.369998931884766,,120.60460662841797,95.44999694824219,99.8555679321289,49.150001525878906,96.5,119.1671142578125,90.80000305175781,91.93000030517578,9.100000381469727,9.84000015258789,,76.44000244140625,,98.48999786376953,102.0,,9.0,280.3299865722656,112.25,87.58999633789062,,
2023-08-31,10.886971473693848,160.14999389648438,162.22000122070312,110.10963439941406,120.4708023071289,23.142000198364258,99.62999725341797,8.199000358581543,89.7300033569336,81.69999694824219,113.29605102539062,103.51790618896484,104.66000366210938,136.89999389648438,92.70999908447266,94.19999694824219,90.5,8.307999610900879,91.4000015258789,96.2200927734375,59.400001525878906,11.772465705871582,132.52999877929688,125.72000122070312,113.4826431274414,9.210000038146973,77.37000274658203,61.0,151.0399932861328,11.499719619750977,,107.88999938964844,,10.28081226348877,92.48999786376953,96.54000091552734,11.163941383361816,,45.900001525878906,,120.60460662841797,95.43000030517578,100.34456634521484,49.25,96.5,116.53093719482422,90.80999755859375,91.0,9.079999923706055,9.8100004196167,,76.3499984741211,,99.0,101.7300033569336,,9.09000015258789,282.6199951171875,111.30000305175781,87.02999877929688,,
2023-09-01,10.678560256958008,160.5,160.9499969482422,111.4349365234375,120.16154479980469,22.950000762939453,98.41000366210938,8.0,89.48999786376953,82.5,112.5999984741211,104.0366439819336,105.80000305175781,135.89999389648438,92.26000213623047,93.19999694824219,89.9000015258789,8.564000129699707,91.45999908447266,95.47227478027344,59.65999984741211,11.87231731414795,133.02999877929688,124.4000015258789,112.68487548828125,9.199999809265137,77.01000213623047,62.79999923706055,149.14999389648438,11.517448425292969,,105.7699966430664,,10.28081226348877,91.38999938964844,96.94999694824219,11.040120124816895,,45.209999084472656,,120.60460662841797,94.37999725341797,101.57205200195312,49.099998474121094,96.5,116.23137664794922,90.69000244140625,91.69999694824219,8.979000091552734,9.859999656677246,,76.16999816894531,,97.25,100.95999908447266,,9.0,276.1700134277344,107.0,86.5,,
2023-09-04,10.718256950378418,159.88999938964844,161.25999450683594,111.86341094970703,117.77726745605469,22.899999618530273,98.16000366210938,8.0,89.54000091552734,82.5,112.9000015258789,104.05659484863281,105.7300033569336,135.0,92.73999786376953,94.30999755859375,90.31999969482422,8.628999710083008,91.05999755859375,95.0335464477539,59.5,11.702569961547852,133.5,123.80000305175781,112.2859878540039,9.109999656677246,76.16000366210938,62.61000061035156,149.02000427246094,11.534191131591797,,105.94999694824219,,10.28081226348877,90.0199966430664,97.20999908447266,11.034128189086914,,46.290000915527344,,120.60460662841797,94.45999908447266,101.15290832519531,49.06999969482422,96.5,116.97030639648438,89.70999908447266,90.91999816894531,8.928999900817871,9.850000381469727,,76.18000030517578,,96.5999984741211,100.62999725341797,,9.0,277.8599853515625,104.19999694824219,86.33999633789062,,
2023-09-05,10.738105773925781,161.4600067138672,160.97000122070312,112.69048309326172,117.51789093017578,23.0939998626709,98.80000305175781,7.979000091552734,89.9000015258789,82.5999984741211,112.69000244140625,104.27606201171875,102.69999694824219,135.7899932861328,92.37000274658203,94.01000213623047,91.88999938964844,8.5,91.22000122070312,93.66751861572266,58.029998779296875,11.707562446594238,131.3000030517578,122.9800033569336,112.48543548583984,9.100000381469727,75.69999694824219,62.540000915527344,150.83999633789062,11.528282165527344,,106.05999755859375,,10.28081226348877,90.68000030517578,96.66999816894531,11.128992080688477,,46.060001373291016,,120.60460662841797,94.04000091552734,101.34252166748047,48.790000915527344,96.5,117.27985382080078,88.77999877929688,90.80999755859375,8.925000190734863,9.729999542236328,,76.4000015258789,,95.41999816894531,100.4800033569336,,8.984999656677246,278.0,104.19999694824219,85.19999694824219,,
2023-09-06,10.698409080505371,161.77999877929688,160.99000549316406,113.5972671508789,118.15635681152344,23.09000015258789,99.0,7.925000190734863,89.97000122070312,83.18000030517578,112.5999984741211,104.17630767822266,103.45999908447266,136.47999572753906,92.36000061035156,95.62000274658203,91.55999755859375,8.579999923706055,91.88999938964844,95.2229995727539,58.40999984741211,11.67061710357666,133.47000122070312,123.8499984741211,113.18347930908203,9.100000381469727,75.79000091552734,62.38999938964844,151.4600067138672,11.50365924835205,,105.97000122070312,,10.28081226348877,90.41000366210938,96.36000061035156,11.064085006713867,,45.79999923706055,,120.60460662841797,94.0199966430664,101.00321197509766,48.83000183105469,96.5,117.55999755859375,88.94999694824219,90.48999786376953,9.029999732971191,9.800000190734863,,76.69999694824219,,94.94000244140625,100.6500015258789,,9.0,278.1300048828125,103.9800033569336,86.4800033569336,,
2023-09-08,10.777803421020508,162.5,161.27000427246094,114.25493621826172,120.52068328857422,23.100000381469727,99.0999984741211,7.979000091552734,89.55000305175781,83.97000122070312,113.30000305175781,104.27606201171875,106.87999725341797,138.5,92.63999938964844,96.0999984741211,90.98999786376953,8.71500015258789,92.62999725341797,95.01360321044922,58.970001220703125,11.67461109161377,136.0,126.29000091552734,112.86437225341797,9.170000076293945,76.19999694824219,62.880001068115234,151.25999450683594,11.510553359985352,,106.98999786376953,,10.28081226348877,90.81999969482422,96.5999984741211,11.04910659790039,,46.0,,120.60460662841797,94.0,101.48223114013672,48.95000076293945,96.5,118.2699966430664,88.86000061035156,91.77999877929688,9.088000297546387,9.850000381469727,,77.27999877929688,,96.08000183105469,101.37000274658203,,9.0,279.17999267578125,104.19999694824219,87.73999786376953,,
2023-09-11,10.797652244567871,163.27000427246094,161.0,113.79656219482422,121.60807037353516,23.099000930786133,98.88999938964844,7.948999881744385,88.41000366210938,83.30000305175781,113.08000183105469,104.04662322998047,106.1500015258789,138.72000122070312,92.75,96.77999877929688,90.75,8.555000305175781,94.27999877929688,94.933837890625,57.90999984741211,11.652644157409668,135.1999969482422,125.3499984741211,112.64498901367188,9.119999885559082,76.30000305175781,62.0,152.39999389648438,11.502674102783203,,106.30000305175781,,10.28081226348877,89.7699966430664,96.58999633789062,10.950248718261719,,37.0,,120.60460662841797,94.18000030517578,101.28264617919922,47.54999923706055,96.5,116.93000030517578,88.30000305175781,90.87000274658203,9.053999900817871,9.800000190734863,,77.05000305175781,,95.5999984741211,101.47000122070312,,9.0,274.9100036621094,104.0,87.08999633789062,,
2023-09-12,10.867121696472168,164.0500030517578,161.39999389648438,112.60079956054688,121.99713897705078,23.045000076293945,98.9000015258789,7.954999923706055,88.5,83.0,112.66000366210938,104.186279296875,104.8499984741211,136.77999877929688,92.6500015258789,96.30000305175781,90.30000305175781,8.440999984741211,94.05000305175781,94.6247329711914,58.470001220703125,11.64066219329834,135.39999389648438,126.2300033569336,112.19624328613281,9.079999923706055,77.06999969482422,62.5099983215332,152.19000244140625,11.513507843017578,,106.30000305175781,,10.28081226348877,90.04000091552734,96.9000015258789,10.935270309448242,,35.7400016784668,,120.60460662841797,94.02999877929688,101.73172760009766,46.4900016784668,96.5,116.8499984741211,89.0,90.91999816894531,9.088000297546387,9.710000038146973,,76.69999694824219,,95.0,101.29000091552734,,9.050000190734863,273.0,104.48999786376953,87.44999694824219,,
2023-09-13,10.886971473693848,162.97999572753906,161.0,111.1957778930664,121.9372787475586,23.051000595092773,98.81999969482422,7.931000232696533,88.87999725341797,80.12000274658203,112.5199966430664,104.50550079345703,107.0,136.33999633789062,92.51000213623047,94.5,89.30000305175781,8.222999572753906,93.69000244140625,94.21592712402344,58.959999084472656,11.617695808410645,135.3300018310547,127.0,112.17630004882812,9.050000190734863,77.27999877929688,62.52000045776367,151.8000030517578,11.515478134155273,,106.48999786376953,,10.28081226348877,89.9800033569336,96.5999984741211,11.01415729522705,,32.9900016784668,,120.60460662841797,94.0199966430664,100.08509826660156,45.709999084472656,96.5,117.19999694824219,89.38999938964844,91.1500015258789,9.069000244140625,9.710000038146973,,77.05000305175781,,94.9800033569336,100.26000213623047,,9.003000259399414,271.1199951171875,104.5,87.11000061035156,,
2023-09-14,11.006063461303711,162.2899932861328,160.74000549316406,112.08263397216797,123.39378356933594,23.200000762939453,99.0999984741211,7.925000190734863,89.7699966430664,79.30000305175781,113.0,104.4655990600586,107.76000213623047,136.47999572753906,92.5999984741211,93.4000015258789,89.19999694824219,8.154000282287598,90.80999755859375,94.09627532958984,58.349998474121094,11.654641151428223,136.7100067138672,126.20999908447266,112.27601623535156,8.970000267028809,77.18000030517578,62.529998779296875,152.00999450683594,11.510553359985352,,106.81999969482422,,10.28081226348877,89.79000091552734,98.25,11.170930862426758,,30.0,,120.60460662841797,94.30000305175781,99.4763412475586,45.15999984741211,96.5,117.2699966430664,89.9000015258789,91.11000061035156,9.050000190734863,9.609999656677246,,76.3499984741211,,95.0,100.9800033569336,,8.991000175476074,274.69000244140625,104.48999786376953,87.79000091552734,,
2023-09-15,11.035836219787598,167.14999389648438,162.75,109.92030334472656,125.02986145019531,22.899999618530273,99.79000091552734,7.942999839782715,93.48999786376953,77.80000305175781,115.52999877929688,104.07654571533203,107.6500015258789,138.02999877929688,92.9000015258789,95.9800033569336,90.5,8.149999618530273,91.51000213623047,93.32850646972656,57.5099983215332,11.64465618133545,141.39999389648438,127.48999786376953,112.20621490478516,8.899999618530273,77.36000061035156,62.650001525878906,152.0,11.473127365112305,,107.69999694824219,,10.28081226348877,89.97000122070312,97.04000091552734,11.26579475402832,,31.700000762939453,,120.60460662841797,94.08999633789062,100.0551528930664,45.380001068115234,96.5,118.0,88.95999908447266,91.12999725341797,9.098999977111816,9.670000076293945,,76.0999984741211,,94.9000015258789,101.54000091552734,,9.019000053405762,273.2799987792969,104.4000015258789,88.80000305175781,,
2023-09-18,11.015987396240234,165.75,161.69000244140625,112.40150451660156,122.70543670654297,23.084999084472656,99.7699966430664,7.99399995803833,92.0999984741211,79.02999877929688,114.72000122070312,102.5003890991211,106.48999786376953,137.5800018310547,92.55999755859375,94.05000305175781,89.0999984741211,8.220000267028809,90.80000305175781,94.47517395019531,57.93000030517578,11.681600570678711,138.1199951171875,128.4499969482422,112.16632843017578,8.90999984741211,78.16000366210938,63.209999084472656,152.9600067138672,11.484946250915527,,107.38999938964844,,10.28081226348877,90.41999816894531,98.0,11.282771110534668,,34.15999984741211,,120.60460662841797,94.19999694824219,100.83356475830078,45.720001220703125,96.5,117.30000305175781,87.80000305175781,91.0,9.114999771118164,9.680000305175781,,75.2699966430664,,94.5999984741211,100.88999938964844,,9.029999732971191,274.8800048828125,104.3499984741211,87.33000183105469,,
2023-09-19,10.817501068115234,164.1999969482422,161.60000610351562,111.49472045898438,122.79521942138672,23.049999237060547,99.36000061035156,7.994999885559082,90.0,79.93000030517578,113.9000015258789,102.31084442138672,106.0,137.1999969482422,92.9800033569336,93.5199966430664,89.01000213623047,8.279000282287598,89.9000015258789,94.22589874267578,57.689998626708984,11.679603576660156,137.08999633789062,127.01000213623047,112.78459930419922,8.899999618530273,78.72000122070312,63.06999969482422,152.3699951171875,11.405168533325195,,107.0,,10.28081226348877,90.55000305175781,99.91999816894531,11.287762641906738,,34.599998474121094,,120.60460662841797,94.05000305175781,100.71380615234375,45.959999084472656,96.5,117.30000305175781,88.19999694824219,91.87999725341797,9.11299991607666,9.630000114440918,,75.33000183105469,,98.6500015258789,100.52999877929688,,9.029999732971191,274.0,104.27999877929688,87.9000015258789,,
2023-09-20,10.896895408630371,162.0,161.0,110.4085693359375,120.48078155517578,23.024999618530273,99.62000274658203,8.029999732971191,90.0,80.87000274658203,113.73999786376953,101.63249969482422,107.93000030517578,137.63999938964844,92.80000305175781,92.80000305175781,88.94999694824219,8.289999961853027,89.22000122070312,94.35552215576172,57.5,11.682600021362305,137.85000610351562,123.30000305175781,112.2859878540039,8.920000076293945,79.0,62.79999923706055,152.10000610351562,11.413047790527344,,106.9000015258789,,10.28081226348877,89.69999694824219,99.80000305175781,11.283768653869629,,34.349998474121094,,120.60460662841797,94.05000305175781,99.77572631835938,46.20000076293945,96.5,117.33999633789062,88.29000091552734,92.08000183105469,9.128000259399414,9.710000038146973,,75.7300033569336,,95.7300033569336,100.86000061035156,,9.022000312805176,273.6499938964844,104.22000122070312,86.83000183105469,,
2023-09-21,10.867121696472168,163.88999938964844,161.77999877929688,109.61139678955078,120.51070404052734,23.0939998626709,99.44999694824219,8.019000053405762,89.68000030517578,80.9800033569336,113.06999969482422,101.65245056152344,106.38999938964844,138.0,93.0,92.97000122070312,89.12000274658203,8.345000267028809,88.55000305175781,94.0165023803711,57.95000076293945,11.691585540771484,139.0,124.87999725341797,111.8871078491211,8.890000343322754,78.38999938964844,62.900001525878906,151.4499969482422,11.418957710266113,,107.6500015258789,,10.28081226348877,89.52999877929688,99.86000061035156,11.263797760009766,,31.93000030517578,,120.60460662841797,94.18000030517578,99.76000213623047,47.099998474121094,96.5,117.52999877929688,89.18000030517578,92.6500015258789,9.083999633789062,9.699999809265137,,75.3499984741211,,95.19999694824219,99.91999816894531,,9.031999588012695,272.0,104.0,87.05999755859375,,
2023-09-22,10.867121696472168,164.0500030517578,161.0,110.58793640136719,120.6503677368164,23.152999877929688,99.0,8.097999572753906,89.4800033569336,80.61000061035156,113.54000091552734,101.25342559814453,106.66000366210938,138.89999389648438,93.0,93.87000274658203,89.0999984741211,8.529000282287598,88.5999984741211,94.02647399902344,56.97999954223633,11.676608085632324,138.0800018310547,126.95999908447266,112.17630004882812,8.850000381469727,78.1500015258789,62.43000030517578,151.60000610351562,11.453429222106934,,107.75,,10.28081226348877,89.56999969482422,99.95999908447266,11.268791198730469,,32.2400016784668,,120.60460662841797,94.0999984741211,99.62999725341797,46.16999816894531,96.5,117.79000091552734,89.91999816894531,93.0,9.180000305175781,9.699999809265137,,75.58999633789062,,94.81999969482422,100.16000366210938,,9.015999794006348,273.30999755859375,104.0,88.43000030517578,,
2023-09-25,10.847273826599121,164.39999389648438,161.35000610351562,110.4085693359375,120.62044525146484,23.198999404907227,99.37000274658203,7.998000144958496,88.1500015258789,79.69999694824219,113.12000274658203,101.3332290649414,106.2300033569336,138.89999389648438,93.27999877929688,94.16999816894531,89.0,8.178999900817871,88.5,94.33557891845703,56.25,11.679603576660156,138.5,125.8499984741211,112.07657623291016,8.430000305175781,77.61000061035156,61.16999816894531,151.60000610351562,11.424866676330566,,107.6500015258789,,10.28081226348877,89.37000274658203,96.12000274658203,11.247820854187012,,31.0,,120.60460662841797,94.05999755859375,99.51000213623047,46.0,96.5,117.4800033569336,87.77999877929688,93.61000061035156,9.166999816894531,9.680000305175781,,74.5,,95.88999938964844,100.05999755859375,,9.069000244140625,274.0,105.0,86.9000015258789,,
2023-09-26,10.847273826599121,162.69000244140625,161.0,109.61139678955078,118.76490020751953,23.149999618530273,99.75,7.939000129699707,87.0,79.8499984741211,112.69999694824219,101.1536636352539,106.4000015258789,136.80999755859375,93.41000366210938,93.55999755859375,88.87000274658203,8.0600004196167,87.87000274658203,93.94670867919922,54.5,11.680602073669434,136.0,124.6500015258789,112.02671813964844,8.270000457763672,76.5,59.58000183105469,150.6999969482422,11.415018081665039,,107.47000122070312,,10.280810356140137,89.4000015258789,96.51000213623047,11.227849960327148,,29.799999237060547,,120.60460662841797,94.66999816894531,99.98999786376953,45.560001373291016,96.5,117.4800033569336,87.58000183105469,92.0,9.079999923706055,9.680000305175781,,74.0,,96.48999786376953,100.05999755859375,,9.034000396728516,272.8999938964844,106.0,87.0,,
2023-09-27,10.847273826599121,162.6199951171875,160.5,109.93026733398438,118.71501922607422,23.149999618530273,100.5,7.941999912261963,86.73999786376953,78.70999908447266,112.95999908447266,100.11619567871094,106.68000030517578,132.14999389648438,93.5,93.4000015258789,87.4000015258789,8.060999870300293,87.73999786376953,92.99946594238281,56.25,11.621689796447754,135.88999938964844,124.43000030517578,111.83724212646484,8.039999961853027,76.06999969482422,59.90999984741211,149.00999450683594,11.375621795654297,,107.80000305175781,,10.280810356140137,89.08000183105469,93.62000274658203,11.21886157989502,,29.530000686645508,,120.60460662841797,94.16000366210938,99.5,45.0,96.5,117.5999984741211,86.11000061035156,93.7699966430664,9.050999641418457,9.640000343322754,,72.9000015258789,,96.02999877929688,100.01000213623047,,9.001999855041504,272.6000061035156,105.94999694824219,86.80000305175781,,
2023-09-28,10.886971473693848,162.6999969482422,160.5,109.3523178100586,118.41573333740234,23.202999114990234,100.81999969482422,7.880000114440918,86.9800033569336,78.69999694824219,113.27999877929688,100.50524139404297,105.79000091552734,132.99000549316406,93.55000305175781,93.41999816894531,88.30000305175781,7.96999979019165,87.7699966430664,93.52792358398438,54.720001220703125,11.632674217224121,136.8000030517578,123.5,111.8871078491211,8.119999885559082,75.4000015258789,59.18000030517578,154.22999572753906,11.17371654510498,,107.61000061035156,,10.280810356140137,89.2300033569336,93.5,11.281771659851074,,28.809999465942383,,120.60460662841797,94.01000213623047,101.0,44.93000030517578,96.5,117.23999786376953,86.26000213623047,91.37000274658203,9.052000045776367,9.670000076293945,,73.0999984741211,,96.98999786376953,100.5999984741211,,9.079999923706055,274.6199951171875,107.5999984741211,87.4800033569336,,
2023-09-29,10.986213684082031,164.47999572753906,161.47999572753906,110.34878540039062,118.46561431884766,23.197999954223633,100.9000015258789,7.948999881744385,87.25,78.94999694824219,113.4000015258789,101.25342559814453,107.08000183105469,135.8800048828125,93.9000015258789,95.19999694824219,89.4000015258789,8.031999588012695,87.41000366210938,93.54786682128906,55.88999938964844,11.642659187316895,138.5,124.4800033569336,112.38571166992188,8.479999542236328,75.95999908447266,59.38999938964844,154.0,11.502674102783203,,108.3499984741211,,10.280810356140137,89.4000015258789,98.29000091552734,11.354999542236328,,31.5,,120.60460662841797,94.44000244140625,100.41999816894531,44.9900016784668,96.5,118.69000244140625,88.30000305175781,92.37999725341797,9.194000244140625,9.800000190734863,,74.9800033569336,,98.0,100.12999725341797,,9.100000381469727,279.0199890136719,108.0,87.9800033569336,,
2023-10-02,10.847273826599121,159.6999969482422,159.8000030517578,110.80715942382812,117.47798919677734,22.999000549316406,100.08999633789062,7.693999767303467,86.75,79.2300033569336,112.5,101.21351623535156,104.5999984741211,133.80999755859375,92.91999816894531,92.51000213623047,88.0999984741211,8.100000381469727,87.12999725341797,91.83285522460938,56.0,11.637665748596191,131.49000549316406,123.01000213623047,110.02232360839844,8.6899995803833,75.97000122070312,59.560001373291016,153.72999572753906,11.508584022521973,,105.22000122070312,,10.280810356140137,88.54000091552734,95.47000122070312,11.170000076293945,,30.170000076293945,,120.60460662841797,93.62000274658203,100.0,45.380001068115234,96.5,118.37999725341797,87.38999938964844,90.25,8.895000457763672,9.789999961853027,,74.41999816894531,,96.79000091552734,99.22000122070312,,8.925000190734863,275.5,108.86000061035156,86.70999908447266,,
2023-10-03,10.807576179504395,159.0399932861328,159.89999389648438,111.50468444824219,117.39817810058594,22.996999740600586,100.1500015258789,7.576000213623047,86.80000305175781,79.7300033569336,112.87999725341797,101.25342559814453,104.9800033569336,133.75,93.08999633789062,93.12000274658203,88.18000030517578,7.949999809265137,90.80999755859375,91.65338134765625,56.5,11.500869750976562,131.14999389648438,123.25,110.29156494140625,8.260000228881836,75.02999877929688,59.04999923706055,153.99000549316406,11.459339141845703,,106.5,,10.280810356140137,87.3499984741211,97.9000015258789,11.196000099182129,,29.799999237060547,,120.60460662841797,93.3499984741211,100.30000305175781,45.20000076293945,96.5,118.7699966430664,85.62999725341797,89.8499984741211,8.920000076293945,9.829999923706055,,74.0,,96.18000030517578,98.4800033569336,,8.97700023651123,274.70001220703125,106.5,86.62000274658203,,
2023-10-04,10.827425003051758,158.72999572753906,159.89999389648438,111.13599395751953,117.15875244140625,22.93899917602539,99.61000061035156,7.525000095367432,86.87999725341797,79.33999633789062,112.95999908447266,100.7247085571289,104.0199966430664,131.6999969482422,92.70999908447266,92.16000366210938,87.55999755859375,7.85699987411499,90.2699966430664,91.72317504882812,55.25,11.387040138244629,130.6300048828125,123.0,110.39128875732422,8.34000015258789,73.5,58.58000183105469,153.97000122070312,11.400243759155273,,106.48999786376953,,10.280810356140137,87.30000305175781,96.58000183105469,11.12399959564209,,29.799999237060547,,120.60460662841797,93.08999633789062,100.48999786376953,45.099998474121094,96.5,117.05999755859375,85.08000183105469,89.86000061035156,8.880000114440918,9.880000114440918,,73.2699966430664,,96.70999908447266,98.58999633789062,,8.869999885559082,275.2699890136719,106.7699966430664,86.29000091552734,,
2023-10-05,10.857197761535645,158.47999572753906,159.6699981689453,111.06623840332031,117.14877319335938,22.950000762939453,99.79000091552734,7.534999847412109,86.69000244140625,79.27999877929688,113.0,100.00646209716797,104.9800033569336,131.6199951171875,92.5,92.94000244140625,87.48999786376953,7.955999851226807,89.44999694824219,92.28155517578125,54.90999984741211,11.373061180114746,129.5,123.5,108.21736907958984,8.470000267028809,73.43000030517578,58.939998626708984,152.1199951171875,11.422897338867188,,105.94999694824219,,10.280810356140137,87.9800033569336,97.37999725341797,10.960000038146973,,29.709999084472656,,120.60460662841797,92.8499984741211,100.43000030517578,45.099998474121094,96.5,117.48999786376953,84.98999786376953,89.56999969482422,8.895999908447266,9.90999984741211,,73.55999755859375,,97.0,98.0999984741211,,8.973999977111816,273.9800109863281,105.95999908447266,86.66000366210938,,
2023-10-06,10.886971473693848,158.22999572753906,159.0,110.69754791259766,116.86944580078125,22.908000946044922,100.08999633789062,7.461999893188477,86.87000274658203,79.43000030517578,112.4000015258789,100.6050033569336,104.0199966430664,128.5,92.79000091552734,94.01000213623047,88.87000274658203,7.979000091552734,90.52999877929688,91.73314666748047,53.630001068115234,11.5527925491333,130.10000610351562,123.19999694824219,108.4267807006836,8.489999771118164,72.3499984741211,58.68000030517578,152.5399932861328,11.395319938659668,,105.95999908447266,,10.280810356140137,88.0,97.0,11.041999816894531,,29.59000015258789,,120.60460662841797,92.94000244140625,100.5,45.20000076293945,96.5,118.0,84.30000305175781,90.19999694824219,8.960000038146973,9.9399995803833,,73.5199966430664,,96.62000274658203,99.55000305175781,,8.954000473022461,273.92999267578125,105.69000244140625,86.83999633789062,,
2023-10-09,10.867121696472168,157.5,159.0,110.11959838867188,116.99913787841797,22.90999984741211,99.98999786376953,7.478000164031982,85.80000305175781,79.44999694824219,112.19999694824219,100.58505249023438,103.4000015258789,127.83999633789062,92.91000366210938,94.33000183105469,89.77999877929688,7.888000011444092,89.95999908447266,91.22462463378906,51.5,11.52683162689209,130.2899932861328,124.0199966430664,107.78856658935547,8.369999885559082,72.5,57.04999923706055,153.4499969482422,11.47115707397461,,105.98999786376953,,10.280810356140137,88.30000305175781,96.16000366210938,11.027000427246094,,31.40999984741211,,120.60460662841797,92.87000274658203,100.5,44.06999969482422,96.5,116.87999725341797,84.12999725341797,91.1500015258789,8.949999809265137,9.979999542236328,,73.27999877929688,,97.73999786376953,98.54000091552734,,8.895000457763672,274.75,105.69000244140625,87.22000122070312,,
2023-10-10,10.886971473693848,159.5,159.00999450683594,110.33882141113281,116.959228515625,22.954999923706055,100.4000015258789,7.409999847412109,86.0,79.98999786376953,112.41999816894531,99.7470932006836,103.0,128.58999633789062,93.0,94.05000305175781,90.30000305175781,7.800000190734863,89.9800033569336,92.18184661865234,53.97999954223633,11.450944900512695,129.24000549316406,123.05000305175781,107.97000122070312,8.260000228881836,72.19999694824219,58.290000915527344,152.0,11.461307525634766,,105.68000030517578,,10.280810356140137,88.11000061035156,97.0,11.081999778747559,,31.25,,120.60460662841797,92.76000213623047,100.4800033569336,43.599998474121094,96.5,116.11000061035156,84.37000274658203,90.91999816894531,8.98799991607666,9.970000267028809,,73.70999908447266,,97.48999786376953,98.81999969482422,,8.866000175476074,275.0799865722656,107.93000030517578,87.3499984741211,,
2023-10-11,10.886971473693848,161.0,159.0,110.4085693359375,116.8095932006836,22.93899917602539,100.5999984741211,7.4120001792907715,85.8499984741211,79.54000091552734,112.25,100.8543930053711,102.83999633789062,128.0,93.4000015258789,94.44999694824219,88.88999938964844,7.791999816894531,89.55999755859375,92.68038940429688,52.599998474121094,11.399022102355957,129.5,124.5,107.98999786376953,8.3100004196167,72.79000091552734,57.15999984741211,152.25,11.420927047729492,,105.45999908447266,,10.280810356140137,87.5999984741211,97.0,11.243000030517578,,31.229999542236328,,120.60460662841797,92.75,100.4000015258789,43.189998626708984,96.5,117.95999908447266,84.2699966430664,91.4000015258789,8.86400032043457,9.970000267028809,,73.5999984741211,,96.98999786376953,98.08999633789062,,8.902000427246094,275.5799865722656,107.93000030517578,87.9800033569336,,
2023-10-13,10.896895408630371,163.25,158.85000610351562,111.04631042480469,117.07894134521484,22.941999435424805,101.05000305175781,7.425000190734863,86.05999755859375,79.58000183105469,112.47000122070312,100.73468780517578,103.77999877929688,128.36000061035156,93.16999816894531,94.75,88.98999786376953,7.875,88.08000183105469,92.7302474975586,54.040000915527344,11.44295597076416,129.8000030517578,125.1500015258789,107.8499984741211,8.34000015258789,72.72000122070312,57.25,152.92999267578125,11.416988372802734,,105.4000015258789,,10.280810356140137,88.23999786376953,96.5,11.244000434875488,,31.170000076293945,,120.60460662841797,92.76000213623047,100.33999633789062,43.20000076293945,96.5,118.04000091552734,84.44999694824219,92.80000305175781,8.947999954223633,9.890000343322754,,73.69999694824219,,95.76000213623047,98.19000244140625,,8.960000038146973,276.4599914550781,107.91999816894531,88.25,,
2023-10-16,10.906819343566895,161.42999267578125,159.3000030517578,112.51111602783203,117.51789093017578,22.933000564575195,101.1500015258789,7.414000034332275,85.95999908447266,79.4000015258789,112.01000213623047,100.34563446044922,104.30999755859375,128.1199951171875,93.55000305175781,94.9000015258789,89.70999908447266,7.864999771118164,87.68000030517578,92.66045379638672,52.209999084472656,11.390034675598145,129.8699951171875,125.22000122070312,107.94999694824219,8.300000190734863,72.5,56.900001525878906,151.8000030517578,11.416988372802734,,105.19999694824219,,10.280810356140137,88.1500015258789,97.30000305175781,11.177000045776367,,31.59000015258789,,120.60460662841797,92.94999694824219,100.8499984741211,43.04999923706055,96.5,118.0,84.76000213623047,91.36000061035156,8.904999732971191,9.84000015258789,,73.70999908447266,,96.56999969482422,97.77999877929688,,8.982000350952148,277.489990234375,107.94000244140625,88.47000122070312,,
2023-10-17,10.916744232177734,160.0,159.8000030517578,111.88334655761719,117.16873168945312,22.913999557495117,101.06999969482422,7.456999778747559,85.58000183105469,78.36000061035156,111.98999786376953,100.08626556396484,103.58999633789062,128.1999969482422,92.9000015258789,93.80000305175781,88.72000122070312,7.803999900817871,87.98999786376953,92.62056732177734,52.560001373291016,11.412002563476562,129.50999450683594,125.23999786376953,107.80999755859375,8.390000343322754,72.5999984741211,56.130001068115234,152.16000366210938,11.404184341430664,,105.37000274658203,,10.280810356140137,88.19999694824219,96.83999633789062,11.095000267028809,,31.979999542236328,,120.60460662841797,93.0999984741211,100.3499984741211,43.15999984741211,96.5,118.06999969482422,84.37000274658203,90.87000274658203,8.869999885559082,9.84000015258789,,74.19000244140625,,96.37999725341797,97.61000061035156,,9.055999755859375,273.9599914550781,107.94999694824219,88.79000091552734,,
2023-10-18,10.886971473693848,158.55999755859375,159.27000427246094,111.3751449584961,117.30839538574219,22.868000030517578,101.0,7.460000038146973,85.0999984741211,78.62000274658203,111.5,99.79696655273438,103.5,127.97000122070312,92.51000213623047,93.55000305175781,88.5,7.7870001792907715,87.87999725341797,92.57070922851562,52.279998779296875,11.359081268310547,129.58999633789062,123.94999694824219,107.91999816894531,8.239999771118164,72.62000274658203,55.310001373291016,152.10000610351562,11.37266731262207,,105.87000274658203,,10.280810356140137,88.05999755859375,96.81999969482422,11.109999656677246,,32.189998626708984,,120.60460662841797,93.0,100.23999786376953,43.310001373291016,96.5,117.72000122070312,86.04000091552734,91.80000305175781,8.852999687194824,9.75,,73.98999786376953,,95.69999694824219,97.2300033569336,,9.026000022888184,274.3900146484375,107.94999694824219,88.0,,
2023-10-19,10.877046585083008,157.5,158.94000244140625,110.66765594482422,116.99913787841797,22.81999969482422,100.8499984741211,7.479000091552734,84.25,78.44000244140625,110.54000091552734,99.7470932006836,101.9000015258789,127.48999786376953,92.55000305175781,93.5,86.95999908447266,7.7779998779296875,87.87000274658203,92.4909439086914,53.2599983215332,11.317144393920898,129.25,123.19999694824219,107.91000366210938,8.199999809265137,71.97000122070312,54.95000076293945,152.1999969482422,11.341150283813477,,105.94000244140625,,10.280810356140137,87.91999816894531,97.55000305175781,11.005999565124512,,32.75,,120.60460662841797,93.0,100.47000122070312,43.0099983215332,96.5,116.72000122070312,85.75,91.80999755859375,8.8100004196167,9.640000343322754,,73.97000122070312,,96.73999786376953,96.19999694824219,,8.994999885559082,274.92999267578125,107.94999694824219,87.5,,
2023-10-20,10.877046585083008,158.3000030517578,158.72999572753906,110.9167709350586,117.11885070800781,22.801000595092773,101.37999725341797,7.519999980926514,85.29000091552734,78.30000305175781,109.9000015258789,99.80694580078125,101.75,126.12000274658203,92.80000305175781,93.5999984741211,87.58999633789062,7.750999927520752,88.5,92.19181060791016,52.04999923706055,11.336115837097168,129.27000427246094,122.98999786376953,107.77999877929688,8.15999984741211,70.87000274658203,54.900001525878906,151.92999267578125,11.317513465881348,,105.44999694824219,,10.280810356140137,87.91999816894531,97.5,11.15999984741211,,36.0,,120.60460662841797,93.33999633789062,100.5,43.369998931884766,96.5,118.05999755859375,84.69000244140625,91.22000122070312,8.868000030517578,9.710000038146973,,73.83000183105469,,95.54000091552734,96.1500015258789,,8.90999984741211,274.8800048828125,107.98999786376953,87.9000015258789,,
2023-10-23,10.896895408630371,158.77999877929688,158.3000030517578,110.6576919555664,116.81956481933594,22.80299949645996,101.37000274658203,7.5289998054504395,85.69999694824219,78.62000274658203,109.58999633789062,99.72714233398438,102.6500015258789,124.62999725341797,92.5,93.5,89.41000366210938,7.755000114440918,87.63999938964844,91.6932601928711,51.63999938964844,11.271211624145508,129.0800018310547,123.29000091552734,107.8499984741211,8.15999984741211,69.97000122070312,55.189998626708984,149.22000122070312,11.27023696899414,,105.02999877929688,,10.280810356140137,87.73999786376953,97.44000244140625,11.243000030517578,,41.959999084472656,,120.60460662841797,93.12000274658203,100.4000015258789,43.5099983215332,96.5,117.75,85.55999755859375,91.33000183105469,8.89799976348877,9.789999961853027,,74.29000091552734,,95.44000244140625,96.01000213623047,,8.949999809265137,274.4800109863281,107.98999786376953,88.94000244140625,,
2023-10-24,10.817501068115234,159.3300018310547,157.6999969482422,109.61139678955078,115.32315826416016,22.72599983215332,101.4800033569336,7.449999809265137,84.88999938964844,78.25,107.80999755859375,99.77701568603516,102.47000122070312,123.0,92.33000183105469,93.1500015258789,87.2300033569336,7.64900016784668,86.69999694824219,92.13198852539062,53.900001525878906,11.184342384338379,128.60000610351562,123.91000366210938,107.66999816894531,8.039999961853027,68.58999633789062,53.81999969482422,149.02000427246094,11.25447940826416,,104.80000305175781,,10.280810356140137,87.54000091552734,94.83000183105469,11.137999534606934,,38.220001220703125,,120.60460662841797,93.08000183105469,100.5,43.529998779296875,96.5,117.16999816894531,83.5199966430664,90.04000091552734,8.835000038146973,9.699999809265137,,73.94999694824219,,95.75,95.30000305175781,,8.937999725341797,273.8699951171875,107.51000213623047,87.1500015258789,,
2023-10-25,10.817501068115234,160.32000732421875,157.92999267578125,109.27259826660156,116.71981048583984,22.73900032043457,101.80000305175781,7.5269999504089355,85.26000213623047,78.12000274658203,107.31999969482422,99.29818725585938,103.0999984741211,122.45999908447266,92.01000213623047,91.79000091552734,88.77999877929688,7.690000057220459,86.5,91.33430480957031,52.13999938964844,11.148394584655762,128.49000549316406,122.98999786376953,108.5,7.96999979019165,67.16000366210938,52.779998779296875,149.77000427246094,11.268266677856445,,105.1500015258789,,10.280810356140137,88.0,95.0,11.060999870300293,,38.369998931884766,,120.60460662841797,93.0,100.43000030517578,43.58000183105469,96.5,116.80999755859375,83.95999908447266,90.87999725341797,8.831000328063965,9.649999618530273,,73.62000274658203,,96.0,94.7300033569336,,8.902999877929688,274.0799865722656,107.2699966430664,88.3499984741211,,
2023-10-26,10.748029708862305,158.5500030517578,157.5,107.9273681640625,116.4903564453125,22.700000762939453,101.5,7.4710001945495605,85.4000015258789,77.62000274658203,106.72000122070312,99.17847442626953,102.05999755859375,122.97000122070312,92.0,92.72000122070312,88.1500015258789,7.630000114440918,87.05999755859375,91.67332458496094,52.40999984741211,11.068513870239258,128.33999633789062,124.12999725341797,108.76000213623047,7.659999847412109,67.0,52.900001525878906,150.50999450683594,11.227886199951172,,105.11000061035156,,10.280810356140137,88.0,95.11000061035156,11.071000099182129,,38.45000076293945,,120.60460662841797,92.79000091552734,100.4000015258789,43.650001525878906,96.5,115.13999938964844,83.9000015258789,90.73999786376953,8.82699966430664,9.640000343322754,,74.25,,95.95999908447266,93.5,,8.857000350952148,272.5199890136719,107.48999786376953,87.48999786376953,,
2023-10-27,10.767878532409668,160.24000549316406,157.75,108.01705169677734,116.22100067138672,22.729000091552734,102.44999694824219,7.445000171661377,85.66000366210938,77.94999694824219,107.51000213623047,99.37799072265625,104.18000030517578,123.86000061035156,92.5,93.38999938964844,88.91000366210938,7.665999889373779,87.13999938964844,91.50381469726562,52.52000045776367,11.183342933654785,129.0,123.45999908447266,107.79000091552734,7.75,69.88999938964844,52.900001525878906,149.02999877929688,11.213112831115723,,105.5,,10.280810356140137,88.13999938964844,95.41000366210938,11.137999534606934,,38.70000076293945,,120.60460662841797,93.04000091552734,100.25,43.349998474121094,96.5,115.55999755859375,86.19999694824219,91.66999816894531,8.826000213623047,9.6899995803833,,73.97000122070312,,95.98999786376953,94.08999633789062,,8.88599967956543,274.010009765625,107.97000122070312,87.58999633789062,,
2023-10-30,10.698409080505371,159.80999755859375,157.92999267578125,108.29605865478516,116.2309799194336,22.861000061035156,102.69999694824219,7.460000038146973,85.19999694824219,78.1500015258789,108.51000213623047,99.59745788574219,102.72000122070312,124.44999694824219,92.08999633789062,92.0999984741211,88.5,7.681000232696533,87.06999969482422,91.41407775878906,51.459999084472656,11.287187576293945,129.2899932861328,122.86000061035156,107.88999938964844,7.670000076293945,72.5,53.849998474121094,148.72999572753906,11.298798561096191,,104.87000274658203,,10.280810356140137,88.37000274658203,95.81999969482422,11.100000381469727,,38.04999923706055,,120.60460662841797,93.37999725341797,100.1500015258789,43.36000061035156,96.5,115.91000366210938,85.0,91.33999633789062,8.821999549865723,9.630000114440918,,73.48999786376953,,94.5999984741211,95.1500015258789,,8.890000343322754,277.3500061035156,108.43000030517578,87.4000015258789,,
2023-10-31,10.728181838989258,159.67999267578125,158.0,108.7145767211914,116.86944580078125,22.86199951171875,102.38999938964844,7.5,84.83000183105469,78.7699966430664,108.94999694824219,99.20840454101562,102.1500015258789,122.75,91.98999786376953,93.18000030517578,87.56999969482422,7.697000026702881,87.66999816894531,91.41407775878906,50.599998474121094,11.322135925292969,129.3000030517578,122.0999984741211,107.91999816894531,7.659999847412109,69.5,53.849998474121094,150.0,11.289935111999512,,106.08999633789062,,10.280810356140137,88.30999755859375,96.58999633789062,11.071999549865723,,38.599998474121094,,120.60460662841797,93.25,100.5,43.20000076293945,96.5,117.29000091552734,86.25,91.11000061035156,8.765000343322754,9.670000076293945,,73.55999755859375,,96.30000305175781,94.80000305175781,,8.965999603271484,275.5799865722656,108.19999694824219,87.33999633789062,,
2023-11-01,10.529696464538574,157.6300048828125,156.57000732421875,109.3523178100586,115.92172241210938,22.66200065612793,100.72000122070312,7.389999866485596,84.4800033569336,78.43000030517578,108.1500015258789,98.5300521850586,99.8499984741211,123.4800033569336,90.37000274658203,93.7699966430664,87.36000061035156,7.678999900817871,86.26000213623047,90.7958755493164,50.45000076293945,11.283193588256836,132.8000030517578,121.8499984741211,107.5,7.190000057220459,69.41000366210938,52.7599983215332,149.89999389648438,11.281070709228516,,101.19999694824219,,10.280810356140137,87.22000122070312,94.5999984741211,10.975000381469727,,38.13999938964844,,120.60460662841797,91.05999755859375,100.55000305175781,43.099998474121094,96.5,116.0,84.69999694824219,90.0199966430664,8.876999855041504,9.619999885559082,,72.80000305175781,,95.44000244140625,92.22000122070312,,8.802000045776367,271.739990234375,107.95999908447266,86.25,,
2023-11-03,10.589241027832031,159.52999877929688,157.6999969482422,110.30892181396484,116.22100067138672,22.691999435424805,100.73999786376953,7.409999847412109,85.0999984741211,78.4000015258789,108.44999694824219,98.97895812988281,101.9800033569336,124.0,91.1500015258789,92.3499984741211,88.04000091552734,7.664999961853027,86.48999786376953,91.4240493774414,50.5,11.24025821685791,130.8699951171875,121.44999694824219,107.70999908447266,7.369999885559082,69.88999938964844,55.0,149.24000549316406,11.331300735473633,,102.30000305175781,,10.280810356140137,87.37999725341797,95.19000244140625,10.946000099182129,,37.77000045776367,,120.60460662841797,92.38999938964844,100.93000030517578,43.209999084472656,96.5,117.1500015258789,85.75,89.88999938964844,8.847999572753906,9.6899995803833,,73.51000213623047,,96.0,91.91999816894531,,8.885000228881836,265.25,108.02999877929688,86.43000030517578,,
2023-11-06,10.589241027832031,160.14999389648438,157.63999938964844,111.60433197021484,116.6998519897461,22.69499969482422,100.22000122070312,7.340000152587891,85.52999877929688,79.13999938964844,108.1500015258789,98.94903564453125,101.18000030517578,124.5999984741211,91.5199966430664,91.69000244140625,88.4800033569336,7.691999912261963,87.45999908447266,92.22172546386719,50.70000076293945,11.232270240783691,130.5,121.41999816894531,107.88999938964844,7.329999923706055,70.11000061035156,54.4900016784668,148.75,11.296830177307129,,102.66000366210938,,10.280810356140137,87.31999969482422,94.9000015258789,10.86400032043457,,37.83000183105469,,120.60460662841797,91.76000213623047,100.80000305175781,43.56999969482422,96.5,117.88999938964844,85.79000091552734,89.5199966430664,8.75,9.75,,73.69999694824219,,95.30000305175781,92.72000122070312,,8.899999618530273,266.0299987792969,108.04000091552734,87.12000274658203,,
2023-11-07,10.678560256958008,162.10000610351562,157.77999877929688,111.80362701416016,116.63999938964844,22.56599998474121,100.75,7.374000072479248,86.19999694824219,79.79000091552734,109.0,99.2582778930664,100.75,128.5,92.12000274658203,91.95999908447266,88.8499984741211,7.699999809265137,88.58999633789062,92.4909439086914,50.849998474121094,11.24025821685791,130.0500030517578,121.98999786376953,108.02999877929688,7.75,69.98999786376953,54.279998779296875,148.7100067138672,11.296830177307129,,102.70999908447266,,10.280810356140137,87.58999633789062,95.30000305175781,10.885000228881836,,37.75,,120.60460662841797,91.86000061035156,100.91999816894531,43.209999084472656,96.5,117.37999725341797,85.25,90.33000183105469,8.9399995803833,9.8100004196167,,74.97000122070312,,95.97000122070312,93.12999725341797,,8.890000343322754,266.7300109863281,107.61000061035156,87.48999786376953,,
2023-11-08,10.688485145568848,161.6199951171875,157.6999969482422,111.5744400024414,116.71981048583984,22.57699966430664,100.62000274658203,7.359000205993652,86.19999694824219,79.41000366210938,108.98999786376953,99.66728210449219,100.4000015258789,128.41000366210938,92.30000305175781,92.48999786376953,89.55999755859375,7.715000152587891,88.94000244140625,92.38126373291016,51.400001525878906,11.200318336486816,130.47000122070312,122.0999984741211,108.37000274658203,7.71999979019165,68.30000305175781,54.849998474121094,148.30999755859375,11.296830177307129,,102.94000244140625,,10.280810356140137,87.66999816894531,95.44000244140625,10.829999923706055,,37.779998779296875,,120.60460662841797,91.79000091552734,100.80000305175781,43.2599983215332,96.5,116.88999938964844,85.98999786376953,90.94000244140625,8.970000267028809,9.779999732971191,,74.58999633789062,,95.58999633789062,93.47000122070312,,8.89799976348877,267.8599853515625,108.05000305175781,87.44999694824219,,
2023-11-09,10.718256950378418,161.8800048828125,158.0,112.44136810302734,116.91932678222656,22.530000686645508,101.0199966430664,7.320000171661377,85.0,79.77999877929688,108.9000015258789,99.40791320800781,100.0199966430664,128.1300048828125,92.0,92.69000244140625,89.94999694824219,7.705999851226807,88.36000061035156,92.43111419677734,51.400001525878906,11.22128677368164,130.0800018310547,122.98999786376953,108.5999984741211,7.860000133514404,70.30000305175781,55.20000076293945,148.75999450683594,11.292889595031738,,103.08000183105469,,10.280810356140137,87.97000122070312,95.5,10.810999870300293,,36.45000076293945,,120.60460662841797,91.33000183105469,101.1500015258789,42.970001220703125,96.5,116.0199966430664,85.56999969482422,90.87999725341797,8.869999885559082,9.8100004196167,,76.36000061035156,,96.30000305175781,93.9000015258789,,8.928999900817871,269.30999755859375,107.98999786376953,87.48999786376953,,
2023-11-10,10.757954597473145,161.05999755859375,159.0800018310547,112.41146850585938,117.01908874511719,22.5,101.4000015258789,7.309999942779541,84.44000244140625,79.16999816894531,107.87000274658203,99.15852355957031,99.25,125.4000015258789,92.0199966430664,92.76000213623047,89.73999786376953,7.802999973297119,88.62000274658203,92.0821304321289,51.599998474121094,11.243253707885742,131.0,122.8499984741211,109.0,7.659999847412109,72.87000274658203,57.88999938964844,150.4199981689453,11.271222114562988,,103.44000244140625,,10.280810356140137,88.1500015258789,94.69999694824219,10.842000007629395,,36.31999969482422,,120.60460662841797,91.30000305175781,100.79000091552734,42.849998474121094,96.5,116.26000213623047,85.08000183105469,91.9800033569336,8.899999618530273,9.800000190734863,,76.97000122070312,,96.69999694824219,94.41999816894531,,8.965999603271484,269.760009765625,107.75,87.06999969482422,,
2023-11-13,10.748029708862305,159.85000610351562,159.16000366210938,112.63069152832031,117.96681213378906,22.509000778198242,101.33999633789062,7.3429999351501465,84.16000366210938,78.0,107.94999694824219,99.37799072265625,99.0,125.44000244140625,92.05999755859375,93.25,88.51000213623047,7.78000020980835,87.63999938964844,91.60352325439453,51.59000015258789,11.24425220489502,131.0,123.0,108.77999877929688,7.610000133514404,72.76000213623047,57.349998474121094,149.99000549316406,11.261372566223145,,103.0999984741211,,10.280810356140137,87.69999694824219,94.88999938964844,10.8149995803833,,35.54999923706055,,120.60460662841797,91.2300033569336,99.41999816894531,42.65999984741211,96.5,116.98999786376953,85.87999725341797,90.62000274658203,9.029999732971191,9.8100004196167,,77.0199966430664,,96.58999633789062,95.5,,8.97599983215332,270.8599853515625,108.02999877929688,87.51000213623047,,
2023-11-14,10.757954597473145,161.00999450683594,159.49000549316406,113.15882110595703,118.46561431884766,22.499000549316406,101.79000091552734,7.343999862670898,84.26000213623047,77.83000183105469,108.0,99.64733123779297,98.47000122070312,126.30000305175781,92.1500015258789,91.06999969482422,89.5,7.77400016784668,87.20999908447266,91.58358001708984,52.099998474121094,11.251241683959961,130.27999877929688,123.0,108.66000366210938,7.699999809265137,73.0,58.20000076293945,148.6300048828125,11.27023696899414,,102.97000122070312,,10.280810356140137,88.0,94.33999633789062,10.83899974822998,,35.400001525878906,,120.60460662841797,91.0,99.9800033569336,42.70000076293945,96.5,116.80999755859375,85.87000274658203,90.22000122070312,8.960000038146973,9.699999809265137,,77.06999969482422,,96.9800033569336,95.55999755859375,,8.967000007629395,272.92999267578125,108.20999908447266,87.51000213623047,,
2023-11-16,10.817501068115234,161.72000122070312,159.9600067138672,113.09902954101562,119.30000305175781,22.530000686645508,102.06999969482422,7.3429999351501465,84.19999694824219,77.22000122070312,108.1500015258789,99.34806060791016,98.3499984741211,128.97000122070312,92.06999969482422,92.48999786376953,89.5999984741211,7.738999843597412,87.3499984741211,92.03227996826172,51.7400016784668,11.31814193725586,130.6999969482422,123.63999938964844,108.81999969482422,7.760000228881836,73.44999694824219,58.900001525878906,149.0,11.282055854797363,,103.0999984741211,,10.280810356140137,88.3499984741211,94.70999908447266,10.779999732971191,,35.77000045776367,,120.60460662841797,91.4000015258789,100.54000091552734,42.83000183105469,96.5,116.5,86.18000030517578,90.52999877929688,9.0600004196167,9.6899995803833,,76.88999938964844,,96.9800033569336,95.9000015258789,,8.958000183105469,272.69000244140625,108.4000015258789,88.01000213623047,,
2023-11-17,10.837348937988281,161.86000061035156,160.17999267578125,113.09902954101562,118.83999633789062,22.493000030517578,102.81999969482422,7.317999839782715,84.12999725341797,77.27999877929688,108.4800033569336,99.34806060791016,98.62000274658203,132.5,92.5999984741211,92.9800033569336,89.08000183105469,7.760000228881836,87.0,92.7302474975586,51.5099983215332,11.308156967163086,130.74000549316406,123.11000061035156,108.48999786376953,7.739999771118164,73.12000274658203,58.54999923706055,148.97000122070312,11.296830177307129,,103.69999694824219,,10.280810356140137,88.95999908447266,94.41000366210938,10.793999671936035,,35.869998931884766,,120.60460662841797,91.44000244140625,100.5999984741211,43.06999969482422,96.5,116.38999938964844,85.61000061035156,90.19000244140625,9.050000190734863,9.739999771118164,,75.36000061035156,,96.91000366210938,96.48999786376953,,8.909000396728516,273.25,108.6500015258789,87.98999786376953,,
2023-11-20,10.817501068115234,161.82000732421875,161.85000610351562,111.46482849121094,118.80000305175781,22.510000228881836,103.13999938964844,7.300000190734863,83.91000366210938,77.27999877929688,107.70999908447266,99.2582778930664,98.86000061035156,132.1999969482422,92.30999755859375,92.58000183105469,88.45999908447266,7.758999824523926,86.72000122070312,93.62763977050781,51.599998474121094,11.297174453735352,130.75999450683594,122.9800033569336,108.5,7.78000020980835,72.83000183105469,57.40999984741211,148.33999633789062,11.248568534851074,,103.87999725341797,,10.280810356140137,88.4000015258789,94.88999938964844,10.873000144958496,,36.16999816894531,,120.60460662841797,91.4800033569336,100.91999816894531,43.45000076293945,96.5,116.02999877929688,84.91999816894531,90.55999755859375,8.970000267028809,9.75,,75.0,,96.87999725341797,95.44000244140625,,8.913000106811523,274.0899963378906,108.69999694824219,87.7300033569336,,
2023-11-21,10.857197761535645,161.82000732421875,162.10000610351562,111.90327453613281,117.6500015258789,22.405000686645508,102.98999786376953,7.324999809265137,83.33000183105469,77.04000091552734,107.0,99.36801147460938,98.8499984741211,132.3000030517578,92.19999694824219,92.18000030517578,88.19999694824219,7.767000198364258,86.29000091552734,92.97952270507812,51.70000076293945,11.28519058227539,130.5500030517578,122.20999908447266,108.48999786376953,7.619999885559082,73.5999984741211,57.529998779296875,147.0,11.225916862487793,,104.04000091552734,,10.280810356140137,88.19999694824219,93.62000274658203,10.800000190734863,,36.25,,120.60460662841797,91.29000091552734,101.04000091552734,43.119998931884766,96.5,115.69000244140625,85.2699966430664,90.25,9.069999694824219,9.789999961853027,,76.30000305175781,,96.80000305175781,97.30000305175781,,8.829999923706055,272.0,108.41000366210938,87.33000183105469,,
2023-11-22,10.867121696472168,159.1999969482422,162.30999755859375,110.88687896728516,118.01000213623047,22.363000869750977,102.58000183105469,7.324999809265137,82.75,76.6500015258789,107.0,99.2882080078125,98.25,128.8000030517578,92.12000274658203,91.3499984741211,87.69999694824219,7.750999927520752,85.9000015258789,92.79006958007812,51.0,11.352091789245605,131.24000549316406,122.66999816894531,108.05000305175781,7.619999885559082,71.30000305175781,57.880001068115234,146.7100067138672,11.215083122253418,,102.4000015258789,,10.280810356140137,88.19999694824219,94.0,10.789999961853027,,36.099998474121094,,120.60460662841797,91.0199966430664,100.9800033569336,43.11000061035156,96.5,115.58999633789062,85.23999786376953,89.66999816894531,9.0,9.789999961853027,,75.3499984741211,,96.80999755859375,95.98999786376953,,8.897000312805176,272.92999267578125,108.01000213623047,87.23999786376953,,
2023-11-23,10.777803421020508,158.64999389648438,161.97000122070312,111.33528900146484,118.0999984741211,22.399999618530273,102.30000305175781,7.335000038146973,82.68000030517578,76.19999694824219,107.0199966430664,98.84927368164062,97.8499984741211,129.25,92.12000274658203,91.19999694824219,87.1500015258789,7.710000038146973,85.22000122070312,92.7302474975586,51.0,11.293180465698242,130.9199981689453,122.5999984741211,108.0999984741211,7.699999809265137,73.19999694824219,59.91999816894531,147.35000610351562,11.219021797180176,,102.30000305175781,,10.280810356140137,88.1500015258789,94.0,10.621000289916992,,36.0099983215332,,120.60460662841797,91.19999694824219,99.69000244140625,43.41999816894531,96.5,114.9000015258789,83.80000305175781,89.7699966430664,8.90999984741211,9.850000381469727,,75.25,,96.4000015258789,97.01000213623047,,8.760000228881836,270.9800109863281,108.05000305175781,86.93000030517578,,
2023-11-24,10.748029708862305,161.0,161.6199951171875,110.60786437988281,117.79000091552734,22.48200035095215,101.81999969482422,7.335000038146973,82.5,75.20999908447266,106.30999755859375,98.84927368164062,97.4000015258789,128.02999877929688,92.08000183105469,91.19999694824219,86.4800033569336,7.6529998779296875,84.76000213623047,92.28155517578125,51.599998474121094,11.253238677978516,132.1999969482422,119.80999755859375,107.79000091552734,7.690000057220459,72.4000015258789,60.0,147.6999969482422,11.22690200805664,,102.80000305175781,,10.280810356140137,87.91000366210938,91.97000122070312,10.815999984741211,,36.040000915527344,,120.60460662841797,91.62999725341797,99.55000305175781,43.279998779296875,96.5,114.8499984741211,82.2300033569336,89.9800033569336,8.890000343322754,9.970000267028809,,75.16000366210938,,95.88999938964844,95.5999984741211,,8.760000228881836,271.9599914550781,108.4000015258789,86.0,,
2023-11-27,10.569393157958984,158.52000427246094,160.1300048828125,110.15945434570312,117.75,22.472000122070312,101.61000061035156,7.301000118255615,82.70999908447266,74.5999984741211,106.33000183105469,98.68966674804688,97.55999755859375,129.0,91.91000366210938,87.80000305175781,85.5999984741211,7.638999938964844,83.33999633789062,92.2915267944336,52.0,11.256235122680664,132.5500030517578,119.0999984741211,108.12000274658203,7.519999980926514,72.83000183105469,57.29999923706055,147.85000610351562,11.20720386505127,,102.0999984741211,,10.280810356140137,87.75,92.95999908447266,10.847999572753906,,35.849998474121094,,120.60460662841797,91.5,100.13999938964844,43.0,96.5,113.94000244140625,82.36000061035156,89.63999938964844,8.800000190734863,10.010000228881836,,76.0,,94.87999725341797,98.12000274658203,,8.579999923706055,271.44000244140625,108.19000244140625,85.6500015258789,,
2023-11-28,10.638862609863281,158.89999389648438,160.10000610351562,110.17938232421875,117.87000274658203,22.479999542236328,101.69999694824219,7.320000171661377,83.26000213623047,74.45999908447266,107.27999877929688,98.91910552978516,97.94000244140625,128.6300048828125,91.91999816894531,88.41999816894531,85.41000366210938,7.589000225067139,83.80999755859375,92.7302474975586,51.9900016784668,11.243253707885742,134.77999877929688,119.5,108.12000274658203,7.599999904632568,72.30000305175781,58.779998779296875,148.00999450683594,11.154019355773926,,102.4000015258789,,10.280810356140137,88.0,93.30000305175781,10.840999603271484,,35.5,,120.60460662841797,91.19999694824219,99.13999938964844,42.849998474121094,96.5,113.41000366210938,83.05000305175781,89.72000122070312,8.829999923706055,9.729999542236328,,75.31999969482422,,95.23999786376953,97.19999694824219,,8.67199993133545,276.75,108.80000305175781,86.01000213623047,,
2023-11-29,10.729999542236328,158.91000366210938,160.3800048828125,109.61139678955078,117.87999725341797,22.333999633789062,101.26000213623047,7.315999984741211,83.4000015258789,72.91999816894531,107.80999755859375,99.07872009277344,97.30999755859375,127.52999877929688,92.0999984741211,87.69999694824219,86.13999938964844,7.561999797821045,83.9000015258789,93.12908935546875,51.59000015258789,11.279199600219727,134.08999633789062,116.3499984741211,108.31999969482422,7.510000228881836,73.19999694824219,59.619998931884766,148.89999389648438,11.157958030700684,,102.94999694824219,,10.280810356140137,87.73999786376953,94.0,10.855999946594238,,35.63999938964844,,120.60460662841797,91.33999633789062,99.30000305175781,42.97999954223633,96.5,113.26000213623047,83.58999633789062,89.51000213623047,8.8100004196167,9.729999542236328,,74.9800033569336,,95.62000274658203,97.72000122070312,,8.795000076293945,271.54998779296875,108.88999938964844,85.9000015258789,,
2023-11-30,10.710000038146973,159.5,161.39999389648438,110.64772033691406,118.94999694824219,22.320999145507812,101.80000305175781,7.321000099182129,84.22000122070312,72.43000030517578,107.52999877929688,100.51522064208984,97.19999694824219,130.19000244140625,91.9800033569336,88.08999633789062,87.68000030517578,7.624000072479248,86.88999938964844,93.22879791259766,51.63999938964844,11.344103813171387,134.5,118.5,108.72000122070312,7.670000076293945,73.52999877929688,59.83000183105469,148.97999572753906,11.256448745727539,,103.87999725341797,,10.280810356140137,88.69000244140625,94.16999816894531,10.73900032043457,,36.0,,120.60460662841797,91.3499984741211,99.80999755859375,43.29999923706055,96.5,113.54000091552734,83.80000305175781,89.69000244140625,8.850000381469727,9.649999618530273,,75.1500015258789,,95.69999694824219,98.06999969482422,,8.8149995803833,276.8399963378906,108.8499984741211,85.9000015258789,,
2023-12-01,10.460000038146973,158.0,160.0,113.17874908447266,118.55000305175781,22.350000381469727,100.62999725341797,7.328000068664551,84.01000213623047,73.69000244140625,106.22000122070312,99.45779418945312,95.80000305175781,129.38999938964844,91.16999816894531,92.25,87.0,7.495999813079834,85.16000366210938,91.56364440917969,51.52000045776367,11.34310531616211,130.0,121.30000305175781,107.9000015258789,7.489999771118164,71.63999938964844,59.290000915527344,147.7100067138672,11.3165283203125,,101.8499984741211,,10.280810356140137,87.12000274658203,93.16000366210938,10.800000190734863,,36.060001373291016,,120.60460662841797,90.81999969482422,100.19000244140625,43.29999923706055,96.5,111.95999908447266,82.55000305175781,89.05999755859375,8.800000190734863,9.5600004196167,,74.87999725341797,,95.19999694824219,95.88999938964844,,8.708000183105469,277.4700012207031,108.30000305175781,83.68000030517578,,
2023-12-04,10.489999771118164,158.17999267578125,160.42999267578125,112.3018569946289,118.58999633789062,22.30699920654297,101.0,7.360000133514404,84.16000366210938,75.72000122070312,105.20999908447266,100.46533966064453,96.5,129.0,91.06999969482422,92.5999984741211,85.5,7.534999847412109,85.4000015258789,91.43402099609375,51.70000076293945,11.199318885803223,130.9199981689453,121.52999877929688,107.97000122070312,7.480000019073486,71.5999984741211,59.040000915527344,148.47999572753906,11.22887134552002,,101.8499984741211,,10.280810356140137,87.29000091552734,94.9800033569336,11.277999877929688,,36.650001525878906,,120.60460662841797,90.61000061035156,100.19000244140625,43.31999969482422,96.5,112.3499984741211,82.9000015258789,88.9000015258789,8.640000343322754,9.760000228881836,,74.04000091552734,,95.18000030517578,96.69000244140625,,8.694999694824219,278.6499938964844,108.30000305175781,84.0199966430664,,
2023-12-05,10.520000457763672,159.99000549316406,160.39999389648438,112.08263397216797,118.37000274658203,22.33300018310547,101.08000183105469,7.331999778747559,84.69000244140625,76.0,106.6500015258789,99.90670013427734,95.83999633789062,129.02000427246094,90.93000030517578,92.5999984741211,86.08000183105469,7.5320000648498535,85.91999816894531,92.01233673095703,52.29999923706055,11.264223098754883,133.0,124.38999938964844,107.5999984741211,7.590000152587891,71.30999755859375,59.189998626708984,150.1999969482422,11.285011291503906,,102.05000305175781,,10.280810356140137,87.1500015258789,95.0,11.119999885559082,,36.939998626708984,,120.60460662841797,90.6500015258789,99.7699966430664,43.349998474121094,96.5,112.41999816894531,83.2699966430664,89.38999938964844,8.779999732971191,9.789999961853027,,73.80000305175781,,95.26000213623047,96.97000122070312,,8.687999725341797,285.989990234375,108.30000305175781,83.87000274658203,,
2023-12-06,10.489999771118164,159.8000030517578,160.5,111.95309448242188,118.19999694824219,22.25,101.4000015258789,7.343999862670898,85.18000030517578,75.37000274658203,106.27999877929688,100.20597076416016,96.0,129.27999877929688,91.1500015258789,92.29000091552734,87.0,7.598999977111816,86.22000122070312,92.58068084716797,52.599998474121094,11.234267234802246,132.39999389648438,122.52999877929688,107.19999694824219,7.5,72.30999755859375,59.439998626708984,150.38999938964844,11.324406623840332,,102.01000213623047,,10.280810356140137,87.13999938964844,96.08999633789062,11.187000274658203,,37.18000030517578,,120.60460662841797,90.56999969482422,99.83999633789062,43.349998474121094,96.5,112.66999816894531,83.66000366210938,89.37999725341797,8.789999961853027,9.829999923706055,,74.68000030517578,,95.19999694824219,96.19999694824219,,8.720000267028809,283.1499938964844,108.4000015258789,84.01000213623047,,
2023-12-07,10.449999809265137,159.89999389648438,160.60000610351562,110.9267349243164,118.55000305175781,22.297000885009766,101.69000244140625,7.329999923706055,84.79000091552734,75.05999755859375,105.80999755859375,100.08626556396484,91.5199966430664,128.97000122070312,90.70999908447266,91.80999755859375,85.94999694824219,7.630000114440918,86.30999755859375,91.78300476074219,51.7400016784668,11.197321891784668,132.10000610351562,117.47000122070312,107.13999938964844,7.460000038146973,72.5,60.0,150.30999755859375,11.350998878479004,,102.08999633789062,,10.280810356140137,87.5,95.87999725341797,11.149999618530273,,36.54999923706055,,120.60460662841797,90.58999633789062,99.52999877929688,43.400001525878906,96.5,111.98999786376953,83.77999877929688,89.0999984741211,8.729999542236328,9.739999771118164,,73.80999755859375,,94.9000015258789,97.80000305175781,,8.76200008392334,282.8999938964844,108.0,83.70999908447266,,
2023-12-08,10.449999809265137,159.88999938964844,161.14999389648438,111.24560546875,118.94999694824219,22.250999450683594,101.30000305175781,7.340000152587891,84.48999786376953,75.37000274658203,106.2699966430664,100.25585174560547,91.37000274658203,131.3000030517578,91.1500015258789,93.0,86.87000274658203,7.619999885559082,87.44999694824219,92.22172546386719,52.400001525878906,11.275205612182617,131.58999633789062,118.44000244140625,107.48999786376953,7.369999885559082,72.80000305175781,60.060001373291016,151.8699951171875,11.35986328125,,102.30000305175781,,10.280810356140137,87.5,95.5,11.178000450134277,,36.08000183105469,,120.60460662841797,90.7699966430664,99.8499984741211,42.5,96.5,114.48999786376953,84.08000183105469,89.69999694824219,8.84000015258789,9.770000457763672,,73.91999816894531,,95.36000061035156,96.6500015258789,,8.74899959564209,284.70001220703125,108.19999694824219,84.02999877929688,,
2023-12-11,10.460000038146973,158.5500030517578,161.14999389648438,111.12602996826172,118.7300033569336,22.049999237060547,101.0999984741211,7.330999851226807,84.0199966430664,75.30000305175781,106.41000366210938,99.78699493408203,93.30000305175781,129.82000732421875,90.97000122070312,93.30999755859375,86.16000366210938,7.579999923706055,86.30000305175781,92.13198852539062,51.0099983215332,11.300168991088867,131.7899932861328,119.37000274658203,107.41999816894531,7.420000076293945,72.75,59.040000915527344,148.57000732421875,11.400243759155273,,102.0,,10.280810356140137,87.37000274658203,96.0999984741211,11.15999984741211,,35.650001525878906,,120.60460662841797,90.19999694824219,99.26000213623047,42.58000183105469,96.5,113.80000305175781,82.55000305175781,89.88999938964844,8.710000038146973,9.819999694824219,,73.12999725341797,,95.0,97.16000366210938,,8.758999824523926,283.9700012207031,108.30000305175781,83.94000244140625,,
2023-12-12,10.479999542236328,159.6999969482422,160.39999389648438,110.76730346679688,118.5999984741211,21.94099998474121,101.02999877929688,7.334000110626221,82.9000015258789,74.41000366210938,106.30000305175781,99.95658111572266,93.61000061035156,128.0,90.58999633789062,92.12000274658203,85.5,7.465000152587891,85.5999984741211,91.48387145996094,50.220001220703125,11.302165985107422,131.6699981689453,119.61000061035156,107.25,7.409999847412109,71.88999938964844,58.849998474121094,149.49000549316406,11.416988372802734,,102.7300033569336,,10.280810356140137,86.3499984741211,96.06999969482422,11.029999732971191,,35.310001373291016,,120.60460662841797,90.4000015258789,98.2699966430664,42.209999084472656,96.5,112.5199966430664,82.63999938964844,88.66000366210938,8.720000267028809,9.789999961853027,,72.80999755859375,,94.0,97.0,,8.779999732971191,279.8800048828125,108.55000305175781,83.55999755859375,,
2023-12-13,10.470000267028809,159.83999633789062,160.97999572753906,111.60433197021484,118.6500015258789,22.0,101.5,7.336999893188477,82.5,74.01000213623047,106.25,100.74465942382812,93.80000305175781,127.69999694824219,91.4000015258789,91.47000122070312,86.19999694824219,7.465000152587891,85.33000183105469,91.21465301513672,50.16999816894531,11.28019905090332,132.3000030517578,119.30999755859375,107.5999984741211,7.559999942779541,72.44999694824219,58.5,150.0,11.420927047729492,,103.19999694824219,,10.280810356140137,86.0999984741211,97.0,11.199999809265137,,34.95000076293945,,120.60460662841797,90.48999786376953,99.0999984741211,42.25,96.5,112.80000305175781,82.66000366210938,89.30000305175781,8.710000038146973,9.600000381469727,,72.63999938964844,,94.6500015258789,96.04000091552734,,8.786999702453613,280.80999755859375,109.0,83.45999908447266,,
2023-12-14,10.5,160.0,160.6999969482422,112.73033905029297,118.80000305175781,22.054000854492188,101.4800033569336,7.339000225067139,82.55000305175781,74.16000366210938,106.16999816894531,100.70475769042969,93.12999725341797,127.87000274658203,91.52999877929688,92.48999786376953,85.62000274658203,7.510000228881836,85.44999694824219,91.33430480957031,52.0,11.292181015014648,133.11000061035156,118.41000366210938,107.88999938964844,7.550000190734863,72.79000091552734,58.72999954223633,153.6300048828125,11.474111557006836,,104.0,,10.280810356140137,86.44999694824219,96.94999694824219,11.23799991607666,,34.880001068115234,,120.60460662841797,90.9000015258789,99.0,42.29999923706055,96.5,111.4000015258789,83.18000030517578,91.5,8.760000228881836,9.640000343322754,,73.12999725341797,,95.29000091552734,96.11000061035156,,8.789999961853027,283.0,108.37000274658203,83.5999984741211,,
2023-12-15,10.569999694824219,161.0,154.99000549316406,111.85344696044922,120.98999786376953,22.398000717163086,101.91999816894531,7.340000152587891,82.83999633789062,75.12000274658203,102.69000244140625,100.6748275756836,94.69999694824219,128.00999450683594,92.08000183105469,93.83000183105469,85.93000030517578,7.52400016784668,86.80000305175781,91.61349487304688,53.4900016784668,11.301168441772461,130.10000610351562,119.1500015258789,108.0,7.5,72.66000366210938,58.869998931884766,154.36000061035156,11.562752723693848,,103.83999633789062,,10.280810356140137,86.81999969482422,96.48999786376953,11.298999786376953,,35.599998474121094,,120.60460662841797,91.19000244140625,97.5999984741211,42.88999938964844,96.5,112.0,83.19999694824219,91.08000183105469,8.869999885559082,9.6899995803833,,73.2699966430664,,94.77999877929688,96.44999694824219,,8.8149995803833,283.0,109.11000061035156,83.87999725341797,,
2023-12-18,10.460000038146973,160.11000061035156,158.74000549316406,111.71394348144531,120.83000183105469,22.19499969482422,101.83999633789062,7.34499979019165,83.0,75.13999938964844,105.5,99.7470932006836,94.83000183105469,127.77999877929688,92.5199966430664,92.77999877929688,86.94000244140625,7.613999843597412,86.33999633789062,91.73314666748047,53.83000183105469,11.294178009033203,134.08999633789062,120.0,108.33000183105469,7.579999923706055,72.5999984741211,59.0,156.36000061035156,11.472142219543457,,104.0,,10.280810356140137,86.33999633789062,96.63999938964844,11.17300033569336,,35.5099983215332,,120.60460662841797,91.19999694824219,98.13999938964844,43.25,96.5,114.94999694824219,83.81999969482422,89.54000091552734,8.920000076293945,9.680000305175781,,74.95999908447266,,94.66999816894531,97.2300033569336,,8.833000183105469,281.2300109863281,110.83999633789062,83.91000366210938,,
2023-12-19,10.449999809265137,160.60000610351562,159.8699951171875,111.41500091552734,120.66999816894531,22.2549991607666,102.29000091552734,7.3429999351501465,83.66999816894531,76.23999786376953,105.9800033569336,99.93663024902344,96.41999816894531,128.6699981689453,93.01000213623047,92.19999694824219,86.77999877929688,7.630000114440918,86.95999908447266,92.97952270507812,53.9900016784668,11.298171997070312,133.64999389648438,119.08999633789062,109.08999633789062,7.599999904632568,73.08000183105469,59.189998626708984,156.5,11.454414367675781,,103.9000015258789,,10.280810356140137,87.33000183105469,96.25,11.190999984741211,,35.95000076293945,,120.60460662841797,91.19999694824219,97.5999984741211,43.20000076293945,96.5,113.68000030517578,84.05000305175781,90.16999816894531,8.8100004196167,9.609999656677246,,73.9000015258789,,95.18000030517578,96.5,,8.86299991607666,283.8500061035156,112.33000183105469,84.5,,
2023-12-20,10.449999809265137,161.0500030517578,160.5,112.76023864746094,120.80000305175781,22.395000457763672,102.0,7.3480000495910645,83.83999633789062,75.69999694824219,106.05000305175781,100.80451202392578,98.48999786376953,128.4499969482422,92.91000366210938,92.33000183105469,86.6500015258789,7.605000019073486,86.75,94.65464782714844,54.59000015258789,11.153388023376465,134.3000030517578,119.83999633789062,109.19999694824219,7.619999885559082,73.0,59.47999954223633,158.82000732421875,11.444564819335938,,104.5999984741211,,10.280810356140137,87.30999755859375,97.05000305175781,11.237000465393066,,36.13999938964844,,120.60460662841797,91.33999633789062,97.55999755859375,43.209999084472656,96.5,113.8499984741211,83.91999816894531,89.81999969482422,8.789999961853027,9.649999618530273,,73.58000183105469,,95.37999725341797,97.25,,8.869999885559082,282.010009765625,112.83999633789062,85.38999938964844,,
2023-12-21,10.470000267028809,163.89999389648438,160.0,114.79302978515625,121.25,22.49799919128418,102.18000030517578,7.639999866485596,85.5,76.63999938964844,106.37000274658203,100.79454040527344,98.56999969482422,130.8000030517578,92.93000030517578,92.37999725341797,86.87000274658203,7.639999866485596,87.0,94.57488250732422,55.119998931884766,11.234267234802246,136.0,120.01000213623047,109.38999938964844,7.699999809265137,76.19999694824219,59.959999084472656,158.77000427246094,11.487900733947754,,105.19999694824219,,10.280810356140137,87.75,97.11000061035156,11.237000465393066,,35.70000076293945,,120.60460662841797,91.25,98.08999633789062,43.5,96.5,115.0999984741211,84.41000366210938,90.44999694824219,8.850000381469727,9.640000343322754,,73.26000213623047,,95.9800033569336,97.37999725341797,,8.895000457763672,284.510009765625,112.5,86.0,,
2023-12-22,10.470000267028809,162.58999633789062,161.0,117.43366241455078,121.69000244140625,22.75,102.19999694824219,7.650000095367432,86.98999786376953,77.91000366210938,107.30000305175781,102.35075378417969,99.3499984741211,132.0,93.98999786376953,93.0,88.25,7.73799991607666,87.3499984741211,94.744384765625,53.040000915527344,11.31814193725586,139.5,121.04000091552734,110.25,7.75,75.54000091552734,60.0099983215332,167.89999389648438,11.591315269470215,,105.48999786376953,,10.280810356140137,87.75,96.9000015258789,11.357999801635742,,36.380001068115234,,120.60460662841797,91.44000244140625,98.73999786376953,43.91999816894531,96.5,117.38999938964844,84.52999877929688,91.0999984741211,8.979999542236328,9.680000305175781,,76.16999816894531,,95.5,97.83000183105469,,8.916000366210938,285.9599914550781,113.23999786376953,87.83000183105469,,
2023-12-26,10.470000267028809,164.6999969482422,161.77000427246094,120.2337417602539,122.63999938964844,22.680999755859375,102.58000183105469,7.804999828338623,87.19999694824219,79.9800033569336,107.80000305175781,102.72982788085938,99.83000183105469,133.8300018310547,95.97000122070312,94.29000091552734,89.01000213623047,7.948999881744385,87.66999816894531,95.72154235839844,54.83000183105469,11.333120346069336,138.91000366210938,123.30000305175781,110.25,7.639999866485596,75.98999786376953,59.77000045776367,158.5,11.577527046203613,,105.80000305175781,,10.280810356140137,87.94999694824219,97.68000030517578,11.354999542236328,,36.290000915527344,,120.60460662841797,92.4800033569336,99.62000274658203,45.2400016784668,96.5,118.56999969482422,88.19000244140625,91.9800033569336,9.09000015258789,9.680000305175781,,76.80000305175781,,95.94000244140625,98.01000213623047,,8.949999809265137,285.5199890136719,114.0,87.4800033569336,,
2023-12-27,10.489999771118164,165.5,162.4199981689453,117.38384246826172,122.98999786376953,22.836999893188477,103.48999786376953,7.823999881744385,87.66999816894531,81.2699966430664,108.87000274658203,103.37825012207031,99.30000305175781,134.7899932861328,95.76000213623047,95.75,89.75,7.96999979019165,88.13999938964844,98.57324981689453,54.83000183105469,11.322135925292969,139.8300018310547,122.5199966430664,110.9000015258789,7.570000171661377,73.83999633789062,59.02000045776367,158.99000549316406,11.45638370513916,,106.5,,10.280810356140137,88.48999786376953,97.66999816894531,11.364999771118164,,36.66999816894531,,120.60460662841797,93.4800033569336,99.29000091552734,46.22999954223633,96.5,115.83000183105469,86.66000366210938,93.83999633789062,9.069999694824219,9.800000190734863,,75.7300033569336,,96.70999908447266,98.95999908447266,,9.015000343322754,281.8900146484375,114.2699966430664,88.19000244140625,,
2023-12-28,10.569999694824219,165.5,161.99000549316406,116.70624542236328,123.83000183105469,23.075000762939453,104.3499984741211,8.0,87.9000015258789,82.0,108.9000015258789,103.61766815185547,99.2699966430664,133.1300048828125,95.56999969482422,94.56999969482422,89.13999938964844,8.154999732971191,88.16000366210938,96.46936798095703,54.79999923706055,11.35009479522705,140.0,123.38999938964844,111.75,7.639999866485596,75.05999755859375,59.29999923706055,161.0,11.58639144897461,,105.12000274658203,,10.280810356140137,89.0,97.87000274658203,11.355999946594238,,39.459999084472656,,120.60460662841797,94.36000061035156,99.75,47.540000915527344,96.5,117.87000274658203,87.94999694824219,94.30999755859375,9.130000114440918,9.84000015258789,,76.4000015258789,,99.0,98.58999633789062,,9.081999778747559,282.989990234375,114.37999725341797,86.91000366210938,,
2024-01-02,10.510000228881836,165.14999389648438,161.99000549316406,116.9852523803711,122.6500015258789,22.540000915527344,103.4000015258789,7.833000183105469,88.05999755859375,82.08999633789062,108.83000183105469,103.44807434082031,98.4000015258789,131.10000610351562,94.55000305175781,95.20999908447266,90.01000213623047,8.119000434875488,89.48999786376953,95.86113739013672,54.9900016784668,11.334118843078613,139.39999389648438,121.81999969482422,110.48999786376953,7.570000171661377,73.95999908447266,59.04999923706055,159.58999633789062,11.621847152709961,,104.80000305175781,,10.280810356140137,88.16000366210938,99.30000305175781,11.300000190734863,,38.880001068115234,,120.60460662841797,94.0,100.0,47.45000076293945,96.5,117.45999908447266,87.9000015258789,92.05999755859375,9.09000015258789,9.829999923706055,,75.38999938964844,,95.95999908447266,96.94999694824219,,8.989999771118164,281.94000244140625,113.48999786376953,85.94999694824219,,
2024-01-03,10.579999923706055,165.4600067138672,161.94000244140625,116.586669921875,123.56999969482422,22.77400016784668,103.0,7.820000171661377,88.0999984741211,82.33999633789062,109.0,104.06657409667969,97.01000213623047,131.69000244140625,96.26000213623047,95.48999786376953,90.61000061035156,8.109999656677246,89.5,95.65174865722656,54.97999954223633,11.331123352050781,139.0,122.70999908447266,110.88999938964844,7.579999923706055,73.68000030517578,59.400001525878906,161.64999389648438,11.735111236572266,,105.7300033569336,,10.280810356140137,88.33000183105469,99.5,11.300000190734863,,39.04999923706055,,120.60460662841797,94.45999908447266,100.0,48.0,96.5,119.1500015258789,87.4800033569336,92.0,9.029999732971191,9.859999656677246,,76.0,,95.58000183105469,97.47000122070312,,9.175000190734863,281.0,114.9000015258789,86.4000015258789,,
2024-01-04,10.579999923706055,164.8000030517578,161.97000122070312,114.49408721923828,122.51000213623047,23.035999298095703,103.4000015258789,7.89900016784668,87.61000061035156,82.31999969482422,109.23999786376953,103.54783630371094,96.66999816894531,131.69000244140625,95.47000122070312,95.80000305175781,90.55999755859375,8.008000373840332,89.61000061035156,95.52212524414062,55.529998779296875,11.283193588256836,138.91000366210938,123.7300033569336,111.61000061035156,7.449999809265137,75.94999694824219,60.0,160.00999450683594,11.787310600280762,,104.66000366210938,,10.280810356140137,87.5999984741211,101.20999908447266,11.314000129699707,,39.06999969482422,,120.60460662841797,94.69000244140625,100.75,47.400001525878906,96.5,118.44000244140625,86.9800033569336,93.29000091552734,9.140000343322754,9.859999656677246,,77.1500015258789,,95.12999725341797,97.0,,9.098999977111816,287.3500061035156,116.4000015258789,88.44999694824219,,
2024-01-05,10.59000015258789,164.44000244140625,162.22000122070312,114.48412322998047,120.72000122070312,22.898000717163086,103.19999694824219,7.849999904632568,87.9800033569336,82.83999633789062,109.91999816894531,103.63761901855469,96.05000305175781,131.0,95.44000244140625,93.70999908447266,90.98999786376953,8.114999771118164,89.9000015258789,95.8499984741211,56.70000076293945,11.34310531616211,137.1199951171875,125.0,112.2699966430664,7.550000190734863,75.95999908447266,60.5,161.0,11.77352237701416,,104.58999633789062,,10.280810356140137,87.3499984741211,103.4000015258789,11.289999961853027,,39.0,,120.60460662841797,95.69000244140625,100.63999938964844,47.560001373291016,96.5,119.37000274658203,88.0199966430664,93.29000091552734,9.1899995803833,9.859999656677246,,77.48999786376953,,95.19999694824219,97.5,,9.121999740600586,286.2699890136719,117.04000091552734,87.72000122070312,,
2024-01-08,10.630000114440918,163.83999633789062,162.11000061035156,114.7033462524414,120.27999877929688,22.850000381469727,103.31999969482422,7.843999862670898,87.9800033569336,82.87999725341797,109.98999786376953,103.75732421875,96.4800033569336,133.5500030517578,95.5,94.63999938964844,91.0,8.140000343322754,90.0,95.51000213623047,56.66999816894531,11.363075256347656,137.8300018310547,124.55000305175781,112.01000213623047,7.679999828338623,76.54000091552734,60.72999954223633,161.0,11.77352237701416,,104.58999633789062,,10.280810356140137,87.55000305175781,104.19999694824219,11.300000190734863,,38.650001525878906,,120.60460662841797,95.94999694824219,100.4000015258789,47.400001525878906,96.5,118.69999694824219,88.48999786376953,92.88999938964844,9.210000038146973,9.90999984741211,,76.79000091552734,,95.3499984741211,97.1500015258789,,9.1899995803833,287.6000061035156,118.7699966430664,87.41000366210938,,
2024-01-09,10.630000114440918,163.74000549316406,162.0500030517578,115.4000015258789,120.86000061035156,22.799999237060547,103.25,7.843999862670898,86.19999694824219,82.81999969482422,109.9000015258789,103.24856567382812,96.02999877929688,133.60000610351562,95.5,94.54000091552734,90.56999969482422,8.093999862670898,89.22000122070312,95.01000213623047,58.0,11.372061729431152,138.99000549316406,124.30000305175781,111.72000122070312,7.659999847412109,76.80999755859375,60.380001068115234,160.0,11.763672828674316,,105.30000305175781,,10.280810356140137,87.0,103.0,11.22700023651123,,37.88999938964844,,120.60460662841797,96.9800033569336,100.30000305175781,46.04999923706055,96.5,118.77999877929688,88.44000244140625,92.94999694824219,9.199999809265137,9.819999694824219,,76.5,,95.44999694824219,97.4000015258789,,9.180000305175781,283.0199890136719,118.76000213623047,87.73999786376953,,
2024-01-10,10.619999885559082,165.8000030517578,162.14999389648438,115.88999938964844,120.58999633789062,22.860000610351562,103.56999969482422,7.829999923706055,85.83999633789062,81.13999938964844,109.9000015258789,102.73979949951172,93.45999908447266,134.35000610351562,95.7300033569336,95.05999755859375,91.0,8.175000190734863,89.36000061035156,94.9000015258789,57.849998474121094,11.35808277130127,139.0,124.3499984741211,111.87999725341797,7.619999885559082,77.30000305175781,60.040000915527344,158.3000030517578,11.7991304397583,,105.70999908447266,,10.280810356140137,86.80999755859375,102.5,11.239999771118164,,38.34000015258789,,120.60460662841797,96.9800033569336,99.98999786376953,45.79999923706055,96.5,118.55999755859375,88.5999984741211,93.3499984741211,9.170000076293945,9.890000343322754,,76.73999786376953,,95.33999633789062,96.70999908447266,,9.1899995803833,287.6000061035156,118.05000305175781,87.30000305175781,,
2024-01-11,10.609999656677246,164.5,161.9499969482422,115.30000305175781,120.37999725341797,22.799999237060547,103.19999694824219,7.800000190734863,85.8499984741211,78.93000030517578,109.88999938964844,102.81961059570312,93.25,134.58999633789062,95.91000366210938,95.4000015258789,90.20999908447266,8.0600004196167,89.0,95.0,57.040000915527344,11.382046699523926,138.99000549316406,124.5,111.05999755859375,7.670000076293945,76.91999816894531,60.45000076293945,158.82000732421875,11.796175003051758,,105.72000122070312,,10.280810356140137,86.9000015258789,102.0,11.274999618530273,,38.13999938964844,,120.60460662841797,96.36000061035156,99.08000183105469,45.619998931884766,96.5,118.4000015258789,89.47000122070312,93.7699966430664,9.149999618530273,9.890000343322754,,76.69999694824219,,94.31999969482422,97.0999984741211,,9.182000160217285,284.3900146484375,118.25,87.5,,
2024-01-12,10.630000114440918,164.75,162.41000366210938,115.5,120.13999938964844,22.81599998474121,103.1500015258789,7.827000141143799,86.45999908447266,79.66999816894531,109.73999786376953,102.7497787475586,93.80000305175781,134.97000122070312,96.30000305175781,94.04000091552734,90.83000183105469,8.107999801635742,88.94999694824219,95.16000366210938,57.689998626708984,11.3750581741333,139.1999969482422,124.5999984741211,111.2300033569336,7.75,76.44000244140625,60.5099983215332,159.8800048828125,11.7991304397583,,107.13999938964844,,10.280810356140137,87.58999633789062,101.5,11.170999526977539,,38.2599983215332,,120.60460662841797,96.80999755859375,99.5,45.56999969482422,96.5,118.5,89.5999984741211,93.95999908447266,9.170000076293945,9.729999542236328,,77.1500015258789,,94.61000061035156,97.9800033569336,,9.192000389099121,287.0400085449219,117.4000015258789,88.94000244140625,,
2024-01-15,10.670000076293945,166.64999389648438,162.8699951171875,115.29000091552734,120.68000030517578,22.80500030517578,103.43000030517578,7.795000076293945,86.47000122070312,79.20999908447266,111.29000091552734,103.24856567382812,94.33000183105469,134.97999572753906,96.4800033569336,94.04000091552734,90.41999816894531,8.107000350952148,89.01000213623047,95.0,57.0,11.403016090393066,140.0,124.77999877929688,111.25,7.75,76.94999694824219,60.529998779296875,159.36000061035156,11.794204711914062,,107.20999908447266,,10.280810356140137,87.3499984741211,101.12000274658203,11.248000144958496,,38.400001525878906,,120.60460662841797,97.69999694824219,100.19000244140625,45.650001525878906,96.5,118.9000015258789,89.80000305175781,94.05000305175781,9.170000076293945,9.850000381469727,,76.80000305175781,,96.31999969482422,97.44999694824219,,9.199999809265137,287.1199951171875,118.19999694824219,89.04000091552734,,
2024-01-16,10.699999809265137,165.6999969482422,163.5399932861328,115.19000244140625,121.2699966430664,22.81399917602539,103.44999694824219,7.800000190734863,86.51000213623047,79.44999694824219,110.98999786376953,103.37825012207031,94.62999725341797,134.0,96.68000030517578,94.33000183105469,90.20999908447266,8.024999618530273,89.12000274658203,95.0999984741211,56.47999954223633,11.403016090393066,139.64999389648438,125.63999938964844,111.23999786376953,7.820000171661377,77.4000015258789,60.650001525878906,160.0399932861328,11.777462005615234,,107.0999984741211,,10.280810356140137,87.6500015258789,101.30000305175781,11.260000228881836,,38.61000061035156,,120.60460662841797,98.5,99.80000305175781,45.529998779296875,96.5,118.80000305175781,89.79000091552734,93.55999755859375,9.170000076293945,9.779999732971191,,75.12000274658203,,95.76000213623047,97.01000213623047,,9.236000061035156,284.9599914550781,117.55999755859375,87.6500015258789,,
2024-01-17,10.670000076293945,165.72000122070312,163.5500030517578,115.66000366210938,121.23999786376953,22.91699981689453,103.19999694824219,7.804999828338623,86.31999969482422,79.25,110.0,102.94929504394531,94.75,134.17999267578125,97.0,93.98999786376953,90.5199966430664,8.041000366210938,88.13999938964844,95.11000061035156,55.70000076293945,11.406010627746582,140.0,125.88999938964844,111.19999694824219,7.920000076293945,77.05000305175781,59.61000061035156,159.89999389648438,11.769582748413086,,107.33999633789062,,10.280810356140137,87.48999786376953,101.9000015258789,11.300000190734863,,38.75,,120.60460662841797,99.87000274658203,99.69999694824219,45.119998931884766,96.5,118.7699966430664,90.4800033569336,93.77999877929688,9.170000076293945,9.819999694824219,,75.69999694824219,,95.63999938964844,97.16999816894531,,9.199999809265137,282.0,117.95999908447266,88.6500015258789,,
2024-01-18,10.680000305175781,165.1199951171875,163.5,115.98999786376953,121.16999816894531,22.950000762939453,103.62000274658203,7.793000221252441,86.16000366210938,78.58999633789062,110.0,103.46802520751953,94.38999938964844,132.66000366210938,96.5,94.12999725341797,90.0999984741211,8.041000366210938,88.29000091552734,95.29000091552734,55.540000915527344,11.38304615020752,139.99000549316406,126.44000244140625,111.08000183105469,8.039999961853027,76.55000305175781,59.5099983215332,160.0,11.740036010742188,,107.04000091552734,,10.280810356140137,86.9800033569336,101.30000305175781,11.307000160217285,,37.91999816894531,,120.60460662841797,98.01000213623047,99.69999694824219,44.869998931884766,96.5,119.30000305175781,90.41999816894531,94.0199966430664,9.170000076293945,9.800000190734863,,75.55999755859375,,95.48999786376953,97.19999694824219,,9.199999809265137,284.1600036621094,116.98999786376953,87.62999725341797,,
2024-01-19,10.699999809265137,165.14999389648438,163.80999755859375,114.9000015258789,121.5,23.065000534057617,104.6500015258789,7.78000020980835,85.58999633789062,79.66999816894531,110.0,103.84710693359375,94.5,133.9600067138672,96.86000061035156,95.0,90.0,8.114999771118164,89.75,95.5999984741211,55.54999923706055,11.403016090393066,139.8000030517578,126.4000015258789,111.22000122070312,8.1899995803833,77.44000244140625,59.790000915527344,161.57000732421875,11.537145614624023,,106.97000122070312,,10.280810356140137,88.0,101.0999984741211,11.288999557495117,,38.279998779296875,,120.60460662841797,98.80000305175781,100.16999816894531,44.84000015258789,96.5,119.12999725341797,89.7300033569336,95.0,9.140000343322754,9.800000190734863,,76.0,,95.61000061035156,99.98999786376953,,9.149999618530273,286.05999755859375,117.58000183105469,88.97000122070312,,
2024-01-22,10.6899995803833,164.49000549316406,163.52000427246094,114.80999755859375,121.93000030517578,23.049999237060547,103.20999908447266,7.813000202178955,84.7300033569336,78.77999877929688,110.0,103.76730346679688,94.0,134.22000122070312,96.6500015258789,94.97000122070312,89.56999969482422,8.119999885559082,89.86000061035156,96.30999755859375,55.52000045776367,11.444952964782715,139.6999969482422,126.5,111.06999969482422,8.170000076293945,76.80000305175781,59.0099983215332,160.5500030517578,11.589345932006836,,106.91000366210938,,10.280810356140137,87.80000305175781,100.75,11.288999557495117,,37.79999923706055,,120.60460662841797,99.0,99.8499984741211,45.08000183105469,96.5,118.8499984741211,90.30000305175781,94.73999786376953,9.109999656677246,9.6899995803833,,75.7300033569336,,95.73999786376953,99.45999908447266,,9.166000366210938,285.0199890136719,118.80000305175781,89.30000305175781,,
2024-01-23,10.6899995803833,163.6699981689453,163.3000030517578,115.0,121.4800033569336,23.229999542236328,103.0,7.797999858856201,84.19000244140625,78.4000015258789,110.13999938964844,103.74735260009766,92.7300033569336,134.1199951171875,96.68000030517578,93.83000183105469,89.62000274658203,8.149999618530273,91.19000244140625,96.5199966430664,54.5,11.432971000671387,139.6999969482422,124.41000366210938,111.33999633789062,8.079999923706055,76.80000305175781,60.0,159.50999450683594,11.601163864135742,,107.4000015258789,,10.280810356140137,87.9000015258789,98.88999938964844,11.265000343322754,,37.720001220703125,,120.60460662841797,99.95999908447266,99.9800033569336,45.27000045776367,96.5,118.9000015258789,89.91999816894531,94.58999633789062,9.109999656677246,9.649999618530273,,75.69999694824219,,95.44999694824219,98.83999633789062,,9.151000022888184,285.29998779296875,121.55999755859375,89.62000274658203,,
2024-01-24,10.699999809265137,163.25999450683594,163.1999969482422,114.81999969482422,121.0999984741211,23.020000457763672,102.66000366210938,7.804999828338623,84.94999694824219,78.05999755859375,110.0,103.19868469238281,92.47000122070312,132.9499969482422,96.52999877929688,94.5999984741211,89.04000091552734,8.041999816894531,90.9000015258789,95.69999694824219,54.369998931884766,11.451943397521973,139.3800048828125,124.66000366210938,111.25,8.109999656677246,76.36000061035156,59.66999816894531,158.36000061035156,11.592300415039062,,107.0,,10.280810356140137,87.5,99.31999969482422,11.289999961853027,,36.93000030517578,,120.60460662841797,100.80000305175781,99.37000274658203,45.38999938964844,96.5,119.05999755859375,90.88999938964844,95.19999694824219,9.119999885559082,9.680000305175781,,75.9000015258789,,95.81999969482422,99.02999877929688,,9.170999526977539,286.30999755859375,121.63999938964844,88.37999725341797,,
2024-01-25,10.720000267028809,164.58999633789062,163.44000244140625,114.69999694824219,121.02999877929688,22.628000259399414,102.98999786376953,7.800000190734863,85.05999755859375,77.44999694824219,109.8499984741211,103.18870544433594,92.58999633789062,132.8000030517578,96.66000366210938,94.79000091552734,88.62000274658203,8.060999870300293,90.48999786376953,95.63999938964844,54.70000076293945,11.47191333770752,139.3000030517578,125.19999694824219,110.91000366210938,8.09000015258789,75.48999786376953,59.290000915527344,158.5500030517578,11.590331077575684,,105.91000366210938,,10.280810356140137,87.58999633789062,100.19999694824219,11.199999809265137,,36.86000061035156,,120.60460662841797,101.11000061035156,99.1500015258789,45.5,96.5,118.66000366210938,90.5,95.56999969482422,9.15999984741211,9.649999618530273,,77.0,,96.88999938964844,99.41999816894531,,9.151000022888184,286.7699890136719,123.98999786376953,88.45999908447266,,
2024-01-26,10.710000038146973,166.35000610351562,164.07000732421875,114.79000091552734,121.72000122070312,22.799999237060547,103.05000305175781,7.789999961853027,85.55000305175781,77.80000305175781,109.9000015258789,101.75220489501953,92.62999725341797,133.1300048828125,96.5199966430664,95.4000015258789,88.36000061035156,8.204000473022461,90.5999984741211,96.22000122070312,55.70000076293945,11.440958976745605,138.0,126.26000213623047,111.1500015258789,8.079999923706055,75.8499984741211,59.70000076293945,158.25,11.621847152709961,,106.58999633789062,,10.280810356140137,87.87000274658203,100.5,11.223999977111816,,37.099998474121094,,120.60460662841797,101.44999694824219,99.44999694824219,45.400001525878906,96.5,119.0,90.41000366210938,95.19999694824219,9.170000076293945,9.710000038146973,,77.25,,96.5,100.9000015258789,,9.192000389099121,285.20001220703125,125.5,89.66999816894531,,
2024-01-29,10.710000038146973,165.8699951171875,164.0800018310547,114.69999694824219,121.36000061035156,22.93600082397461,102.87000274658203,7.760000228881836,85.30000305175781,77.4000015258789,110.12000274658203,101.96170043945312,92.61000061035156,131.60000610351562,96.58000183105469,94.63999938964844,88.43000030517578,8.149999618530273,90.05000305175781,95.97000122070312,54.9900016784668,11.481898307800293,137.86000061035156,125.0,110.98999786376953,7.809999942779541,76.25,60.9900016784668,158.1999969482422,11.592300415039062,,107.2699966430664,,10.280810356140137,88.2300033569336,100.94000244140625,11.246999740600586,,36.75,,120.60460662841797,103.0,99.62000274658203,44.02000045776367,96.5,119.19999694824219,89.5999984741211,94.66000366210938,9.170000076293945,9.65999984741211,,77.05000305175781,,96.30000305175781,100.80000305175781,98.41000366210938,9.220999717712402,285.2200012207031,125.0,88.86000061035156,,
2024-01-30,10.729999542236328,164.27000427246094,163.6999969482422,114.80000305175781,121.0999984741211,22.850000381469727,103.25,7.794000148773193,85.20999908447266,77.52999877929688,109.5,102.25099182128906,92.1500015258789,132.6199951171875,96.62999725341797,94.0,88.38999938964844,8.180999755859375,90.18000030517578,96.8499984741211,55.5,11.504863739013672,138.1999969482422,124.0,111.19999694824219,7.579999923706055,75.9800033569336,61.279998779296875,158.17999267578125,11.581465721130371,103.51000213623047,107.08999633789062,,10.280810356140137,88.0,100.88999938964844,11.263999938964844,,36.47999954223633,102.7699966430664,120.60460662841797,103.5,99.48999786376953,42.79999923706055,96.5,119.22000122070312,90.01000213623047,95.69000244140625,9.15999984741211,9.65999984741211,48.75,77.0,39.40999984741211,96.30000305175781,101.18000030517578,98.38999938964844,9.201000213623047,288.0899963378906,124.98999786376953,89.05999755859375,,
2024-01-31,10.75,164.0,165.25999450683594,116.97000122070312,121.19999694824219,22.850000381469727,103.77999877929688,7.800000190734863,85.41000366210938,77.69999694824219,109.37000274658203,102.44000244140625,93.0,133.4499969482422,96.58999633789062,93.5,88.26000213623047,8.119999885559082,90.44999694824219,96.68000030517578,57.2599983215332,11.506860733032227,139.63999938964844,123.47000122070312,111.54000091552734,7.659999847412109,75.94000244140625,61.09000015258789,158.0,11.355923652648926,102.98999786376953,105.80000305175781,,10.280810356140137,87.5,101.58999633789062,11.274999618530273,,36.599998474121094,103.4800033569336,120.60460662841797,105.4000015258789,99.51000213623047,42.939998626708984,96.5,118.93000030517578,90.73999786376953,95.18000030517578,9.09000015258789,9.6899995803833,49.150001525878906,76.8499984741211,39.5,96.4800033569336,100.5999984741211,98.69999694824219,9.206999778747559,294.5,124.95999908447266,89.13999938964844,4.0,
2024-02-01,10.510000228881836,161.91000366210938,163.61000061035156,117.0,119.36000061035156,22.7450008392334,102.0,7.730000019073486,85.30000305175781,77.43000030517578,107.81999969482422,102.2300033569336,92.25,131.8000030517578,95.0999984741211,93.38999938964844,88.27999877929688,8.09000015258789,90.4000015258789,95.94000244140625,56.47999954223633,11.494878768920898,135.82000732421875,122.0,110.86000061035156,7.480000019073486,75.0,59.88999938964844,162.25,11.380545616149902,102.02999877929688,105.23999786376953,40.040000915527344,10.280810356140137,86.70999908447266,101.76000213623047,11.170999526977539,,36.400001525878906,101.47000122070312,120.60460662841797,103.44999694824219,100.0999984741211,43.0,96.5,116.7300033569336,89.13999938964844,93.41000366210938,8.960000038146973,9.680000305175781,48.70000076293945,76.4000015258789,39.45000076293945,96.1500015258789,98.8499984741211,98.19999694824219,9.001999855041504,289.9800109863281,123.9000015258789,88.26000213623047,3.990000009536743,
2024-02-02,10.550000190734863,161.75,163.32000732421875,118.37999725341797,120.23999786376953,22.881999969482422,102.19999694824219,7.730000019073486,85.19000244140625,77.9000015258789,107.94999694824219,102.20999908447266,92.58999633789062,131.8000030517578,95.2699966430664,94.0999984741211,89.37999725341797,8.100000381469727,90.97000122070312,96.3499984741211,56.599998474121094,11.396025657653809,135.82000732421875,122.48999786376953,110.98999786376953,7.940000057220459,76.51000213623047,60.27000045776367,163.11000061035156,11.45047378540039,102.30000305175781,104.2300033569336,40.040000915527344,10.280810356140137,86.86000061035156,102.01000213623047,11.25,,36.20000076293945,102.27999877929688,120.60460662841797,102.9000015258789,100.69999694824219,43.79999923706055,96.5,118.79000091552734,87.52999877929688,93.7300033569336,8.979999542236328,9.720000267028809,49.310001373291016,76.20999908447266,39.66999816894531,95.0999984741211,100.75,98.69000244140625,9.050999641418457,286.0,123.87999725341797,88.91000366210938,3.940000057220459,
2024-02-05,10.420000076293945,161.8000030517578,163.33999633789062,117.58000183105469,120.6500015258789,22.89900016784668,101.45999908447266,7.816999912261963,85.23999786376953,77.63999938964844,108.0,102.18000030517578,91.5999984741211,131.5,95.36000061035156,92.36000061035156,89.87000274658203,8.109999656677246,90.9000015258789,96.70999908447266,56.959999084472656,11.338112831115723,136.36000061035156,123.43000030517578,110.98999786376953,7.679999828338623,75.4000015258789,60.75,164.5,11.522372245788574,102.30000305175781,103.13999938964844,40.06999969482422,10.280810356140137,86.33999633789062,101.75,11.239999771118164,,36.099998474121094,101.79000091552734,120.60460662841797,103.1500015258789,100.33000183105469,43.20000076293945,96.5,119.0199966430664,88.01000213623047,93.20999908447266,8.989999771118164,9.739999771118164,50.40999984741211,76.20999908447266,39.58000183105469,93.9000015258789,100.30000305175781,98.4000015258789,9.079000473022461,287.25,122.3499984741211,89.19000244140625,3.9200000762939453,
2024-02-06,10.479999542236328,161.83999633789062,164.14999389648438,117.87000274658203,120.3499984741211,23.013999938964844,102.36000061035156,7.795000076293945,85.30000305175781,77.33999633789062,108.41999816894531,102.18000030517578,91.5,131.5399932861328,95.5,92.62999725341797,89.9000015258789,8.1899995803833,90.87999725341797,97.19999694824219,56.47999954223633,11.347099304199219,136.49000549316406,122.94999694824219,111.02999877929688,7.679999828338623,76.0,59.70000076293945,164.82000732421875,11.60214900970459,102.08999633789062,103.18000030517578,40.11000061035156,10.280810356140137,86.44000244140625,101.4000015258789,11.244999885559082,9.350000381469727,36.029998779296875,101.37000274658203,120.60460662841797,104.58000183105469,100.30000305175781,43.099998474121094,96.5,119.0999984741211,88.30999755859375,93.44999694824219,9.09000015258789,9.729999542236328,53.779998779296875,76.20999908447266,39.650001525878906,94.69999694824219,98.68000030517578,98.43000030517578,9.088000297546387,289.9599914550781,123.98999786376953,89.11000061035156,4.019999980926514,
2024-02-07,10.489999771118164,162.60000610351562,164.89999389648438,117.37999725341797,120.54000091552734,22.93400001525879,102.69999694824219,7.78000020980835,85.69999694824219,77.30000305175781,108.26000213623047,102.31999969482422,90.80999755859375,132.88999938964844,96.18000030517578,93.27999877929688,90.5999984741211,8.079999923706055,93.54000091552734,97.20999908447266,57.040000915527344,11.34310531616211,136.60000610351562,126.16000366210938,111.11000061035156,7.670000076293945,75.58999633789062,59.61000061035156,163.77000427246094,11.609044075012207,102.4000015258789,103.45999908447266,43.90999984741211,10.280810356140137,86.83999633789062,102.0,11.26200008392334,9.350000381469727,37.349998474121094,101.61000061035156,120.60460662841797,104.98999786376953,100.83000183105469,43.5,96.5,119.0,88.18000030517578,93.77999877929688,9.09000015258789,9.75,54.61000061035156,76.20999908447266,39.40999984741211,94.91000366210938,93.72000122070312,98.31999969482422,9.107999801635742,290.0,123.62000274658203,88.04000091552734,3.9800000190734863,
2024-02-08,10.489999771118164,162.6999969482422,164.52999877929688,117.5999984741211,120.47000122070312,22.90399932861328,103.37999725341797,7.797999858856201,84.80000305175781,77.13999938964844,108.5,102.4000015258789,90.37999725341797,132.19000244140625,96.26000213623047,95.0199966430664,89.9800033569336,7.960000038146973,92.83000183105469,97.2699966430664,56.77000045776367,11.298171997070312,135.9499969482422,123.79000091552734,111.19999694824219,7.590000152587891,74.9000015258789,59.150001525878906,163.3300018310547,11.631695747375488,102.25,104.58999633789062,41.65999984741211,10.280810356140137,86.9000015258789,101.02999877929688,11.29800033569336,9.350000381469727,36.79999923706055,101.58000183105469,120.60460662841797,105.97000122070312,101.19999694824219,42.91999816894531,96.5,118.62000274658203,88.5,94.05000305175781,9.079999923706055,9.760000228881836,55.630001068115234,76.20999908447266,38.70000076293945,95.0,93.88999938964844,98.33999633789062,9.145000457763672,288.79998779296875,122.44999694824219,88.86000061035156,3.9200000762939453,
2024-02-09,10.529999732971191,163.3000030517578,164.6999969482422,118.30000305175781,120.69999694824219,22.979999542236328,103.80000305175781,7.800000190734863,85.16000366210938,77.75,108.72000122070312,102.5999984741211,91.0,132.17999267578125,96.4000015258789,95.5,89.51000213623047,8.0,93.69000244140625,96.5,57.66999816894531,11.34310531616211,138.0,124.9800033569336,111.55999755859375,7.670000076293945,74.52999877929688,59.47999954223633,161.5500030517578,11.668137550354004,102.81999969482422,105.94999694824219,41.56999969482422,10.280810356140137,87.4000015258789,101.11000061035156,11.364999771118164,9.3100004196167,35.599998474121094,101.80000305175781,120.60460662841797,106.91999816894531,101.2699966430664,42.97999954223633,96.5,119.0199966430664,89.48999786376953,94.98999786376953,9.15999984741211,9.779999732971191,56.9900016784668,76.20999908447266,39.0,94.98999786376953,93.94000244140625,98.80999755859375,9.1899995803833,298.5,123.31999969482422,89.69999694824219,3.930000066757202,
2024-02-14,10.4399995803833,163.2899932861328,164.75,118.0,120.69999694824219,22.886999130249023,103.45999908447266,7.839000225067139,84.79000091552734,76.19999694824219,108.9000015258789,102.62000274658203,90.30000305175781,131.36000061035156,96.30999755859375,94.7699966430664,89.44999694824219,7.940000057220459,92.91000366210938,96.27999877929688,57.5,11.333120346069336,137.91000366210938,125.4800033569336,111.38999938964844,7.650000095367432,74.5999984741211,59.47999954223633,163.1300048828125,11.62086296081543,102.98999786376953,106.19999694824219,41.290000915527344,10.280810356140137,87.1500015258789,101.0,11.319999694824219,9.329999923706055,34.47999954223633,101.4800033569336,120.60460662841797,104.05999755859375,99.97000122070312,42.88999938964844,96.5,119.0,88.68000030517578,94.52999877929688,9.149999618530273,9.75,54.70000076293945,76.20999908447266,39.33000183105469,95.0199966430664,93.93000030517578,98.7300033569336,9.192999839782715,297.7699890136719,123.30000305175781,89.0999984741211,3.819999933242798,
2024-02-15,10.479999542236328,164.2100067138672,164.7899932861328,118.69999694824219,120.80999755859375,22.983999252319336,103.7300033569336,7.789999961853027,84.81999969482422,76.0,109.72000122070312,102.94999694824219,90.6500015258789,132.10000610351562,97.0,93.5,90.08000183105469,7.989999771118164,91.36000061035156,95.9000015258789,57.779998779296875,11.329126358032227,136.3000030517578,123.19000244140625,111.73999786376953,7.570000171661377,75.54000091552734,59.27000045776367,163.99000549316406,11.562752723693848,102.88999938964844,106.16999816894531,41.4900016784668,10.280810356140137,87.58999633789062,100.83000183105469,11.24899959564209,9.34000015258789,33.619998931884766,101.86000061035156,120.60460662841797,104.0999984741211,100.06999969482422,42.95000076293945,96.5,119.30000305175781,89.47000122070312,94.4800033569336,9.140000343322754,9.6899995803833,57.20000076293945,76.20999908447266,39.209999084472656,96.13999938964844,93.87999725341797,98.9000015258789,9.204999923706055,297.489990234375,122.55999755859375,89.58000183105469,3.8499999046325684,
2024-02-16,10.5,164.25999450683594,165.16000366210938,118.68000030517578,120.93000030517578,22.90999984741211,103.80000305175781,7.809999942779541,84.8499984741211,76.56999969482422,109.9000015258789,102.69999694824219,91.3499984741211,131.8000030517578,96.6500015258789,93.08999633789062,90.0,7.980000019073486,91.30999755859375,96.11000061035156,57.150001525878906,11.334118843078613,136.8000030517578,123.2300033569336,112.06999969482422,7.559999942779541,75.37000274658203,59.27000045776367,163.9499969482422,11.667153358459473,103.06999969482422,105.44999694824219,41.560001373291016,10.280810356140137,87.25,101.22000122070312,11.371999740600586,9.350000381469727,33.36000061035156,101.45999908447266,120.60460662841797,104.19999694824219,99.86000061035156,43.11000061035156,96.5,118.77999877929688,89.18000030517578,93.62000274658203,9.119999885559082,9.699999809265137,57.630001068115234,76.20999908447266,39.58000183105469,95.5199966430664,94.25,98.97000122070312,9.229000091552734,296.07000732421875,122.1500015258789,89.62000274658203,3.859999895095825,
2024-02-19,10.510000228881836,165.36000061035156,165.75,117.7300033569336,121.5,23.190000534057617,104.0999984741211,7.815000057220459,85.25,76.55999755859375,111.30000305175781,103.30000305175781,91.33000183105469,131.75,96.5199966430664,93.16999816894531,90.0,8.0,92.20999908447266,96.5,57.38999938964844,11.368067741394043,136.39999389648438,123.73999786376953,112.2699966430664,7.510000228881836,75.0199966430664,59.060001373291016,163.32000732421875,11.55290412902832,103.0199966430664,105.98999786376953,41.599998474121094,10.280810356140137,87.30000305175781,101.0,11.324999809265137,9.34000015258789,32.84000015258789,101.58999633789062,120.60460662841797,103.1500015258789,99.75,43.13999938964844,96.5,118.48999786376953,89.77999877929688,94.16999816894531,9.199999809265137,9.739999771118164,55.91999816894531,76.20999908447266,39.810001373291016,95.9800033569336,94.5,97.9000015258789,9.234000205993652,299.0,122.0,90.37999725341797,3.859999895095825,
2024-02-20,10.510000228881836,165.97000122070312,166.9600067138672,117.5,121.44999694824219,23.143999099731445,103.77999877929688,7.791999816894531,85.18000030517578,76.72000122070312,111.70999908447266,102.9800033569336,91.47000122070312,130.39999389648438,96.70999908447266,92.94999694824219,90.7300033569336,8.039999961853027,92.27999877929688,96.94999694824219,57.400001525878906,11.390034675598145,136.39999389648438,123.31999969482422,112.5,7.480000019073486,75.25,59.119998931884766,163.10000610351562,11.53320598602295,103.45999908447266,105.66000366210938,41.709999084472656,10.280810356140137,87.72000122070312,99.70999908447266,11.34000015258789,9.329999923706055,32.59000015258789,101.30000305175781,120.60460662841797,102.1500015258789,100.05000305175781,43.150001525878906,96.5,118.33000183105469,90.62000274658203,93.87999725341797,9.079999923706055,9.829999923706055,55.11000061035156,76.20999908447266,39.709999084472656,96.33000183105469,94.30999755859375,97.79000091552734,9.199999809265137,296.1400146484375,122.20999908447266,89.68000030517578,3.9000000953674316,
2024-02-21,10.5,165.97000122070312,168.22000122070312,117.4000015258789,121.5999984741211,23.17300033569336,103.75,7.791999816894531,85.19000244140625,76.75,112.0,102.93000030517578,91.69000244140625,129.52000427246094,96.55999755859375,92.80000305175781,90.5199966430664,8.029999732971191,92.06999969482422,96.80000305175781,57.349998474121094,11.38803768157959,136.08999633789062,123.01000213623047,112.69999694824219,7.480000019073486,75.02999877929688,58.599998474121094,163.0399932861328,11.549949645996094,103.44999694824219,105.94000244140625,41.779998779296875,10.280810356140137,87.6500015258789,99.98999786376953,11.298999786376953,9.359999656677246,31.489999771118164,100.83000183105469,120.60460662841797,102.80000305175781,99.80999755859375,43.15999984741211,96.5,118.9000015258789,90.7699966430664,93.5,9.09000015258789,9.770000457763672,54.41999816894531,76.20999908447266,39.779998779296875,95.9000015258789,94.4000015258789,97.79000091552734,9.21500015258789,289.010009765625,122.08999633789062,89.4800033569336,3.869999885559082,
2024-02-22,10.479999542236328,165.6999969482422,166.1999969482422,117.87000274658203,121.45999908447266,23.180999755859375,103.87000274658203,7.78000020980835,85.4000015258789,77.02999877929688,111.5199966430664,102.8499984741211,91.5999984741211,129.2899932861328,96.0,93.0,90.5999984741211,8.119999885559082,91.9800033569336,96.37000274658203,57.88999938964844,11.401019096374512,135.49000549316406,122.94999694824219,112.79000091552734,7.480000019073486,75.19000244140625,58.349998474121094,160.0,11.543054580688477,103.66999816894531,105.77999877929688,41.5,10.280810356140137,87.9000015258789,99.1500015258789,11.300000190734863,9.380000114440918,30.81999969482422,100.95999908447266,120.60460662841797,103.08000183105469,100.08000183105469,43.599998474121094,96.5,118.9000015258789,89.33000183105469,93.72000122070312,9.09000015258789,9.779999732971191,56.0099983215332,76.20999908447266,39.630001068115234,95.37000274658203,94.52999877929688,97.55000305175781,9.225000381469727,291.8900146484375,121.94999694824219,88.9000015258789,3.890000104904175,
2024-02-23,10.5,166.85000610351562,166.25,118.2300033569336,121.66999816894531,23.222000122070312,103.81999969482422,7.800000190734863,86.19999694824219,76.88999938964844,111.5,102.81999969482422,92.63999938964844,129.47999572753906,96.83999633789062,93.30000305175781,90.8499984741211,8.199999809265137,92.94999694824219,96.01000213623047,58.959999084472656,11.378052711486816,135.9199981689453,123.3499984741211,112.80000305175781,7.510000228881836,75.5999984741211,58.91999816894531,161.8000030517578,11.615938186645508,103.69000244140625,105.9800033569336,41.09000015258789,10.280810356140137,88.08000183105469,100.11000061035156,11.300000190734863,9.369999885559082,30.610000610351562,100.56999969482422,120.60460662841797,104.6500015258789,100.44999694824219,43.630001068115234,96.5,118.0,89.55000305175781,94.04000091552734,9.170000076293945,9.770000457763672,53.7599983215332,76.20999908447266,39.70000076293945,95.87000274658203,94.45999908447266,98.11000061035156,9.234000205993652,298.6300048828125,120.3499984741211,88.97000122070312,3.869999885559082,
2024-02-26,10.449999809265137,166.47999572753906,166.6999969482422,118.20999908447266,121.9800033569336,23.2189998626709,104.26000213623047,7.758999824523926,85.25,76.43000030517578,111.16999816894531,102.31999969482422,91.81999969482422,128.0,96.56999969482422,93.16000366210938,90.19999694824219,8.079999923706055,91.4800033569336,96.0,57.5,11.364073753356934,136.1999969482422,122.4800033569336,112.69000244140625,7.400000095367432,74.9800033569336,58.08000183105469,161.49000549316406,11.538130760192871,104.0,105.44999694824219,40.59000015258789,10.280810356140137,87.44999694824219,100.0999984741211,11.270000457763672,9.369999885559082,29.950000762939453,99.9800033569336,120.60460662841797,105.02999877929688,100.16999816894531,43.06999969482422,96.5,117.46298217773438,89.0,93.75,9.119999885559082,9.609999656677246,55.75,76.20999908447266,39.689998626708984,97.0,94.30999755859375,97.69000244140625,9.213000297546387,298.6499938964844,121.13999938964844,88.95999908447266,3.859999895095825,
2024-02-27,10.420000076293945,164.0,167.22999572753906,118.25,121.79000091552734,23.27400016784668,103.6500015258789,7.760000228881836,84.68000030517578,75.30999755859375,110.0,103.43000030517578,91.45999908447266,127.0,96.25,93.05000305175781,89.51000213623047,8.079999923706055,91.16000366210938,95.5999984741211,57.70000076293945,11.337114334106445,136.13999938964844,122.80000305175781,114.5,7.400000095367432,73.70999908447266,57.88999938964844,160.2899932861328,11.535176277160645,104.08000183105469,105.5199966430664,40.56999969482422,10.280810356140137,87.5,100.76000213623047,11.230999946594238,9.329999923706055,29.690000534057617,98.27999877929688,120.60460662841797,104.7699966430664,100.47948455810547,43.06999969482422,96.5,117.5528564453125,88.9000015258789,94.75,9.119999885559082,9.680000305175781,56.90999984741211,76.20999908447266,39.689998626708984,96.69000244140625,94.29000091552734,97.44999694824219,9.223999977111816,297.010009765625,120.5,88.63999938964844,3.8499999046325684,
2024-02-28,10.260000228881836,165.89999389648438,167.55999755859375,117.19999694824219,120.80000305175781,22.899999618530273,103.80000305175781,7.765999794006348,85.5999984741211,74.47000122070312,110.0,103.58000183105469,92.51000213623047,127.83000183105469,97.18000030517578,92.48999786376953,89.80000305175781,8.029999732971191,91.83999633789062,95.87000274658203,58.95000076293945,11.345102310180664,136.39999389648438,122.5,113.75,7.380000114440918,73.80000305175781,59.79999923706055,159.75,11.543054580688477,103.87999725341797,106.29000091552734,40.25,10.280810356140137,87.9800033569336,100.9000015258789,11.23799991607666,9.350000381469727,29.280000686645508,95.37999725341797,120.60460662841797,104.94000244140625,99.79000091552734,43.04999923706055,96.5,117.0,87.5999984741211,93.88999938964844,9.0600004196167,9.649999618530273,58.20000076293945,76.20999908447266,39.689998626708984,96.80999755859375,94.48999786376953,97.48999786376953,9.232999801635742,291.0,120.18000030517578,88.0999984741211,3.799999952316284,
2024-02-29,10.34000015258789,166.52999877929688,169.99000549316406,118.18000030517578,120.94000244140625,22.959999084472656,104.19999694824219,7.793000221252441,85.76000213623047,74.88999938964844,111.77999877929688,103.69999694824219,92.0,130.42999267578125,97.69999694824219,94.0,90.0,8.149999618530273,92.9000015258789,96.94000244140625,59.45000076293945,11.529827117919922,136.8000030517578,122.9000015258789,114.0199966430664,7.429999828338623,75.41000366210938,59.70000076293945,160.3000030517578,11.414032936096191,102.97000122070312,106.16999816894531,40.04999923706055,10.280810356140137,88.11000061035156,101.05000305175781,11.319999694824219,9.359999656677246,29.010000228881836,97.44000244140625,120.60460662841797,105.08999633789062,99.7699966430664,43.02000045776367,96.5,117.8499984741211,87.5,94.93000030517578,9.15999984741211,9.699999809265137,58.0,76.20999908447266,39.63999938964844,96.58000183105469,94.58999633789062,98.0,9.22700023651123,292.9800109863281,122.22000122070312,88.88999938964844,3.7799999713897705,
2024-03-01,10.289999961853027,163.6999969482422,169.0,118.30000305175781,120.48999786376953,23.059999465942383,102.5,7.739999771118164,86.88999938964844,75.11000061035156,110.0,104.80000305175781,90.62000274658203,128.5500030517578,96.87999725341797,93.63999938964844,90.5999984741211,8.15999984741211,93.62999725341797,96.5,60.119998931884766,11.564775466918945,136.52000427246094,122.2699966430664,113.0,7.429999828338623,75.33999633789062,59.79999923706055,161.8000030517578,11.464262962341309,101.98999786376953,104.43000030517578,40.97999954223633,10.280810356140137,87.5,100.27999877929688,11.336999893188477,9.319999694824219,29.790000915527344,96.8499984741211,120.60460662841797,104.0,99.67964935302734,42.939998626708984,96.5,117.27325439453125,87.1500015258789,94.0,9.069999694824219,9.720000267028809,56.5,76.20999908447266,39.72999954223633,95.0999984741211,93.44000244140625,98.0,9.154999732971191,295.8999938964844,123.2699966430664,87.5,3.809999942779541,
2024-03-04,10.329999923706055,163.39999389648438,168.5500030517578,118.4000015258789,120.5,23.0,101.9000015258789,7.743000030517578,87.0,74.5,111.19000244140625,105.0,92.0,127.93000030517578,96.37999725341797,93.5,90.83999633789062,8.170000076293945,90.88999938964844,97.12000274658203,59.61000061035156,11.397025108337402,136.5,122.70999908447266,112.97000122070312,7.349999904632568,74.79000091552734,59.77000045776367,161.83999633789062,11.463277816772461,102.54000091552734,104.5199966430664,40.869998931884766,10.280810356140137,87.08999633789062,101.0,11.234000205993652,9.279999732971191,29.799999237060547,97.1500015258789,120.60460662841797,103.5999984741211,99.439697265625,42.9900016784668,96.5,118.112060546875,87.69000244140625,93.69000244140625,9.069999694824219,9.6899995803833,57.11000061035156,76.20999908447266,39.630001068115234,95.80000305175781,92.58999633789062,98.04000091552734,9.119999885559082,293.9700012207031,121.04000091552734,88.2300033569336,3.819999933242798,
2024-03-05,10.260000228881836,163.86000061035156,168.60000610351562,118.16000366210938,120.5999984741211,23.165000915527344,102.4000015258789,7.748000144958496,87.12000274658203,75.5,111.93000030517578,104.9000015258789,92.12999725341797,128.1300048828125,96.05999755859375,94.30000305175781,91.08000183105469,8.15999984741211,92.69999694824219,97.02999877929688,59.5099983215332,11.38803768157959,135.9600067138672,122.9800033569336,112.62466430664062,7.329999923706055,75.25,59.29999923706055,160.0,11.53320598602295,102.19000244140625,104.75,40.939998626708984,10.280810356140137,87.02999877929688,100.6500015258789,11.293999671936035,9.279999732971191,29.290000915527344,96.8499984741211,120.60460662841797,103.80000305175781,99.54967498779297,43.439998626708984,96.5,118.621337890625,88.0999984741211,93.72000122070312,9.079999923706055,9.720000267028809,58.369998931884766,76.20999908447266,39.70000076293945,95.93000030517578,92.37999725341797,97.95999908447266,9.11299991607666,290.5,117.90400695800781,88.4000015258789,3.759999990463257,9.020000457763672
2024-03-06,10.279999732971191,163.5,168.97000122070312,117.8499984741211,121.05000305175781,22.8700008392334,102.05000305175781,7.7270002365112305,86.69999694824219,75.8499984741211,111.79000091552734,104.87999725341797,92.5,128.39999389648438,96.25,92.48999786376953,91.33000183105469,8.09000015258789,92.22000122070312,97.0,60.08000183105469,11.38304615020752,136.89999389648438,122.30000305175781,112.27552032470703,7.639999866485596,75.08000183105469,59.84000015258789,160.88999938964844,11.550933837890625,102.0,104.31999969482422,41.150001525878906,10.280810356140137,86.69999694824219,100.0199966430664,11.289999961853027,9.300000190734863,29.31999969482422,96.80000305175781,120.60460662841797,103.80999755859375,98.79000091552734,43.40999984741211,96.5,118.37000274658203,88.80000305175781,93.69999694824219,9.010000228881836,9.760000228881836,58.90999984741211,76.20999908447266,39.650001525878906,96.45999908447266,91.63999938964844,97.5,9.109999656677246,289.3699951171875,118.01470184326172,89.26000213623047,3.7899999618530273,8.989999771118164
2024-03-07,10.289999961853027,164.66000366210938,169.2899932861328,118.08999633789062,120.62000274658203,22.988000869750977,101.91000366210938,7.716000080108643,87.0199966430664,76.08000183105469,111.9000015258789,104.98999786376953,92.0999984741211,128.13999938964844,96.4000015258789,93.33999633789062,91.83999633789062,8.270000457763672,92.87999725341797,96.5,60.400001525878906,11.432971000671387,137.0,122.19999694824219,112.47502899169922,7.510000228881836,75.30999755859375,59.97999954223633,159.0,11.611997604370117,101.81999969482422,104.72000122070312,41.25,10.280810356140137,86.5999984741211,100.51000213623047,11.25,9.300000190734863,30.8799991607666,98.0,126.6500015258789,103.5999984741211,99.61000061035156,43.25,96.5,118.5,88.0,93.48999786376953,9.050000190734863,9.8100004196167,59.04999923706055,76.20999908447266,39.650001525878906,96.29000091552734,91.19999694824219,97.62999725341797,9.140000343322754,309.989990234375,118.0246810913086,89.66000366210938,3.759999990463257,9.020000457763672
2024-03-08,10.319999694824219,164.58999633789062,170.55999755859375,118.48999786376953,120.75,23.100000381469727,101.88999938964844,7.7729997634887695,85.77999877929688,76.11000061035156,111.83000183105469,105.29000091552734,92.5999984741211,129.85000610351562,97.1500015258789,94.12000274658203,91.81999969482422,8.470000267028809,93.51000213623047,97.0,60.09000015258789,11.48289680480957,137.0,123.11000061035156,112.38525390625,7.510000228881836,75.1500015258789,59.08000183105469,162.11000061035156,11.666168212890625,102.0999984741211,105.56999969482422,40.79999923706055,10.280810356140137,87.12000274658203,101.0,11.274999618530273,9.289999961853027,30.920000076293945,98.63999938964844,126.47000122070312,103.98999786376953,100.0,42.810001373291016,96.5,118.98999786376953,88.55000305175781,94.45999908447266,9.140000343322754,9.829999923706055,58.29999923706055,76.20999908447266,39.310001373291016,96.27999877929688,92.86000061035156,98.04000091552734,9.092000007629395,312.92999267578125,118.52339172363281,89.22000122070312,3.6700000762939453,9.050000190734863
2024-03-11,10.289999961853027,164.6699981689453,170.25,118.22000122070312,121.19000244140625,23.0,101.8499984741211,7.764999866485596,85.01000213623047,76.0,111.0,105.45999908447266,91.61000061035156,129.47000122070312,96.69999694824219,94.19999694824219,90.5,8.520000457763672,93.3499984741211,97.44999694824219,58.619998931884766,11.45294189453125,136.89999389648438,122.65644836425781,110.6794204711914,7.46999979019165,74.73999786376953,58.650001525878906,161.89999389648438,11.62775707244873,101.98999786376953,105.87000274658203,40.209999084472656,10.280810356140137,87.04000091552734,100.5999984741211,11.128000259399414,9.270000457763672,30.040000915527344,97.0199966430664,126.0,103.97000122070312,100.23999786376953,42.380001068115234,96.5,118.54000091552734,88.31999969482422,93.80000305175781,9.130000114440918,9.84000015258789,59.939998626708984,76.20999908447266,38.959999084472656,96.72000122070312,92.37000274658203,98.19999694824219,9.008999824523926,309.44000244140625,116.19940185546875,89.98999786376953,3.609999895095825,9.020000457763672
2024-03-12,10.260000228881836,164.3800048828125,168.08999633789062,118.29000091552734,120.87000274658203,23.0,102.19999694824219,7.739999771118164,85.80000305175781,75.2300033569336,111.0,105.22000122070312,91.0199966430664,129.2899932861328,96.2699966430664,94.45999908447266,90.19999694824219,8.40999984741211,93.83000183105469,97.05999755859375,59.459999084472656,11.422986030578613,135.3800048828125,121.96663665771484,110.73927307128906,7.389999866485596,74.94999694824219,58.470001220703125,161.2100067138672,11.583436012268066,101.51000213623047,105.4000015258789,40.29999923706055,10.280810356140137,87.19999694824219,100.72000122070312,11.097000122070312,9.3100004196167,29.100000381469727,96.25,125.7699966430664,103.94999694824219,99.37000274658203,42.29999923706055,96.5,118.0,88.37000274658203,93.98999786376953,9.1899995803833,9.779999732971191,59.720001220703125,76.20999908447266,39.0099983215332,96.80000305175781,92.37000274658203,98.5999984741211,9.020999908447266,308.1000061035156,115.70069122314453,89.55999755859375,3.549999952316284,9.039999961853027
2024-03-13,10.289999961853027,164.75999450683594,166.49000549316406,118.19999694824219,121.30000305175781,22.950000762939453,102.16000366210938,7.723999977111816,85.86000061035156,74.91000366210938,111.0,105.79000091552734,91.0999984741211,128.8000030517578,96.44000244140625,93.19999694824219,91.02999877929688,8.319999694824219,92.0999984741211,97.0999984741211,58.900001525878906,11.462926864624023,134.19000244140625,121.96663665771484,110.97869110107422,7.429999828338623,73.69000244140625,58.45000076293945,161.0399932861328,11.60214900970459,101.98999786376953,105.33000183105469,40.529998779296875,10.280810356140137,87.70999908447266,100.02999877929688,11.12399959564209,9.279999732971191,29.3700008392334,95.8499984741211,125.98999786376953,103.68000030517578,99.26000213623047,42.25,96.5,118.30000305175781,88.62999725341797,93.81999969482422,9.15999984741211,9.680000305175781,59.45000076293945,76.20999908447266,39.29999923706055,96.72000122070312,92.26000213623047,98.31999969482422,9.067999839782715,306.7900085449219,115.70069122314453,88.9000015258789,3.5299999713897705,9.0
2024-03-14,10.289999961853027,164.72999572753906,167.1999969482422,117.36000061035156,121.0999984741211,23.0,102.06999969482422,7.71999979019165,85.47000122070312,74.98999786376953,110.66000366210938,106.08000183105469,90.97000122070312,128.47999572753906,96.88999938964844,92.91999816894531,90.81999969482422,8.220000267028809,91.4000015258789,97.30000305175781,58.36000061035156,11.462926864624023,136.0500030517578,121.39678955078125,110.80000305175781,7.409999847412109,73.66000366210938,58.349998474121094,160.83999633789062,11.572602272033691,101.80999755859375,106.98999786376953,40.599998474121094,10.280810356140137,87.51000213623047,100.73999786376953,11.079999923706055,9.300000190734863,29.700000762939453,94.79000091552734,126.08999633789062,104.44999694824219,99.0999984741211,42.099998474121094,96.5,118.0999984741211,88.87999725341797,93.88999938964844,9.140000343322754,9.710000038146973,59.369998931884766,76.20999908447266,39.040000915527344,96.6500015258789,91.9000015258789,98.41000366210938,9.026000022888184,304.07000732421875,115.54000091552734,89.02999877929688,3.6600000858306885,9.010000228881836
2024-03-15,10.329999923706055,165.1999969482422,166.5,118.29000091552734,121.75,22.5,103.08999633789062,7.730000019073486,86.41000366210938,74.9800033569336,107.30999755859375,104.80000305175781,91.27999877929688,129.25999450683594,97.0,94.02999877929688,90.51000213623047,8.260000228881836,91.5,97.26000213623047,58.0,11.472911834716797,136.67999267578125,121.9366455078125,110.87000274658203,7.409999847412109,74.0,58.220001220703125,161.85000610351562,11.599194526672363,101.6500015258789,105.73999786376953,40.81999969482422,10.280810356140137,87.51000213623047,100.19000244140625,11.10099983215332,9.279999732971191,30.139999389648438,94.47000122070312,125.58999633789062,104.5999984741211,99.4800033569336,42.04999923706055,96.5,118.7699966430664,88.93000030517578,94.05000305175781,9.220000267028809,9.739999771118164,59.400001525878906,76.20999908447266,38.5,96.9000015258789,92.5,97.87999725341797,9.020000457763672,305.3999938964844,116.0,89.88999938964844,3.640000104904175,9.0600004196167
2024-03-18,10.399999618530273,163.9736785888672,168.25,117.78194427490234,121.80000305175781,22.798999786376953,102.16000366210938,7.76800012588501,86.37999725341797,75.08000183105469,109.26000213623047,104.68000030517578,91.5,129.35000610351562,96.75,93.88999938964844,91.56999969482422,8.420000076293945,91.5999984741211,97.58999633789062,57.779998779296875,11.373061180114746,135.94000244140625,121.69670867919922,110.87999725341797,7.449999809265137,73.83000183105469,58.709999084472656,160.35000610351562,11.631695747375488,101.61000061035156,105.9800033569336,41.06999969482422,10.280810356140137,87.37999725341797,100.12999725341797,11.197999954223633,9.279999732971191,30.799999237060547,95.0,125.83999633789062,104.69000244140625,99.9000015258789,42.04999923706055,96.5,118.33999633789062,90.06999969482422,94.23999786376953,9.229999542236328,9.760000228881836,60.599998474121094,76.20999908447266,39.099998474121094,97.01000213623047,95.0,97.88999938964844,9.041999816894531,308.2900085449219,115.81999969482422,89.55999755859375,3.630000114440918,9.09000015258789
2024-03-19,10.399999618530273,165.44894409179688,168.50999450683594,116.18205261230469,122.26000213623047,22.75,102.5999984741211,7.748000144958496,86.30000305175781,75.11000061035156,109.5,104.83999633789062,91.6500015258789,128.8800048828125,96.5,94.11000061035156,91.45999908447266,8.359999656677246,92.19000244140625,97.9800033569336,58.58000183105469,11.373061180114746,135.3699951171875,121.87999725341797,110.88999938964844,7.599999904632568,73.62000274658203,58.380001068115234,159.8300018310547,11.50365924835205,101.58000183105469,105.27999877929688,40.720001220703125,10.280810356140137,87.47000122070312,101.12999725341797,11.199000358581543,9.300000190734863,31.049999237060547,94.83999633789062,125.9000015258789,104.0,99.80000305175781,42.08000183105469,96.5,118.29000091552734,90.76000213623047,94.37000274658203,9.149999618530273,9.779999732971191,60.150001525878906,76.20999908447266,38.970001220703125,97.33999633789062,94.47000122070312,97.5,9.041000366210938,306.7799987792969,116.0,89.81999969482422,3.4600000381469727,9.109999656677246
2024-03-20,10.4399995803833,164.4222412109375,168.10000610351562,116.19205474853516,123.13999938964844,22.759000778198242,102.69999694824219,7.75,86.6500015258789,75.23999786376953,110.05000305175781,104.87999725341797,91.58999633789062,128.69000244140625,96.94999694824219,94.19999694824219,91.52999877929688,8.380000114440918,93.7699966430664,97.80000305175781,58.83000183105469,11.403016090393066,135.30999755859375,121.83000183105469,110.94999694824219,7.630000114440918,73.75,58.31999969482422,158.66000366210938,11.521387100219727,101.80000305175781,105.68000030517578,40.93000030517578,10.280810356140137,87.58999633789062,100.75,11.21500015258789,9.300000190734863,31.559999465942383,97.5999984741211,125.87999725341797,104.19999694824219,99.79000091552734,42.04999923706055,96.5,117.95999908447266,91.33999633789062,94.22000122070312,9.119999885559082,9.729999542236328,60.150001525878906,76.20999908447266,38.95000076293945,97.30999755859375,93.75,97.79000091552734,9.079999923706055,305.510009765625,116.0,89.66000366210938,3.490000009536743,9.119999885559082
2024-03-21,10.460000038146973,164.0035858154297,167.97000122070312,116.1320571899414,123.0,22.804000854492188,103.0199966430664,7.749000072479248,86.6500015258789,75.4800033569336,110.06999969482422,105.0199966430664,92.01000213623047,128.7899932861328,97.08999633789062,94.91000366210938,92.47000122070312,8.279999732971191,93.55000305175781,97.81999969482422,58.779998779296875,11.522836685180664,135.5500030517578,121.72000122070312,110.86000061035156,7.78000020980835,73.63999938964844,57.810001373291016,161.77000427246094,11.53320598602295,101.79000091552734,105.98999786376953,40.869998931884766,10.280810356140137,87.75,101.5199966430664,11.213000297546387,9.319999694824219,32.290000915527344,96.5999984741211,125.5999984741211,104.44999694824219,99.87000274658203,42.099998474121094,96.5,116.48999786376953,91.4800033569336,94.1500015258789,9.149999618530273,9.800000190734863,58.380001068115234,76.20999908447266,39.27000045776367,97.08000183105469,94.0,97.8499984741211,9.074000358581543,305.79998779296875,116.19000244140625,89.9800033569336,3.490000009536743,9.119999885559082
2024-03-22,10.460000038146973,164.4621124267578,168.0,115.9920654296875,123.41000366210938,22.96299934387207,103.30000305175781,7.750999927520752,86.98999786376953,76.73999786376953,110.05000305175781,105.2300033569336,93.0999984741211,129.39999389648438,97.26000213623047,95.05000305175781,92.19999694824219,8.300000190734863,93.37000274658203,98.0,61.959999084472656,11.522836685180664,136.02999877929688,121.97000122070312,110.94000244140625,7.769999980926514,74.0999984741211,57.70000076293945,162.17999267578125,11.536161422729492,101.83999633789062,106.9000015258789,41.06999969482422,10.280810356140137,87.52999877929688,100.79000091552734,11.291999816894531,9.329999923706055,33.09000015258789,97.88999938964844,126.9800033569336,104.93000030517578,99.69999694824219,42.189998626708984,96.5,117.44000244140625,90.97000122070312,94.30999755859375,9.210000038146973,9.819999694824219,57.20000076293945,76.20999908447266,39.18000030517578,97.0,95.41000366210938,98.44000244140625,9.154000282287598,308.0799865722656,116.69000244140625,89.80000305175781,3.4700000286102295,9.119999885559082
2024-03-25,10.479999542236328,166.26632690429688,168.02000427246094,116.16999816894531,123.6500015258789,22.999000549316406,102.5,7.730000019073486,87.1500015258789,76.3499984741211,110.0,105.6500015258789,92.4000015258789,129.35000610351562,96.87999725341797,94.45999908447266,92.55999755859375,8.350000381469727,92.94000244140625,97.80000305175781,60.209999084472656,11.532822608947754,136.5,122.88999938964844,110.9800033569336,7.639999866485596,74.19999694824219,56.45000076293945,160.07000732421875,11.523357391357422,101.80000305175781,106.52999877929688,41.0099983215332,10.280810356140137,88.04000091552734,100.69999694824219,11.274999618530273,9.359999656677246,33.040000915527344,96.56999969482422,127.06999969482422,104.68000030517578,99.81999969482422,42.130001068115234,96.5,117.4800033569336,90.87999725341797,95.04000091552734,9.140000343322754,9.800000190734863,58.61000061035156,76.20999908447266,39.31999969482422,97.08999633789062,96.30999755859375,97.83000183105469,9.154999732971191,308.0,116.9800033569336,89.94999694824219,3.490000009536743,9.100000381469727
2024-03-26,10.479999542236328,164.97048950195312,168.0,116.0999984741211,123.16000366210938,22.8799991607666,102.5999984741211,7.724999904632568,86.9800033569336,76.20999908447266,109.5,105.8499984741211,93.06999969482422,128.22999572753906,97.12000274658203,94.05000305175781,93.44999694824219,8.319999694824219,93.48999786376953,98.27999877929688,59.5,11.522836685180664,136.44000244140625,122.5999984741211,111.44000244140625,7.650000095367432,74.73999786376953,57.0,161.2100067138672,11.523357391357422,101.51000213623047,106.30000305175781,41.54999923706055,10.280810356140137,88.5199966430664,100.86000061035156,11.317999839782715,9.390000343322754,33.5,96.0999984741211,127.30000305175781,104.19000244140625,99.93000030517578,42.220001220703125,96.5,118.0,90.5,95.12000274658203,9.199999809265137,9.8100004196167,58.90999984741211,76.20999908447266,39.08000183105469,97.9000015258789,95.0,97.94999694824219,9.163000106811523,306.010009765625,116.88999938964844,90.48999786376953,3.5299999713897705,9.140000343322754
2024-03-27,10.489999771118164,164.89999389648438,168.0,115.9000015258789,122.12000274658203,22.898000717163086,102.6500015258789,7.758999824523926,87.37999725341797,76.0999984741211,109.94999694824219,106.47000122070312,92.55999755859375,129.11000061035156,97.94000244140625,93.75,93.19000244140625,8.329999923706055,93.0999984741211,98.0999984741211,59.040000915527344,11.542807579040527,136.1300048828125,122.55000305175781,111.76000213623047,7.690000057220459,74.02999877929688,56.7400016784668,161.2100067138672,11.513507843017578,101.7300033569336,106.1500015258789,42.04999923706055,10.280810356140137,89.4800033569336,100.86000061035156,11.28600025177002,9.399999618530273,34.20000076293945,95.9800033569336,126.38999938964844,104.44999694824219,101.0,42.369998931884766,96.5,118.2300033569336,90.52999877929688,95.0199966430664,9.220000267028809,9.859999656677246,58.66999816894531,76.20999908447266,39.0,97.68000030517578,96.1500015258789,97.80999755859375,9.163000106811523,308.25,116.73999786376953,90.55000305175781,3.5899999141693115,9.140000343322754
2024-03-28,10.510000228881836,166.39999389648438,169.0,116.23999786376953,122.61000061035156,22.888999938964844,103.41999816894531,7.794000148773193,88.30000305175781,76.98999786376953,110.2699966430664,106.11000061035156,93.0999984741211,130.47999572753906,98.0999984741211,94.0999984741211,93.79000091552734,8.399999618530273,92.26000213623047,98.0,58.689998626708984,11.582748413085938,136.38999938964844,122.62999725341797,111.9000015258789,7.769999980926514,73.6500015258789,57.7599983215332,161.52999877929688,11.617907524108887,101.55000305175781,105.9800033569336,42.599998474121094,10.280810356140137,90.0,100.4000015258789,11.322999954223633,9.479999542236328,34.810001373291016,96.25,127.51000213623047,104.80000305175781,100.62000274658203,42.88999938964844,96.5,119.19999694824219,91.13999938964844,95.12999725341797,9.260000228881836,9.869999885559082,58.209999084472656,76.20999908447266,39.16999816894531,97.2699966430664,96.80000305175781,97.93000030517578,9.255000114440918,305.8599853515625,116.83000183105469,91.23999786376953,3.6700000762939453,9.170000076293945
2024-04-01,10.319999694824219,162.9499969482422,168.39999389648438,116.55999755859375,121.26000213623047,22.760000228881836,101.61000061035156,7.71999979019165,88.87000274658203,77.30000305175781,109.0,106.3499984741211,94.66000366210938,131.0,96.31999969482422,91.13999938964844,92.88999938964844,8.140000343322754,94.19000244140625,96.91999816894531,59.349998474121094,11.652644157409668,136.22000122070312,121.5999984741211,111.91000366210938,7.869999885559082,74.0,57.58000183105469,161.3000030517578,11.592300415039062,101.13999938964844,105.45999908447266,43.869998931884766,10.280810356140137,88.58999633789062,100.0,11.265000343322754,9.1899995803833,34.38999938964844,94.97000122070312,125.0,104.0999984741211,98.62000274658203,42.459999084472656,96.5,118.19000244140625,89.94999694824219,94.95999908447266,9.069999694824219,9.949999809265137,58.959999084472656,76.20999908447266,39.29999923706055,97.7699966430664,97.91000366210938,97.95999908447266,9.15999984741211,304.5,116.23999786376953,88.9000015258789,3.6500000953674316,9.020000457763672
2024-04-02,10.350000381469727,163.47000122070312,168.25,116.87999725341797,122.25,22.75,101.66000366210938,7.711999893188477,89.19000244140625,77.55999755859375,109.48999786376953,107.01000213623047,95.0,129.5,96.41999816894531,92.62000274658203,94.27999877929688,8.229999542236328,94.0,97.4000015258789,59.599998474121094,11.422986030578613,135.3000030517578,121.56999969482422,111.9000015258789,7.929999828338623,73.76000213623047,57.040000915527344,161.25999450683594,11.645484924316406,101.51000213623047,105.06999969482422,45.04999923706055,10.280810356140137,88.62999725341797,99.27999877929688,11.190999984741211,9.149999618530273,34.70000076293945,95.0,124.91000366210938,104.19999694824219,98.9000015258789,42.38999938964844,96.5,117.30999755859375,88.80999755859375,94.33000183105469,9.130000114440918,9.90999984741211,58.2599983215332,76.20999908447266,39.279998779296875,96.83999633789062,95.9000015258789,98.2300033569336,9.164999961853027,304.0899963378906,116.0,89.01000213623047,3.630000114440918,9.0600004196167
2024-04-03,10.399999618530273,163.0500030517578,168.0800018310547,117.0199966430664,122.4000015258789,22.93400001525879,102.16000366210938,7.724999904632568,89.7300033569336,77.8499984741211,109.0,106.3499984741211,95.51000213623047,129.1999969482422,96.94000244140625,92.30999755859375,93.69999694824219,8.279999732971191,94.0999984741211,97.79000091552734,60.099998474121094,11.472911834716797,136.4199981689453,121.5,111.58000183105469,7.900000095367432,73.51000213623047,56.040000915527344,159.97999572753906,11.616923332214355,101.4000015258789,105.4800033569336,46.369998931884766,10.280810356140137,88.5999984741211,100.0,11.199000358581543,9.199999809265137,35.099998474121094,95.87000274658203,125.0,104.41999816894531,98.94000244140625,42.61000061035156,96.5,118.8499984741211,89.54000091552734,94.80000305175781,9.149999618530273,9.90999984741211,57.290000915527344,76.20999908447266,39.45000076293945,97.0,95.9000015258789,98.05999755859375,9.149999618530273,304.0,116.23999786376953,88.73999786376953,3.6500000953674316,9.069999694824219
2024-04-04,10.420000076293945,163.35000610351562,167.89999389648438,116.88999938964844,122.2300033569336,22.860000610351562,102.5999984741211,7.701000213623047,89.52999877929688,77.88999938964844,108.80000305175781,106.88999938964844,94.5999984741211,130.3000030517578,97.16999816894531,92.7300033569336,94.5999984741211,8.279999732971191,92.44000244140625,97.81999969482422,59.91999816894531,11.472911834716797,136.3800048828125,121.7300033569336,111.19999694824219,7.989999771118164,73.08000183105469,55.75,159.50999450683594,11.599194526672363,101.76000213623047,105.44999694824219,46.5,10.280810356140137,88.2699966430664,100.27999877929688,11.152999877929688,9.220000267028809,35.529998779296875,99.0,125.6500015258789,105.0,99.55000305175781,42.58000183105469,96.5,118.36000061035156,88.61000061035156,94.56999969482422,9.170000076293945,9.859999656677246,57.88999938964844,76.20999908447266,39.599998474121094,97.5,96.01000213623047,98.12999725341797,9.15999984741211,305.8999938964844,117.0199966430664,89.19999694824219,3.619999885559082,9.029999732971191
2024-04-05,10.4399995803833,163.22999572753906,168.17999267578125,116.80000305175781,122.0999984741211,22.966999053955078,102.86000061035156,7.743000030517578,89.97000122070312,78.36000061035156,108.80000305175781,107.13999938964844,96.6500015258789,130.0500030517578,97.0,92.95999908447266,94.88999938964844,8.279999732971191,92.83999633789062,98.05000305175781,60.06999969482422,11.532822608947754,135.5,121.9000015258789,111.55000305175781,8.149999618530273,73.22000122070312,56.029998779296875,159.97999572753906,11.62086296081543,101.58000183105469,105.4800033569336,46.18000030517578,10.280810356140137,89.69000244140625,100.18000030517578,11.222999572753906,9.149999618530273,34.779998779296875,99.26000213623047,125.88999938964844,104.98999786376953,99.97000122070312,42.33000183105469,96.5,118.19999694824219,88.9000015258789,94.7699966430664,9.180000305175781,9.949999809265137,57.189998626708984,76.20999908447266,39.70000076293945,97.33999633789062,96.7300033569336,97.75,9.270000457763672,308.5799865722656,117.04000091552734,89.33000183105469,3.640000104904175,9.149999618530273
2024-04-08,10.470000267028809,163.67999267578125,167.8000030517578,116.80000305175781,122.5199966430664,22.965999603271484,103.3499984741211,7.7729997634887695,88.95999908447266,78.6500015258789,109.06999969482422,106.80000305175781,95.52999877929688,130.1999969482422,97.0199966430664,93.7699966430664,94.25,8.210000038146973,94.08000183105469,97.94000244140625,59.5,11.403016090393066,134.39999389648438,122.08000183105469,111.6500015258789,8.149999618530273,73.6500015258789,56.099998474121094,160.08999633789062,11.606088638305664,101.1500015258789,105.43000030517578,44.5,10.280810356140137,89.69000244140625,100.4000015258789,11.248000144958496,9.199999809265137,32.810001373291016,99.0,126.75,104.55999755859375,100.08999633789062,41.08000183105469,96.5,118.75,89.5999984741211,94.77999877929688,9.15999984741211,9.960000038146973,57.7599983215332,76.20999908447266,39.36000061035156,97.80999755859375,93.0,97.94999694824219,9.279999732971191,312.4800109863281,118.93000030517578,89.3499984741211,3.559999942779541,9.079999923706055
2024-04-09,10.470000267028809,163.4499969482422,167.85000610351562,116.7699966430664,122.4800033569336,22.8700008392334,103.33999633789062,7.724999904632568,89.05000305175781,78.93000030517578,109.37000274658203,106.9000015258789,96.0,129.8300018310547,98.0,93.44000244140625,93.3499984741211,8.239999771118164,93.9000015258789,97.70999908447266,59.209999084472656,11.353090286254883,134.08999633789062,121.86000061035156,111.5999984741211,8.050000190734863,73.5999984741211,55.810001373291016,161.47999572753906,11.583436012268066,101.16000366210938,105.37000274658203,44.45000076293945,10.280810356140137,89.41000366210938,100.5999984741211,11.239999771118164,9.09000015258789,32.72999954223633,98.5199966430664,126.2300033569336,105.1500015258789,100.1500015258789,40.79999923706055,96.5,118.2300033569336,88.94000244140625,95.80999755859375,9.140000343322754,9.949999809265137,57.54999923706055,76.20999908447266,39.36000061035156,97.80000305175781,94.19000244140625,97.98999786376953,9.369999885559082,312.25,119.5,88.94999694824219,3.5,9.109999656677246
2024-04-10,10.460000038146973,163.77999877929688,167.99000549316406,116.5,122.55999755859375,22.899999618530273,103.19999694824219,7.784999847412109,88.63999938964844,77.75,109.38999938964844,106.8499984741211,96.31999969482422,129.02999877929688,97.88999938964844,93.69999694824219,92.16999816894531,8.170000076293945,93.36000061035156,98.08000183105469,59.29999923706055,11.432971000671387,134.35000610351562,121.5999984741211,111.47000122070312,8.100000381469727,72.98999786376953,55.0,161.33999633789062,11.508584022521973,101.38999938964844,105.0,44.529998779296875,10.280810356140137,89.26000213623047,100.9000015258789,11.234000205993652,9.140000343322754,33.130001068115234,98.30000305175781,126.16000366210938,105.0,99.26000213623047,40.61000061035156,96.5,118.61000061035156,89.16999816894531,95.02999877929688,9.1899995803833,9.9399995803833,57.20000076293945,76.20999908447266,39.220001220703125,97.69999694824219,94.22000122070312,98.0,9.449999809265137,305.19000244140625,119.88999938964844,89.05000305175781,3.509999990463257,9.100000381469727
2024-04-11,10.460000038146973,164.0,167.7899932861328,116.30000305175781,122.37000274658203,22.860000610351562,103.23999786376953,7.78000020980835,89.16999816894531,77.7699966430664,109.01000213623047,106.56999969482422,96.75,128.99000549316406,97.69999694824219,92.80000305175781,92.55999755859375,8.130000114440918,93.0,97.91000366210938,59.95000076293945,11.393031120300293,134.27999877929688,121.63999938964844,111.30999755859375,8.069999694824219,73.02999877929688,54.380001068115234,161.8000030517578,11.534191131591797,101.2699966430664,104.9000015258789,44.599998474121094,10.280810356140137,89.11000061035156,101.52999877929688,11.220000267028809,9.119999885559082,33.29999923706055,97.19999694824219,126.12999725341797,104.66000366210938,99.05000305175781,40.349998474121094,96.5,118.69999694824219,89.0,95.01000213623047,9.180000305175781,9.829999923706055,59.0,76.20999908447266,39.27000045776367,98.16000366210938,94.19999694824219,97.9800033569336,9.390000343322754,310.989990234375,118.94000244140625,89.1500015258789,3.509999990463257,9.109999656677246
2024-04-12,10.489999771118164,164.60000610351562,167.5,116.0199966430664,122.30000305175781,22.947999954223633,103.4000015258789,7.7779998779296875,89.12000274658203,77.8499984741211,108.58000183105469,106.9000015258789,98.19999694824219,129.0,97.77999877929688,93.87999725341797,92.87999725341797,8.119999885559082,93.20999908447266,97.79000091552734,60.0,11.4399995803833,134.97999572753906,121.5,111.22000122070312,8.140000343322754,73.44999694824219,55.20000076293945,161.3000030517578,11.595254898071289,101.56999969482422,105.38999938964844,44.59000015258789,10.280810356140137,89.8499984741211,101.80000305175781,11.29800033569336,9.1899995803833,33.40999984741211,97.98999786376953,125.95999908447266,104.5,99.5,40.31999969482422,96.5,119.13999938964844,89.5199966430664,95.87000274658203,9.140000343322754,9.8100004196167,57.97999954223633,76.20999908447266,39.27000045776367,98.23999786376953,94.06999969482422,98.52999877929688,9.420000076293945,311.4700012207031,117.91000366210938,89.54000091552734,3.5299999713897705,9.119999885559082
2024-04-15,10.420000076293945,164.13999938964844,165.24000549316406,115.98999786376953,121.43000030517578,22.75200080871582,103.0,7.718999862670898,88.98999786376953,77.69999694824219,107.54000091552734,106.58000183105469,97.5999984741211,128.8000030517578,97.63999938964844,92.66999816894531,92.69999694824219,8.109999656677246,91.91000366210938,97.91000366210938,58.970001220703125,11.40999984741211,133.9199981689453,121.48999786376953,111.27999877929688,8.130000114440918,73.0999984741211,55.2400016784668,160.0800018310547,11.566693305969238,101.9000015258789,104.61000061035156,44.79999923706055,10.280810356140137,89.66999816894531,104.05000305175781,11.20199966430664,9.15999984741211,33.150001525878906,96.72000122070312,126.31999969482422,103.97000122070312,99.5,39.91999816894531,96.5,118.19999694824219,88.9000015258789,95.36000061035156,9.239999771118164,9.819999694824219,57.790000915527344,76.20999908447266,39.2400016784668,97.80000305175781,94.19000244140625,97.4800033569336,9.40999984741211,304.8999938964844,119.98999786376953,89.83999633789062,3.509999990463257,9.140000343322754
2024-04-16,10.40999984741211,163.3000030517578,166.5,115.9000015258789,121.11000061035156,22.700000762939453,103.3499984741211,7.716000080108643,88.44000244140625,77.2699966430664,107.0,104.1500015258789,97.22000122070312,128.6199951171875,97.44000244140625,91.98999786376953,92.1500015258789,7.989999771118164,91.98999786376953,96.80000305175781,57.869998931884766,11.34000015258789,134.97999572753906,120.80000305175781,110.91000366210938,8.180000305175781,72.68000030517578,54.54999923706055,157.44000244140625,11.546995162963867,101.55000305175781,103.8499984741211,44.9900016784668,10.280810356140137,89.5,103.9800033569336,11.170000076293945,9.0600004196167,32.68000030517578,96.9000015258789,125.80000305175781,104.19000244140625,99.47000122070312,39.599998474121094,96.5,118.27999877929688,87.9000015258789,95.05000305175781,9.180000305175781,9.779999732971191,57.77000045776367,76.20999908447266,39.189998626708984,97.87000274658203,94.93000030517578,97.26000213623047,9.399999618530273,304.5199890136719,119.33000183105469,89.69999694824219,3.509999990463257,9.119999885559082
2024-04-17,10.369999885559082,163.07000732421875,164.99000549316406,115.69999694824219,120.97000122070312,22.58099937438965,103.2300033569336,7.718999862670898,88.77999877929688,77.11000061035156,106.8499984741211,103.36000061035156,96.5199966430664,127.7699966430664,97.25,91.80999755859375,92.58000183105469,7.980000019073486,91.5999984741211,96.5999984741211,59.4900016784668,11.289999961853027,133.41000366210938,120.62000274658203,110.69000244140625,8.130000114440918,72.4000015258789,53.400001525878906,157.10000610351562,11.499719619750977,101.19000244140625,104.16000366210938,45.0,10.280810356140137,89.0999984741211,101.25,11.246999740600586,8.989999771118164,32.650001525878906,96.30999755859375,125.72000122070312,104.0999984741211,99.01000213623047,39.54999923706055,96.5,117.66999816894531,87.19000244140625,95.12999725341797,9.15999984741211,9.779999732971191,57.59000015258789,76.20999908447266,39.18000030517578,97.81999969482422,95.19999694824219,97.19999694824219,9.390000343322754,303.6499938964844,119.98999786376953,88.80999755859375,3.509999990463257,9.100000381469727
2024-04-18,10.399999618530273,163.9499969482422,164.42999267578125,115.9000015258789,120.54000091552734,22.57200050354004,103.7699966430664,7.708000183105469,88.58000183105469,76.75,106.30000305175781,101.97000122070312,97.0,127.55999755859375,97.56999969482422,91.5999984741211,93.08999633789062,8.010000228881836,91.19999694824219,95.80999755859375,59.279998779296875,11.319999694824219,133.99000549316406,119.66000366210938,110.68000030517578,8.039999961853027,71.58999633789062,54.400001525878906,156.0,11.495779991149902,101.36000061035156,103.41000366210938,45.13999938964844,10.280810356140137,89.01000213623047,101.52999877929688,11.156999588012695,8.850000381469727,32.88999938964844,95.94000244140625,125.13999938964844,104.02999877929688,99.19999694824219,39.11000061035156,96.5,116.98999786376953,86.69999694824219,94.37000274658203,9.15999984741211,9.729999542236328,56.66999816894531,76.20999908447266,39.0,97.51000213623047,94.30000305175781,97.0999984741211,9.420000076293945,305.4800109863281,119.88999938964844,88.83000183105469,3.509999990463257,9.09000015258789
2024-04-19,10.390000343322754,164.72000122070312,163.6999969482422,115.79000091552734,120.44999694824219,22.464000701904297,103.77999877929688,7.71999979019165,88.80999755859375,77.05999755859375,106.18000030517578,101.9000015258789,96.0,127.13999938964844,97.58000183105469,91.6500015258789,93.4000015258789,8.069999694824219,91.69000244140625,96.36000061035156,59.47999954223633,11.300000190734863,133.2100067138672,120.9800033569336,110.44000244140625,8.09000015258789,71.30000305175781,55.45000076293945,157.5,11.355923652648926,101.0999984741211,104.0,46.22999954223633,10.280810356140137,88.18000030517578,100.47000122070312,11.256999969482422,8.84000015258789,33.04999923706055,96.19999694824219,125.56999969482422,104.2300033569336,99.80000305175781,38.900001525878906,96.5,116.9000015258789,87.79000091552734,94.05000305175781,9.1899995803833,9.760000228881836,56.959999084472656,76.20999908447266,39.209999084472656,97.4800033569336,94.29000091552734,97.70999908447266,9.489999771118164,305.5,120.0,89.68000030517578,3.5,9.130000114440918
2024-04-22,10.390000343322754,163.61000061035156,163.80999755859375,115.97000122070312,120.58000183105469,22.5,103.19000244140625,7.71999979019165,88.76000213623047,76.69000244140625,106.08999633789062,101.83999633789062,94.48999786376953,125.97000122070312,96.7699966430664,90.79000091552734,93.7699966430664,8.029999732971191,92.48999786376953,96.20999908447266,59.040000915527344,11.34000015258789,133.0800018310547,119.41999816894531,110.4000015258789,8.039999961853027,70.8499984741211,55.9900016784668,157.1699981689453,11.259403228759766,100.45999908447266,103.58999633789062,46.68000030517578,10.280810356140137,88.38999938964844,101.0,11.166000366210938,8.699999809265137,33.099998474121094,95.93000030517578,125.51000213623047,104.5,99.26000213623047,38.650001525878906,96.5,115.29000091552734,87.11000061035156,91.55999755859375,9.109999656677246,9.699999809265137,55.22999954223633,76.20999908447266,39.099998474121094,97.5,92.1500015258789,97.4800033569336,9.380000114440918,305.0199890136719,120.87999725341797,89.08999633789062,3.509999990463257,9.079999923706055
2024-04-23,10.390000343322754,162.8300018310547,163.85000610351562,115.80999755859375,120.08999633789062,22.38599967956543,103.5,7.679999828338623,88.7699966430664,76.51000213623047,106.0,101.5,93.5999984741211,125.3499984741211,96.05000305175781,90.45999908447266,93.31999969482422,7.949999809265137,92.2300033569336,95.69999694824219,59.060001373291016,11.300000190734863,132.85000610351562,119.48999786376953,110.47000122070312,7.909999847412109,71.58000183105469,55.7599983215332,156.0,11.193414688110352,100.27999877929688,103.69000244140625,46.599998474121094,10.280810356140137,87.94999694824219,101.30000305175781,11.182000160217285,8.630000114440918,33.04999923706055,95.37000274658203,125.33999633789062,104.0199966430664,99.41000366210938,38.45000076293945,96.5,115.0999984741211,87.05000305175781,91.73999786376953,9.100000381469727,9.6899995803833,54.79999923706055,76.20999908447266,39.150001525878906,97.29000091552734,92.30999755859375,97.5,9.399999618530273,304.1000061035156,121.48999786376953,88.91000366210938,3.5199999809265137,9.079999923706055
2024-04-24,10.319999694824219,162.7100067138672,163.3300018310547,115.9000015258789,119.66000366210938,22.235000610351562,103.81999969482422,7.690000057220459,88.77999877929688,76.18000030517578,104.80000305175781,101.25,93.12000274658203,124.5999984741211,96.68000030517578,90.3499984741211,92.86000061035156,7.840000152587891,91.79000091552734,94.5,59.459999084472656,11.300000190734863,132.77000427246094,119.2699966430664,110.33999633789062,7.690000057220459,70.44999694824219,55.709999084472656,155.0,11.124471664428711,100.0,103.69000244140625,46.33000183105469,10.280810356140137,88.19000244140625,100.4800033569336,11.135000228881836,8.649999618530273,32.7599983215332,95.0,125.16999816894531,104.19000244140625,99.5,38.15999984741211,96.5,114.55000305175781,86.62000274658203,91.91999816894531,9.119999885559082,9.6899995803833,53.5,76.20999908447266,39.029998779296875,96.72000122070312,92.1500015258789,97.41999816894531,9.399999618530273,303.29998779296875,122.0,89.08000183105469,3.509999990463257,9.029999732971191
2024-04-25,10.380000114440918,163.49000549316406,164.4600067138672,115.51000213623047,119.13999938964844,22.216999053955078,103.9000015258789,7.650000095367432,88.19000244140625,75.30000305175781,104.75,100.9000015258789,92.2300033569336,123.48999786376953,96.69000244140625,89.37999725341797,93.13999938964844,7.769999980926514,91.27999877929688,94.94999694824219,59.20000076293945,11.3100004196167,133.5,119.16000366210938,110.44000244140625,7.550000190734863,69.58000183105469,55.29999923706055,155.24000549316406,11.237735748291016,99.83000183105469,104.13999938964844,46.349998474121094,10.280810356140137,87.83000183105469,99.69999694824219,11.220000267028809,8.760000228881836,32.20000076293945,94.9000015258789,125.37999725341797,104.12000274658203,99.69000244140625,38.06999969482422,96.5,113.6500015258789,86.9800033569336,91.4000015258789,9.15999984741211,9.6899995803833,52.779998779296875,76.20999908447266,38.88999938964844,96.44999694824219,92.23999786376953,97.22000122070312,9.300000190734863,304.2699890136719,120.80999755859375,88.5999984741211,3.509999990463257,9.0
2024-04-26,10.359999656677246,163.4499969482422,164.2100067138672,115.9000015258789,118.0999984741211,22.18000030517578,103.98999786376953,7.639999866485596,88.22000122070312,75.30000305175781,104.75,101.0,92.30000305175781,124.31999969482422,96.69999694824219,90.19999694824219,93.13999938964844,7.769999980926514,91.08000183105469,95.13999938964844,60.0,11.300000190734863,133.61000061035156,119.75,110.3499984741211,7.679999828338623,69.30999755859375,55.599998474121094,158.0,11.328347206115723,100.61000061035156,104.23999786376953,47.0,10.280810356140137,87.8499984741211,99.69999694824219,11.23900032043457,9.0600004196167,32.2599983215332,94.5,125.0,104.02999877929688,98.80000305175781,38.13999938964844,96.5,114.4800033569336,86.9800033569336,90.55000305175781,9.199999809265137,9.710000038146973,54.630001068115234,76.20999908447266,38.900001525878906,96.91999816894531,92.80999755859375,97.25,9.220000267028809,304.8800048828125,121.33999633789062,89.19999694824219,3.5,8.979999542236328
2024-04-29,10.430000305175781,164.0,166.74000549316406,116.01000213623047,119.2699966430664,22.19499969482422,104.27999877929688,7.670000076293945,87.94000244140625,75.80000305175781,104.69999694824219,101.5,92.83000183105469,125.5,96.5,90.08000183105469,93.1500015258789,7.989999771118164,90.95999908447266,95.48999786376953,59.720001220703125,11.329999923706055,134.7899932861328,119.88999938964844,110.68000030517578,7.679999828338623,69.0,55.650001525878906,155.52000427246094,11.397290229797363,100.01000213623047,104.80000305175781,47.79999923706055,10.280810356140137,87.80000305175781,96.4800033569336,11.300000190734863,8.890000343322754,32.29999923706055,94.98999786376953,126.5,103.8499984741211,98.51000213623047,37.790000915527344,96.5,115.41000366210938,87.55999755859375,92.19000244140625,9.180000305175781,9.710000038146973,53.130001068115234,76.20999908447266,38.72999954223633,97.5,92.7300033569336,97.48999786376953,9.180000305175781,305.1499938964844,122.0,88.98999786376953,3.509999990463257,9.039999961853027
2024-04-30,10.430000305175781,163.97999572753906,166.6300048828125,116.30999755859375,120.29000091552734,22.268999099731445,105.01000213623047,7.658999919891357,88.0999984741211,75.66999816894531,104.73999786376953,101.5,92.83999633789062,124.19000244140625,97.0,91.8499984741211,92.80000305175781,8.029999732971191,91.68000030517578,96.75,61.0,11.359999656677246,135.4499969482422,119.79000091552734,110.5199966430664,7.679999828338623,69.66999816894531,55.400001525878906,159.19000244140625,11.49676513671875,100.36000061035156,104.52999877929688,48.099998474121094,10.280810356140137,88.63999938964844,95.68000030517578,11.218000411987305,8.960000038146973,32.29999923706055,95.4000015258789,126.29000091552734,104.0999984741211,98.51000213623047,37.599998474121094,96.5,115.83000183105469,88.16000366210938,93.6500015258789,9.140000343322754,9.729999542236328,52.900001525878906,76.20999908447266,38.65999984741211,96.87999725341797,92.9000015258789,97.2699966430664,9.300000190734863,306.9200134277344,121.87000274658203,88.9000015258789,3.5,9.09000015258789
2024-05-02,10.319999694824219,162.9499969482422,164.97999572753906,116.0,119.48999786376953,22.082000732421875,103.25,7.578999996185303,87.98999786376953,76.05000305175781,104.97000122070312,101.69999694824219,91.48999786376953,123.33999633789062,95.87000274658203,89.12000274658203,93.33999633789062,7.960000038146973,90.88999938964844,95.54000091552734,60.75,11.319999694824219,133.0,119.45999908447266,109.72000122070312,8.130000114440918,71.94999694824219,56.150001525878906,155.0,11.47115707397461,98.3499984741211,103.0999984741211,49.0,10.280810356140137,87.25,94.05000305175781,11.079999923706055,8.829999923706055,32.349998474121094,94.80999755859375,124.30000305175781,103.86000061035156,98.2699966430664,37.689998626708984,96.5,114.33999633789062,87.37999725341797,91.30000305175781,9.039999961853027,9.68557071685791,52.369998931884766,76.20999908447266,38.86000061035156,95.12999725341797,91.01000213623047,96.97000122070312,9.100000381469727,302.0,121.44999694824219,87.5999984741211,3.509999990463257,9.010000228881836
2024-05-03,10.220000267028809,164.0,166.58999633789062,116.18000030517578,121.4000015258789,22.1560001373291,103.62000274658203,7.599999904632568,88.48999786376953,75.8499984741211,104.94999694824219,102.25,93.76000213623047,123.69999694824219,96.94000244140625,89.2699966430664,93.3499984741211,8.079999923706055,91.5,97.47000122070312,61.70000076293945,11.279999732971191,132.8699951171875,119.45999908447266,109.7699966430664,8.0,70.30000305175781,55.41999816894531,159.72999572753906,11.523357391357422,100.13999938964844,102.80000305175781,49.599998474121094,10.280810356140137,87.4000015258789,94.20999908447266,11.0,9.100000381469727,32.349998474121094,94.26000213623047,125.38999938964844,103.77999877929688,99.5199966430664,38.13999938964844,96.5,115.58999633789062,87.80000305175781,92.9000015258789,9.079999923706055,9.735392570495605,52.099998474121094,,39.0099983215332,95.06999969482422,91.29000091552734,98.19999694824219,9.25,305.57000732421875,121.87000274658203,87.4800033569336,3.5199999809265137,9.069999694824219
2024-05-06,10.279999732971191,164.0399932861328,166.63999938964844,116.80000305175781,121.19999694824219,22.113000869750977,104.1500015258789,7.664000034332275,88.69999694824219,76.3499984741211,104.51000213623047,101.81999969482422,92.19999694824219,123.69999694824219,97.06999969482422,90.43000030517578,94.68000030517578,8.100000381469727,91.16000366210938,97.05000305175781,62.5099983215332,11.270000457763672,131.1199951171875,119.5,109.80000305175781,7.900000095367432,68.91000366210938,55.790000915527344,160.32000732421875,11.493809700012207,99.12999725341797,103.06999969482422,49.02000045776367,10.280810356140137,88.01000213623047,95.9000015258789,10.829999923706055,8.989999771118164,32.29999923706055,96.73999786376953,125.19999694824219,103.66000366210938,99.01000213623047,37.959999084472656,96.5,115.5,88.19000244140625,92.4000015258789,9.0600004196167,9.74535846710205,51.68000030517578,,39.439998626708984,95.75,92.72000122070312,97.5,9.289999961853027,304.3900146484375,122.5,87.5,3.5299999713897705,9.020000457763672
2024-05-07,10.329999923706055,164.3000030517578,165.85000610351562,116.80999755859375,121.0,22.07900047302246,104.16999816894531,7.639999866485596,88.87000274658203,76.70999908447266,104.80000305175781,102.0,92.6500015258789,122.69999694824219,97.08999633789062,90.68000030517578,93.97000122070312,8.0600004196167,91.48999786376953,97.48999786376953,63.099998474121094,11.279999732971191,131.00999450683594,119.6500015258789,109.83999633789062,8.0,68.94999694824219,55.95000076293945,159.7100067138672,11.328347206115723,98.0,103.25,48.29999923706055,10.280810356140137,87.69000244140625,98.86000061035156,10.854999542236328,8.979999542236328,32.15999984741211,97.19999694824219,124.20999908447266,103.5,99.66999816894531,37.90999984741211,96.5,115.3499984741211,88.13999938964844,93.11000061035156,9.09000015258789,9.75532341003418,50.79999923706055,,39.099998474121094,95.87999725341797,91.69999694824219,97.93000030517578,9.239999771118164,303.3999938964844,122.4000015258789,87.56999969482422,3.5199999809265137,9.010000228881836
2024-05-08,10.319999694824219,163.39999389648438,165.72999572753906,117.05000305175781,121.1500015258789,22.099000930786133,103.81999969482422,7.670000076293945,89.44999694824219,77.4800033569336,104.94000244140625,102.87999725341797,91.7699966430664,123.5,97.0,90.98999786376953,93.31999969482422,8.0600004196167,92.16000366210938,97.58000183105469,63.16999816894531,11.300000190734863,130.69000244140625,118.86000061035156,109.80000305175781,7.989999771118164,68.94999694824219,56.59000015258789,158.55999755859375,11.472142219543457,98.4000015258789,103.73999786376953,48.650001525878906,10.280810356140137,87.55000305175781,98.79000091552734,10.829999923706055,9.010000228881836,32.060001373291016,97.12000274658203,124.4000015258789,103.2699966430664,100.0,38.09000015258789,96.5,116.18000030517578,88.19000244140625,92.51000213623047,9.149999618530273,9.775252342224121,52.20000076293945,,39.29999923706055,95.9000015258789,92.30000305175781,97.75,9.100000381469727,304.510009765625,121.98999786376953,87.22000122070312,3.5299999713897705,9.039999961853027
2024-05-09,10.329999923706055,162.5500030517578,164.47000122070312,116.5199966430664,121.44999694824219,22.035999298095703,103.86000061035156,7.645999908447266,88.05000305175781,77.5,104.81999969482422,102.41000366210938,91.56999969482422,123.5,96.36000061035156,91.0,93.94999694824219,8.010000228881836,91.38999938964844,97.58000183105469,62.25,11.260000228881836,130.49000549316406,118.25,109.43000030517578,7.940000057220459,68.66000366210938,56.689998626708984,157.89999389648438,11.326376914978027,98.02999877929688,103.45999908447266,47.25,10.280810356140137,87.44000244140625,97.98999786376953,10.82699966430664,8.899999618530273,32.27000045776367,96.55000305175781,124.0999984741211,103.70999908447266,100.16999816894531,38.04999923706055,96.5,116.4000015258789,87.55999755859375,91.66999816894531,9.119999885559082,9.800000190734863,55.45000076293945,,38.459999084472656,95.37999725341797,91.19999694824219,97.62000274658203,8.850000381469727,305.20001220703125,121.4800033569336,87.19000244140625,3.490000009536743,9.020000457763672
2024-05-10,10.329999923706055,162.02999877929688,164.30999755859375,116.69000244140625,121.5999984741211,22.075000762939453,103.44999694824219,7.644999980926514,88.22000122070312,78.12000274658203,104.9800033569336,102.69999694824219,92.1500015258789,126.6500015258789,96.7300033569336,92.08000183105469,93.69999694824219,8.119999885559082,92.01000213623047,97.5,61.18000030517578,11.289999961853027,130.10000610351562,118.86000061035156,109.61000061035156,8.050000190734863,69.62999725341797,56.349998474121094,157.4499969482422,11.395319938659668,97.87999725341797,104.29000091552734,47.0,10.280810356140137,87.68000030517578,95.80000305175781,10.916999816894531,8.930000305175781,32.11000061035156,97.94000244140625,124.27999877929688,103.4800033569336,100.69000244140625,38.0,96.5,117.27999877929688,87.12999725341797,92.19999694824219,9.119999885559082,9.850000381469727,55.97999954223633,,38.34000015258789,95.5999984741211,92.9000015258789,98.33000183105469,8.979999542236328,306.0,121.97000122070312,87.81999969482422,3.490000009536743,9.09000015258789
2024-05-13,10.25,160.6199951171875,162.60000610351562,116.25,120.80000305175781,21.937000274658203,102.2699966430664,7.630000114440918,87.80000305175781,76.12000274658203,103.7699966430664,102.0999984741211,91.0,123.33999633789062,96.1500015258789,91.25,92.80000305175781,7.840000152587891,91.02999877929688,97.05000305175781,60.79999923706055,11.25,129.10000610351562,118.0,109.44999694824219,7.889999866485596,68.91999816894531,55.650001525878906,156.39999389648438,11.089015007019043,96.6500015258789,104.30999755859375,46.20000076293945,10.280810356140137,87.4000015258789,94.76000213623047,10.89900016784668,8.869999885559082,31.649999618530273,97.3499984741211,124.0,103.69999694824219,99.5,37.66999816894531,96.5,117.16000366210938,88.0,92.25,9.069999694824219,9.739999771118164,57.31999969482422,,38.47999954223633,95.44000244140625,92.69999694824219,98.18000030517578,9.010000228881836,307.25,121.8499984741211,87.80000305175781,3.490000009536743,9.069999694824219
2024-05-14,10.229999542236328,160.72999572753906,161.55999755859375,115.98999786376953,120.63999938964844,21.941999435424805,102.4800033569336,7.586999893188477,87.69999694824219,75.51000213623047,103.5999984741211,101.9000015258789,90.8499984741211,122.23999786376953,96.5,89.5999984741211,92.4000015258789,7.75,89.94000244140625,96.9000015258789,59.7599983215332,11.220000267028809,129.66000366210938,117.51000213623047,109.30000305175781,7.730000019073486,67.81999969482422,55.540000915527344,157.07000732421875,11.134321212768555,95.66999816894531,104.20999908447266,46.20000076293945,10.280810356140137,86.48999786376953,94.37999725341797,10.85099983215332,8.84000015258789,31.5,95.94999694824219,123.80000305175781,103.9000015258789,98.56999969482422,37.349998474121094,96.5,116.48999786376953,88.0,92.38999938964844,9.050000190734863,9.680000305175781,56.7599983215332,,38.15999984741211,95.26000213623047,92.48999786376953,98.1500015258789,9.09000015258789,306.3900146484375,121.8499984741211,87.55000305175781,3.4600000381469727,9.0600004196167
2024-05-15,10.260000228881836,160.0,161.77999877929688,116.0999984741211,121.19000244140625,21.958999633789062,102.7793960571289,7.5,88.37999725341797,76.1500015258789,104.25,101.9000015258789,89.3499984741211,123.16999816894531,96.3499984741211,89.19999694824219,92.19000244140625,7.679999828338623,89.52999877929688,97.0199966430664,61.619998931884766,11.25,129.99000549316406,117.91999816894531,109.30000305175781,7.800000190734863,68.2300033569336,55.540000915527344,157.41000366210938,11.227886199951172,94.98999786376953,103.83000183105469,47.0,10.280810356140137,87.0999984741211,94.26000213623047,10.965999603271484,8.859999656677246,32.06999969482422,96.19000244140625,123.83999633789062,103.88999938964844,98.68000030517578,37.380001068115234,96.5,116.68000030517578,88.44000244140625,92.05000305175781,9.149999618530273,9.670000076293945,56.47999954223633,,38.5099983215332,95.94999694824219,92.1500015258789,97.93006134033203,9.170000076293945,308.010009765625,121.8499984741211,87.76000213623047,3.490000009536743,9.119999885559082
2024-05-16,10.359999656677246,160.3000030517578,162.5,117.12000274658203,121.18000030517578,22.0,103.3783950805664,7.553999900817871,88.80999755859375,75.73999786376953,104.2300033569336,101.6500015258789,89.18000030517578,122.75,96.4000015258789,89.19999694824219,91.30000305175781,7.820000171661377,88.7300033569336,97.05000305175781,61.599998474121094,11.239999771118164,130.94000244140625,118.0,109.30999755859375,7.760000228881836,68.79000091552734,55.29999923706055,156.50999450683594,11.147000312805176,95.80000305175781,104.1500015258789,47.900001525878906,10.280810356140137,87.0,93.77999877929688,10.942000389099121,8.859999656677246,32.290000915527344,96.18000030517578,123.8499984741211,104.0199966430664,98.20999908447266,37.5,96.5,115.80000305175781,88.5,92.87999725341797,9.199999809265137,9.680000305175781,55.849998474121094,,38.779998779296875,95.9800033569336,92.33000183105469,97.05265808105469,9.260000228881836,308.2799987792969,121.80000305175781,88.37999725341797,3.4800000190734863,9.149999618530273
2024-05-17,10.359999656677246,160.14999389648438,163.17999267578125,117.22000122070312,121.54000091552734,21.959999084472656,103.83763885498047,7.61899995803833,88.76000213623047,76.08000183105469,104.72000122070312,101.69000244140625,89.62999725341797,122.97000122070312,96.75,90.05000305175781,92.9000015258789,8.0,88.83999633789062,97.55000305175781,61.38999938964844,11.279999732971191,130.7100067138672,118.38999938964844,109.4000015258789,7.880000114440918,68.9000015258789,55.29999923706055,156.88999938964844,11.130000114440918,96.37000274658203,104.5999984741211,48.0,10.280810356140137,87.80000305175781,93.62000274658203,10.991999626159668,8.920000076293945,32.599998474121094,96.75,124.37999725341797,104.0,98.9000015258789,37.45000076293945,96.5,116.4800033569336,88.75,92.8499984741211,9.270000457763672,9.699999809265137,55.369998931884766,,38.66999816894531,96.5,92.9800033569336,97.4315414428711,9.289999961853027,309.8999938964844,121.79000091552734,88.9800033569336,3.4800000190734863,9.140000343322754
2024-05-20,10.369999885559082,159.83999633789062,163.30999755859375,116.23999786376953,121.98999786376953,21.950000762939453,104.296875,7.5879998207092285,89.33000183105469,76.1500015258789,104.69000244140625,101.4000015258789,89.5999984741211,122.68000030517578,96.80999755859375,90.2699966430664,92.80999755859375,7.920000076293945,89.1500015258789,97.6500015258789,60.20000076293945,11.289999961853027,129.92999267578125,118.18000030517578,109.19999694824219,7.800000190734863,69.30000305175781,55.439998626708984,156.24000549316406,10.989999771118164,96.58999633789062,104.5999984741211,47.459999084472656,10.280810356140137,87.72000122070312,93.37000274658203,10.942000389099121,8.899999618530273,32.040000915527344,96.27999877929688,124.19999694824219,103.91000366210938,98.83000183105469,37.400001525878906,96.5,117.5,88.41999816894531,92.5,9.289999961853027,9.710000038146973,56.029998779296875,,38.7599983215332,96.41999816894531,91.33000183105469,97.20221710205078,9.279999732971191,308.6199951171875,121.5,89.8499984741211,3.5,9.149999618530273
2024-05-21,10.329999923706055,159.5,162.49000549316406,115.98999786376953,121.47000122070312,21.95800018310547,103.81767272949219,7.53000020980835,89.37999725341797,75.80000305175781,104.45999908447266,101.0999984741211,89.4000015258789,120.75,96.5999984741211,90.2699966430664,93.0,8.020000457763672,89.2699966430664,96.80000305175781,59.540000915527344,11.260000228881836,130.97000122070312,118.05000305175781,109.08999633789062,7.769999980926514,69.98999786376953,55.25,156.25,10.977999687194824,96.30000305175781,105.25,47.29999923706055,10.280810356140137,87.4800033569336,95.44000244140625,10.979000091552734,8.869999885559082,31.950000762939453,96.20999908447266,124.19999694824219,103.91999816894531,98.2300033569336,37.209999084472656,96.5,117.0999984741211,87.8499984741211,92.80000305175781,9.300000190734863,9.710000038146973,55.9900016784668,,38.77000045776367,96.5,91.19999694824219,96.71366119384766,9.289999961853027,311.44000244140625,121.5,89.70999908447266,3.490000009536743,9.149999618530273
2024-05-22,10.34000015258789,159.5,162.08999633789062,115.27999877929688,121.81999969482422,21.965999603271484,104.09720611572266,7.53000020980835,89.25,75.80000305175781,104.29000091552734,101.29000091552734,89.19000244140625,119.75,96.58999633789062,90.44000244140625,92.69000244140625,8.0,89.0999984741211,96.75,59.119998931884766,11.25,129.8800048828125,118.0199966430664,109.08999633789062,7.849999904632568,69.52999877929688,55.41999816894531,156.0500030517578,10.930000305175781,96.30000305175781,105.12000274658203,46.709999084472656,10.280810356140137,87.80000305175781,96.70999908447266,10.954999923706055,8.869999885559082,31.65999984741211,96.01000213623047,124.18000030517578,103.86000061035156,98.0999984741211,37.20000076293945,96.5,116.62999725341797,88.0199966430664,92.33999633789062,9.319999694824219,9.729999542236328,55.5,,38.56999969482422,96.22000122070312,91.26000213623047,96.71366119384766,9.229999542236328,308.54998779296875,121.2699966430664,88.94999694824219,3.490000009536743,9.100000381469727
2024-05-23,10.369999885559082,159.1999969482422,161.8800048828125,115.37999725341797,121.30999755859375,21.94499969482422,104.27690887451172,7.48199987411499,89.05999755859375,75.80000305175781,103.87999725341797,101.06999969482422,88.76000213623047,119.58999633789062,96.80000305175781,90.41000366210938,91.4000015258789,7.960000038146973,88.77999877929688,96.05000305175781,58.0,11.220000267028809,129.4600067138672,117.30000305175781,108.97000122070312,7.840000152587891,68.4000015258789,54.54999923706055,155.32000732421875,10.9399995803833,96.05000305175781,104.5,46.77000045776367,10.280810356140137,87.01000213623047,94.91999816894531,10.968999862670898,8.880000114440918,31.649999618530273,95.55999755859375,123.98999786376953,103.5,97.4800033569336,37.099998474121094,96.5,115.18000030517578,88.01000213623047,92.33999633789062,9.180000305175781,9.729999542236328,55.0,,38.52000045776367,96.30000305175781,91.06999969482422,96.71366119384766,9.25,307.5,118.47000122070312,89.33000183105469,3.4700000286102295,9.100000381469727
2024-05-24,10.329999923706055,159.52000427246094,161.8000030517578,115.6500015258789,121.69999694824219,21.909000396728516,104.45999908447266,7.489999771118164,88.62000274658203,76.0,103.9000015258789,101.06999969482422,88.88999938964844,118.58999633789062,96.33000183105469,91.5999984741211,92.12000274658203,8.010000228881836,89.69999694824219,96.80000305175781,58.02000045776367,11.239999771118164,129.60000610351562,117.5,108.98999786376953,7.860000133514404,69.72000122070312,54.83000183105469,155.77999877929688,10.951000213623047,96.30000305175781,104.22000122070312,46.779998779296875,10.280810356140137,87.05999755859375,94.87999725341797,11.020999908447266,8.949999809265137,31.690000534057617,95.91000366210938,124.16000366210938,103.66999816894531,97.45999908447266,37.20000076293945,96.5,117.0,86.94999694824219,92.75,9.25,9.710000038146973,54.86000061035156,,38.5,96.5,91.08999633789062,96.94999694824219,9.25,308.260009765625,120.23999786376953,89.86000061035156,3.4800000190734863,9.079999923706055
2024-05-27,10.319999694824219,160.0,161.8000030517578,114.72000122070312,121.0,21.799999237060547,104.98999786376953,7.489999771118164,88.48999786376953,75.75,103.5999984741211,100.98999786376953,88.05999755859375,118.63999938964844,96.63999938964844,90.41999816894531,91.5,7.920000076293945,91.23999786376953,96.80000305175781,57.70000076293945,11.220000267028809,129.47000122070312,117.25,108.95999908447266,7.78000020980835,69.79000091552734,55.08000183105469,154.77000427246094,10.958999633789062,95.01000213623047,105.0,46.58000183105469,10.280810356140137,86.73999786376953,93.66999816894531,10.991000175476074,8.859999656677246,31.299999237060547,96.7300033569336,123.55891418457031,103.5199966430664,97.58000183105469,37.25,96.5,116.0999984741211,87.9000015258789,92.29000091552734,9.279999732971191,9.699999809265137,54.0,,38.529998779296875,96.47000122070312,90.98999786376953,97.0,9.239999771118164,307.4100036621094,121.0,88.80000305175781,3.490000009536743,9.069999694824219
2024-05-28,10.300000190734863,159.6199951171875,161.0,113.80000305175781,120.9800033569336,21.850000381469727,103.94000244140625,7.449999809265137,88.4800033569336,75.5,103.94999694824219,99.81999969482422,86.61000061035156,118.0999984741211,97.05999755859375,91.1500015258789,90.44999694824219,8.0,90.06999969482422,96.30000305175781,57.689998626708984,11.149999618530273,129.02999877929688,117.0199966430664,108.79000091552734,7.809999942779541,69.45999908447266,54.939998626708984,153.85000610351562,10.949999809265137,94.12000274658203,105.0,47.029998779296875,10.280810356140137,86.97000122070312,93.0,11.041999816894531,8.930000305175781,31.100000381469727,96.81999969482422,122.31961822509766,103.62000274658203,97.0,37.04999923706055,96.5,115.25,87.19999694824219,92.4000015258789,9.239999771118164,9.710000038146973,52.79999923706055,,38.5,96.23999786376953,89.80000305175781,96.87000274658203,9.170000076293945,305.1199951171875,120.9800033569336,88.4000015258789,3.490000009536743,9.029999732971191
2024-05-29,10.319999694824219,160.14999389648438,161.8300018310547,113.91000366210938,121.31999969482422,21.858999252319336,104.4800033569336,7.482999801635742,89.25,74.93000030517578,103.19999694824219,100.9000015258789,86.27999877929688,117.75,97.05999755859375,90.98999786376953,90.7300033569336,7.889999866485596,89.98999786376953,96.80000305175781,57.709999084472656,11.229999542236328,129.97000122070312,116.4000015258789,108.9000015258789,7.880000114440918,68.87999725341797,55.400001525878906,154.32000732421875,10.956000328063965,94.2300033569336,105.0,46.810001373291016,10.280810356140137,87.31999969482422,93.19999694824219,11.069999694824219,8.90999984741211,30.850000381469727,97.4000015258789,123.74114227294922,103.75,97.61000061035156,36.68000030517578,96.5,114.94999694824219,86.80000305175781,92.23999786376953,9.34000015258789,9.760000228881836,54.970001220703125,,38.5,96.05999755859375,89.58000183105469,97.08999633789062,9.180000305175781,306.1400146484375,120.7699966430664,88.25,3.490000009536743,9.069999694824219
2024-05-31,10.319999694824219,160.0500030517578,163.39999389648438,113.87000274658203,121.91999816894531,21.850000381469727,104.4800033569336,7.510000228881836,89.5,75.80000305175781,104.8499984741211,100.9000015258789,88.5999984741211,118.0999984741211,96.9000015258789,90.87000274658203,90.02999877929688,8.050000190734863,90.63999938964844,96.75,61.68000030517578,11.270000457763672,129.85000610351562,116.3499984741211,108.9000015258789,7.860000133514404,69.56999969482422,55.20000076293945,154.0,10.99899959564209,95.66000366210938,105.23999786376953,47.47999954223633,10.280810356140137,87.33999633789062,93.0,11.0649995803833,8.90999984741211,31.5,98.0999984741211,124.21498107910156,104.0,98.12000274658203,36.79999923706055,96.5,116.0999984741211,86.7300033569336,92.2699966430664,9.199999809265137,9.819999694824219,53.849998474121094,,38.58000183105469,96.44999694824219,90.1500015258789,97.05000305175781,9.210000038146973,308.0,120.86000061035156,89.19000244140625,3.4800000190734863,9.119999885559082
2024-06-03,10.260000228881836,159.3000030517578,160.7899932861328,114.0,118.83000183105469,21.68000030517578,103.69999694824219,7.414999961853027,89.1500015258789,75.7300033569336,103.08999633789062,100.9000015258789,87.05000305175781,116.0,95.6500015258789,90.87000274658203,90.69999694824219,7.909999847412109,90.26000213623047,95.5,59.150001525878906,11.229999542236328,128.77999877929688,114.9800033569336,108.27999877929688,7.650000095367432,68.6500015258789,54.529998779296875,155.80999755859375,10.979000091552734,96.37999725341797,103.47000122070312,47.2400016784668,10.280810356140137,86.11000061035156,91.80000305175781,10.89799976348877,8.800000190734863,30.229999542236328,96.16000366210938,123.27999877929688,102.97000122070312,99.1500015258789,36.59000015258789,96.5,115.75,85.44999694824219,91.4800033569336,9.050000190734863,9.789999961853027,52.02000045776367,,38.40999984741211,95.0199966430664,89.41000366210938,97.01000213623047,9.170000076293945,311.75,120.16999816894531,88.16999816894531,3.490000009536743,9.039999961853027
2024-06-04,10.220000267028809,158.35000610351562,161.47000122070312,113.97000122070312,117.06999969482422,21.5,103.58000183105469,7.396999835968018,89.01000213623047,75.37000274658203,103.87999725341797,100.9000015258789,87.4800033569336,116.72000122070312,95.5999984741211,91.52999877929688,91.20999908447266,7.78000020980835,91.1500015258789,95.5999984741211,58.79999923706055,11.09000015258789,128.5,114.0,108.19000244140625,7.579999923706055,68.0,54.91999816894531,154.14999389648438,10.906999588012695,95.12999725341797,103.4000015258789,46.79999923706055,10.280810356140137,85.95999908447266,91.31999969482422,10.89799976348877,8.779999732971191,30.15999984741211,96.08000183105469,123.76000213623047,102.8499984741211,99.43000030517578,36.43000030517578,96.5,115.27999877929688,85.25,91.91000366210938,9.010000228881836,9.850000381469727,51.20000076293945,,38.45000076293945,95.0199966430664,89.3499984741211,97.44999694824219,9.149999618530273,311.07000732421875,119.94000244140625,87.3499984741211,3.4800000190734863,9.020000457763672
2024-06-05,10.20412540435791,157.99000549316406,160.6999969482422,113.08999633789062,116.69000244140625,21.417999267578125,103.58000183105469,7.304999828338623,88.93000030517578,75.02999877929688,103.54000091552734,100.9000015258789,84.7699966430664,116.13999938964844,95.58000183105469,91.70999908447266,91.11000061035156,7.699999809265137,90.70999908447266,96.0,58.5,11.039999961853027,127.98999786376953,114.12999725341797,108.0,7.480000019073486,67.4000015258789,54.06999969482422,154.89999389648438,10.880000114440918,94.08000183105469,104.0199966430664,46.7400016784668,10.280810356140137,86.55999755859375,94.2300033569336,10.807999610900879,8.899999618530273,30.139999389648438,94.97000122070312,123.02999877929688,102.58999633789062,99.5999984741211,36.209999084472656,96.5,116.2699966430664,85.5,91.47000122070312,9.050000190734863,9.9399995803833,50.400001525878906,,38.400001525878906,95.01000213623047,87.38999938964844,97.45999908447266,9.130000114440918,310.70001220703125,120.44000244140625,86.73999786376953,3.4800000190734863,9.050000190734863
2024-06-06,10.194141387939453,158.9499969482422,161.17999267578125,113.29000091552734,115.98999786376953,21.299999237060547,103.45999908447266,7.340000152587891,88.4800033569336,74.66999816894531,103.69000244140625,100.75,84.4000015258789,116.1500015258789,96.12999725341797,91.4800033569336,91.33999633789062,7.730000019073486,90.0999984741211,96.70999908447266,58.5,11.069999694824219,128.0500030517578,114.0,108.01000213623047,7.510000228881836,67.5199966430664,54.56999969482422,153.63999938964844,10.88599967956543,94.0,104.4000015258789,46.880001068115234,10.280810356140137,86.0,92.9800033569336,10.809000015258789,8.970000267028809,30.139999389648438,94.94999694824219,123.0,102.41999816894531,98.66999816894531,36.34000015258789,96.5,117.44999694824219,85.5,91.45999908447266,9.109999656677246,9.920000076293945,52.08000183105469,,38.400001525878906,95.29000091552734,86.5,97.44000244140625,9.170000076293945,308.4700012207031,120.48999786376953,86.31999969482422,3.4800000190734863,9.050000190734863
2024-06-07,10.174172401428223,159.1999969482422,161.24000549316406,113.1500015258789,115.88999938964844,21.22100067138672,104.30000305175781,7.300000190734863,87.5,74.18000030517578,103.70999908447266,100.2300033569336,84.7300033569336,116.0,96.13999938964844,89.94999694824219,90.87000274658203,7.710000038146973,90.94000244140625,97.37000274658203,58.11000061035156,11.100000381469727,128.0,113.25,107.91999816894531,7.480000019073486,67.01000213623047,54.86000061035156,151.8699951171875,10.918999671936035,94.18000030517578,104.19000244140625,46.91999816894531,10.280810356140137,86.43000030517578,91.30000305175781,10.829000473022461,9.079999923706055,30.040000915527344,94.87000274658203,123.05999755859375,102.63999938964844,98.69000244140625,36.33000183105469,96.5,117.93000030517578,85.69000244140625,91.9000015258789,9.079999923706055,9.9399995803833,50.84000015258789,,38.45000076293945,95.33000183105469,86.48999786376953,97.30999755859375,9.15999984741211,308.25,120.23999786376953,85.4000015258789,3.509999990463257,9.069999694824219
2024-06-10,10.154203414916992,157.9499969482422,160.83999633789062,112.43000030517578,115.13999938964844,21.26799964904785,103.9000015258789,7.28000020980835,86.19000244140625,74.2300033569336,103.30000305175781,100.43000030517578,84.5999984741211,115.30000305175781,96.0,88.80000305175781,90.5999984741211,7.670000076293945,91.30000305175781,96.83000183105469,57.18000030517578,11.050000190734863,127.93000030517578,113.93000030517578,107.69000244140625,7.460000038146973,65.01000213623047,53.79999923706055,149.97999572753906,10.906000137329102,92.2300033569336,104.5,43.099998474121094,10.280810356140137,88.69000244140625,89.81999969482422,10.812000274658203,8.899999618530273,29.280000686645508,94.05000305175781,122.25,102.63999938964844,98.19999694824219,35.540000915527344,96.5,116.20999908447266,85.43000030517578,92.18000030517578,9.069999694824219,10.0,50.11000061035156,,39.25,95.0,84.5,97.23999786376953,9.100000381469727,308.8500061035156,120.04000091552734,85.6500015258789,3.440000057220459,9.09000015258789
2024-06-11,10.144219398498535,158.1699981689453,160.11000061035156,112.13999938964844,114.16000366210938,21.288000106811523,104.11000061035156,7.199999809265137,85.30000305175781,73.88999938964844,103.3499984741211,99.86000061035156,84.4800033569336,114.80000305175781,96.01000213623047,88.5999984741211,90.55000305175781,7.75,90.5,96.0,56.959999084472656,11.050000190734863,127.5,113.19999694824219,106.98999786376953,7.369999885559082,65.25,53.959999084472656,147.0,10.897000312805176,90.87999725341797,104.18000030517578,41.91999816894531,10.280810356140137,87.69999694824219,89.5,10.769000053405762,8.819999694824219,28.989999771118164,93.93000030517578,122.36000061035156,102.5199966430664,97.25,35.33000183105469,96.5,114.75,85.41999816894531,92.23999786376953,9.039999961853027,9.930000305175781,52.9900016784668,,39.439998626708984,95.05000305175781,84.62000274658203,97.16999816894531,9.079999923706055,311.0,120.23999786376953,85.94999694824219,3.4000000953674316,9.050000190734863
2024-06-12,10.124250411987305,157.5,159.8800048828125,111.08999633789062,112.5,21.270000457763672,104.3499984741211,7.163000106811523,85.23999786376953,72.66000366210938,102.37999725341797,99.30000305175781,83.56999969482422,112.80000305175781,96.0,89.19999694824219,89.5999984741211,7.429999828338623,90.0,95.55999755859375,56.959999084472656,10.960000038146973,127.5,111.5,105.9000015258789,7.230000019073486,64.8499984741211,52.83000183105469,145.99000549316406,10.880000114440918,90.5,103.5,42.0,10.280810356140137,87.19000244140625,88.0,10.788000106811523,8.770000457763672,28.959999084472656,92.97000122070312,123.0,102.4000015258789,96.08999633789062,35.08000183105469,96.5,113.3499984741211,84.48999786376953,91.5999984741211,9.050000190734863,9.84000015258789,52.83000183105469,,39.290000915527344,95.01000213623047,83.5,97.18000030517578,9.020000457763672,311.0,120.0999984741211,85.5,3.4000000953674316,9.029999732971191
2024-06-13,10.134234428405762,156.08999633789062,158.00999450683594,109.06999969482422,110.44999694824219,21.10099983215332,104.30000305175781,7.116000175476074,84.48999786376953,72.44999694824219,101.55000305175781,99.0999984741211,82.30000305175781,111.80000305175781,95.27999877929688,86.9000015258789,88.88999938964844,7.179999828338623,88.5,94.93000030517578,56.599998474121094,10.899999618530273,126.02999877929688,109.91999816894531,105.33000183105469,7.110000133514404,63.95000076293945,52.650001525878906,145.0,10.861000061035156,89.12000274658203,103.30999755859375,41.75,10.280810356140137,86.55999755859375,88.19000244140625,10.713000297546387,8.770000457763672,28.799999237060547,92.12999725341797,122.83000183105469,102.0,95.70999908447266,34.83000183105469,96.5,111.80000305175781,83.54000091552734,91.91999816894531,9.0600004196167,9.699999809265137,53.79999923706055,,39.279998779296875,95.0999984741211,85.08000183105469,96.9800033569336,9.050000190734863,307.3800048828125,119.9000015258789,85.80000305175781,3.3299999237060547,8.970000267028809
2024-06-14,10.180000305175781,155.64999389648438,159.49000549316406,110.86000061035156,111.98999786376953,21.15999984741211,103.98999786376953,7.159999847412109,85.44999694824219,72.55999755859375,102.66999816894531,99.0,82.0,113.58999633789062,95.55000305175781,87.19999694824219,90.23999786376953,7.190000057220459,89.19999694824219,95.3499984741211,56.77000045776367,10.859999656677246,127.0999984741211,109.87999725341797,105.55000305175781,7.210000038146973,65.5,52.93000030517578,145.99000549316406,10.906000137329102,90.6500015258789,103.5,41.9900016784668,10.280810356140137,87.01000213623047,88.88999938964844,10.920000076293945,8.819999694824219,28.969999313354492,92.88999938964844,123.0999984741211,102.4800033569336,96.48999786376953,34.810001373291016,96.5,111.83000183105469,83.30000305175781,92.30000305175781,9.020000457763672,9.8100004196167,54.0,,39.0,95.29000091552734,85.80999755859375,97.01000213623047,8.989999771118164,308.0,121.0,85.47000122070312,3.319999933242798,8.989999771118164
2024-06-17,10.149999618530273,154.0500030517578,158.7899932861328,110.08000183105469,114.73999786376953,21.16699981689453,103.95999908447266,7.034999847412109,86.36000061035156,72.41000366210938,102.54000091552734,98.0199966430664,82.1500015258789,113.51000213623047,95.7699966430664,87.69000244140625,90.55999755859375,7.179999828338623,88.5,94.29000091552734,56.5,10.8100004196167,126.94999694824219,110.0,105.5199966430664,7.150000095367432,65.2699966430664,51.709999084472656,146.0500030517578,10.925000190734863,90.44999694824219,104.0199966430664,41.79999923706055,10.280810356140137,86.88999938964844,87.51000213623047,10.850000381469727,8.8100004196167,28.809999465942383,92.37000274658203,122.5,102.41999816894531,96.83000183105469,34.66999816894531,96.5,110.55999755859375,83.29000091552734,91.4000015258789,9.09000015258789,9.850000381469727,55.5,,38.599998474121094,95.30000305175781,85.62999725341797,96.30000305175781,9.09000015258789,308.0,120.4800033569336,85.3499984741211,3.240000009536743,9.0
2024-06-18,10.149999618530273,153.82000732421875,158.55999755859375,110.0999984741211,114.9800033569336,21.231000900268555,104.04000091552734,7.179999828338623,86.5999984741211,72.16000366210938,102.55000305175781,97.0,81.91000366210938,113.5199966430664,95.94999694824219,89.20999908447266,90.0,7.230000019073486,88.4000015258789,92.66999816894531,56.29999923706055,10.75,127.0,110.7699966430664,105.19999694824219,7.059999942779541,65.69999694824219,51.689998626708984,145.8000030517578,10.925999641418457,90.02999877929688,103.51000213623047,41.7400016784668,10.280810356140137,86.5199966430664,88.7699966430664,10.793000221252441,8.84000015258789,28.709999084472656,92.4000015258789,122.88999938964844,102.25,97.1500015258789,34.20000076293945,96.5,110.58999633789062,83.44999694824219,91.01000213623047,9.010000228881836,9.789999961853027,54.900001525878906,,38.400001525878906,95.02999877929688,86.05000305175781,96.30000305175781,8.930000305175781,306.05999755859375,119.94999694824219,85.5999984741211,3.180000066757202,9.0
2024-06-19,10.109999656677246,153.58999633789062,158.3000030517578,109.91999816894531,113.5,21.139999389648438,104.20999908447266,7.111000061035156,86.7699966430664,72.23999786376953,102.33000183105469,97.9000015258789,81.94000244140625,114.5,96.05000305175781,88.81999969482422,89.95999908447266,7.199999809265137,88.75,93.54000091552734,56.20000076293945,10.850000381469727,126.51000213623047,110.87000274658203,105.30000305175781,6.989999771118164,65.5199966430664,51.099998474121094,145.49000549316406,10.82800006866455,89.63999938964844,104.27999877929688,40.869998931884766,10.280810356140137,86.30999755859375,91.01000213623047,10.739999771118164,8.819999694824219,28.540000915527344,92.02999877929688,121.9000015258789,102.19999694824219,97.4000015258789,34.189998626708984,96.5,111.69999694824219,82.19999694824219,91.69999694824219,9.029999732971191,9.880000114440918,55.0,,38.20000076293945,95.05000305175781,86.4800033569336,96.37000274658203,8.90999984741211,310.3699951171875,119.94999694824219,85.68000030517578,3.1700000762939453,9.020000457763672
2024-06-20,10.130000114440918,153.3800048828125,157.75,109.76000213623047,114.5999984741211,21.149999618530273,104.16999816894531,7.099999904632568,86.83000183105469,72.3499984741211,101.4000015258789,98.30000305175781,81.6500015258789,116.51000213623047,96.05999755859375,88.80999755859375,89.97000122070312,7.349999904632568,88.83999633789062,93.0,56.5,10.779999732971191,126.91000366210938,112.5,105.0999984741211,6.96999979019165,65.38999938964844,51.0,145.22000122070312,10.824000358581543,88.8499984741211,104.66000366210938,40.65999984741211,10.280810356140137,86.54000091552734,92.47000122070312,10.751999855041504,8.8100004196167,28.530000686645508,92.0199966430664,122.36000061035156,102.12999725341797,97.44000244140625,34.0,96.5,111.5999984741211,81.69999694824219,92.08999633789062,9.109999656677246,9.949999809265137,56.0,,38.25,95.05999755859375,84.0199966430664,96.44999694824219,8.90999984741211,308.5899963378906,120.0,85.94000244140625,3.2300000190734863,8.989999771118164
2024-06-21,10.130000114440918,152.9499969482422,155.5500030517578,114.0,113.91000366210938,21.174999237060547,104.30000305175781,7.099999904632568,86.19999694824219,72.16000366210938,97.01000213623047,95.97000122070312,82.0,115.9000015258789,96.3499984741211,89.44999694824219,90.2300033569336,7.300000190734863,87.61000061035156,93.69999694824219,56.560001373291016,10.84000015258789,127.0,111.5,104.80000305175781,6.960000038146973,65.7300033569336,50.54999923706055,144.39999389648438,10.838000297546387,89.0,103.69999694824219,40.099998474121094,10.280810356140137,86.93000030517578,92.37999725341797,10.788999557495117,8.899999618530273,28.360000610351562,92.0,123.19999694824219,102.3499984741211,97.01000213623047,34.38999938964844,96.5,110.80999755859375,82.26000213623047,92.2699966430664,9.109999656677246,9.960000038146973,56.209999084472656,,38.18000030517578,95.08000183105469,84.27999877929688,96.5,8.9399995803833,307.0,119.94999694824219,86.12999725341797,3.2200000286102295,8.970000267028809
2024-06-24,10.1899995803833,152.67999267578125,157.77999877929688,112.48999786376953,113.83999633789062,20.77199935913086,104.1500015258789,7.085000038146973,86.68000030517578,72.25,97.30000305175781,96.5999984741211,81.81999969482422,115.62000274658203,96.0,89.19999694824219,90.0,7.440000057220459,86.9800033569336,93.87000274658203,56.220001220703125,10.819999694824219,126.8499984741211,112.19999694824219,104.62999725341797,6.929999828338623,64.5999984741211,50.630001068115234,143.0,10.824999809265137,89.2699966430664,104.0,40.02000045776367,10.280810356140137,86.62000274658203,93.69999694824219,10.670000076293945,8.829999923706055,28.270000457763672,92.02999877929688,121.80999755859375,102.33999633789062,96.62000274658203,34.33000183105469,96.5,110.66000366210938,84.5,91.94000244140625,9.229999542236328,9.979999542236328,53.560001373291016,,38.310001373291016,94.05000305175781,84.05000305175781,96.45999908447266,8.960000038146973,306.6000061035156,119.97000122070312,85.5,3.180000066757202,9.0
2024-06-25,10.149999618530273,155.0,158.97999572753906,111.63999938964844,115.33999633789062,21.0,104.58000183105469,7.025000095367432,85.62000274658203,71.69000244140625,98.37000274658203,97.12999725341797,82.26000213623047,115.9000015258789,95.94999694824219,88.72000122070312,90.22000122070312,7.489999771118164,87.19000244140625,93.93000030517578,56.86000061035156,10.84000015258789,127.8499984741211,113.0999984741211,104.75,6.920000076293945,64.7300033569336,50.04999923706055,140.27999877929688,10.843999862670898,89.97000122070312,103.81999969482422,40.099998474121094,10.280810356140137,86.66000366210938,93.30000305175781,10.673999786376953,8.84000015258789,28.290000915527344,93.0999984741211,121.51000213623047,102.5,96.94999694824219,34.290000915527344,96.5,112.0,83.0,91.75,9.119999885559082,9.979999542236328,52.54999923706055,,38.27000045776367,94.2300033569336,84.70999908447266,96.44000244140625,9.020000457763672,307.25,119.9800033569336,85.36000061035156,3.1700000762939453,9.029999732971191
2024-06-26,10.149999618530273,157.1999969482422,159.83999633789062,111.16999816894531,116.19000244140625,20.898000717163086,105.5999984741211,7.014999866485596,85.87999725341797,71.45999908447266,99.31999969482422,97.79000091552734,82.54000091552734,116.19000244140625,95.9800033569336,90.13999938964844,90.43000030517578,7.480000019073486,87.5999984741211,94.22000122070312,57.29999923706055,10.779999732971191,128.47999572753906,113.04000091552734,104.76000213623047,6.900000095367432,64.54000091552734,50.349998474121094,141.1699981689453,10.831000328063965,90.25,104.06999969482422,39.099998474121094,10.280810356140137,86.80999755859375,93.0,10.729999542236328,8.850000381469727,28.110000610351562,93.43000030517578,121.5,102.93000030517578,97.02999877929688,34.380001068115234,96.5,114.08999633789062,82.48999786376953,91.29000091552734,9.180000305175781,9.989999771118164,51.279998779296875,,39.2400016784668,94.0,84.54000091552734,96.45999908447266,9.050000190734863,306.989990234375,120.08999633789062,85.69999694824219,3.200000047683716,9.020000457763672
2024-06-27,10.1899995803833,159.3000030517578,162.11000061035156,112.0,115.94999694824219,20.93000030517578,105.98999786376953,7.050000190734863,85.11000061035156,71.69999694824219,99.77999877929688,98.73999786376953,85.08999633789062,117.97000122070312,96.19000244140625,90.20999908447266,91.30999755859375,7.480000019073486,87.33000183105469,95.41000366210938,57.959999084472656,10.829999923706055,129.25,113.11000061035156,104.87000274658203,6.909999847412109,65.38999938964844,50.38999938964844,144.27000427246094,10.84000015258789,90.25,104.5,39.220001220703125,10.280810356140137,87.54000091552734,93.0,10.763999938964844,8.899999618530273,28.389999389648438,94.16999816894531,121.05000305175781,102.68000030517578,97.4000015258789,34.22999954223633,96.5,113.31999969482422,82.9800033569336,91.6500015258789,9.210000038146973,10.020000457763672,50.849998474121094,,38.86000061035156,93.7699966430664,84.5999984741211,96.9000015258789,9.069999694824219,309.92999267578125,119.94000244140625,86.06999969482422,3.200000047683716,9.020000457763672
2024-06-28,10.239999771118164,159.64999389648438,162.14999389648438,112.75,116.3499984741211,21.177000045776367,106.0,7.099999904632568,85.68000030517578,72.2300033569336,99.87999725341797,99.75,83.54000091552734,119.3499984741211,96.30000305175781,91.0,91.51000213623047,7.440000057220459,88.23999786376953,97.3499984741211,58.47999954223633,10.84000015258789,129.63999938964844,113.52999877929688,105.19999694824219,7.0,66.69999694824219,51.02000045776367,146.6999969482422,10.843999862670898,92.26000213623047,104.80000305175781,39.52000045776367,10.280810356140137,88.83000183105469,94.33999633789062,10.89900016784668,9.0,28.889999389648438,94.69999694824219,121.22000122070312,103.0,98.0,34.880001068115234,96.5,111.62000274658203,83.38999938964844,92.97000122070312,9.199999809265137,10.039999961853027,50.72999954223633,,39.15999984741211,93.70999908447266,84.30000305175781,97.5199966430664,9.079999923706055,309.92999267578125,121.9800033569336,87.0,3.190000057220459,9.0600004196167
2024-07-01,10.109999656677246,158.08999633789062,158.5399932861328,111.81999969482422,109.36000061035156,21.075000762939453,104.30000305175781,7.039999961853027,86.11000061035156,71.87999725341797,99.0999984741211,98.83000183105469,83.06999969482422,116.05000305175781,94.83000183105469,90.0,91.8499984741211,7.349999904632568,87.83999633789062,94.19000244140625,57.529998779296875,10.9399995803833,126.6500015258789,111.66999816894531,104.19999694824219,6.949999809265137,63.599998474121094,50.90999984741211,140.5,10.819999694824219,90.58999633789062,103.4000015258789,39.65999984741211,10.280810356140137,86.75,92.61000061035156,10.53600025177002,8.819999694824219,29.139999389648438,93.0,120.0,101.6500015258789,97.6500015258789,35.31999969482422,96.5,107.88999938964844,81.5199966430664,91.44999694824219,9.050000190734863,9.989999771118164,51.290000915527344,,38.77000045776367,93.80000305175781,82.30999755859375,97.06999969482422,9.0,307.1499938964844,120.08000183105469,85.06999969482422,3.2100000381469727,8.979999542236328
2024-07-02,10.100000381469727,156.3000030517578,159.0,110.05000305175781,110.45999908447266,21.111000061035156,104.1500015258789,7.007999897003174,85.48999786376953,71.91000366210938,98.29000091552734,99.08000183105469,84.1500015258789,114.56999969482422,94.47000122070312,89.3499984741211,92.25,7.28000020980835,87.62000274658203,93.12999725341797,56.790000915527344,10.829999923706055,126.7699966430664,109.87000274658203,104.0,6.889999866485596,61.970001220703125,49.79999923706055,139.16000366210938,10.819999694824219,90.56999969482422,103.5,39.900001525878906,10.280810356140137,85.83000183105469,91.5,10.420000076293945,8.729999542236328,29.209999084472656,92.25,118.83000183105469,100.75,97.5,35.220001220703125,96.5,107.70999908447266,81.29000091552734,90.9000015258789,9.039999961853027,10.050000190734863,50.900001525878906,,39.0,92.9800033569336,81.98999786376953,96.94000244140625,8.9399995803833,307.0,119.98999786376953,85.5199966430664,3.2100000381469727,8.960000038146973
2024-07-03,10.109999656677246,154.89999389648438,158.5399932861328,110.7300033569336,110.61000061035156,21.233999252319336,103.69999694824219,6.995999813079834,84.94000244140625,71.95999908447266,98.75,100.80000305175781,85.1500015258789,115.26000213623047,94.61000061035156,90.48999786376953,91.4000015258789,7.239999771118164,87.72000122070312,91.31999969482422,56.5,10.970000267028809,126.69000244140625,111.4000015258789,104.19000244140625,6.78000020980835,62.56999969482422,50.04999923706055,136.5,10.8100004196167,89.2300033569336,103.9000015258789,40.220001220703125,10.280810356140137,86.0,90.08000183105469,10.420000076293945,8.720000267028809,29.030000686645508,91.4000015258789,117.83000183105469,100.6500015258789,97.20999908447266,34.939998626708984,96.5,106.12999725341797,81.0,90.69000244140625,9.020000457763672,9.970000267028809,51.95000076293945,,39.22999954223633,92.98999786376953,81.31999969482422,96.83000183105469,8.960000038146973,307.0,119.98999786376953,85.69999694824219,3.2200000286102295,8.949999809265137
2024-07-04,10.149999618530273,154.8000030517578,159.9499969482422,113.0,113.37000274658203,21.3799991607666,104.01000213623047,7.005000114440918,85.36000061035156,72.5999984741211,100.4000015258789,101.0,87.02999877929688,115.9000015258789,94.43000030517578,90.18000030517578,91.9800033569336,7.329999923706055,88.33000183105469,92.5,57.31999969482422,11.029999732971191,127.6500015258789,112.44000244140625,104.75,6.769999980926514,62.63999938964844,50.09000015258789,136.39999389648438,10.83899974822998,91.01000213623047,103.9000015258789,40.459999084472656,10.280810356140137,87.0,91.45999908447266,10.390000343322754,8.699999809265137,29.200000762939453,91.70999908447266,119.20999908447266,100.30999755859375,96.9000015258789,35.08000183105469,96.5,108.5999984741211,81.44000244140625,90.68000030517578,9.079999923706055,10.029999732971191,53.029998779296875,,39.33000183105469,92.98999786376953,81.91000366210938,97.19000244140625,8.920000076293945,308.4100036621094,120.20999908447266,86.08999633789062,3.259999990463257,8.970000267028809
2024-07-05,10.15999984741211,156.1999969482422,160.4499969482422,113.9800033569336,115.12999725341797,21.700000762939453,104.4000015258789,7.040999889373779,85.44999694824219,73.06999969482422,101.5,101.04000091552734,89.9000015258789,114.33999633789062,94.38999938964844,90.1500015258789,91.61000061035156,7.519999980926514,88.6500015258789,93.01000213623047,58.13999938964844,11.069999694824219,128.7899932861328,111.8499984741211,105.9000015258789,6.78000020980835,63.650001525878906,50.400001525878906,139.0,10.85200023651123,92.7699966430664,103.7300033569336,40.65999984741211,10.280810356140137,87.5,91.5999984741211,10.479999542236328,8.789999961853027,29.40999984741211,92.04000091552734,119.73999786376953,100.9800033569336,97.0999984741211,35.150001525878906,96.5,108.41999816894531,81.93000030517578,90.51000213623047,9.100000381469727,10.050000190734863,54.9900016784668,,39.52000045776367,92.7300033569336,82.22000122070312,97.44000244140625,8.930000305175781,309.0,120.25,86.5,3.2699999809265137,9.029999732971191
2024-07-08,10.170000076293945,157.66000366210938,160.27000427246094,113.33000183105469,114.9800033569336,21.298999786376953,105.0,7.040999889373779,84.5999984741211,74.01000213623047,102.80999755859375,101.30999755859375,89.75,114.2300033569336,94.37999725341797,91.69999694824219,92.11000061035156,7.789999961853027,90.72000122070312,94.72000122070312,57.4900016784668,11.029999732971191,128.0,111.83999633789062,105.4000015258789,6.400000095367432,64.69999694824219,49.439998626708984,136.10000610351562,10.850000381469727,91.05999755859375,104.30000305175781,38.869998931884766,10.280810356140137,87.26000213623047,92.54000091552734,10.461000442504883,8.779999732971191,31.399999618530273,94.0,118.80000305175781,101.25,97.43000030517578,34.529998779296875,96.5,106.8499984741211,82.2699966430664,90.55999755859375,9.1899995803833,10.149999618530273,54.91999816894531,,39.0,93.5199966430664,80.44999694824219,97.25,8.949999809265137,309.8599853515625,120.0,87.87999725341797,3.200000047683716,9.039999961853027
2024-07-09,10.140000343322754,158.5,160.24000549316406,113.5,115.05000305175781,21.29800033569336,105.04000091552734,7.034999847412109,85.0,74.0,102.94999694824219,101.44999694824219,90.75,114.19000244140625,94.43000030517578,91.61000061035156,91.5999984741211,7.639999866485596,90.80000305175781,94.19000244140625,57.400001525878906,11.079999923706055,128.0,112.02999877929688,105.38999938964844,6.309999942779541,64.8499984741211,49.41999816894531,136.6999969482422,10.854000091552734,91.58999633789062,104.0,39.15999984741211,10.280810356140137,87.91000366210938,90.5199966430664,10.520000457763672,8.760000228881836,32.5,93.62000274658203,120.0,101.44000244140625,97.2300033569336,34.77000045776367,96.5,107.36000061035156,83.0,90.54000091552734,9.170000076293945,10.0,54.810001373291016,,39.040000915527344,93.1500015258789,80.4800033569336,97.16999816894531,8.949999809265137,309.7300109863281,120.23999786376953,87.30000305175781,3.2300000190734863,9.050000190734863
2024-07-10,10.140000343322754,158.49000549316406,161.0,113.69000244140625,114.97000122070312,21.600000381469727,104.19000244140625,7.034999847412109,85.05000305175781,72.75,103.0,102.0,91.26000213623047,114.08000183105469,94.30999755859375,91.94000244140625,91.5,7.699999809265137,90.81999969482422,93.81999969482422,57.529998779296875,11.0600004196167,128.0,112.4000015258789,105.6500015258789,6.190000057220459,63.20000076293945,49.630001068115234,139.97999572753906,10.848999977111816,93.20999908447266,103.83000183105469,39.15999984741211,10.280810356140137,88.01000213623047,90.19999694824219,10.439000129699707,8.75,30.690000534057617,93.25,119.38999938964844,100.52999877929688,96.0199966430664,34.70000076293945,96.5,108.66999816894531,85.0,90.69000244140625,9.170000076293945,9.989999771118164,53.290000915527344,,38.65999984741211,93.19999694824219,80.66000366210938,97.55999755859375,8.949999809265137,309.9200134277344,119.9800033569336,87.87000274658203,3.2799999713897705,9.039999961853027
2024-07-11,10.1899995803833,158.00999450683594,161.82000732421875,113.8499984741211,114.23999786376953,21.714000701904297,104.22000122070312,7.045000076293945,84.75,72.69999694824219,103.30000305175781,101.97000122070312,89.69999694824219,113.8499984741211,94.26000213623047,91.08000183105469,91.16000366210938,7.78000020980835,89.37000274658203,93.5999984741211,57.20000076293945,11.020000457763672,128.00999450683594,113.0,105.23999786376953,6.159999847412109,64.05000305175781,50.0,138.19000244140625,10.869999885559082,93.41000366210938,103.5999984741211,39.9900016784668,10.280810356140137,87.5199966430664,90.20999908447266,10.420000076293945,8.760000228881836,31.299999237060547,93.27999877929688,119.12000274658203,100.62999725341797,96.19000244140625,34.599998474121094,96.5,109.52999877929688,85.69999694824219,90.5999984741211,9.15999984741211,9.930000305175781,53.83000183105469,,38.79999923706055,93.11000061035156,80.58999633789062,97.20999908447266,8.979999542236328,308.989990234375,119.98999786376953,87.08999633789062,3.390000104904175,9.079999923706055
2024-07-12,10.199999809265137,159.35000610351562,162.14999389648438,113.9000015258789,114.23999786376953,21.724000930786133,104.0,7.058000087738037,85.62000274658203,73.05000305175781,103.4800033569336,102.6500015258789,91.5,114.94999694824219,94.61000061035156,91.2699966430664,92.1500015258789,7.699999809265137,89.91999816894531,94.38999938964844,57.5,11.119999885559082,129.22000122070312,113.83999633789062,106.45999908447266,6.190000057220459,64.86000061035156,50.59000015258789,146.00999450683594,10.920000076293945,95.5,103.88999938964844,40.7599983215332,10.280810356140137,88.1500015258789,90.9000015258789,10.48799991607666,8.829999923706055,31.950000762939453,94.41999816894531,119.8499984741211,100.87999725341797,96.30000305175781,34.93000030517578,96.5,110.76000213623047,86.16000366210938,90.80999755859375,9.15999984741211,9.960000038146973,53.0,,38.79999923706055,93.94000244140625,81.41000366210938,97.75,9.100000381469727,309.989990234375,119.98999786376953,87.30000305175781,3.430000066757202,9.09000015258789
2024-07-15,10.210000038146973,160.0,162.6999969482422,113.9800033569336,113.0,21.780000686645508,104.16000366210938,7.059999942779541,85.51000213623047,73.30000305175781,103.47000122070312,102.4000015258789,91.77999877929688,116.88999938964844,94.52999877929688,91.48999786376953,91.61000061035156,7.730000019073486,89.94999694824219,94.41999816894531,57.349998474121094,11.079999923706055,129.44000244140625,114.70999908447266,107.44000244140625,6.199999809265137,65.73999786376953,51.31999969482422,141.8000030517578,10.937000274658203,94.66000366210938,104.38999938964844,40.70000076293945,10.280810356140137,88.27999877929688,90.68000030517578,10.737000465393066,8.869999885559082,32.650001525878906,94.01000213623047,119.88999938964844,101.29000091552734,97.13999938964844,35.4900016784668,96.5,111.33999633789062,87.69999694824219,90.62000274658203,9.15999984741211,9.97526741027832,53.29999923706055,,38.939998626708984,94.83000183105469,80.81999969482422,96.94999694824219,9.100000381469727,309.8800048828125,119.97000122070312,87.25,3.4200000762939453,9.119999885559082
2024-07-16,10.199999809265137,159.8300018310547,163.89999389648438,114.01000213623047,113.80000305175781,21.6560001373291,104.45999908447266,7.041999816894531,85.3499984741211,74.0,103.3499984741211,101.61000061035156,91.6500015258789,117.30000305175781,94.81999969482422,91.30000305175781,92.02999877929688,7.730000019073486,89.9000015258789,94.69999694824219,57.04999923706055,11.050000190734863,128.8800048828125,114.44000244140625,108.02999877929688,6.199999809265137,66.33999633789062,51.43000030517578,142.72000122070312,10.930000305175781,95.9000015258789,104.12999725341797,40.720001220703125,10.280810356140137,89.4000015258789,90.80000305175781,10.739999771118164,8.880000114440918,33.439998626708984,94.12999725341797,119.91999816894531,101.30999755859375,97.05000305175781,35.84000015258789,96.5,114.7300033569336,87.62999725341797,90.80000305175781,9.229999542236328,10.015128135681152,52.59000015258789,,38.91999816894531,95.0999984741211,80.80999755859375,96.88999938964844,9.0600004196167,310.1300048828125,119.91000366210938,87.58999633789062,3.4600000381469727,9.15999984741211
2024-07-17,10.1899995803833,159.49000549316406,164.4600067138672,113.5999984741211,114.33000183105469,21.979999542236328,104.44999694824219,7.110000133514404,85.06999969482422,74.13999938964844,103.58999633789062,101.33000183105469,91.5199966430664,116.88999938964844,94.9000015258789,91.37999725341797,91.7300033569336,7.699999809265137,89.5199966430664,95.30999755859375,56.90999984741211,11.109999656677246,129.27999877929688,117.19999694824219,108.0,6.239999771118164,67.12000274658203,51.20000076293945,140.91000366210938,10.956999778747559,97.0,104.1500015258789,40.70000076293945,10.280810356140137,89.54000091552734,90.87999725341797,10.75,8.90999984741211,32.25,94.51000213623047,120.0,101.0,96.88999938964844,35.61000061035156,96.5,116.70999908447266,87.5999984741211,90.88999938964844,9.239999771118164,10.005163192749023,53.0,,38.720001220703125,95.0,80.75,96.69000244140625,9.119999885559082,309.0,120.0,87.5999984741211,3.4600000381469727,9.130000114440918
2024-07-18,10.170000076293945,158.94000244140625,162.5,113.41999816894531,114.41999816894531,21.687999725341797,104.7300033569336,7.110000133514404,85.20999908447266,74.19999694824219,103.05999755859375,101.33000183105469,91.69000244140625,117.0999984741211,95.29000091552734,91.47000122070312,91.58999633789062,7.650000095367432,89.6500015258789,95.4000015258789,57.150001525878906,11.100000381469727,129.5399932861328,117.0,107.83999633789062,6.239999771118164,66.4000015258789,51.220001220703125,140.97999572753906,10.942000389099121,96.25,104.0999984741211,40.5,10.280810356140137,89.05000305175781,90.1500015258789,10.640999794006348,8.90999984741211,32.25,94.13999938964844,120.05999755859375,101.0,96.91000366210938,35.56999969482422,96.5,115.93000030517578,87.16999816894531,90.9800033569336,9.210000038146973,10.005163192749023,52.5099983215332,,38.310001373291016,95.25,80.5,96.91999816894531,9.0600004196167,309.1700134277344,119.56999969482422,87.16999816894531,3.450000047683716,9.100000381469727
2024-07-19,10.180000305175781,157.60000610351562,162.0,113.0,114.5,21.5,105.19999694824219,7.098999977111816,85.30000305175781,74.33000183105469,104.1500015258789,102.05000305175781,91.69999694824219,117.48999786376953,96.02999877929688,91.77999877929688,92.25,7.659999847412109,90.0,96.52999877929688,57.41999816894531,11.09000015258789,130.00999450683594,117.0199966430664,107.97000122070312,6.28000020980835,67.4000015258789,51.04999923706055,141.77999877929688,10.847999572753906,95.86000061035156,104.6500015258789,40.72999954223633,10.280810356140137,89.05000305175781,91.33999633789062,10.817999839782715,8.899999618530273,32.189998626708984,94.80000305175781,120.19000244140625,101.18000030517578,97.11000061035156,35.150001525878906,96.5,116.51000213623047,86.80000305175781,91.5999984741211,9.239999771118164,9.965300559997559,52.5,,38.470001220703125,95.19999694824219,81.16000366210938,97.20999908447266,9.09000015258789,308.79998779296875,119.62000274658203,87.19999694824219,3.4700000286102295,9.130000114440918
2024-07-22,10.1899995803833,158.5500030517578,162.39999389648438,112.94000244140625,114.5,21.72100067138672,104.66000366210938,7.175000190734863,85.3499984741211,73.11000061035156,104.19999694824219,102.19000244140625,92.19000244140625,117.36000061035156,95.80000305175781,91.9000015258789,91.69999694824219,7.659999847412109,89.93000030517578,97.23999786376953,55.90999984741211,11.119999885559082,127.66566467285156,118.0999984741211,108.0,6.429999828338623,67.4000015258789,51.11000061035156,140.6999969482422,10.850000381469727,96.12000274658203,104.33000183105469,40.560001373291016,10.280810356140137,88.91999816894531,91.11000061035156,10.819999694824219,8.930000305175781,32.25,94.5999984741211,121.2699966430664,101.26000213623047,97.08000183105469,35.41999816894531,96.5,115.52999877929688,87.19000244140625,91.5999984741211,9.270000457763672,9.9453706741333,52.5,,38.63999938964844,95.22000122070312,79.5999984741211,97.05999755859375,9.130000114440918,309.0,118.80000305175781,87.0,3.4800000190734863,9.119999885559082
2024-07-23,10.1899995803833,158.1300048828125,163.07000732421875,112.41000366210938,113.81999969482422,21.673999786376953,104.58999633789062,7.125,85.1500015258789,72.87999725341797,104.1500015258789,101.43000030517578,91.47000122070312,117.5999984741211,95.5,92.11000061035156,91.2300033569336,7.659999847412109,89.38999938964844,97.05000305175781,56.599998474121094,11.029999732971191,127.76477813720703,117.86000061035156,107.76000213623047,6.400000095367432,67.54000091552734,51.0,140.61000061035156,10.826000213623047,95.48999786376953,104.3499984741211,40.34000015258789,10.280810356140137,89.08999633789062,90.9800033569336,10.809000015258789,8.970000267028809,32.25,94.6500015258789,121.12000274658203,101.01000213623047,96.91999816894531,35.150001525878906,96.5,115.5,87.19000244140625,91.73999786376953,9.300000190734863,9.949999809265137,52.65999984741211,,38.72999954223633,96.08999633789062,79.66999816894531,96.9800033569336,9.149999618530273,307.2799987792969,118.38999938964844,87.26000213623047,3.4600000381469727,9.130000114440918
2024-07-24,10.170000076293945,156.0,162.6999969482422,112.63999938964844,114.52999877929688,21.674999237060547,105.38999938964844,7.099999904632568,85.30000305175781,72.19000244140625,104.1500015258789,100.91999816894531,90.48999786376953,117.5,95.5999984741211,92.13999938964844,91.36000061035156,7.650000095367432,89.77999877929688,96.83999633789062,56.2400016784668,10.9399995803833,127.8539810180664,117.66999816894531,107.05000305175781,6.28000020980835,67.47000122070312,51.0,139.57000732421875,10.835000038146973,96.0,104.29000091552734,39.900001525878906,10.280810356140137,89.19000244140625,90.6500015258789,10.770000457763672,8.920000076293945,31.6200008392334,94.04000091552734,121.54000091552734,101.08000183105469,96.55000305175781,35.0,96.5,115.69000244140625,85.01000213623047,91.27999877929688,9.289999961853027,9.920000076293945,52.61000061035156,,38.310001373291016,95.83000183105469,79.76000213623047,97.0,9.140000343322754,307.1000061035156,118.7300033569336,87.75,3.4600000381469727,9.100000381469727
2024-07-25,10.149999618530273,154.8800048828125,162.77000427246094,112.2699966430664,113.19999694824219,21.541000366210938,105.30000305175781,7.119999885559082,85.13999938964844,72.29000091552734,103.51000213623047,101.0,90.0199966430664,117.44999694824219,96.0,92.66999816894531,91.30000305175781,7.590000152587891,89.95999908447266,96.55000305175781,56.189998626708984,10.949999809265137,127.8539810180664,117.33999633789062,107.0999984741211,6.179999828338623,67.66000366210938,50.529998779296875,139.4499969482422,10.817999839782715,95.80000305175781,104.0999984741211,39.099998474121094,10.280810356140137,89.0,90.7699966430664,10.6899995803833,8.930000305175781,30.729999542236328,94.05000305175781,121.19999694824219,101.47000122070312,96.44000244140625,34.70000076293945,96.5,116.23999786376953,85.26000213623047,90.94999694824219,9.329999923706055,9.930000305175781,54.0,,38.18000030517578,95.5,79.69000244140625,96.9800033569336,9.149999618530273,307.1499938964844,118.5999984741211,87.19000244140625,3.4600000381469727,9.069999694824219
2024-07-26,10.170000076293945,153.82000732421875,163.38999938964844,112.37999725341797,113.19000244140625,21.589000701904297,105.86000061035156,7.099999904632568,85.08999633789062,72.0199966430664,103.62000274658203,100.81999969482422,88.1500015258789,117.47000122070312,95.5199966430664,93.27999877929688,91.48999786376953,7.559999942779541,90.0,97.12000274658203,56.810001373291016,11.0,128.3495330810547,117.36000061035156,107.23999786376953,6.179999828338623,68.0,50.38999938964844,140.8000030517578,10.789999961853027,96.4800033569336,104.08999633789062,39.0099983215332,10.280810356140137,89.30999755859375,90.3499984741211,10.737000465393066,8.90999984741211,29.90999984741211,94.01000213623047,120.9000015258789,101.5,96.30000305175781,34.72999954223633,96.5,116.61000061035156,84.76000213623047,91.29000091552734,9.3100004196167,9.930000305175781,52.5,,38.04999923706055,95.7699966430664,80.0199966430664,96.86000061035156,9.069999694824219,307.94000244140625,118.33000183105469,87.19999694824219,3.440000057220459,9.069999694824219
2024-07-29,10.029999732971191,152.7899932861328,161.3699951171875,110.83000183105469,112.95999908447266,21.40999984741211,104.5,7.039999961853027,83.45999908447266,71.56999969482422,103.0,99.98999786376953,89.9000015258789,117.29000091552734,94.11000061035156,93.5,90.30000305175781,7.489999771118164,89.68000030517578,97.5999984741211,55.880001068115234,10.970000267028809,127.69999694824219,117.48999786376953,106.9000015258789,6.199999809265137,68.5,49.279998779296875,140.75,10.770000457763672,94.48999786376953,104.0,39.040000915527344,10.280810356140137,89.3499984741211,89.98999786376953,10.687000274658203,8.890000343322754,29.549999237060547,93.4000015258789,119.58000183105469,101.4800033569336,95.26000213623047,34.95000076293945,96.5,115.66000366210938,84.80000305175781,91.5,9.260000228881836,9.90999984741211,52.0,,37.970001220703125,95.80999755859375,80.3499984741211,96.8499984741211,9.119999885559082,306.7099914550781,116.86000061035156,86.93000030517578,3.4200000762939453,9.069999694824219
2024-07-30,10.1899995803833,154.08999633789062,159.75999450683594,111.4000015258789,112.87999725341797,21.290000915527344,105.4000015258789,7.039999961853027,84.94000244140625,71.37999725341797,103.05000305175781,101.05999755859375,88.5199966430664,117.87999725341797,94.87000274658203,93.25,90.3499984741211,7.5,89.98999786376953,97.68000030517578,55.79999923706055,10.970000267028809,127.69999694824219,116.86000061035156,107.16000366210938,6.190000057220459,67.37000274658203,50.790000915527344,138.5800018310547,10.72599983215332,94.66000366210938,104.19999694824219,38.290000915527344,10.280810356140137,89.68000030517578,89.69999694824219,10.625,8.819999694824219,29.639999389648438,93.38999938964844,120.37000274658203,101.48999786376953,95.5999984741211,34.95000076293945,96.5,116.37999725341797,84.69000244140625,91.33000183105469,9.300000190734863,9.880000114440918,51.790000915527344,,37.880001068115234,95.86000061035156,79.9800033569336,96.69999694824219,9.100000381469727,306.489990234375,115.76000213623047,86.8499984741211,3.4200000762939453,9.069999694824219
2024-07-31,10.1899995803833,154.6999969482422,160.39999389648438,111.58999633789062,112.9000015258789,21.479999542236328,105.79000091552734,7.119999885559082,85.30000305175781,71.94999694824219,103.91000366210938,100.63999938964844,88.2300033569336,117.01000213623047,95.37999725341797,93.1500015258789,90.23999786376953,7.449999809265137,89.94999694824219,96.87999725341797,56.439998626708984,11.020000457763672,127.55000305175781,116.95999908447266,107.0199966430664,6.159999847412109,65.69000244140625,49.9900016784668,137.2899932861328,10.777999877929688,94.3499984741211,104.2699966430664,38.529998779296875,10.280810356140137,89.88999938964844,89.5,10.63599967956543,8.869999885559082,30.0,93.97000122070312,120.30999755859375,102.19999694824219,96.0,34.939998626708984,96.5,115.29000091552734,84.66999816894531,92.2300033569336,9.300000190734863,9.920000076293945,51.400001525878906,,38.099998474121094,95.76000213623047,80.62999725341797,96.8499984741211,9.140000343322754,308.0,115.79000091552734,86.54000091552734,3.4000000953674316,9.079999923706055
2024-08-01,10.09000015258789,154.5,160.00999450683594,112.0,113.0999984741211,21.200000762939453,104.77999877929688,7.025000095367432,85.05000305175781,72.0999984741211,102.12000274658203,102.5,86.19999694824219,115.30000305175781,94.22000122070312,91.80000305175781,90.75,7.429999828338623,90.6500015258789,95.5,56.189998626708984,11.050000190734863,127.0,113.0,106.20999908447266,6.25,65.5999984741211,50.0099983215332,138.25,10.805000305175781,94.0999984741211,103.16999816894531,38.86000061035156,10.280810356140137,88.97000122070312,88.36000061035156,10.5600004196167,8.770000457763672,30.010000228881836,93.29000091552734,117.8499984741211,100.77999877929688,96.27999877929688,35.08000183105469,96.5,113.56999969482422,84.93000030517578,90.73999786376953,9.15999984741211,9.899999618530273,51.31999969482422,,38.29999923706055,95.7300033569336,80.58000183105469,97.0,9.020000457763672,305.3800048828125,115.19999694824219,86.30000305175781,3.390000104904175,9.050000190734863
2024-08-02,10.09000015258789,155.0,160.0,112.75,113.19000244140625,21.636999130249023,105.2300033569336,7.03000020980835,85.19999694824219,72.02999877929688,102.05999755859375,100.44999694824219,85.79000091552734,115.52999877929688,94.36000061035156,90.97000122070312,90.81999969482422,7.480000019073486,90.5999984741211,96.72000122070312,56.459999084472656,10.949999809265137,127.0,112.2699966430664,106.19000244140625,6.239999771118164,65.95999908447266,51.5,137.52999877929688,10.838000297546387,93.5199966430664,103.9000015258789,38.95000076293945,10.280810356140137,89.05000305175781,87.94000244140625,10.517000198364258,8.789999961853027,30.170000076293945,92.9000015258789,119.52999877929688,100.86000061035156,96.69999694824219,35.029998779296875,96.5,111.7300033569336,84.91000366210938,91.11000061035156,9.229999542236328,9.890000343322754,50.22999954223633,,38.16999816894531,95.19999694824219,80.12999725341797,96.75,9.020000457763672,305.0,115.73999786376953,86.38999938964844,3.450000047683716,9.039999961853027
2024-08-05,10.0600004196167,154.44000244140625,159.82000732421875,112.31999969482422,112.1500015258789,21.450000762939453,104.97000122070312,7.002999782562256,84.5,71.12999725341797,101.9800033569336,100.0999984741211,85.3499984741211,114.72000122070312,94.54000091552734,89.97000122070312,91.41000366210938,7.489999771118164,89.4000015258789,95.41999816894531,55.95000076293945,10.880000114440918,127.04000091552734,112.02999877929688,105.6500015258789,6.130000114440918,64.91999816894531,50.970001220703125,135.97999572753906,10.800000190734863,93.19999694824219,103.5,38.709999084472656,10.280810356140137,88.19999694824219,87.61000061035156,10.428999900817871,8.710000038146973,30.049999237060547,92.69999694824219,117.5,100.30000305175781,97.0,34.880001068115234,96.5,111.5,83.58000183105469,91.06999969482422,9.220000267028809,9.890000343322754,49.29999923706055,,38.13999938964844,95.12000274658203,78.30000305175781,96.55000305175781,8.920000076293945,304.1099853515625,115.9800033569336,86.69000244140625,3.4600000381469727,9.029999732971191
2024-08-06,10.020000457763672,153.99000549316406,160.0,112.0,112.48999786376953,21.361000061035156,104.20999908447266,6.9019999504089355,84.5,71.16999816894531,101.20999908447266,100.04000091552734,85.5999984741211,114.19000244140625,94.33000183105469,89.22000122070312,90.51000213623047,7.519999980926514,89.3499984741211,95.19000244140625,56.38999938964844,10.850000381469727,127.0,112.0,105.33999633789062,6.019999980926514,65.0999984741211,51.0,136.57000732421875,10.829000473022461,92.52999877929688,103.23999786376953,38.75,10.280810356140137,89.0,87.88999938964844,10.420000076293945,8.699999809265137,29.829999923706055,93.41999816894531,117.66999816894531,100.27999877929688,96.58999633789062,34.709999084472656,96.5,111.30000305175781,83.08000183105469,91.3499984741211,9.170000076293945,9.890000343322754,48.7599983215332,,38.11000061035156,95.0,78.19999694824219,96.70999908447266,9.029999732971191,303.0,115.61000061035156,85.9000015258789,3.4200000762939453,9.020000457763672
2024-08-07,10.010000228881836,154.72000122070312,160.25,112.77999877929688,112.43000030517578,21.260000228881836,104.08000183105469,6.918000221252441,84.51000213623047,71.38999938964844,101.0999984741211,99.87000274658203,85.88999938964844,113.6500015258789,94.91000366210938,89.5,90.62000274658203,7.510000228881836,89.73999786376953,95.0199966430664,56.20000076293945,10.850000381469727,126.98999786376953,112.66000366210938,105.06999969482422,6.019999980926514,64.69999694824219,51.099998474121094,137.1999969482422,10.817000389099121,92.48999786376953,103.0,38.959999084472656,10.280810356140137,88.97000122070312,89.05000305175781,10.425999641418457,8.699999809265137,29.889999389648438,93.23999786376953,117.38999938964844,100.47000122070312,96.55000305175781,34.70000076293945,96.5,111.93000030517578,83.4000015258789,91.19999694824219,9.220000267028809,9.819999694824219,48.209999084472656,,38.689998626708984,95.0,77.5199966430664,97.0,9.109999656677246,303.04998779296875,115.94999694824219,85.69999694824219,3.4000000953674316,9.020000457763672
2024-08-08,10.0,154.61000061035156,160.14999389648438,112.73999786376953,112.79000091552734,21.290000915527344,103.86000061035156,6.947000026702881,84.0,71.5,101.0,100.0999984741211,89.97000122070312,112.9800033569336,94.16000366210938,89.4000015258789,90.58000183105469,7.46999979019165,91.01000213623047,94.5999984741211,55.20000076293945,10.819999694824219,126.9800033569336,113.41999816894531,104.93000030517578,5.989999771118164,65.19999694824219,50.38999938964844,134.39999389648438,10.76200008392334,91.75,102.48999786376953,38.0,10.280810356140137,87.5199966430664,88.27999877929688,10.494999885559082,8.699999809265137,29.010000228881836,92.88999938964844,117.9000015258789,100.56999969482422,96.33999633789062,34.029998779296875,96.5,110.30999755859375,82.69999694824219,91.0,9.130000114440918,9.779999732971191,48.060001373291016,,38.08000183105469,94.80999755859375,79.98999786376953,97.0,8.949999809265137,302.92999267578125,115.97000122070312,86.44999694824219,3.369999885559082,9.029999732971191
2024-08-09,9.989999771118164,155.32000732421875,160.8000030517578,112.6500015258789,112.8499984741211,21.38800048828125,103.9800033569336,6.9120001792907715,83.94999694824219,71.5999984741211,102.02999877929688,100.0,89.01000213623047,113.48999786376953,94.5,89.62999725341797,90.37999725341797,7.539999961853027,90.08999633789062,94.6500015258789,56.290000915527344,10.8100004196167,127.0199966430664,115.19000244140625,105.12000274658203,6.03000020980835,64.7699966430664,50.599998474121094,132.8800048828125,10.788000106811523,92.6500015258789,103.1500015258789,38.15999984741211,10.280810356140137,87.45999908447266,88.36000061035156,10.484000205993652,8.699999809265137,29.100000381469727,92.72000122070312,117.0,100.75,96.01000213623047,34.20000076293945,96.5,111.69999694824219,83.08999633789062,90.76000213623047,9.119999885559082,9.880000114440918,48.45000076293945,,38.45000076293945,95.41000366210938,80.2699966430664,96.83999633789062,9.029999732971191,303.79998779296875,115.94999694824219,85.9000015258789,3.359999895095825,9.010000228881836
2024-08-12,10.010000228881836,154.85000610351562,160.74000549316406,112.70999908447266,112.94000244140625,21.2810001373291,103.69000244140625,6.949999809265137,83.68000030517578,70.61000061035156,102.30000305175781,100.45999908447266,88.44999694824219,113.0,94.93000030517578,89.55000305175781,89.30000305175781,7.46999979019165,89.81999969482422,94.33000183105469,56.29999923706055,10.8100004196167,126.87000274658203,116.56999969482422,105.5,6.039999961853027,65.16000366210938,50.41999816894531,133.02999877929688,10.770000457763672,93.33999633789062,103.0,38.11000061035156,10.280810356140137,87.4000015258789,88.51000213623047,10.491000175476074,8.65999984741211,28.850000381469727,93.63999938964844,117.26000213623047,100.45999908447266,95.06999969482422,34.22999954223633,96.5,112.19000244140625,83.36000061035156,90.58000183105469,9.130000114440918,9.850000381469727,48.31999969482422,,38.88999938964844,95.30000305175781,80.36000061035156,96.80000305175781,9.0,302.0299987792969,115.01000213623047,86.37999725341797,3.3499999046325684,9.039999961853027
2024-08-13,10.010000228881836,154.3000030517578,160.5800018310547,112.69000244140625,112.87999725341797,21.29599952697754,103.87000274658203,6.949999809265137,83.20999908447266,70.52999877929688,102.12000274658203,101.1500015258789,88.36000061035156,113.0999984741211,95.3499984741211,88.55999755859375,89.77999877929688,7.480000019073486,89.0199966430664,94.22000122070312,56.58000183105469,10.819999694824219,127.1500015258789,115.9800033569336,106.12999725341797,6.019999980926514,64.9000015258789,50.400001525878906,133.69000244140625,10.793999671936035,92.94000244140625,103.04000091552734,38.060001373291016,10.280810356140137,87.95999908447266,88.54000091552734,10.494000434875488,8.710000038146973,28.860000610351562,94.19999694824219,117.91000366210938,100.87000274658203,94.75,34.150001525878906,96.5,112.27999877929688,83.4000015258789,90.55000305175781,9.140000343322754,9.770000457763672,48.099998474121094,,38.95000076293945,95.33999633789062,80.2699966430664,97.01000213623047,8.9399995803833,302.79998779296875,115.11000061035156,86.33000183105469,3.3499999046325684,9.0600004196167
2024-08-14,10.020000457763672,154.8300018310547,160.97000122070312,112.98999786376953,112.91000366210938,21.305999755859375,103.98999786376953,7.0,83.3499984741211,71.01000213623047,102.33000183105469,101.88999938964844,88.6500015258789,113.69000244140625,95.33999633789062,88.30000305175781,90.16999816894531,7.510000228881836,88.3499984741211,94.26000213623047,56.7599983215332,10.800000190734863,127.3499984741211,117.0199966430664,105.8499984741211,6.039999961853027,63.95000076293945,50.54999923706055,132.64999389648438,10.810999870300293,93.73999786376953,103.13999938964844,37.849998474121094,10.280810356140137,88.70999908447266,89.66999816894531,10.494000434875488,8.770000457763672,28.920000076293945,94.0999984741211,117.70999908447266,100.88999938964844,95.0,34.20000076293945,96.5,112.44000244140625,83.8499984741211,91.01000213623047,9.169504165649414,9.819999694824219,48.290000915527344,,39.11000061035156,95.0,80.19000244140625,97.19000244140625,8.9399995803833,302.2300109863281,114.5,86.44999694824219,3.369999885559082,9.079999923706055
2024-08-15,10.050000190734863,155.85000610351562,161.97999572753906,112.94999694824219,112.83999633789062,21.350000381469727,103.80999755859375,7.0,84.0999984741211,71.63999938964844,103.33000183105469,102.41000366210938,88.55999755859375,114.8499984741211,95.73999786376953,88.76000213623047,90.43000030517578,7.550000190734863,88.83999633789062,94.87000274658203,56.54999923706055,10.869999885559082,127.2699966430664,116.87000274658203,105.80999755859375,6.03000020980835,65.41999816894531,50.63999938964844,134.0399932861328,10.842000007629395,94.27999877929688,103.20999908447266,37.810001373291016,10.280810356140137,89.19999694824219,89.87999725341797,10.545000076293945,8.789999961853027,28.899999618530273,94.19000244140625,118.0,101.0999984741211,95.04000091552734,34.41999816894531,96.5,112.7699966430664,85.4000015258789,91.0,9.149548530578613,9.8100004196167,48.5099983215332,,39.25,95.37000274658203,79.80000305175781,96.51000213623047,8.9399995803833,302.0,115.02999877929688,86.62999725341797,3.359999895095825,9.09000015258789
2024-08-16,10.0600004196167,157.0,161.8800048828125,112.97000122070312,112.94999694824219,21.3799991607666,104.16000366210938,7.034999847412109,84.98999786376953,71.80000305175781,103.5999984741211,102.98999786376953,88.95999908447266,115.98999786376953,95.97000122070312,90.94999694824219,90.95999908447266,7.670000076293945,88.52999877929688,95.36000061035156,57.2400016784668,10.899999618530273,127.2300033569336,116.91000366210938,106.0,6.03000020980835,65.58000183105469,50.349998474121094,134.47999572753906,10.821000099182129,93.77999877929688,103.20999908447266,37.790000915527344,10.280810356140137,90.0,89.16000366210938,10.550999641418457,8.8100004196167,28.81999969482422,94.16000366210938,118.26000213623047,101.4000015258789,95.80000305175781,34.58000183105469,96.5,113.41999816894531,85.69999694824219,92.13999938964844,9.239348411560059,9.84000015258789,48.689998626708984,,39.45000076293945,95.75,80.8499984741211,96.81999969482422,8.930000305175781,300.70001220703125,114.25,87.68000030517578,3.4000000953674316,9.119999885559082
2024-08-19,10.029999732971191,156.3000030517578,160.97000122070312,111.41000366210938,112.9000015258789,21.329999923706055,104.05000305175781,7.0229997634887695,84.9000015258789,71.68000030517578,103.5,102.62999725341797,89.19000244140625,114.9800033569336,95.83000183105469,90.43000030517578,91.16000366210938,7.639999866485596,88.25,95.5999984741211,57.0,10.920000076293945,127.26000213623047,116.9000015258789,105.87999725341797,6.059999942779541,65.08000183105469,50.279998779296875,134.02000427246094,10.75,93.55000305175781,103.22000122070312,37.63999938964844,10.280810356140137,89.97000122070312,89.0999984741211,10.597000122070312,8.779999732971191,28.899999618530273,94.2300033569336,118.69999694824219,101.75,96.0999984741211,34.720001220703125,96.5,113.43000030517578,85.12999725341797,92.08000183105469,9.199999809265137,9.8100004196167,48.689998626708984,,39.47999954223633,96.4000015258789,81.75,96.61000061035156,8.920000076293945,300.5899963378906,114.5,87.02999877929688,3.390000104904175,9.119999885559082
2024-08-20,10.039999961853027,156.35000610351562,161.47999572753906,111.36000061035156,112.79000091552734,21.288999557495117,104.55000305175781,7.0,85.08999633789062,72.05999755859375,103.20999908447266,102.43000030517578,89.27999877929688,115.0999984741211,95.8499984741211,90.47000122070312,90.80000305175781,7.630000114440918,87.41000366210938,95.38999938964844,58.0,10.880000114440918,127.30000305175781,117.0,105.97000122070312,6.059999942779541,64.75,50.380001068115234,134.0500030517578,10.76099967956543,92.8499984741211,103.1500015258789,37.54999923706055,10.280810356140137,89.9000015258789,89.29000091552734,10.583999633789062,8.800000190734863,29.06999969482422,93.80000305175781,118.68000030517578,101.94999694824219,96.0999984741211,34.599998474121094,96.5,113.01000213623047,85.6500015258789,91.80999755859375,9.199999809265137,9.819999694824219,48.20000076293945,,39.4900016784668,96.38999938964844,80.54000091552734,96.51000213623047,8.880000114440918,300.1199951171875,113.0,87.6500015258789,3.4100000858306885,9.119999885559082
2024-08-21,10.039999961853027,156.10000610351562,161.3300018310547,111.44000244140625,112.5999984741211,21.280000686645508,104.38999938964844,6.914999961853027,85.0999984741211,71.87000274658203,103.0,102.2300033569336,89.13999938964844,114.66000366210938,95.80000305175781,89.86000061035156,90.70999908447266,7.610000133514404,87.9000015258789,95.27999877929688,58.02000045776367,10.84000015258789,127.5999984741211,116.30000305175781,106.0,6.03000020980835,64.93000030517578,51.0,134.7899932861328,10.75,93.11000061035156,103.75,37.58000183105469,10.280810356140137,89.93000030517578,88.97000122070312,10.571000099182129,8.8100004196167,29.209999084472656,93.98999786376953,118.4800033569336,101.98999786376953,95.81999969482422,34.65999984741211,96.5,112.9800033569336,85.83999633789062,92.3499984741211,9.210000038146973,9.890000343322754,48.41999816894531,,39.25,97.05000305175781,80.19999694824219,96.66000366210938,8.850000381469727,300.2300109863281,114.05000305175781,87.5999984741211,3.4000000953674316,9.109999656677246
2024-08-22,10.050000190734863,155.0,161.4499969482422,111.58000183105469,112.44000244140625,21.09000015258789,104.93000030517578,6.939000129699707,84.80000305175781,71.5999984741211,102.73999786376953,102.4000015258789,88.36000061035156,114.52999877929688,95.94999694824219,89.68000030517578,91.11000061035156,7.579999923706055,87.8499984741211,95.5,58.31999969482422,10.829999923706055,127.19999694824219,115.30999755859375,106.08000183105469,6.039999961853027,65.0,50.58000183105469,134.1999969482422,10.73900032043457,92.47000122070312,103.58999633789062,37.70000076293945,10.280810356140137,89.83999633789062,88.86000061035156,10.581000328063965,8.8100004196167,29.450000762939453,93.94000244140625,118.0,101.98999786376953,96.33999633789062,34.54999923706055,96.5,112.5999984741211,84.55999755859375,92.31999969482422,9.220000267028809,9.869999885559082,48.0099983215332,,39.0,96.70999908447266,80.30000305175781,96.7699966430664,8.819999694824219,300.25,114.76000213623047,87.69999694824219,3.4000000953674316,9.100000381469727
2024-08-23,10.100000381469727,155.47999572753906,162.3000030517578,111.66000366210938,112.5999984741211,21.309999465942383,104.98999786376953,7.0,85.0,71.76000213623047,103.0999984741211,102.5,89.05000305175781,114.06999969482422,95.9000015258789,89.94000244140625,91.25,7.639999866485596,88.4000015258789,96.6500015258789,58.779998779296875,10.859999656677246,127.75,116.62999725341797,106.16000366210938,6.050000190734863,65.37000274658203,50.58000183105469,136.02000427246094,10.746999740600586,92.8499984741211,104.0,37.77000045776367,10.280810356140137,90.0,88.80000305175781,10.628000259399414,8.859999656677246,29.3700008392334,94.41999816894531,118.37000274658203,102.6500015258789,96.38999938964844,34.66999816894531,96.5,112.66999816894531,84.41999816894531,92.68000030517578,9.270000457763672,9.880000114440918,48.0,,39.119998931884766,96.75,81.0,96.80000305175781,8.890000343322754,301.2799987792969,113.77999877929688,87.94000244140625,3.4600000381469727,9.109999656677246
2024-08-26,10.039999961853027,154.35000610351562,162.00999450683594,112.12000274658203,112.41999816894531,21.290000915527344,105.30000305175781,7.0,84.5,71.69999694824219,103.08000183105469,101.6500015258789,88.55000305175781,113.98999786376953,96.16999816894531,89.06999969482422,90.94999694824219,7.619999885559082,88.37000274658203,96.30000305175781,58.529998779296875,10.949999809265137,127.83999633789062,115.76000213623047,106.05000305175781,6.03000020980835,65.31999969482422,50.54999923706055,135.0,10.746999740600586,93.70999908447266,103.4000015258789,37.65999984741211,10.280810356140137,89.6500015258789,88.30000305175781,10.5600004196167,8.859999656677246,29.450000762939453,94.58999633789062,119.83999633789062,103.0,96.25,34.650001525878906,96.5,112.3499984741211,84.6500015258789,92.55000305175781,9.229999542236328,9.920000076293945,47.0099983215332,,40.130001068115234,96.69000244140625,81.1500015258789,96.68000030517578,8.84000015258789,301.2200012207031,113.36000061035156,87.68000030517578,3.4600000381469727,9.100000381469727
2024-08-27,10.0600004196167,153.61000061035156,161.00999450683594,112.05000305175781,112.05000305175781,21.19700050354004,105.1500015258789,6.982999801635742,84.69999694824219,71.66000366210938,103.08000183105469,102.0,87.5,113.30000305175781,96.0,89.12000274658203,91.22000122070312,7.559999942779541,88.1500015258789,96.43000030517578,57.91999816894531,10.84000015258789,127.56999969482422,115.30000305175781,106.19999694824219,6.059999942779541,64.98999786376953,50.369998931884766,135.0,10.75100040435791,94.12999725341797,103.6500015258789,37.650001525878906,10.280810356140137,89.80999755859375,88.01000213623047,10.595000267028809,8.850000381469727,29.360000610351562,94.1500015258789,119.86000061035156,102.94000244140625,96.0,34.65999984741211,96.5,111.91000366210938,84.62999725341797,91.76000213623047,9.220000267028809,9.960000038146973,46.279998779296875,,40.459999084472656,96.45999908447266,80.51000213623047,96.87000274658203,8.819999694824219,301.20001220703125,112.45999908447266,87.86000061035156,3.569999933242798,9.100000381469727
2024-08-28,10.039999961853027,153.60000610351562,160.89999389648438,112.08000183105469,112.19999694824219,21.190000534057617,105.54000091552734,6.96999979019165,84.68000030517578,71.55000305175781,103.0,101.94000244140625,86.72000122070312,113.16000366210938,96.02999877929688,89.25,91.12000274658203,7.53000020980835,88.0,96.05000305175781,57.75,10.819999694824219,127.0999984741211,115.43000030517578,106.0,6.019999980926514,64.30000305175781,50.380001068115234,131.75999450683594,10.760000228881836,93.3499984741211,103.19000244140625,37.7400016784668,10.280810356140137,89.87000274658203,87.58999633789062,10.58899974822998,8.859999656677246,29.450000762939453,94.01000213623047,119.5199966430664,103.25,95.69999694824219,34.58000183105469,96.5,111.55000305175781,84.0999984741211,92.5,9.25,10.020000457763672,46.0099983215332,,40.970001220703125,95.79000091552734,80.4000015258789,96.66000366210938,8.8100004196167,301.0,114.38999938964844,87.97000122070312,3.509999990463257,9.100000381469727
2024-08-29,10.079999923706055,153.7899932861328,161.2899932861328,111.69999694824219,112.13999938964844,21.229999542236328,105.75,6.940000057220459,84.63999938964844,71.5999984741211,103.25,102.5,87.19999694824219,113.45999908447266,96.66999816894531,90.0,90.80999755859375,7.510000228881836,87.80000305175781,95.9000015258789,57.9900016784668,10.819999694824219,127.26000213623047,115.08999633789062,105.88999938964844,6.019999980926514,64.43000030517578,50.38999938964844,132.14999389648438,10.800000190734863,93.30000305175781,103.1500015258789,38.119998931884766,10.280810356140137,90.0,87.55000305175781,10.626999855041504,8.90999984741211,29.670000076293945,94.22000122070312,120.12999725341797,103.30000305175781,95.86000061035156,34.849998474121094,96.5,111.66000366210938,84.62999725341797,92.05999755859375,9.210000038146973,10.029999732971191,45.7400016784668,,41.27000045776367,96.18000030517578,80.0999984741211,96.81999969482422,8.800000190734863,302.79998779296875,115.5,87.58999633789062,3.5299999713897705,9.140000343322754
2024-08-30,10.140000343322754,154.00999450683594,161.1999969482422,112.0,112.75,21.211000442504883,105.36000061035156,6.940000057220459,84.80000305175781,72.0,103.23999786376953,102.66999816894531,88.0,113.79000091552734,96.5,90.06999969482422,91.2300033569336,7.510000228881836,88.51000213623047,96.55000305175781,58.52000045776367,10.949999809265137,127.58999633789062,115.11000061035156,106.16000366210938,6.130000114440918,64.0999984741211,50.20000076293945,132.61000061035156,10.770999908447266,93.69000244140625,103.4000015258789,39.849998474121094,10.280810356140137,89.44999694824219,87.41000366210938,10.798999786376953,8.979999542236328,29.799999237060547,94.73999786376953,120.1500015258789,104.5,95.94000244140625,34.91999816894531,96.5,111.58999633789062,84.05999755859375,92.5,9.260000228881836,10.09000015258789,46.04999923706055,,42.34000015258789,94.9800033569336,80.19999694824219,97.02999877929688,8.819999694824219,303.0,122.9800033569336,87.91000366210938,3.5899999141693115,9.15999984741211
2024-09-02,10.029999732971191,153.10000610351562,160.60000610351562,112.0,111.77999877929688,21.117000579833984,105.0,6.900000095367432,84.69999694824219,72.05999755859375,102.5,102.16000366210938,86.7699966430664,111.97000122070312,95.19999694824219,90.37000274658203,90.86000061035156,7.53000020980835,88.37999725341797,95.33000183105469,57.7599983215332,10.930000305175781,126.7300033569336,114.0,105.2699966430664,5.920000076293945,64.0,50.5,132.88999938964844,10.795999526977539,92.73999786376953,102.95999908447266,39.52000045776367,10.280810356140137,88.91999816894531,86.08999633789062,10.586999893188477,8.84000015258789,29.920000076293945,93.69000244140625,117.72000122070312,102.80000305175781,96.41000366210938,34.77000045776367,96.5,109.37000274658203,84.69000244140625,90.95999908447266,9.229999542236328,10.15999984741211,45.29999923706055,,42.5,94.51000213623047,79.56999969482422,97.30000305175781,8.75,302.7799987792969,116.58999633789062,86.69999694824219,3.5999999046325684,9.149999618530273
2024-09-03,10.010000228881836,152.16000366210938,160.39999389648438,112.02999877929688,111.31999969482422,21.108999252319336,105.22000122070312,6.900000095367432,84.30000305175781,72.0,102.0999984741211,102.12000274658203,85.4800033569336,111.88999938964844,94.9000015258789,89.7699966430664,91.55999755859375,7.480000019073486,88.37999725341797,95.05000305175781,56.93000030517578,10.800000190734863,126.5999984741211,113.30000305175781,105.37000274658203,5.909999847412109,63.70000076293945,50.13999938964844,132.47999572753906,10.782999992370605,92.80000305175781,102.80000305175781,39.2400016784668,8.239999771118164,88.44999694824219,85.2699966430664,10.520000457763672,8.829999923706055,30.200000762939453,93.51000213623047,117.86000061035156,102.75,96.5199966430664,34.709999084472656,96.5,109.87000274658203,83.88999938964844,91.58000183105469,9.180000305175781,10.109999656677246,45.189998626708984,,42.060001373291016,94.83000183105469,79.70999908447266,97.30000305175781,8.710000038146973,301.04998779296875,114.0,86.7699966430664,3.5999999046325684,9.140000343322754
2024-09-04,10.0,152.4499969482422,160.4499969482422,112.08999633789062,111.26000213623047,21.02400016784668,105.16000366210938,6.900000095367432,84.80000305175781,72.19000244140625,102.19999694824219,102.0,86.2699966430664,112.2300033569336,95.58000183105469,90.0999984741211,91.9000015258789,7.460000038146973,87.86000061035156,95.0,56.97999954223633,10.8100004196167,126.23999786376953,113.3499984741211,105.41000366210938,5.940000057220459,63.59000015258789,50.27000045776367,131.8699951171875,10.788000106811523,92.11000061035156,103.0199966430664,38.97999954223633,8.25,88.06999969482422,85.30000305175781,10.557999610900879,8.819999694824219,30.110000610351562,93.12999725341797,117.72000122070312,102.93000030517578,96.62999725341797,34.75,96.5,109.58999633789062,82.9000015258789,91.58999633789062,9.25,10.109999656677246,45.2599983215332,,41.959999084472656,94.80000305175781,79.69999694824219,97.33000183105469,8.800000190734863,300.05999755859375,114.0,87.0999984741211,3.619999885559082,9.109999656677246
2024-09-05,10.0,152.02999877929688,160.4199981689453,112.05000305175781,110.69999694824219,21.086999893188477,105.48999786376953,6.90500020980835,84.94999694824219,72.19000244140625,102.04000091552734,102.5,86.19999694824219,111.69000244140625,95.30000305175781,89.69999694824219,92.08999633789062,7.460000038146973,88.20999908447266,93.98999786376953,56.400001525878906,10.890000343322754,126.2300033569336,113.5,105.19999694824219,5.989999771118164,63.400001525878906,50.150001525878906,131.6999969482422,10.75,92.0,102.87999725341797,39.029998779296875,8.229999542236328,88.0999984741211,84.9000015258789,10.520999908447266,8.800000190734863,30.020000457763672,92.77999877929688,117.45999908447266,102.80000305175781,96.3499984741211,34.68000030517578,96.5,109.93000030517578,83.25,91.30000305175781,9.220000267028809,10.09000015258789,45.189998626708984,,42.150001525878906,94.98999786376953,79.69999694824219,97.30000305175781,8.800000190734863,301.17999267578125,114.98999786376953,86.54000091552734,3.640000104904175,9.210000038146973
2024-09-06,10.020000457763672,151.89999389648438,160.5,112.41000366210938,110.5999984741211,21.150999069213867,105.79000091552734,6.90500020980835,84.41999816894531,72.16000366210938,102.02999877929688,102.5,86.23999786376953,111.79000091552734,95.37999725341797,90.30000305175781,92.19999694824219,7.480000019073486,88.36000061035156,93.94999694824219,56.70000076293945,10.90999984741211,126.12000274658203,114.16999816894531,105.8499984741211,5.989999771118164,63.13999938964844,49.970001220703125,131.22999572753906,10.758000373840332,92.5,102.8499984741211,38.849998474121094,8.270000457763672,88.31999969482422,84.61000061035156,10.581999778747559,8.84000015258789,30.360000610351562,93.18000030517578,117.45999908447266,102.58999633789062,97.0999984741211,34.439998626708984,96.5,110.16999816894531,82.51000213623047,92.30000305175781,9.25,10.100000381469727,45.25,,42.220001220703125,95.2699966430664,79.23999786376953,97.16000366210938,8.800000190734863,300.7900085449219,113.5,87.20999908447266,3.4000000953674316,9.199999809265137
2024-09-09,10.020000457763672,148.60000610351562,160.14999389648438,112.5,110.16999816894531,21.18199920654297,106.0999984741211,6.89900016784668,82.9000015258789,71.80999755859375,101.76000213623047,102.25,90.0,110.5,96.08999633789062,88.9000015258789,92.19999694824219,7.440000057220459,87.30999755859375,93.13999938964844,56.06999969482422,10.859999656677246,125.62999725341797,113.19999694824219,105.69999694824219,5.949999809265137,63.15999984741211,49.29999923706055,132.3300018310547,10.75,92.0999984741211,102.80999755859375,38.09000015258789,8.279999732971191,88.01000213623047,84.70999908447266,10.574999809265137,8.829999923706055,29.90999984741211,94.0,117.19999694824219,102.44999694824219,97.18000030517578,33.95000076293945,96.5,109.66000366210938,81.80999755859375,92.94000244140625,9.270000457763672,10.020000457763672,45.13999938964844,,41.150001525878906,95.0,79.70999908447266,97.23999786376953,8.770000457763672,298.0400085449219,113.26000213623047,87.31999969482422,3.5199999809265137,9.220000267028809
2024-09-10,9.989999771118164,148.66000366210938,160.24000549316406,112.31999969482422,109.94000244140625,21.15399932861328,105.33000183105469,6.922999858856201,82.5999984741211,71.47000122070312,101.5,102.01000213623047,87.76000213623047,110.0999984741211,95.04000091552734,88.3499984741211,91.68000030517578,7.519999980926514,86.69999694824219,92.25,56.150001525878906,10.819999694824219,125.93000030517578,112.94999694824219,105.75,5.900000095367432,63.06999969482422,49.2400016784668,131.0,10.746000289916992,91.55000305175781,102.05000305175781,37.849998474121094,8.25,87.0,84.4000015258789,10.536999702453613,8.800000190734863,29.65999984741211,92.66000366210938,117.69999694824219,101.94999694824219,96.38999938964844,33.81999969482422,96.5,111.30999755859375,81.79000091552734,91.98999786376953,9.270000457763672,9.979999542236328,44.70000076293945,,41.209999084472656,94.63999938964844,79.29000091552734,97.0,8.729999542236328,299.0,113.70999908447266,86.51000213623047,3.559999942779541,9.15999984741211
2024-09-11,10.0,148.2100067138672,160.10000610351562,112.22000122070312,109.80999755859375,21.16900062561035,105.97000122070312,6.900000095367432,81.62999725341797,70.19000244140625,101.95999908447266,101.87999725341797,87.30999755859375,109.98999786376953,94.77999877929688,88.38999938964844,90.47000122070312,7.420000076293945,86.68000030517578,92.43000030517578,56.400001525878906,10.75,125.69999694824219,112.87999725341797,105.51000213623047,5.800000190734863,63.02000045776367,49.5099983215332,128.94000244140625,10.729000091552734,91.54000091552734,102.19999694824219,37.66999816894531,8.210000038146973,87.77999877929688,84.2300033569336,10.503999710083008,8.800000190734863,29.399999618530273,92.5199966430664,117.19000244140625,102.0,94.7300033569336,33.70000076293945,96.5,110.8499984741211,81.43000030517578,91.30999755859375,9.229999542236328,9.989999771118164,44.5,,40.93000030517578,94.0199966430664,79.05000305175781,97.05000305175781,8.760000228881836,299.3399963378906,113.44999694824219,87.1500015258789,3.5,9.149999618530273
2024-09-12,10.010000228881836,147.6699981689453,159.99000549316406,112.11000061035156,109.33999633789062,21.166000366210938,105.0,6.875999927520752,81.37000274658203,69.94999694824219,101.83999633789062,101.73999786376953,87.2699966430664,109.75,94.7699966430664,87.0,89.30999755859375,7.340000152587891,85.63999938964844,92.30000305175781,56.029998779296875,10.710000038146973,125.88999938964844,112.51000213623047,105.29000091552734,5.75,63.150001525878906,49.58000183105469,129.8000030517578,10.739999771118164,90.55000305175781,102.19999694824219,37.59000015258789,8.130000114440918,88.05000305175781,83.5199966430664,10.491000175476074,8.770000457763672,29.010000228881836,92.01000213623047,116.80999755859375,102.0,93.6500015258789,33.599998474121094,96.5,110.12000274658203,80.98999786376953,90.8499984741211,9.220000267028809,9.930000305175781,44.599998474121094,,40.38999938964844,94.25,78.93000030517578,97.33999633789062,8.770000457763672,299.75,113.44999694824219,87.33999633789062,3.490000009536743,9.180000305175781
2024-09-13,10.0,148.2899932861328,160.25999450683594,112.0,109.30999755859375,21.106000900268555,105.87000274658203,6.877999782562256,82.23999786376953,70.0999984741211,101.97000122070312,101.30999755859375,87.4000015258789,109.5999984741211,94.52999877929688,87.18000030517578,89.6500015258789,7.300000190734863,86.5,92.87999725341797,55.9900016784668,10.6899995803833,125.69999694824219,112.23999786376953,105.4000015258789,5.710000038146973,63.060001373291016,49.5099983215332,130.5,10.795000076293945,90.36000061035156,102.4000015258789,37.849998474121094,8.149999618530273,88.8499984741211,83.93000030517578,10.479999542236328,8.819999694824219,29.329999923706055,91.83000183105469,117.30000305175781,102.22000122070312,93.94999694824219,33.65999984741211,96.5,110.83000183105469,80.91999816894531,90.63999938964844,9.260000228881836,9.989999771118164,44.63999938964844,,40.5099983215332,94.33000183105469,79.68000030517578,97.58000183105469,8.729999542236328,299.5299987792969,113.0,87.5,3.509999990463257,9.15999984741211
2024-09-16,10.020000457763672,148.22000122070312,160.17999267578125,112.0,108.91999816894531,21.097999572753906,105.94000244140625,6.820000171661377,82.87000274658203,69.79000091552734,101.55000305175781,100.0,87.76000213623047,108.77999877929688,94.95999908447266,87.38999938964844,90.68000030517578,7.269999980926514,86.80000305175781,92.76000213623047,55.79999923706055,10.649999618530273,124.51000213623047,111.41999816894531,105.19000244140625,5.639999866485596,62.5,49.349998474121094,130.8800048828125,10.710000038146973,90.06999969482422,102.62000274658203,37.70000076293945,8.140000343322754,88.55999755859375,84.0,10.406000137329102,8.8100004196167,29.3799991607666,92.01000213623047,116.13999938964844,102.19999694824219,95.45999908447266,33.66999816894531,96.5,110.11000061035156,82.0,90.7699966430664,9.270000457763672,10.0,44.43000030517578,,40.38999938964844,94.01000213623047,79.79000091552734,96.72000122070312,8.720000267028809,299.6600036621094,113.48999786376953,87.30999755859375,3.5199999809265137,9.15999984741211
2024-09-17,10.0,147.77000427246094,159.97000122070312,111.91999816894531,108.66999816894531,21.03499984741211,105.5,6.789999961853027,82.66000366210938,69.31999969482422,101.37999725341797,99.91000366210938,86.75,107.58000183105469,94.94000244140625,88.0999984741211,90.66999816894531,7.199999809265137,86.5199966430664,92.7699966430664,55.20000076293945,10.649999618530273,124.5,111.22000122070312,105.0,5.559999942779541,61.939998626708984,48.91999816894531,130.8000030517578,10.734000205993652,89.5,102.83000183105469,37.63999938964844,8.119999885559082,88.54000091552734,83.9000015258789,10.34000015258789,8.8100004196167,29.329999923706055,92.02999877929688,115.80000305175781,102.0,95.63999938964844,33.5099983215332,96.5,110.19999694824219,80.5999984741211,90.5,9.229999542236328,9.90999984741211,44.400001525878906,,40.09000015258789,94.48999786376953,80.0,96.91999816894531,8.699999809265137,299.17999267578125,113.5999984741211,87.30000305175781,3.509999990463257,9.119999885559082
2024-09-18,10.010000228881836,147.27999877929688,160.08999633789062,111.94999694824219,109.2300033569336,21.000999450683594,105.69999694824219,6.824999809265137,82.8499984741211,69.08000183105469,101.0199966430664,100.04000091552734,86.05999755859375,108.41000366210938,94.8499984741211,88.3499984741211,90.75,7.179999828338623,86.77999877929688,92.38999938964844,55.5,10.680000305175781,124.16999816894531,110.48999786376953,105.02999877929688,5.389999866485596,62.939998626708984,49.04999923706055,131.38999938964844,10.718000411987305,88.8499984741211,102.80999755859375,37.689998626708984,8.050000190734863,88.19999694824219,83.87000274658203,10.319000244140625,8.800000190734863,29.309999465942383,91.43000030517578,112.70999908447266,101.94000244140625,95.55000305175781,33.45000076293945,96.5,109.45999908447266,80.5,90.94999694824219,9.260000228881836,9.880000114440918,44.119998931884766,,40.0,93.73999786376953,80.0,97.19999694824219,8.640000343322754,298.7099914550781,113.80000305175781,87.12999725341797,3.5299999713897705,9.130000114440918
2024-09-19,10.0,146.75,159.92999267578125,109.9000015258789,108.0,20.924999237060547,105.44000244140625,6.820000171661377,82.76000213623047,69.27999877929688,101.19000244140625,99.93000030517578,86.08999633789062,106.06999969482422,94.6500015258789,88.0,89.3499984741211,7.190000057220459,86.9000015258789,92.22000122070312,54.79999923706055,10.680000305175781,124.30000305175781,110.5,105.0,5.360000133514404,63.18000030517578,48.5099983215332,132.0,10.644000053405762,87.01000213623047,102.94999694824219,37.59000015258789,7.989999771118164,87.8499984741211,83.83999633789062,10.295000076293945,8.779999732971191,29.309999465942383,91.1500015258789,111.94999694824219,101.73999786376953,95.94000244140625,33.33000183105469,96.5,109.4800033569336,81.36000061035156,90.5,9.220000267028809,9.829999923706055,44.22999954223633,,39.130001068115234,93.5999984741211,79.05999755859375,97.0999984741211,8.619999885559082,298.8999938964844,114.0,87.52999877929688,3.509999990463257,9.0600004196167
2024-09-20,10.09000015258789,137.64999389648438,159.89999389648438,107.0,108.9000015258789,20.799999237060547,106.30000305175781,6.818999767303467,83.31999969482422,69.0,101.9000015258789,100.0,85.88999938964844,104.66999816894531,94.48999786376953,88.69000244140625,89.75,7.119999885559082,86.4800033569336,92.02999877929688,54.72999954223633,10.720000267028809,124.5,110.31999969482422,105.19999694824219,5.170000076293945,62.72999954223633,48.16999816894531,131.74000549316406,10.621999740600586,89.88999938964844,102.29000091552734,37.54999923706055,8.050000190734863,86.55000305175781,84.20999908447266,10.295000076293945,8.6899995803833,30.219999313354492,91.18000030517578,116.0199966430664,101.8499984741211,96.0,33.0099983215332,96.5,109.0999984741211,81.0199966430664,88.75,9.220000267028809,9.880000114440918,43.849998474121094,,39.13999938964844,94.44000244140625,78.88999938964844,96.88999938964844,8.59000015258789,295.9200134277344,114.0,86.75,3.490000009536743,9.100000381469727
2024-09-23,10.010000228881836,138.77000427246094,158.07000732421875,108.12999725341797,107.08999633789062,20.450000762939453,105.5999984741211,6.800000190734863,81.75,67.9000015258789,99.4800033569336,98.80000305175781,85.0999984741211,103.43000030517578,94.73999786376953,86.9000015258789,87.62000274658203,7.050000190734863,86.56999969482422,91.25,54.40999984741211,10.670000076293945,122.0199966430664,110.0999984741211,105.08999633789062,5.130000114440918,62.83000183105469,47.97999954223633,128.42999267578125,10.468999862670898,88.4000015258789,102.0,37.5099983215332,7.96999979019165,86.58999633789062,83.5,10.25,8.569999694824219,29.639999389648438,90.72000122070312,115.81999969482422,101.47000122070312,97.16999816894531,32.68000030517578,96.5,107.88999938964844,80.77999877929688,89.1500015258789,9.210000038146973,9.850000381469727,43.040000915527344,,39.0,94.0,79.19999694824219,96.79000091552734,8.569999694824219,295.6499938964844,113.98999786376953,86.83999633789062,3.4800000190734863,9.079999923706055
2024-09-24,9.989999771118164,138.5,158.25,108.20999908447266,106.33000183105469,20.320999145507812,105.47000122070312,6.767000198364258,82.0199966430664,66.91999816894531,99.94000244140625,97.8499984741211,84.4000015258789,102.88999938964844,94.55000305175781,87.58000183105469,88.63999938964844,7.03000020980835,85.91000366210938,90.1500015258789,54.5,10.649999618530273,122.0,109.95999908447266,105.19000244140625,5.010000228881836,62.25,47.70000076293945,128.38999938964844,10.449000358581543,87.13999938964844,101.80999755859375,37.29999923706055,7.909999847412109,85.8499984741211,84.19999694824219,10.265000343322754,8.510000228881836,29.3700008392334,90.88999938964844,114.68000030517578,101.30000305175781,96.02999877929688,32.599998474121094,96.5,107.98999786376953,79.80000305175781,90.0,9.239999771118164,9.859999656677246,42.09000015258789,,38.88999938964844,93.95999908447266,79.13999938964844,96.73999786376953,8.510000228881836,294.6499938964844,114.0,87.11000061035156,3.509999990463257,9.020000457763672
2024-09-25,9.979999542236328,137.99000549316406,158.10000610351562,107.44999694824219,105.9000015258789,20.304000854492188,106.0,6.775000095367432,82.4000015258789,66.01000213623047,99.98999786376953,97.83000183105469,82.94999694824219,102.55999755859375,94.0,88.23999786376953,89.51000213623047,6.960000038146973,85.0999984741211,89.69999694824219,53.689998626708984,10.5600004196167,121.87000274658203,110.31999969482422,105.02999877929688,5.070000171661377,62.25,47.5,129.27999877929688,10.444999694824219,86.19000244140625,101.58000183105469,37.060001373291016,7.929999828338623,85.5999984741211,84.77999877929688,10.140000343322754,8.520000457763672,29.0,90.69000244140625,112.3499984741211,101.13999938964844,95.18000030517578,32.29999923706055,96.5,107.41000366210938,79.5,89.83999633789062,9.220000267028809,9.850000381469727,41.52000045776367,,38.779998779296875,93.98999786376953,78.20999908447266,96.55000305175781,8.4399995803833,294.0,114.0,87.08000183105469,3.509999990463257,9.029999732971191
2024-09-26,9.979999542236328,138.1999969482422,158.41000366210938,107.5999984741211,107.0999984741211,20.211999893188477,106.36000061035156,6.760000228881836,82.1500015258789,66.30000305175781,100.62000274658203,98.19000244140625,83.20999908447266,103.18000030517578,93.98999786376953,88.30000305175781,89.5999984741211,6.960000038146973,84.6500015258789,90.69999694824219,53.119998931884766,10.579999923706055,122.0,111.0,105.1500015258789,5.039999961853027,62.439998626708984,47.29999923706055,129.92999267578125,10.458999633789062,85.13999938964844,101.77999877929688,36.95000076293945,7.849999904632568,85.70999908447266,83.79000091552734,10.156999588012695,8.520000457763672,28.979999542236328,90.26000213623047,112.5199966430664,101.12000274658203,95.5,32.2400016784668,96.5,108.4000015258789,79.19000244140625,89.95999908447266,9.270000457763672,9.84000015258789,39.810001373291016,,39.2400016784668,94.19000244140625,78.58999633789062,96.75,8.449999809265137,294.9599914550781,115.0,87.12999725341797,3.5,9.029999732971191
2024-09-27,9.989999771118164,140.0,158.5500030517578,107.83000183105469,109.0,20.25,106.51000213623047,6.769999980926514,82.75,67.69999694824219,100.5,99.1500015258789,84.80999755859375,104.88999938964844,93.69999694824219,88.75,89.87000274658203,7.019999980926514,84.11000061035156,91.36000061035156,53.06999969482422,10.619999885559082,122.30000305175781,113.0,105.79000091552734,5.170000076293945,62.95000076293945,47.650001525878906,130.5,10.46500015258789,85.5,101.69000244140625,36.90999984741211,7.860000133514404,86.55999755859375,85.06999969482422,10.189000129699707,8.510000228881836,29.5,90.11000061035156,112.94000244140625,101.01000213623047,96.0,32.22999954223633,96.5,108.2699966430664,79.27999877929688,89.1500015258789,9.239999771118164,9.850000381469727,39.29999923706055,,39.119998931884766,94.4000015258789,78.91999816894531,97.0,8.600000381469727,294.0299987792969,112.80000305175781,87.2300033569336,3.5199999809265137,9.029999732971191
2024-09-30,9.930000305175781,139.3000030517578,159.1300048828125,107.43000030517578,108.69999694824219,20.339000701904297,106.37000274658203,6.78000020980835,82.91000366210938,67.58999633789062,100.54000091552734,97.83000183105469,84.51000213623047,104.41000366210938,94.0,88.12000274658203,88.94000244140625,6.980000019073486,85.20999908447266,92.38999938964844,53.5,10.609999656677246,121.52999877929688,111.5999984741211,105.68000030517578,5.099999904632568,62.75,47.7400016784668,131.72999572753906,10.48900032043457,84.23999786376953,101.75,36.900001525878906,7.809999942779541,87.5,85.02999877929688,10.189000129699707,8.520000457763672,29.56999969482422,90.61000061035156,112.54000091552734,101.18000030517578,96.30000305175781,32.119998931884766,96.5,108.19999694824219,78.72000122070312,89.33000183105469,9.300000190734863,9.800000190734863,39.0,,39.06999969482422,94.05000305175781,78.80000305175781,97.2300033569336,8.710000038146973,294.4700012207031,112.80000305175781,87.0,3.5,9.079999923706055
2024-10-01,9.739999771118164,138.39999389648438,157.67999267578125,107.0999984741211,105.9000015258789,20.25200080871582,104.2300033569336,6.645999908447266,81.80999755859375,66.62999725341797,99.3499984741211,97.51000213623047,81.55000305175781,102.55999755859375,92.30000305175781,87.08000183105469,87.70999908447266,6.929999828338623,84.12000274658203,89.93000030517578,52.959999084472656,10.600000381469727,120.66000366210938,110.0999984741211,104.0999984741211,5.010000228881836,61.619998931884766,46.099998474121094,129.0,10.411999702453613,83.79000091552734,100.75,36.65999984741211,7.789999961853027,85.6500015258789,83.05000305175781,10.01200008392334,8.239999771118164,29.389999389648438,88.80000305175781,111.58000183105469,100.41999816894531,96.4000015258789,31.90999984741211,96.5,106.19000244140625,76.13999938964844,87.58000183105469,9.1899995803833,9.8100004196167,38.220001220703125,,38.75,93.5999984741211,77.52999877929688,96.5999984741211,8.5600004196167,294.010009765625,112.0,85.19999694824219,3.4800000190734863,9.0600004196167
2024-10-02,10.010000228881836,138.99000549316406,158.47999572753906,106.93000030517578,103.80000305175781,19.892000198364258,104.79000091552734,6.568999767303467,80.69999694824219,66.41999816894531,99.98999786376953,100.0199966430664,82.51000213623047,103.19000244140625,92.48999786376953,87.75,87.95999908447266,6.949999809265137,84.79000091552734,89.2300033569336,52.060001373291016,10.5600004196167,121.41999816894531,108.01000213623047,104.33000183105469,5.039999961853027,61.790000915527344,45.66999816894531,129.2100067138672,10.315999984741211,84.0,101.5999984741211,36.810001373291016,7.769999980926514,85.4000015258789,82.68000030517578,10.187000274658203,7.849999904632568,29.43000030517578,89.16999816894531,110.41999816894531,99.8499984741211,96.75,31.959999084472656,96.5,107.20999908447266,75.7300033569336,87.30000305175781,9.25,9.829999923706055,39.88999938964844,,38.900001525878906,93.20999908447266,77.56999969482422,95.97000122070312,8.510000228881836,299.0,111.0,84.94000244140625,3.509999990463257,9.020000457763672
2024-10-03,9.90999984741211,138.39999389648438,157.97999572753906,106.69999694824219,104.73999786376953,20.049999237060547,104.9000015258789,6.500999927520752,79.94999694824219,65.4000015258789,99.30999755859375,99.4800033569336,82.8499984741211,103.13999938964844,92.5,88.73999786376953,87.4800033569336,6.989999771118164,84.80999755859375,89.11000061035156,52.380001068115234,10.489999771118164,120.19999694824219,108.0999984741211,104.3499984741211,5.019999980926514,62.02000045776367,45.0,131.6699981689453,10.333000183105469,84.4800033569336,100.7699966430664,37.08000183105469,7.71999979019165,85.31999969482422,81.94999694824219,10.0600004196167,7.900000095367432,29.600000381469727,88.6500015258789,109.02999877929688,99.62999725341797,96.43000030517578,32.20000076293945,96.5,106.9800033569336,74.77999877929688,87.70999908447266,9.300000190734863,9.869999885559082,41.68000030517578,,38.900001525878906,91.9000015258789,77.31999969482422,95.97000122070312,8.529999732971191,298.760009765625,111.19999694824219,84.70999908447266,3.490000009536743,9.039999961853027
2024-10-04,9.899999618530273,139.3800048828125,157.97999572753906,107.6500015258789,106.44999694824219,20.048999786376953,105.01000213623047,6.495999813079834,79.93000030517578,65.1500015258789,99.5,98.93000030517578,83.0999984741211,103.58000183105469,92.5,88.11000061035156,87.30999755859375,6.96999979019165,85.1500015258789,89.77999877929688,52.20000076293945,10.40999984741211,120.58999633789062,108.72000122070312,104.44999694824219,5.03000020980835,62.869998931884766,45.5,132.97999572753906,10.41100025177002,83.87000274658203,100.97000122070312,37.31999969482422,7.679999828338623,85.0999984741211,82.37999725341797,10.140000343322754,7.900000095367432,29.760000228881836,89.13999938964844,108.44000244140625,99.98999786376953,96.23999786376953,32.22999954223633,96.5,106.37000274658203,75.72000122070312,89.30000305175781,9.239999771118164,9.859999656677246,40.849998474121094,,38.939998626708984,91.58000183105469,77.25,96.33000183105469,8.350000381469727,298.70001220703125,111.22000122070312,84.8499984741211,3.509999990463257,9.029999732971191
2024-10-07,9.899999618530273,139.27999877929688,158.0,107.8499984741211,106.61000061035156,20.100000381469727,105.16000366210938,6.460000038146973,79.48999786376953,65.30000305175781,100.19999694824219,99.3499984741211,83.61000061035156,103.83000183105469,92.25,87.38999938964844,87.44000244140625,7.019999980926514,85.01000213623047,89.9000015258789,52.84000015258789,10.420000076293945,121.41000366210938,109.69999694824219,104.23999786376953,5.019999980926514,61.91999816894531,45.099998474121094,129.9600067138672,10.484999656677246,86.08000183105469,101.19999694824219,36.900001525878906,7.610000133514404,85.0199966430664,82.80999755859375,10.151000022888184,7.929999828338623,29.610000610351562,89.20999908447266,108.01000213623047,99.94000244140625,96.04000091552734,32.36000061035156,96.5,106.94999694824219,75.9000015258789,88.4800033569336,9.199999809265137,9.859999656677246,40.79999923706055,,38.900001525878906,90.87999725341797,76.7699966430664,95.81999969482422,8.319999694824219,300.0,110.4000015258789,84.86000061035156,3.4800000190734863,9.079999923706055
2024-10-08,9.859999656677246,138.77999877929688,157.49000549316406,107.3499984741211,105.55000305175781,20.02199935913086,104.12794494628906,6.440000057220459,76.16000366210938,65.19999694824219,99.83999633789062,98.86000061035156,82.9000015258789,103.41000366210938,92.01000213623047,86.0,87.1500015258789,7.019999980926514,85.22000122070312,89.08999633789062,51.61000061035156,10.430000305175781,121.06999969482422,109.16999816894531,104.0,5.050000190734863,61.79999923706055,45.029998779296875,129.63999938964844,10.440999984741211,84.2300033569336,100.55000305175781,35.880001068115234,7.630000114440918,83.44999694824219,81.70999908447266,10.170000076293945,7.929999828338623,29.020000457763672,89.4800033569336,106.08999633789062,99.79000091552734,95.4000015258789,31.600000381469727,96.5,106.20999908447266,75.75,88.9800033569336,9.130000114440918,9.829999923706055,40.79999923706055,,38.20000076293945,91.0,78.3499984741211,95.8499984741211,8.140000343322754,300.010009765625,111.0,82.93000030517578,3.430000066757202,9.020000457763672
2024-10-09,9.819999694824219,137.85000610351562,156.6300048828125,106.0999984741211,103.68000030517578,20.077999114990234,104.30726623535156,6.300000190734863,75.0,65.30000305175781,98.19999694824219,98.86000061035156,82.66000366210938,102.69999694824219,91.91000366210938,84.62999725341797,85.70999908447266,6.909999847412109,85.5,88.0999984741211,51.0099983215332,10.369999885559082,120.66000366210938,107.48999786376953,103.69999694824219,5.010000228881836,61.93000030517578,44.779998779296875,128.61000061035156,10.35200023651123,83.0,99.98999786376953,35.15999984741211,7.579999923706055,83.12999725341797,79.37999725341797,10.175000190734863,7.860000133514404,28.989999771118164,88.2300033569336,101.0999984741211,99.20999908447266,95.30000305175781,31.25,96.5,104.5,75.5,88.6500015258789,9.079999923706055,9.859999656677246,40.20000076293945,,37.5,91.0,78.25,95.62000274658203,8.109999656677246,300.0,109.97000122070312,82.3499984741211,3.430000066757202,9.0
2024-10-10,9.770000457763672,136.99000549316406,155.8000030517578,105.12999725341797,101.2699966430664,19.959999084472656,103.78792572021484,6.300000190734863,75.43000030517578,63.63999938964844,97.18000030517578,97.51000213623047,82.25,105.8499984741211,91.30000305175781,85.02999877929688,84.69000244140625,6.739999771118164,85.0,86.91000366210938,50.65999984741211,10.300000190734863,119.43000030517578,107.05000305175781,103.0999984741211,5.0,59.91999816894531,45.0,127.8499984741211,10.333000183105469,82.0199966430664,99.77999877929688,34.70000076293945,7.590000152587891,82.1500015258789,78.25,10.123000144958496,7.760000228881836,28.649999618530273,87.30000305175781,100.3499984741211,97.79000091552734,93.33999633789062,31.010000228881836,96.5,103.47000122070312,74.91000366210938,88.44999694824219,9.020000457763672,9.859999656677246,39.25,,37.099998474121094,91.0,78.0999984741211,95.36000061035156,8.130000114440918,300.1400146484375,110.0,82.16000366210938,3.3399999141693115,8.949999809265137
2024-10-11,9.770000457763672,137.3800048828125,156.22999572753906,105.0999984741211,104.25,20.13800048828125,104.07756042480469,6.290999889373779,75.1500015258789,64.27999877929688,96.66000366210938,97.19999694824219,82.0,104.80000305175781,91.5999984741211,83.95999908447266,83.87000274658203,6.699999809265137,84.73999786376953,86.30000305175781,50.22999954223633,10.279999732971191,118.79000091552734,106.3499984741211,102.97000122070312,5.019999980926514,59.970001220703125,44.79999923706055,128.99000549316406,10.380000114440918,81.51000213623047,100.25,34.54999923706055,7.599999904632568,81.94000244140625,78.0,10.168000221252441,7.710000038146973,28.600000381469727,87.94000244140625,103.37999725341797,98.0199966430664,93.5199966430664,31.209999084472656,96.5,104.36000061035156,74.80999755859375,88.66999816894531,9.0600004196167,9.770000457763672,39.0,,36.77000045776367,92.0,78.30000305175781,95.69999694824219,8.119999885559082,300.3800048828125,108.80000305175781,82.8499984741211,3.3399999141693115,8.970000267028809
2024-10-14,9.770000457763672,139.35000610351562,157.32000732421875,105.80000305175781,103.91999816894531,20.10099983215332,103.89778900146484,6.309999942779541,76.27999877929688,65.91000366210938,96.80000305175781,97.29000091552734,82.7699966430664,104.0999984741211,91.81999969482422,83.23999786376953,84.37999725341797,6.690000057220459,85.02999877929688,86.4000015258789,50.790000915527344,10.300000190734863,120.4000015258789,108.08000183105469,102.5999984741211,5.03000020980835,61.689998626708984,45.0,130.32000732421875,10.477999687194824,81.61000061035156,100.22000122070312,35.0,7.650000095367432,82.80000305175781,79.02999877929688,10.130999565124512,7.679999828338623,28.670000076293945,86.91999816894531,103.70999908447266,97.6500015258789,93.36000061035156,30.93000030517578,96.5,105.3499984741211,76.8499984741211,88.75,8.989999771118164,9.699999809265137,39.20000076293945,,36.630001068115234,92.0,78.19999694824219,95.68000030517578,8.1899995803833,300.010009765625,109.0,82.91000366210938,3.369999885559082,8.989999771118164
2024-10-15,9.760000228881836,139.52999877929688,156.14999389648438,105.80999755859375,102.8499984741211,20.25,104.4670639038086,6.309999942779541,78.0,66.29000091552734,97.0,97.0999984741211,82.5,105.0999984741211,92.3499984741211,83.69999694824219,85.0999984741211,6.71999979019165,85.19999694824219,87.1500015258789,51.0099983215332,10.3100004196167,121.3499984741211,109.7699966430664,102.61000061035156,5.010000228881836,61.33000183105469,45.15999984741211,130.7899932861328,10.484999656677246,80.94999694824219,99.9800033569336,35.119998931884766,7.679999828338623,84.02999877929688,79.3499984741211,10.199000358581543,7.699999809265137,28.780000686645508,87.2300033569336,103.69999694824219,97.98999786376953,94.58999633789062,30.780000686645508,96.5,105.91000366210938,76.33999633789062,88.26000213623047,9.010000228881836,9.59000015258789,39.04999923706055,,36.43000030517578,92.02999877929688,78.5,94.75,8.149999618530273,300.4800109863281,109.33000183105469,82.12000274658203,3.390000104904175,8.989999771118164
2024-10-16,9.760000228881836,140.16000366210938,156.6199951171875,105.9000015258789,103.66000366210938,20.160999298095703,103.9876708984375,6.300000190734863,78.9800033569336,66.88999938964844,97.22000122070312,96.5,83.08000183105469,105.3499984741211,92.0999984741211,83.38999938964844,86.5999984741211,6.690000057220459,84.7300033569336,87.0,51.27000045776367,10.300000190734863,121.9000015258789,109.51000213623047,102.5999984741211,5.050000190734863,62.0,45.45000076293945,128.5,10.470000267028809,83.36000061035156,100.0,35.2400016784668,7.710000038146973,83.86000061035156,79.26000213623047,10.149999618530273,7.710000038146973,28.809999465942383,86.19999694824219,103.79000091552734,98.2699966430664,93.69999694824219,30.610000610351562,96.5,105.45999908447266,76.2699966430664,88.02999877929688,8.979999542236328,9.489999771118164,39.04999923706055,,35.849998474121094,92.52999877929688,79.06999969482422,94.75,8.210000038146973,300.6099853515625,108.83000183105469,81.94999694824219,3.380000114440918,9.020000457763672
2024-10-17,9.710000038146973,140.3000030517578,156.5500030517578,106.02999877929688,103.0,20.226999282836914,104.13999938964844,6.300000190734863,79.2699966430664,67.5,97.73999786376953,96.73999786376953,83.0199966430664,104.55000305175781,91.66999816894531,84.0199966430664,86.33000183105469,6.690000057220459,83.63999938964844,88.4000015258789,51.0,10.239999771118164,121.0,108.47000122070312,102.4800033569336,5.090000152587891,62.79999923706055,44.939998626708984,128.85000610351562,10.399999618530273,83.20999908447266,100.0,34.81999969482422,7.739999771118164,83.72000122070312,78.58000183105469,10.104999542236328,7.71999979019165,28.690000534057617,86.37999725341797,103.08000183105469,98.27999877929688,93.80999755859375,30.389999389648438,96.5,105.33000183105469,76.52999877929688,88.20999908447266,8.979999542236328,9.329999923706055,38.52000045776367,,35.63999938964844,92.36000061035156,78.9800033569336,94.69999694824219,8.109999656677246,300.54998779296875,107.48999786376953,81.47000122070312,3.390000104904175,9.0
2024-10-18,9.779999732971191,139.11000061035156,156.82000732421875,106.5999984741211,102.33999633789062,20.190000534057617,104.05000305175781,6.295000076293945,78.79000091552734,67.72000122070312,97.83999633789062,97.5,82.47000122070312,104.43000030517578,91.9000015258789,83.18000030517578,86.83999633789062,6.659999847412109,84.3499984741211,87.06999969482422,51.20000076293945,10.229999542236328,122.4000015258789,107.37000274658203,102.80000305175781,5.119999885559082,62.97999954223633,44.97999954223633,130.3000030517578,10.425999641418457,82.55999755859375,100.06999969482422,34.63999938964844,7.769999980926514,84.4000015258789,78.41999816894531,10.177000045776367,7.760000228881836,28.760000228881836,86.58999633789062,103.55999755859375,100.8499984741211,93.66999816894531,30.100000381469727,96.5,105.44999694824219,76.87999725341797,88.1500015258789,9.0,9.569999694824219,38.849998474121094,,35.189998626708984,92.72000122070312,79.33999633789062,95.05999755859375,8.130000114440918,301.5,106.0,81.83000183105469,3.3499999046325684,9.050000190734863
2024-10-21,9.720000267028809,138.60000610351562,155.64999389648438,105.08000183105469,102.0,20.121999740600586,103.93000030517578,6.300000190734863,78.29000091552734,67.04000091552734,96.80000305175781,97.5,82.91999816894531,104.27999877929688,91.31999969482422,82.69999694824219,86.19999694824219,6.849999904632568,84.27999877929688,86.8499984741211,50.79999923706055,10.180000305175781,120.43000030517578,107.1500015258789,102.30000305175781,5.010000228881836,61.63999938964844,45.0,128.10000610351562,10.281999588012695,81.55000305175781,100.0,34.5,7.840000152587891,84.0,77.30999755859375,10.053000450134277,7.730000019073486,28.149999618530273,86.12999725341797,102.19999694824219,100.0,94.73999786376953,29.829999923706055,96.5,103.9800033569336,76.12000274658203,85.86000061035156,8.960000038146973,9.630000114440918,38.7599983215332,,35.0,90.54000091552734,78.48999786376953,94.5999984741211,8.1899995803833,303.29998779296875,105.97000122070312,80.9000015258789,3.3499999046325684,8.960000038146973
2024-10-22,9.680000305175781,137.9600067138672,155.58999633789062,104.51000213623047,100.97000122070312,20.06100082397461,103.72000122070312,6.320000171661377,78.9000015258789,65.4000015258789,97.19999694824219,96.94999694824219,81.62999725341797,104.0,91.80000305175781,81.75,85.05999755859375,6.789999961853027,85.0,86.4000015258789,50.900001525878906,10.140000343322754,120.20999908447266,107.16999816894531,101.8499984741211,5.019999980926514,61.40999984741211,44.79999923706055,129.07000732421875,10.227999687194824,81.61000061035156,100.0,33.79999923706055,7.849999904632568,82.69999694824219,77.12000274658203,10.003999710083008,7.679999828338623,28.049999237060547,86.36000061035156,100.30000305175781,99.4000015258789,93.5999984741211,30.040000915527344,96.5,102.0,75.0,85.44999694824219,8.90999984741211,9.569999694824219,38.25,,34.900001525878906,91.88999938964844,78.55999755859375,94.47000122070312,8.15999984741211,301.04998779296875,105.0,81.11000061035156,3.3299999237060547,8.970000267028809
2024-10-23,9.550000190734863,137.1999969482422,154.99000549316406,103.75,100.16000366210938,19.948999404907227,104.19000244140625,6.26200008392334,77.8499984741211,64.87000274658203,95.76000213623047,95.69999694824219,81.3499984741211,103.45999908447266,91.33000183105469,80.48999786376953,83.1500015258789,6.699999809265137,84.41999816894531,85.22000122070312,50.54999923706055,10.079999923706055,120.0,106.0,101.0,5.0,60.7400016784668,44.68000030517578,129.64999389648438,10.107999801635742,81.19000244140625,99.30999755859375,33.0,7.599999904632568,82.1500015258789,75.69000244140625,9.9350004196167,7.639999866485596,28.020000457763672,85.08000183105469,99.16000366210938,99.83999633789062,92.58999633789062,29.959999084472656,96.5,100.94000244140625,74.68000030517578,84.30000305175781,8.75,9.470000267028809,38.150001525878906,,34.54999923706055,91.11000061035156,77.55000305175781,93.98999786376953,7.989999771118164,300.5,104.80000305175781,79.61000061035156,3.319999933242798,8.880000114440918
2024-10-24,9.319999694824219,137.0399932861328,154.3000030517578,103.0,100.3499984741211,19.889999389648438,103.7699966430664,6.249000072479248,77.33999633789062,65.9800033569336,95.58999633789062,95.30000305175781,81.0,103.1500015258789,91.56999969482422,80.75,83.30000305175781,6.619999885559082,83.02999877929688,85.08000183105469,50.369998931884766,10.050000190734863,121.16000366210938,106.36000061035156,100.1500015258789,4.96999979019165,60.86000061035156,44.709999084472656,132.49000549316406,10.015000343322754,80.19999694824219,98.19999694824219,32.93000030517578,7.46999979019165,81.87000274658203,75.5999984741211,9.850000381469727,7.559999942779541,27.799999237060547,84.80000305175781,97.8499984741211,99.66999816894531,91.80999755859375,29.979999542236328,96.5,101.0,74.69000244140625,83.4800033569336,8.779999732971191,9.449999809265137,38.290000915527344,,33.9900016784668,91.87999725341797,77.68000030517578,93.5,7.940000057220459,301.0,104.1500015258789,79.86000061035156,3.3399999141693115,8.859999656677246
2024-10-25,9.510000228881836,138.0,155.35000610351562,103.41000366210938,102.0,19.802000045776367,104.06999969482422,6.25,76.80000305175781,66.01000213623047,95.43000030517578,95.4000015258789,80.36000061035156,104.3499984741211,92.0999984741211,80.73999786376953,84.16000366210938,6.619999885559082,82.63999938964844,85.0999984741211,50.88999938964844,10.1899995803833,122.31999969482422,105.79000091552734,100.05000305175781,5.0,60.5,44.5,133.14999389648438,10.074999809265137,81.0,98.0999984741211,32.619998931884766,7.53000020980835,81.70999908447266,75.4000015258789,9.833000183105469,7.570000171661377,27.81999969482422,85.72000122070312,99.16999816894531,99.98999786376953,92.08999633789062,29.860000610351562,96.5,101.69000244140625,75.0,83.94999694824219,8.960000038146973,9.5,37.0,,34.0,90.55000305175781,78.44999694824219,93.5,7.929999828338623,301.94000244140625,104.41999816894531,80.01000213623047,3.3399999141693115,8.880000114440918
2024-10-28,9.640000343322754,137.6999969482422,154.91000366210938,103.5199966430664,102.5,19.8799991607666,103.61000061035156,6.429999828338623,77.0,66.04000091552734,97.01000213623047,96.19999694824219,81.23999786376953,106.4000015258789,91.4800033569336,81.27999877929688,84.58000183105469,6.679999828338623,82.47000122070312,87.18000030517578,51.86000061035156,10.180000305175781,121.9000015258789,107.23999786376953,100.3499984741211,4.989999771118164,61.599998474121094,44.20000076293945,129.10000610351562,10.24899959564209,80.62999725341797,98.36000061035156,33.2599983215332,7.239999771118164,81.69999694824219,76.95999908447266,9.786999702453613,7.650000095367432,27.700000762939453,85.88999938964844,99.86000061035156,99.98999786376953,92.44000244140625,29.84000015258789,96.5,101.91000366210938,76.0,85.18000030517578,8.899999618530273,9.640000343322754,36.81999969482422,,33.599998474121094,91.5,78.69999694824219,93.33999633789062,8.0,301.04998779296875,103.73999786376953,80.06999969482422,3.319999933242798,8.960000038146973
2024-10-29,9.579999923706055,138.3800048828125,155.33999633789062,103.77999877929688,103.77999877929688,19.764999389648438,103.80000305175781,6.434000015258789,77.16999816894531,66.43000030517578,96.0,95.98999786376953,81.5999984741211,106.6500015258789,91.80999755859375,82.55999755859375,83.55999755859375,6.690000057220459,82.79000091552734,87.66999816894531,52.380001068115234,10.170000076293945,122.31999969482422,107.95999908447266,100.1500015258789,5.050000190734863,62.75,44.189998626708984,132.7899932861328,10.144000053405762,80.5999984741211,98.25,33.09000015258789,7.230000019073486,82.0,75.76000213623047,9.866999626159668,7.78000020980835,27.56999969482422,86.44999694824219,100.29000091552734,99.98999786376953,91.91000366210938,29.950000762939453,96.5,103.5999984741211,75.5,84.68000030517578,8.859999656677246,9.779999732971191,36.75,,33.439998626708984,91.94999694824219,78.75,93.19999694824219,8.100000381469727,304.3999938964844,103.5,80.0,3.319999933242798,8.989999771118164
2024-10-30,9.710000038146973,138.4499969482422,155.69000244140625,103.91999816894531,105.83000183105469,19.799999237060547,104.20999908447266,6.435999870300293,77.33000183105469,67.01000213623047,97.4000015258789,96.87999725341797,81.5999984741211,107.0,91.93000030517578,84.44000244140625,84.18000030517578,6.78000020980835,81.4800033569336,87.0,52.599998474121094,10.199999809265137,122.8499984741211,108.9800033569336,100.41999816894531,5.03000020980835,62.41999816894531,43.970001220703125,132.0,10.14900016784668,80.27999877929688,98.44000244140625,33.0,7.210000038146973,82.19999694824219,76.91000366210938,9.979999542236328,7.800000190734863,27.600000381469727,86.58000183105469,100.69999694824219,100.98999786376953,92.19000244140625,29.700000762939453,96.5,103.22000122070312,76.88999938964844,85.0199966430664,8.880000114440918,9.760000228881836,38.2599983215332,,33.29999923706055,91.69000244140625,78.37999725341797,93.0999984741211,8.069999694824219,304.3500061035156,103.66000366210938,79.61000061035156,3.3399999141693115,9.004581451416016
2024-10-31,9.649999618530273,138.3000030517578,155.85000610351562,103.69999694824219,105.05000305175781,19.774999618530273,104.5199966430664,6.498000144958496,77.1500015258789,67.25,96.94999694824219,96.02999877929688,81.26000213623047,106.11000061035156,91.4800033569336,83.51000213623047,86.08999633789062,6.909999847412109,81.5,87.16000366210938,52.0,10.229999542236328,121.0,107.87999725341797,100.97000122070312,5.099999904632568,62.11000061035156,43.5,134.0,10.149999618530273,79.98999786376953,98.19999694824219,33.0,7.210000038146973,82.95999908447266,76.30000305175781,9.9399995803833,7.78000020980835,27.520000457763672,87.19999694824219,102.18000030517578,100.0,91.81999969482422,29.700000762939453,96.5,103.0,76.16999816894531,83.77999877929688,8.850000381469727,9.8100004196167,39.540000915527344,,33.20000076293945,92.05000305175781,78.80000305175781,93.19000244140625,8.109999656677246,307.5,103.72000122070312,79.4000015258789,3.319999933242798,9.094326972961426
2024-11-01,9.420000076293945,137.3000030517578,154.5,103.41000366210938,103.83999633789062,19.74799919128418,103.1500015258789,6.297999858856201,76.94999694824219,67.01000213623047,97.05000305175781,97.18000030517578,79.72000122070312,105.0,91.51000213623047,83.79000091552734,84.38999938964844,6.75,81.80000305175781,85.5999984741211,52.7400016784668,10.279999732971191,119.4800033569336,106.13999938964844,100.13999938964844,5.03000020980835,61.900001525878906,43.61000061035156,132.86000061035156,10.199999809265137,78.66000366210938,96.05000305175781,32.650001525878906,7.210000038146973,82.0,75.66000366210938,9.859000205993652,7.75,27.709999084472656,85.69999694824219,100.5999984741211,98.62999725341797,92.87000274658203,29.719999313354492,96.5,100.30000305175781,74.79000091552734,84.5999984741211,8.75,9.779999732971191,40.099998474121094,,34.279998779296875,91.0,78.2300033569336,93.68000030517578,7.960000038146973,118.05999755859375,103.41999816894531,80.87999725341797,3.359999895095825,9.054439544677734
2024-11-04,9.270000457763672,137.0,153.02999877929688,103.45999908447266,101.80999755859375,19.677000045776367,103.29000091552734,6.263000011444092,75.87999725341797,67.16000366210938,96.5,96.4800033569336,79.1500015258789,103.58999633789062,90.1500015258789,83.98999786376953,85.9000015258789,6.78000020980835,81.2699966430664,87.0999984741211,52.4900016784668,10.220000267028809,119.13999938964844,105.0,100.08000183105469,4.900000095367432,61.0,43.16999816894531,130.8000030517578,10.1899995803833,78.75,95.76000213623047,32.65999984741211,7.190000057220459,81.16999816894531,75.30000305175781,9.835000038146973,7.840000152587891,27.700000762939453,86.0999984741211,98.52999877929688,98.69999694824219,94.44999694824219,29.709999084472656,96.5,101.5,73.5,85.91999816894531,8.710000038146973,9.739999771118164,41.880001068115234,,34.689998626708984,90.81999969482422,77.9000015258789,94.66999816894531,7.96999979019165,118.01000213623047,103.0999984741211,81.05999755859375,3.3499999046325684,9.074383735656738
2024-11-05,9.3100004196167,136.89999389648438,153.3800048828125,103.5199966430664,103.4800033569336,19.590999603271484,103.20999908447266,6.215000152587891,76.9800033569336,67.5999984741211,97.0199966430664,96.33999633789062,79.61000061035156,103.0,90.58000183105469,84.19999694824219,85.9800033569336,6.760000228881836,81.0199966430664,87.33000183105469,52.91999816894531,10.229999542236328,118.0,104.87000274658203,99.88999938964844,4.929999828338623,60.97999954223633,43.45000076293945,129.69000244140625,10.154999732971191,78.94999694824219,96.0999984741211,32.849998474121094,7.190000057220459,80.7699966430664,75.56999969482422,9.78499984741211,7.829999923706055,27.959999084472656,85.51000213623047,98.94000244140625,97.94999694824219,93.06999969482422,29.639999389648438,96.5,100.22000122070312,74.5199966430664,86.56999969482422,8.729999542236328,9.670000076293945,40.79999923706055,,34.130001068115234,90.75,78.0199966430664,94.8499984741211,7.920000076293945,118.30999755859375,103.01000213623047,80.4000015258789,3.359999895095825,9.054439544677734
2024-11-06,9.279999732971191,136.5500030517578,153.08999633789062,103.19000244140625,102.94999694824219,19.437999725341797,102.94999694824219,6.26800012588501,77.19999694824219,67.75,96.0,95.8499984741211,79.33999633789062,102.5,90.5199966430664,85.2300033569336,85.0,6.800000190734863,80.2699966430664,87.05999755859375,53.130001068115234,10.149999618530273,117.2300033569336,104.30000305175781,99.80000305175781,4.929999828338623,60.13999938964844,44.33000183105469,129.74000549316406,10.119999885559082,77.6500015258789,96.01000213623047,32.939998626708984,7.269999980926514,80.88999938964844,76.7699966430664,9.765000343322754,7.820000171661377,28.1299991607666,85.30000305175781,99.3499984741211,97.66000366210938,93.19999694824219,30.0,96.5,100.08999633789062,75.86000061035156,86.4800033569336,8.6899995803833,9.640000343322754,41.77000045776367,,34.27000045776367,90.04000091552734,77.83000183105469,94.8499984741211,7.900000095367432,118.5,102.94000244140625,80.30000305175781,3.390000104904175,8.994608879089355
2024-11-07,9.220000267028809,136.1199951171875,153.17999267578125,103.01000213623047,102.94999694824219,19.405000686645508,103.5,6.26800012588501,78.80000305175781,68.44999694824219,96.0,96.55999755859375,80.1500015258789,102.38999938964844,90.87000274658203,84.73999786376953,84.5,6.789999961853027,80.68000030517578,87.11000061035156,53.7599983215332,10.180000305175781,116.94999694824219,104.5,99.9000015258789,4.960000038146973,60.189998626708984,44.04999923706055,128.6999969482422,10.09000015258789,77.80000305175781,95.63999938964844,33.38999938964844,7.28000020980835,81.27999877929688,77.5,9.687000274658203,7.860000133514404,28.030000686645508,86.19999694824219,99.5999984741211,98.47000122070312,92.94999694824219,30.0,96.5,99.91000366210938,75.55999755859375,86.5,8.680000305175781,9.630000114440918,41.560001373291016,,34.130001068115234,90.0999984741211,77.8499984741211,94.18000030517578,7.909999847412109,119.3499984741211,102.73999786376953,80.47000122070312,3.4200000762939453,9.064412117004395
2024-11-08,9.319999694824219,137.69000244140625,154.3000030517578,104.13999938964844,102.8499984741211,19.649999618530273,103.30000305175781,6.245999813079834,77.5999984741211,68.0,97.0,97.75,79.44999694824219,103.98999786376953,91.22000122070312,85.2300033569336,84.19000244140625,6.869999885559082,81.72000122070312,87.79000091552734,53.630001068115234,10.170000076293945,116.9800033569336,104.13999938964844,99.9000015258789,5.010000228881836,60.5099983215332,43.869998931884766,128.5399932861328,10.111000061035156,79.6500015258789,95.9000015258789,32.060001373291016,7.28000020980835,80.68000030517578,77.19999694824219,9.701000213623047,7.840000152587891,27.059999465942383,90.19000244140625,98.69999694824219,97.83000183105469,93.79000091552734,29.270000457763672,96.5,100.1500015258789,75.4000015258789,87.30000305175781,8.670000076293945,9.619999885559082,41.56999969482422,,33.20000076293945,90.75,77.87000274658203,95.37999725341797,7.940000057220459,119.05000305175781,102.5999984741211,79.76000213623047,3.3399999141693115,9.079999923706055
2024-11-11,9.270000457763672,135.72000122070312,152.8000030517578,103.75,100.58000183105469,19.570999145507812,102.81999969482422,6.21999979019165,76.16000366210938,67.69000244140625,96.4000015258789,97.18000030517578,78.31999969482422,102.80000305175781,91.0,83.62000274658203,83.91000366210938,6.78000020980835,80.87000274658203,86.19999694824219,53.0,10.149999618530273,116.6500015258789,103.5,100.0,4.989999771118164,59.970001220703125,43.279998779296875,128.30999755859375,10.0649995803833,77.73999786376953,97.05999755859375,31.709999084472656,7.199999809265137,80.0,75.83999633789062,9.611000061035156,7.800000190734863,26.350000381469727,88.62000274658203,98.0999984741211,97.0,94.5,29.200000762939453,96.5,99.30000305175781,74.30000305175781,86.13999938964844,8.550000190734863,9.59000015258789,41.599998474121094,,32.599998474121094,89.91000366210938,77.9800033569336,95.01000213623047,7.949999809265137,119.38999938964844,102.5999984741211,79.37000274658203,3.319999933242798,9.020000457763672
2024-11-12,9.180000305175781,134.9499969482422,152.14999389648438,102.98999786376953,100.0,19.441999435424805,103.0,6.190000057220459,75.9000015258789,65.83000183105469,95.7699966430664,97.0199966430664,77.29000091552734,102.83999633789062,90.83999633789062,83.72000122070312,81.51000213623047,6.650000095367432,80.0,85.7699966430664,52.599998474121094,10.109999656677246,116.44000244140625,103.51000213623047,99.94999694824219,4.940000057220459,60.0,42.79999923706055,128.17999267578125,10.074000358581543,76.5199966430664,96.01000213623047,30.950000762939453,7.179999828338623,79.6500015258789,75.63999938964844,9.598999977111816,7.809999942779541,25.950000762939453,88.69000244140625,97.5999984741211,96.5,92.73999786376953,29.110000610351562,96.5,99.26000213623047,75.23999786376953,85.0,8.470000267028809,9.59000015258789,42.02000045776367,,32.560001373291016,89.38999938964844,77.9000015258789,94.9000015258789,7.909999847412109,119.1500015258789,102.16000366210938,79.26000213623047,3.2699999809265137,9.010000228881836
2024-11-13,9.079999923706055,134.61000061035156,153.0,103.2699966430664,99.94000244140625,19.5,102.9800033569336,6.116000175476074,76.05999755859375,65.19000244140625,95.56999969482422,96.4000015258789,78.0999984741211,102.66000366210938,90.66999816894531,83.6500015258789,81.0999984741211,6.579999923706055,77.68000030517578,85.80000305175781,52.84000015258789,10.100000381469727,115.94999694824219,104.3499984741211,100.0,4.940000057220459,60.0,42.5,126.5,10.019000053405762,77.0,96.08999633789062,30.299999237060547,7.0,79.88999938964844,75.02999877929688,9.5600004196167,7.829999923706055,25.559999465942383,87.80000305175781,97.38999938964844,96.0,92.54000091552734,28.610000610351562,96.5,99.48999786376953,74.8499984741211,85.0,8.430000305175781,9.539999961853027,41.560001373291016,,32.20000076293945,89.5999984741211,76.94000244140625,94.98999786376953,7.869999885559082,119.77999877929688,102.0,79.4000015258789,3.2799999713897705,9.039999961853027
2024-11-14,9.140000343322754,135.25999450683594,154.2899932861328,104.0,99.87999725341797,19.5,103.19999694824219,6.130000114440918,76.0,65.05000305175781,96.80000305175781,97.30000305175781,77.31999969482422,103.48999786376953,90.7699966430664,83.62999725341797,81.61000061035156,6.550000190734863,77.66000366210938,85.77999877929688,53.099998474121094,10.020000457763672,116.76000213623047,103.7300033569336,99.93000030517578,4.929999828338623,60.0,42.38999938964844,125.5999984741211,10.031999588012695,76.2699966430664,96.2699966430664,30.25,7.139999866485596,79.77999877929688,75.37000274658203,9.515000343322754,7.789999961853027,25.860000610351562,87.87000274658203,96.7300033569336,95.6500015258789,91.55000305175781,28.450000762939453,96.5,99.75,74.75,83.91000366210938,8.4399995803833,9.5600004196167,41.130001068115234,,32.650001525878906,89.56999969482422,77.04000091552734,94.88999938964844,7.869999885559082,122.25,102.16000366210938,80.19000244140625,3.2699999809265137,9.050000190734863
2024-11-18,9.199999809265137,134.94000244140625,153.22000122070312,103.29000091552734,101.4000015258789,19.35099983215332,102.9000015258789,6.000999927520752,75.8499984741211,66.30000305175781,95.76000213623047,96.43000030517578,77.4000015258789,102.55000305175781,90.93000030517578,83.55000305175781,82.94999694824219,6.659999847412109,77.5,85.80000305175781,53.61000061035156,10.029999732971191,116.38999938964844,103.5,99.93000030517578,4.960000038146973,60.150001525878906,43.04999923706055,126.16999816894531,10.005000114440918,78.36000061035156,95.69999694824219,30.5,7.079999923706055,80.1500015258789,76.30999755859375,9.579000473022461,7.800000190734863,26.100000381469727,88.4000015258789,98.22000122070312,95.29000091552734,91.3499984741211,28.389999389648438,96.5,100.48999786376953,74.83000183105469,83.9800033569336,8.390000343322754,9.460000038146973,41.20000076293945,,32.79999923706055,88.93000030517578,77.52999877929688,94.23999786376953,7.940000057220459,122.0199966430664,101.8499984741211,80.6500015258789,3.2799999713897705,9.109999656677246
2024-11-19,9.239999771118164,135.1999969482422,154.25,103.55000305175781,101.4000015258789,19.38599967956543,102.9800033569336,6.010000228881836,75.8499984741211,66.25,96.25,97.0999984741211,78.1500015258789,102.4000015258789,90.76000213623047,84.04000091552734,82.47000122070312,6.760000228881836,77.27999877929688,86.18000030517578,53.689998626708984,10.020000457763672,116.4800033569336,103.79000091552734,100.86000061035156,5.0,60.04999923706055,43.029998779296875,124.27999877929688,10.015999794006348,77.19999694824219,95.86000061035156,30.450000762939453,7.079999923706055,80.81999969482422,75.63999938964844,9.619000434875488,7.820000171661377,26.549999237060547,88.5,98.4000015258789,94.69000244140625,91.16000366210938,28.290000915527344,96.5,101.30000305175781,74.5,83.5,8.420000076293945,9.4399995803833,40.5,,32.5,89.5999984741211,78.0,94.04000091552734,7.960000038146973,122.80000305175781,101.8499984741211,80.33999633789062,3.2799999713897705,9.100000381469727
2024-11-21,9.199999809265137,135.38999938964844,154.22999572753906,103.6500015258789,100.81999969482422,19.475000381469727,102.80000305175781,5.998000144958496,75.8499984741211,66.72000122070312,95.23999786376953,96.43000030517578,77.58999633789062,102.61000061035156,90.5999984741211,83.45999908447266,84.0,6.809999942779541,77.7300033569336,85.20999908447266,53.0099983215332,10.029999732971191,116.9000015258789,106.20999908447266,101.5,5.039999961853027,60.65999984741211,43.209999084472656,124.76000213623047,10.03499984741211,77.5999984741211,95.87000274658203,30.780000686645508,7.03000020980835,80.5,76.54000091552734,9.505000114440918,7.880000114440918,27.100000381469727,88.5,98.51000213623047,95.0,90.91999816894531,28.450000762939453,96.5,100.9000015258789,74.05000305175781,82.9800033569336,8.40999984741211,9.380000114440918,41.09000015258789,,32.599998474121094,89.9800033569336,78.12999725341797,94.0999984741211,8.0,124.25,101.8499984741211,78.88999938964844,3.2799999713897705,9.100000381469727
2024-11-22,9.350000381469727,135.39999389648438,154.0399932861328,103.5,100.62999725341797,19.6299991607666,103.73999786376953,6.0,76.0999984741211,67.08999633789062,95.70999908447266,97.08000183105469,78.30000305175781,103.98999786376953,90.81999969482422,83.20999908447266,83.51000213623047,6.820000171661377,78.19999694824219,86.58999633789062,52.54999923706055,10.039999961853027,116.76000213623047,105.68000030517578,102.5,5.010000228881836,60.5,43.599998474121094,130.00999450683594,10.015000343322754,78.47000122070312,96.43000030517578,31.520000457763672,7.03000020980835,80.48999786376953,76.72000122070312,9.529000282287598,7.900000095367432,27.75,88.30999755859375,99.04000091552734,94.69999694824219,91.44000244140625,29.229999542236328,96.5,100.9800033569336,74.51000213623047,83.12999725341797,8.609999656677246,9.470000267028809,39.7599983215332,,33.11000061035156,90.63999938964844,78.04000091552734,93.9000015258789,8.0600004196167,123.5199966430664,104.5,79.20999908447266,3.2799999713897705,9.109999656677246
2024-11-25,9.649999618530273,135.2100067138672,153.3800048828125,102.76000213623047,100.72000122070312,19.849000930786133,103.41000366210938,5.909999847412109,76.5999984741211,67.70999908447266,95.5,96.88999938964844,78.19999694824219,105.69999694824219,90.51000213623047,83.33999633789062,82.75,6.849999904632568,80.1500015258789,86.18000030517578,52.459999084472656,10.069999694824219,116.62000274658203,104.69000244140625,103.23999786376953,5.099999904632568,60.209999084472656,44.25,127.66999816894531,10.031999588012695,78.37000274658203,96.55000305175781,32.5,7.019999980926514,81.29000091552734,76.9000015258789,9.58899974822998,7.900000095367432,27.610000610351562,90.5,98.94999694824219,94.37000274658203,91.95999908447266,29.5,96.5,101.9000015258789,74.55999755859375,83.51000213623047,8.5,9.4399995803833,39.29999923706055,,33.79999923706055,90.08000183105469,78.12000274658203,93.69999694824219,8.130000114440918,122.52999877929688,105.5,79.0,3.2799999713897705,9.050000190734863
2024-11-26,9.4399995803833,135.3000030517578,154.5,102.80000305175781,101.38999938964844,20.150999069213867,103.4000015258789,5.909999847412109,77.29000091552734,68.18000030517578,95.56999969482422,96.5,78.68000030517578,105.19000244140625,90.4000015258789,83.48999786376953,81.93000030517578,6.869999885559082,79.41999816894531,86.29000091552734,52.790000915527344,10.079999923706055,116.5,105.30000305175781,103.69000244140625,5.170000076293945,60.29999923706055,44.58000183105469,125.52999877929688,10.055000305175781,78.94999694824219,96.76000213623047,32.529998779296875,7.03000020980835,80.80999755859375,78.0199966430664,9.503000259399414,7.920000076293945,27.65999984741211,89.94999694824219,99.19999694824219,93.69999694824219,92.02999877929688,29.799999237060547,96.5,100.51000213623047,74.29000091552734,83.05999755859375,8.520000457763672,9.479999542236328,40.0,,32.90999984741211,89.5,78.13999938964844,93.69000244140625,8.25,122.0,107.29000091552734,78.80999755859375,3.2799999713897705,9.0
2024-11-27,9.350000381469727,134.4499969482422,153.6999969482422,102.0,100.0,20.100000381469727,103.4000015258789,5.889999866485596,77.12000274658203,67.55000305175781,94.7699966430664,96.12000274658203,78.3499984741211,104.25,90.33000183105469,82.5199966430664,80.76000213623047,6.75,78.05999755859375,85.30999755859375,51.689998626708984,10.069999694824219,115.9800033569336,106.4000015258789,103.33000183105469,5.119999885559082,60.060001373291016,44.77000045776367,126.63999938964844,10.0,77.44999694824219,96.26000213623047,32.560001373291016,6.989999771118164,80.97000122070312,77.94999694824219,9.545999526977539,7.880000114440918,27.610000610351562,89.55000305175781,98.80999755859375,93.33000183105469,90.87000274658203,29.31999969482422,96.5,99.95999908447266,74.5999984741211,83.04000091552734,8.4399995803833,9.399999618530273,41.959999084472656,,33.0,90.37000274658203,77.83000183105469,94.05000305175781,8.260000228881836,122.30000305175781,106.2699966430664,78.5,3.2799999713897705,9.0
2024-11-28,9.300000190734863,132.74000549316406,153.0,100.25,98.02999877929688,19.500999450683594,103.62999725341797,5.864999771118164,76.0,66.25,94.54000091552734,95.0,77.2699966430664,102.58000183105469,90.55999755859375,82.48999786376953,80.5999984741211,6.619999885559082,76.98999786376953,83.75,50.599998474121094,10.029999732971191,115.52999877929688,102.0,101.79000091552734,5.03000020980835,58.52000045776367,43.29999923706055,124.31999969482422,9.979000091552734,74.94999694824219,95.98999786376953,31.530000686645508,6.869999885559082,80.41000366210938,76.0999984741211,9.449000358581543,7.820000171661377,26.969999313354492,88.69000244140625,97.69999694824219,94.4000015258789,89.9800033569336,28.81999969482422,96.5,98.77999877929688,72.94999694824219,81.25,8.479999542236328,9.350000381469727,42.75,,32.97999954223633,89.83000183105469,77.5,93.87999725341797,8.0600004196167,122.9800033569336,105.44000244140625,78.30000305175781,3.259999990463257,8.880000114440918
2024-11-29,9.380000114440918,131.8000030517578,152.25,100.51000213623047,97.13999938964844,19.301000595092773,104.12000274658203,5.849999904632568,76.30000305175781,66.44000244140625,94.0,95.0,77.26000213623047,102.30000305175781,90.7300033569336,82.0,80.1500015258789,6.739999771118164,77.04000091552734,82.80000305175781,49.9900016784668,10.079999923706055,115.5199966430664,100.30000305175781,102.80000305175781,5.0,57.95000076293945,42.58000183105469,133.0,9.967000007629395,74.01000213623047,97.0,30.65999984741211,6.889999866485596,80.20999908447266,76.33999633789062,9.486000061035156,7.829999923706055,26.1299991607666,89.26000213623047,97.63999938964844,94.5999984741211,90.08999633789062,28.3799991607666,96.5,97.52999877929688,71.05999755859375,82.0,8.619999885559082,9.4399995803833,44.52000045776367,,32.400001525878906,90.23999786376953,77.94000244140625,93.63999938964844,7.940000057220459,122.55000305175781,105.51000213623047,78.44999694824219,3.2899999618530273,8.899999618530273
2024-12-02,9.260000228881836,128.6199951171875,148.0,99.0,96.30000305175781,18.7189998626709,102.4000015258789,5.742000102996826,75.0999984741211,66.04000091552734,90.27999877929688,93.5,75.9000015258789,100.11000061035156,89.13999938964844,81.7699966430664,81.29000091552734,6.579999923706055,76.77999877929688,80.62999725341797,50.29999923706055,10.039999961853027,113.63999938964844,97.80000305175781,99.83999633789062,4.940000057220459,57.79999923706055,42.150001525878906,122.23999786376953,9.975000381469727,73.8499984741211,94.81999969482422,31.25,6.75,78.0,73.44999694824219,9.144000053405762,7.610000133514404,26.149999618530273,86.97000122070312,95.6500015258789,92.76000213623047,89.8499984741211,28.25,96.5,94.20999908447266,69.69999694824219,80.62999725341797,8.529999732971191,9.5,43.5,,31.700000762939453,88.80000305175781,75.80000305175781,92.94999694824219,7.820000171661377,120.5,105.12999725341797,76.5199966430664,3.2899999618530273,8.640000343322754
2024-12-03,9.289999961853027,128.05999755859375,145.1999969482422,97.08000183105469,93.0999984741211,18.650999069213867,102.30000305175781,5.671999931335449,74.54000091552734,65.2300033569336,89.1500015258789,91.11000061035156,75.55000305175781,99.5,88.0,80.52999877929688,81.70999908447266,6.579999923706055,75.12999725341797,78.93000030517578,49.970001220703125,9.970000267028809,112.37999725341797,96.0,99.44999694824219,4.800000190734863,57.5,41.849998474121094,121.91999816894531,9.989999771118164,73.27999877929688,93.72000122070312,31.170000076293945,6.71999979019165,76.9000015258789,72.37999725341797,8.895000457763672,7.590000152587891,25.959999084472656,86.1500015258789,94.80000305175781,91.0,89.0,28.25,96.5,93.13999938964844,68.5,78.9000015258789,8.670000076293945,9.460000038146973,43.150001525878906,,31.549999237060547,88.05999755859375,75.44999694824219,92.45999908447266,7.659999847412109,121.91999816894531,104.9000015258789,74.7699966430664,3.299999952316284,8.550000190734863
2024-12-04,9.180000305175781,126.97000122070312,142.77999877929688,94.05000305175781,90.30000305175781,18.049999237060547,102.01000213623047,5.550000190734863,73.6500015258789,64.98999786376953,88.58999633789062,89.66999816894531,73.0,96.93000030517578,88.54000091552734,79.73999786376953,81.04000091552734,6.389999866485596,73.5999984741211,77.70999908447266,49.81999969482422,9.729999542236328,111.0,96.0999984741211,97.20999908447266,4.840000152587891,56.349998474121094,41.5,117.98999786376953,9.791000366210938,72.1500015258789,92.3499984741211,30.649999618530273,6.630000114440918,75.1500015258789,71.9000015258789,8.645000457763672,7.309999942779541,25.5,85.69999694824219,91.26000213623047,89.5,87.01000213623047,28.139999389648438,96.5,91.69999694824219,67.51000213623047,77.0,8.25,9.279999732971191,42.09000015258789,,30.850000381469727,87.51000213623047,74.62000274658203,91.5999984741211,7.579999923706055,120.4000015258789,104.0,72.0,3.299999952316284,8.319999694824219
2024-12-05,9.050000190734863,125.06999969482422,142.82000732421875,91.19999694824219,87.30999755859375,18.0,99.05000305175781,5.510000228881836,71.5,63.849998474121094,87.91999816894531,86.44999694824219,70.30000305175781,93.5,86.44000244140625,76.48999786376953,78.19999694824219,6.309999942779541,74.16000366210938,74.13999938964844,50.400001525878906,9.59000015258789,109.62000274658203,96.06999969482422,93.5,4.769999980926514,55.20000076293945,41.619998931884766,115.91000366210938,9.406000137329102,69.69000244140625,90.08000183105469,30.649999618530273,6.489999771118164,74.11000061035156,70.80000305175781,8.470000267028809,7.199999809265137,25.100000381469727,85.45999908447266,88.5999984741211,85.22000122070312,84.08999633789062,27.959999084472656,96.5,89.33000183105469,67.44000244140625,74.81999969482422,8.229999542236328,9.020000457763672,42.88999938964844,,30.15999984741211,79.45999908447266,72.55999755859375,90.41000366210938,7.610000133514404,120.45999908447266,101.0,68.5,3.299999952316284,8.199999809265137
2024-12-06,9.239999771118164,128.0,149.6699981689453,96.91999816894531,92.33999633789062,18.489999771118164,100.87000274658203,5.480000019073486,72.33000183105469,63.9900016784668,91.44000244140625,91.30000305175781,71.19999694824219,98.41000366210938,88.0,79.8499984741211,80.08999633789062,6.309999942779541,75.04000091552734,75.7699966430664,50.5,9.65999984741211,113.4000015258789,95.91999816894531,95.9000015258789,4.900000095367432,56.04999923706055,41.029998779296875,115.88999938964844,9.545000076293945,70.55999755859375,92.58000183105469,30.799999237060547,6.559999942779541,74.66999816894531,72.0,8.45300006866455,7.199999809265137,25.260000228881836,86.73999786376953,90.01000213623047,90.69000244140625,83.0,28.0,96.5,90.47000122070312,69.20999908447266,73.91000366210938,7.960000038146973,9.109999656677246,42.5099983215332,,27.0,80.83999633789062,73.61000061035156,90.87000274658203,7.78000020980835,120.80000305175781,102.98999786376953,71.13999938964844,3.309999942779541,8.630000114440918
2024-12-09,9.100000381469727,131.52999877929688,151.77999877929688,96.62000274658203,88.91000366210938,18.513999938964844,100.33999633789062,5.480000019073486,70.12000274658203,62.79999923706055,91.19999694824219,92.0,71.20999908447266,97.98999786376953,88.5999984741211,78.19999694824219,80.02999877929688,6.25,75.87000274658203,73.5999984741211,48.86000061035156,9.5,112.95999908447266,96.0,94.44999694824219,4.699999809265137,55.209999084472656,40.599998474121094,112.51000213623047,9.656000137329102,70.77999877929688,91.4000015258789,29.049999237060547,6.480000019073486,73.37000274658203,71.16000366210938,8.460000038146973,7.070000171661377,23.5,85.02999877929688,89.0,86.0999984741211,82.44999694824219,27.219999313354492,96.5,91.48999786376953,69.1500015258789,71.86000061035156,8.149999618530273,8.989999771118164,43.040000915527344,,27.989999771118164,80.05999755859375,73.4000015258789,90.62999725341797,7.599999904632568,120.48999786376953,102.54000091552734,71.11000061035156,3.190000057220459,8.1899995803833
2024-12-10,9.050000190734863,130.66000366210938,149.6199951171875,95.5,86.30999755859375,18.100000381469727,98.94000244140625,5.46999979019165,68.58000183105469,62.869998931884766,89.8499984741211,89.80000305175781,70.0,95.02999877929688,88.94999694824219,77.05000305175781,80.2300033569336,6.199999809265137,74.83999633789062,72.81999969482422,49.29999923706055,9.529999732971191,111.33999633789062,94.04000091552734,94.62000274658203,4.739999771118164,55.79999923706055,40.20000076293945,112.0,9.557000160217285,70.30000305175781,89.9800033569336,27.780000686645508,6.46999979019165,70.12999725341797,71.29000091552734,8.359000205993652,6.960000038146973,22.510000228881836,84.08999633789062,87.30000305175781,84.5999984741211,80.69999694824219,26.709999084472656,96.5,91.05000305175781,67.5999984741211,71.30999755859375,8.020000457763672,8.800000190734863,42.47999954223633,,27.31999969482422,79.5,72.01000213623047,88.94999694824219,7.489999771118164,121.9000015258789,101.37999725341797,70.29000091552734,3.130000114440918,8.180000305175781
2024-12-11,9.020000457763672,130.8699951171875,149.0,96.05000305175781,87.9800033569336,18.141000747680664,96.4000015258789,5.400000095367432,67.38999938964844,60.810001373291016,89.44999694824219,90.0,69.58999633789062,94.75,88.44999694824219,77.68000030517578,80.19999694824219,6.010000228881836,72.19000244140625,72.66999816894531,49.2400016784668,9.449999809265137,111.3499984741211,94.80999755859375,94.1500015258789,4.78000020980835,56.400001525878906,40.0,111.80000305175781,9.505000114440918,69.93000030517578,89.01000213623047,26.25,6.590000152587891,70.83999633789062,69.7699966430664,8.213000297546387,6.96999979019165,18.440000534057617,83.88999938964844,86.30000305175781,84.38999938964844,79.11000061035156,26.469999313354492,96.5,91.3499984741211,66.18000030517578,70.6500015258789,7.920000076293945,8.789999961853027,42.029998779296875,,26.100000381469727,80.58999633789062,71.30000305175781,88.66999816894531,7.409999847412109,120.05999755859375,102.1500015258789,69.5,2.950000047683716,8.279999732971191
2024-12-12,8.979999542236328,130.0,149.4600067138672,96.93000030517578,89.95999908447266,17.83300018310547,97.80000305175781,5.369999885559082,66.94000244140625,60.060001373291016,90.12999725341797,90.80000305175781,70.1500015258789,96.0,88.31999969482422,76.83999633789062,80.0,5.96999979019165,70.1500015258789,72.41000366210938,49.25,9.449999809265137,109.93000030517578,96.36000061035156,95.87999725341797,4.619999885559082,56.189998626708984,39.709999084472656,111.27999877929688,9.553999900817871,71.54000091552734,90.4000015258789,25.059999465942383,6.519999980926514,71.18000030517578,70.36000061035156,8.170999526977539,6.820000171661377,17.65999984741211,82.8499984741211,85.55000305175781,84.48999786376953,78.80000305175781,26.010000228881836,96.5,92.33999633789062,65.0999984741211,70.48999786376953,7.96999979019165,8.760000228881836,40.900001525878906,,25.149999618530273,80.26000213623047,70.80000305175781,87.44999694824219,7.400000095367432,121.05000305175781,100.66999816894531,70.5999984741211,2.7899999618530273,8.119999885559082
2024-12-13,9.079999923706055,131.97999572753906,151.36000061035156,97.6500015258789,92.0,18.111000061035156,98.30999755859375,5.400000095367432,69.63999938964844,60.29999923706055,90.36000061035156,90.87999725341797,72.0199966430664,98.69000244140625,88.0999984741211,75.80000305175781,80.19999694824219,5.989999771118164,72.25,72.66999816894531,49.06999969482422,9.569999694824219,110.98999786376953,97.0999984741211,97.0999984741211,4.550000190734863,57.720001220703125,40.13999938964844,114.5999984741211,9.70199966430664,74.04000091552734,90.44999694824219,26.8799991607666,6.460000038146973,72.12000274658203,70.83999633789062,8.199999809265137,7.059999942779541,18.440000534057617,83.16999816894531,88.9000015258789,84.3499984741211,78.5999984741211,26.479999542236328,96.5,91.44000244140625,65.94000244140625,71.05999755859375,8.029999732971191,8.829999923706055,40.04999923706055,,25.600000381469727,81.38999938964844,71.02999877929688,89.69999694824219,7.349999904632568,123.4800033569336,99.69000244140625,71.0,2.9600000381469727,8.199999809265137
2024-12-16,9.100000381469727,131.92999267578125,150.6999969482422,97.37999725341797,92.0,18.070999145507812,97.72000122070312,5.434999942779541,70.0,60.04999923706055,91.01000213623047,88.55000305175781,72.0999984741211,98.5,86.70999908447266,75.0,79.91999816894531,6.099999904632568,70.5,72.77999877929688,49.369998931884766,9.390000343322754,110.25,98.13999938964844,97.9800033569336,4.510000228881836,57.95000076293945,40.290000915527344,114.97000122070312,9.696999549865723,72.75,90.0,26.25,6.309999942779541,71.8499984741211,70.80000305175781,8.319999694824219,7.050000190734863,18.510000228881836,82.38999938964844,87.5999984741211,83.0999984741211,78.77999877929688,26.0,96.5,91.0,66.23999786376953,70.2699966430664,8.050000190734863,8.720000267028809,38.95000076293945,,26.31999969482422,82.55999755859375,70.66000366210938,87.56999969482422,7.050000190734863,122.51000213623047,99.83999633789062,70.58999633789062,3.0,8.130000114440918
2024-12-17,8.979999542236328,131.39999389648438,148.80999755859375,94.95999908447266,91.55999755859375,18.014999389648438,96.87000274658203,5.369999885559082,68.4800033569336,59.36000061035156,89.33000183105469,87.12999725341797,70.5,96.41999816894531,86.30000305175781,75.01000213623047,78.44000244140625,6.039999961853027,68.98999786376953,72.19999694824219,49.130001068115234,9.220000267028809,109.0999984741211,97.36000061035156,98.25,4.5,56.52000045776367,40.15999984741211,116.56999969482422,9.612000465393066,70.31999969482422,89.3499984741211,26.25,6.170000076293945,71.69999694824219,69.0,8.199999809265137,6.880000114440918,17.809999465942383,81.30000305175781,84.0999984741211,82.4000015258789,78.26000213623047,25.850000381469727,96.5,89.41000366210938,65.51000213623047,68.55000305175781,8.109999656677246,8.529999732971191,39.02000045776367,,26.139999389648438,82.9000015258789,70.11000061035156,85.5999984741211,6.96999979019165,124.0,98.48999786376953,69.83999633789062,2.990000009536743,8.079999923706055
2024-12-18,8.899999618530273,129.6999969482422,145.52000427246094,92.80999755859375,89.61000061035156,17.875,96.30999755859375,5.308000087738037,66.79000091552734,58.5,88.30000305175781,87.41999816894531,68.30000305175781,94.9000015258789,86.45999908447266,73.8499984741211,76.62999725341797,5.980000019073486,68.0,71.5999984741211,48.599998474121094,9.079999923706055,108.69000244140625,96.7300033569336,96.13999938964844,4.440000057220459,55.84000015258789,39.5,112.54000091552734,9.468999862670898,68.38999938964844,86.4000015258789,25.899999618530273,6.110000133514404,70.54000091552734,67.5,8.121000289916992,6.809999942779541,17.190000534057617,80.5,83.73999786376953,80.94999694824219,77.43000030517578,25.0,96.5,88.5999984741211,65.12999725341797,68.0,7.96999979019165,8.300000190734863,40.33000183105469,,25.479999542236328,82.27999877929688,67.69000244140625,84.44999694824219,6.869999885559082,123.72000122070312,97.5999984741211,67.41999816894531,2.9700000286102295,8.010000228881836
2024-12-19,8.850000381469727,130.00999450683594,148.0500030517578,92.30999755859375,89.19999694824219,17.750999450683594,96.5,5.396999835968018,65.2699966430664,58.22999954223633,87.79000091552734,87.43000030517578,67.87000274658203,95.0,85.93000030517578,72.69999694824219,75.41999816894531,5.949999809265137,68.13999938964844,70.05999755859375,48.130001068115234,9.380000114440918,108.25,95.97000122070312,95.73999786376953,4.5,55.27000045776367,38.93000030517578,111.4000015258789,9.489999771118164,68.37000274658203,88.97000122070312,25.040000915527344,6.289999961853027,70.72000122070312,68.4800033569336,8.081000328063965,6.610000133514404,16.780000686645508,79.51000213623047,80.4000015258789,80.75,77.91000366210938,24.389999389648438,96.5,88.66000366210938,65.05999755859375,66.98999786376953,7.96999979019165,8.359999656677246,41.0,,25.479999542236328,82.87000274658203,66.5,82.05999755859375,6.900000095367432,122.8499984741211,96.98999786376953,68.41999816894531,2.950000047683716,7.900000095367432
2024-12-20,8.859999656677246,132.5,152.6999969482422,95.16999816894531,91.38999938964844,18.030000686645508,97.45999908447266,5.449999809265137,67.19999694824219,59.08000183105469,90.0,88.75,71.5,99.9800033569336,87.3499984741211,73.8499984741211,78.69999694824219,6.059999942779541,70.69999694824219,71.66999816894531,50.099998474121094,9.449999809265137,113.3499984741211,96.11000061035156,98.69999694824219,4.739999771118164,56.52000045776367,40.470001220703125,112.79000091552734,9.67199993133545,72.08999633789062,92.47000122070312,25.899999618530273,6.340000152587891,73.58000183105469,68.97000122070312,8.295999526977539,6.860000133514404,16.559999465942383,80.94999694824219,82.01000213623047,81.5,79.86000061035156,24.459999084472656,96.5,93.5,65.73999786376953,67.33000183105469,8.300000190734863,8.479999542236328,41.0,,25.479999542236328,82.83999633789062,67.48999786376953,83.29000091552734,7.289999961853027,124.19999694824219,97.0,72.0999984741211,2.9800000190734863,8.079999923706055
2024-12-23,8.989999771118164,136.10000610351562,155.58999633789062,97.5,92.72000122070312,18.29599952697754,99.94000244140625,5.474999904632568,70.27999877929688,61.18000030517578,94.0199966430664,94.0,72.0,101.94999694824219,88.41999816894531,75.88999938964844,79.0,6.170000076293945,77.08999633789062,74.5,50.16999816894531,9.819999694824219,115.0999984741211,99.1500015258789,101.19999694824219,4.949999809265137,58.06999969482422,41.41999816894531,115.77999877929688,9.947999954223633,73.7300033569336,93.30000305175781,25.899999618530273,6.440000057220459,76.9000015258789,70.11000061035156,8.25,7.28000020980835,16.969999313354492,83.5,83.0199966430664,83.72000122070312,81.5199966430664,25.360000610351562,96.5,95.8499984741211,66.31999969482422,71.80000305175781,8.390000343322754,8.770000457763672,42.209999084472656,,26.079999923706055,83.80000305175781,70.73999786376953,86.02999877929688,7.630000114440918,125.0,98.05000305175781,71.91000366210938,3.0,8.289999961853027
2024-12-26,9.100000381469727,135.3300018310547,154.66000366210938,98.7300033569336,95.66000366210938,18.47599983215332,102.58999633789062,5.599999904632568,74.63999938964844,61.65999984741211,93.68000030517578,94.52999877929688,73.33000183105469,103.81999969482422,89.20999908447266,76.93000030517578,81.75,6.389999866485596,77.72000122070312,74.5999984741211,50.16999816894531,9.800000190734863,117.0,99.3499984741211,101.80000305175781,4.929999828338623,57.970001220703125,41.43000030517578,119.97000122070312,10.04699993133545,75.58000183105469,93.7300033569336,27.6200008392334,6.5,77.0999984741211,71.68000030517578,8.597999572753906,7.53000020980835,17.399999618530273,85.13999938964844,86.68000030517578,85.05000305175781,85.05999755859375,28.100000381469727,96.5,95.80000305175781,68.37999725341797,74.37999725341797,8.449999809265137,9.050000190734863,43.310001373291016,,25.989999771118164,85.30000305175781,72.19999694824219,87.29000091552734,7.909999847412109,128.0,98.4000015258789,72.94000244140625,3.0,8.5
2024-12-27,9.329999923706055,136.97999572753906,156.0,99.37000274658203,97.98999786376953,19.1200008392334,103.08999633789062,5.760000228881836,74.5,63.59000015258789,94.0199966430664,93.80000305175781,74.69000244140625,104.9000015258789,90.16999816894531,79.4000015258789,81.30999755859375,6.460000038146973,77.94999694824219,73.9800033569336,49.22999954223633,9.880000114440918,117.9000015258789,100.3499984741211,101.77999877929688,4.989999771118164,57.709999084472656,41.630001068115234,124.0,10.104999542236328,76.5,95.8499984741211,27.799999237060547,6.849999904632568,78.80999755859375,72.4000015258789,9.079000473022461,7.539999961853027,17.959999084472656,85.9000015258789,88.5,92.0,85.6500015258789,28.239999771118164,96.5,97.19999694824219,70.3499984741211,75.87999725341797,8.75,9.15999984741211,43.15999984741211,,25.84000015258789,87.88999938964844,73.33000183105469,90.0,8.020000457763672,128.91000366210938,101.9000015258789,76.9000015258789,3.059999942779541,8.699999809265137
2024-12-30,9.369999885559082,136.89999389648438,156.1300048828125,97.66999816894531,97.05999755859375,18.607999801635742,102.98999786376953,5.7789998054504395,74.54000091552734,62.810001373291016,94.0999984741211,93.86000061035156,74.5999984741211,103.5999984741211,90.30000305175781,80.4000015258789,82.75,6.400000095367432,79.30999755859375,72.91000366210938,49.95000076293945,9.850000381469727,117.93000030517578,101.98999786376953,102.94000244140625,4.989999771118164,57.029998779296875,41.560001373291016,125.56999969482422,10.074999809265137,76.55000305175781,97.0,29.239999771118164,6.829999923706055,79.0999984741211,70.95999908447266,8.899999618530273,7.619999885559082,18.1200008392334,86.26000213623047,88.29000091552734,93.37999725341797,88.56999969482422,28.0,96.5,97.11000061035156,71.22000122070312,76.5199966430664,8.829999923706055,9.289999961853027,42.20000076293945,,26.040000915527344,87.0,74.0,90.55000305175781,7.849999904632568,127.86000061035156,102.4000015258789,78.16000366210938,3.140000104904175,8.5
2025-01-02,9.260000228881836,137.0,154.63999938964844,98.44999694824219,96.22000122070312,18.80500030517578,101.75,5.699999809265137,74.20999908447266,63.29999923706055,91.83000183105469,94.54000091552734,73.4000015258789,101.05000305175781,88.80999755859375,80.9000015258789,81.98999786376953,6.519999980926514,79.79000091552734,72.88999938964844,49.31999969482422,9.949999809265137,116.6500015258789,102.9000015258789,100.0,4.829999923706055,57.2400016784668,41.66999816894531,135.89999389648438,10.0600004196167,76.80000305175781,93.68000030517578,30.690000534057617,6.75,78.8499984741211,70.27999877929688,8.631999969482422,7.389999866485596,17.75,85.37999725341797,86.80999755859375,90.44000244140625,87.27999877929688,28.299999237060547,96.5,97.4000015258789,69.05000305175781,75.83000183105469,8.75,9.319999694824219,42.220001220703125,,26.520000457763672,85.2699966430664,71.3499984741211,91.43000030517578,7.699999809265137,127.37999725341797,100.9800033569336,75.0,3.130000114440918,8.460000038146973
2025-01-03,9.3100004196167,136.02999877929688,154.0,97.7300033569336,95.0,18.545000076293945,103.87000274658203,5.708000183105469,74.20999908447266,63.70000076293945,93.20999908447266,94.66000366210938,73.36000061035156,101.19999694824219,89.80999755859375,80.0,82.29000091552734,6.46999979019165,78.98999786376953,70.69999694824219,49.86000061035156,9.699999809265137,116.31999969482422,99.5,99.66999816894531,4.550000190734863,56.33000183105469,40.779998779296875,129.0,10.055000305175781,77.25,93.25,30.280000686645508,6.78000020980835,78.80000305175781,69.91999816894531,8.814000129699707,7.5,19.219999313354492,84.94000244140625,87.83999633789062,90.6500015258789,87.0,28.690000534057617,96.5,96.75,68.62999725341797,75.02999877929688,8.550000190734863,9.329999923706055,41.86000061035156,,27.0,85.30999755859375,73.2699966430664,91.23999786376953,7.679999828338623,125.7300033569336,99.61000061035156,75.05000305175781,3.130000114440918,8.369999885559082
2025-01-06,9.369999885559082,136.50999450683594,152.75,98.7300033569336,95.98999786376953,18.797000885009766,102.86000061035156,5.666999816894531,75.11000061035156,63.689998626708984,92.16999816894531,94.69999694824219,72.91999816894531,100.13999938964844,89.81999969482422,80.55000305175781,82.02999877929688,6.550000190734863,78.83000183105469,71.08999633789062,50.54999923706055,9.460000038146973,116.91999816894531,100.01000213623047,99.98999786376953,4.599999904632568,56.349998474121094,40.88999938964844,132.8000030517578,10.048999786376953,77.94000244140625,92.4800033569336,30.079999923706055,6.760000228881836,79.19999694824219,69.94999694824219,8.760000228881836,7.489999771118164,18.459999084472656,85.2300033569336,87.36000061035156,91.0,86.80000305175781,28.700000762939453,96.5,96.12999725341797,70.4000015258789,75.45999908447266,8.619999885559082,9.420000076293945,42.599998474121094,,26.81999969482422,85.27999877929688,71.52999877929688,90.7300033569336,7.71999979019165,126.08000183105469,99.80999755859375,74.5,3.0799999237060547,8.3100004196167
2025-01-07,9.4399995803833,137.33999633789062,151.0,98.5,96.16000366210938,18.577999114990234,101.30000305175781,5.699999809265137,75.12999725341797,63.790000915527344,92.69999694824219,95.81999969482422,71.19000244140625,99.94000244140625,89.77999877929688,80.9000015258789,80.36000061035156,6.5,78.7300033569336,72.44999694824219,51.20000076293945,9.279999732971191,116.0,99.18000030517578,99.75,4.71999979019165,56.720001220703125,40.91999816894531,126.25,10.218999862670898,77.68000030517578,92.0999984741211,30.030000686645508,6.769999980926514,78.16999816894531,71.01000213623047,8.366999626159668,7.559999942779541,18.520000457763672,86.11000061035156,87.66000366210938,91.0,88.9000015258789,28.600000381469727,96.5,97.76000213623047,71.2300033569336,75.5199966430664,8.729999542236328,9.399999618530273,42.689998626708984,,26.739999771118164,85.13999938964844,70.5999984741211,92.30999755859375,7.590000152587891,125.0999984741211,98.5,75.5999984741211,3.0899999141693115,8.34000015258789
2025-01-08,9.420000076293945,134.39999389648438,149.80999755859375,97.0,95.20999908447266,18.264999389648438,101.3499984741211,5.574999809265137,75.0199966430664,63.34000015258789,91.69999694824219,95.1500015258789,71.20999908447266,97.9000015258789,87.87999725341797,79.05999755859375,81.1500015258789,6.480000019073486,77.2699966430664,72.11000061035156,50.220001220703125,9.220000267028809,113.45999908447266,98.69999694824219,99.5,4.659999847412109,56.290000915527344,40.90999984741211,123.0,10.15999984741211,76.61000061035156,92.63999938964844,29.610000610351562,6.820000171661377,78.5,71.5199966430664,8.300000190734863,7.480000019073486,17.850000381469727,84.69999694824219,85.2300033569336,90.7300033569336,87.5,28.5,96.5,97.2300033569336,68.26000213623047,74.5,8.579999923706055,9.420000076293945,43.20000076293945,,26.479999542236328,84.25,70.33000183105469,92.26000213623047,7.550000190734863,122.05999755859375,97.48999786376953,74.20999908447266,3.009999990463257,8.380000114440918
2025-01-09,9.329999923706055,131.9499969482422,149.22999572753906,97.0199966430664,93.33999633789062,18.266000747680664,100.9000015258789,5.585000038146973,73.0,63.70000076293945,91.66000366210938,94.33999633789062,70.05999755859375,98.5199966430664,88.30999755859375,78.4000015258789,81.80000305175781,6.449999809265137,77.05000305175781,72.4000015258789,49.099998474121094,9.199999809265137,114.13999938964844,96.63999938964844,98.87000274658203,4.610000133514404,55.560001373291016,40.060001373291016,119.16000366210938,10.109000205993652,75.75,93.0999984741211,28.950000762939453,6.659999847412109,77.91999816894531,70.73999786376953,8.272000312805176,7.460000038146973,20.18000030517578,84.30000305175781,83.12999725341797,89.76000213623047,87.4000015258789,27.09000015258789,96.5,95.20999908447266,68.38999938964844,74.7699966430664,8.399999618530273,9.399999618530273,42.75,,26.329999923706055,84.81999969482422,70.4000015258789,91.37999725341797,7.5,123.0,96.43000030517578,73.77999877929688,2.9700000286102295,8.329999923706055
2025-01-10,9.350000381469727,131.22999572753906,150.6999969482422,98.19000244140625,91.68000030517578,18.292999267578125,102.5999984741211,5.545000076293945,73.29000091552734,64.0999984741211,92.19999694824219,95.51000213623047,71.48999786376953,97.33999633789062,89.0999984741211,78.9000015258789,81.81999969482422,6.510000228881836,77.0,71.9000015258789,48.81999969482422,9.199999809265137,113.9000015258789,94.95999908447266,97.1500015258789,4.590000152587891,55.54999923706055,39.65999984741211,115.19999694824219,10.137999534606934,75.16999816894531,94.4000015258789,28.889999389648438,6.630000114440918,75.5199966430664,70.0999984741211,8.225000381469727,7.460000038146973,19.850000381469727,84.56999969482422,84.02999877929688,89.12000274658203,87.44999694824219,27.360000610351562,96.5,96.0,68.38999938964844,72.44000244140625,8.550000190734863,9.420000076293945,42.91999816894531,,26.75,84.7699966430664,71.04000091552734,92.0,7.550000190734863,123.5,92.30999755859375,75.02999877929688,2.950000047683716,8.220000267028809
2025-01-13,9.199999809265137,132.0800018310547,150.42999267578125,97.8499984741211,93.02999877929688,18.267000198364258,102.06999969482422,5.479000091552734,73.3499984741211,62.790000915527344,91.5,95.44999694824219,71.12999725341797,95.9000015258789,88.9000015258789,78.19999694824219,80.31999969482422,6.409999847412109,76.97000122070312,72.47000122070312,48.09000015258789,9.100000381469727,114.48999786376953,95.0999984741211,97.91999816894531,4.519999980926514,55.84000015258789,40.22999954223633,116.62999725341797,10.189000129699707,73.87000274658203,93.7300033569336,28.510000228881836,6.570000171661377,76.0,70.75,8.194999694824219,7.400000095367432,19.25,84.61000061035156,85.0,88.9000015258789,86.22000122070312,27.040000915527344,96.5,96.83999633789062,68.38999938964844,73.20999908447266,8.399999618530273,9.359999656677246,43.15999984741211,,26.739999771118164,86.19999694824219,71.0,91.94999694824219,7.269999980926514,123.12000274658203,92.7300033569336,74.0,2.9000000953674316,8.239999771118164
2025-01-14,9.25,132.6199951171875,149.5800018310547,98.37000274658203,94.81999969482422,18.20599937438965,102.05000305175781,5.480000019073486,73.30999755859375,63.150001525878906,91.25,95.48999786376953,71.69999694824219,96.5,88.38999938964844,76.2699966430664,80.26000213623047,6.360000133514404,75.94999694824219,72.30000305175781,48.0099983215332,9.15999984741211,113.55000305175781,96.0,98.0,4.539999961853027,55.5,40.459999084472656,116.05000305175781,10.109999656677246,75.7699966430664,93.5,28.239999771118164,6.389999866485596,76.12000274658203,70.04000091552734,8.133999824523926,7.389999866485596,19.209999084472656,83.44999694824219,85.0,87.87999725341797,86.02999877929688,27.040000915527344,96.5,96.05999755859375,68.87999725341797,72.94999694824219,8.430000305175781,9.170000076293945,43.029998779296875,,26.719999313354492,85.0999984741211,70.44999694824219,91.48999786376953,7.230000019073486,123.93000030517578,92.93000030517578,74.04000091552734,2.9200000762939453,8.180000305175781
2025-01-15,9.390000343322754,134.0800018310547,151.14999389648438,98.80000305175781,96.55000305175781,18.209999084472656,102.77999877929688,5.46999979019165,73.33999633789062,63.849998474121094,92.11000061035156,95.4000015258789,71.37000274658203,100.45999908447266,89.95999908447266,77.0999984741211,80.80999755859375,6.449999809265137,79.9800033569336,72.48999786376953,50.400001525878906,9.239999771118164,115.0,95.87000274658203,99.91000366210938,4.860000133514404,55.470001220703125,40.20000076293945,117.16000366210938,10.125,75.9800033569336,93.06999969482422,28.760000228881836,6.46999979019165,77.33000183105469,70.55000305175781,8.170000076293945,7.389999866485596,19.520000457763672,83.69000244140625,86.70999908447266,87.37000274658203,85.19999694824219,27.360000610351562,96.5,96.7699966430664,69.4000015258789,74.9800033569336,8.489999771118164,9.180000305175781,43.099998474121094,,27.0,85.81999969482422,70.87000274658203,91.97000122070312,7.289999961853027,124.0,93.0,73.1500015258789,2.940000057220459,8.1899995803833
2025-01-16,9.3100004196167,134.75999450683594,152.27999877929688,99.36000061035156,95.79000091552734,18.211000442504883,102.77999877929688,5.380000114440918,73.80000305175781,63.18000030517578,92.41999816894531,93.62000274658203,72.80000305175781,99.20999908447266,89.33999633789062,77.86000061035156,79.8499984741211,6.389999866485596,77.6500015258789,73.13999938964844,49.900001525878906,9.180000305175781,114.97000122070312,96.11000061035156,100.94000244140625,4.75,53.970001220703125,40.0,117.91999816894531,10.074999809265137,74.55000305175781,92.37000274658203,29.049999237060547,6.46999979019165,77.69999694824219,70.20999908447266,8.126999855041504,7.429999828338623,19.760000228881836,83.9000015258789,86.05000305175781,88.94999694824219,85.0,27.969999313354492,96.5,94.19999694824219,69.68000030517578,74.87999725341797,8.40999984741211,9.170000076293945,44.88999938964844,,26.770000457763672,85.0,70.8499984741211,90.44999694824219,7.25,124.01000213623047,94.20999908447266,73.79000091552734,2.950000047683716,8.220000267028809
2025-01-17,9.140000343322754,132.64999389648438,149.8000030517578,96.05999755859375,93.68000030517578,18.011999130249023,102.41999816894531,5.349999904632568,72.26000213623047,62.70000076293945,90.95999908447266,91.6500015258789,71.63999938964844,98.5999984741211,88.69999694824219,76.38999938964844,79.0199966430664,6.380000114440918,75.11000061035156,71.5999984741211,47.70000076293945,9.15999984741211,113.9800033569336,94.9000015258789,100.0199966430664,4.769999980926514,52.900001525878906,39.75,116.47000122070312,9.880000114440918,71.80999755859375,90.86000061035156,28.68000030517578,6.320000171661377,75.5,69.5999984741211,8.093999862670898,7.329999923706055,20.309999465942383,82.25,84.29000091552734,87.20999908447266,83.5,27.780000686645508,96.5,94.29000091552734,68.70999908447266,72.95999908447266,8.369999885559082,9.039999961853027,44.9900016784668,,26.969999313354492,84.5,69.63999938964844,90.0,7.179999828338623,123.83000183105469,93.0999984741211,71.72000122070312,2.940000057220459,8.140000343322754
2025-01-20,9.09000015258789,132.3000030517578,149.8000030517578,96.05000305175781,94.30000305175781,17.922000885009766,103.33999633789062,5.348999977111816,72.83000183105469,62.25,91.5,91.7699966430664,71.97000122070312,98.08000183105469,87.5,76.70999908447266,79.88999938964844,6.340000152587891,76.55000305175781,70.97000122070312,47.27000045776367,9.210000038146973,113.01000213623047,94.98999786376953,99.08000183105469,4.71999979019165,53.150001525878906,39.709999084472656,120.19999694824219,9.847999572753906,70.86000061035156,90.41000366210938,28.709999084472656,6.289999961853027,76.31999969482422,69.30000305175781,8.074999809265137,7.179999828338623,21.579999923706055,82.48999786376953,84.2300033569336,87.19999694824219,84.98999786376953,27.770000457763672,96.5,93.1500015258789,67.79000091552734,72.98999786376953,8.420000076293945,9.010000228881836,45.54999923706055,,26.780000686645508,84.44000244140625,70.02999877929688,89.6500015258789,7.409999847412109,127.22000122070312,90.4000015258789,71.22000122070312,2.950000047683716,8.0
2025-01-21,9.100000381469727,131.85000610351562,149.4499969482422,95.1500015258789,94.25,17.822999954223633,102.37999725341797,5.298999786376953,72.8499984741211,62.29999923706055,90.9000015258789,91.51000213623047,71.11000061035156,98.0,86.76000213623047,75.19000244140625,77.86000061035156,6.400000095367432,74.0,71.30000305175781,47.150001525878906,9.220000267028809,113.0,93.5999984741211,98.2300033569336,4.710000038146973,52.849998474121094,39.70000076293945,117.38999938964844,9.869999885559082,70.0,89.56999969482422,28.270000457763672,6.380000114440918,76.0,68.62999725341797,8.005000114440918,7.159999847412109,21.770000457763672,81.12000274658203,81.75,86.56999969482422,83.01000213623047,27.700000762939453,96.5,89.44000244140625,66.9000015258789,73.23999786376953,8.220000267028809,9.020000457763672,44.400001525878906,,26.670000076293945,82.0199966430664,70.0,89.0,7.489999771118164,125.5,90.4800033569336,71.29000091552734,2.930000066757202,7.840000152587891
2025-01-22,9.069999694824219,131.3000030517578,150.00999450683594,95.58999633789062,93.94000244140625,17.839000701904297,102.0,5.260000228881836,71.58999633789062,62.06999969482422,91.0,91.11000061035156,70.66999816894531,97.01000213623047,86.30999755859375,75.0199966430664,76.81999969482422,6.309999942779541,73.2699966430664,72.1500015258789,46.9900016784668,9.300000190734863,113.0,93.51000213623047,98.7300033569336,4.679999828338623,53.040000915527344,39.72999954223633,119.79000091552734,9.859999656677246,69.55999755859375,88.68000030517578,28.600000381469727,6.28000020980835,75.72000122070312,67.69999694824219,8.00100040435791,7.099999904632568,22.950000762939453,82.25,81.5,86.68000030517578,81.51000213623047,27.829999923706055,96.5,91.29000091552734,67.0,73.97000122070312,8.25,9.100000381469727,45.0099983215332,,26.549999237060547,82.94000244140625,70.0999984741211,89.0,7.440000057220459,125.01000213623047,90.44000244140625,70.20999908447266,2.9100000858306885,7.889999866485596
2025-01-23,9.050000190734863,129.55999755859375,148.4199981689453,95.56999969482422,93.9800033569336,17.739999771118164,102.08000183105469,5.238999843597412,71.0,62.0099983215332,90.80000305175781,90.91999816894531,70.5,96.08000183105469,85.5999984741211,73.9000015258789,76.0,6.199999809265137,73.48999786376953,70.75,46.5099983215332,9.1899995803833,112.81999969482422,93.5199966430664,98.01000213623047,4.659999847412109,53.029998779296875,39.599998474121094,116.16000366210938,9.805000305175781,68.68000030517578,88.4800033569336,29.670000076293945,6.300000190734863,75.52999877929688,67.19999694824219,7.980000019073486,7.079999923706055,23.700000762939453,82.56999969482422,80.94999694824219,86.79000091552734,82.4000015258789,27.489999771118164,96.5,90.5,65.5999984741211,73.69000244140625,8.239999771118164,9.039999961853027,44.709999084472656,,27.0,82.87999725341797,69.06999969482422,89.0,7.440000057220459,126.27999877929688,91.97000122070312,70.66999816894531,2.890000104904175,7.920000076293945
2025-01-24,9.15999984741211,131.14999389648438,149.39999389648438,95.01000213623047,94.0999984741211,17.586000442504883,101.80000305175781,5.269999980926514,71.05000305175781,62.599998474121094,91.13999938964844,91.80999755859375,70.87999725341797,95.77999877929688,85.33000183105469,73.68000030517578,75.12000274658203,6.28000020980835,73.31999969482422,71.8499984741211,46.79999923706055,9.199999809265137,113.79000091552734,94.41999816894531,98.95999908447266,4.739999771118164,53.33000183105469,39.16999816894531,117.04000091552734,9.855999946594238,69.79000091552734,88.12000274658203,28.899999618530273,6.269999980926514,75.75,67.83999633789062,7.980000019073486,7.170000076293945,23.190000534057617,82.54000091552734,80.80000305175781,86.0,82.44000244140625,27.1200008392334,96.5,89.5999984741211,65.69999694824219,74.41000366210938,8.229999542236328,9.020000457763672,45.599998474121094,,27.729999542236328,83.87999725341797,68.69999694824219,88.22000122070312,7.550000190734863,124.2699966430664,92.7300033569336,70.51000213623047,2.9200000762939453,7.889999866485596
2025-01-27,9.100000381469727,129.5,149.3000030517578,96.1500015258789,94.30000305175781,17.625,102.06999969482422,5.300000190734863,70.69999694824219,61.95000076293945,91.11000061035156,90.91000366210938,70.91000366210938,96.08999633789062,84.62999725341797,73.44000244140625,74.87999725341797,6.179999828338623,71.80000305175781,72.88999938964844,45.52000045776367,9.220000267028809,112.86000061035156,94.01000213623047,99.01000213623047,4.670000076293945,52.97999954223633,39.4900016784668,118.05999755859375,9.855999946594238,70.62000274658203,88.43000030517578,28.739999771118164,6.170000076293945,74.97000122070312,67.75,7.998000144958496,7.019999980926514,22.889999389648438,82.62999725341797,80.38999938964844,85.05000305175781,80.5199966430664,26.979999542236328,96.5,89.80000305175781,65.2699966430664,74.0,8.100000381469727,8.989999771118164,46.459999084472656,,28.790000915527344,83.70999908447266,68.5999984741211,88.75,7.559999942779541,124.25,94.20999908447266,71.19000244140625,2.880000114440918,7.860000133514404
2025-01-28,9.069999694824219,129.60000610351562,148.2100067138672,95.91999816894531,94.12999725341797,17.458999633789062,101.33000183105469,5.2779998779296875,71.44999694824219,61.72999954223633,90.0,91.25,69.7699966430664,93.19000244140625,84.16000366210938,72.33000183105469,74.5,6.139999866485596,72.83999633789062,73.19999694824219,45.400001525878906,9.220000267028809,112.20999908447266,93.95999908447266,98.63999938964844,4.599999904632568,52.599998474121094,39.29999923706055,116.13999938964844,9.791999816894531,71.80999755859375,88.0,28.100000381469727,6.150000095367432,75.13999938964844,66.70999908447266,7.929999828338623,7.050000190734863,22.329999923706055,82.30000305175781,80.12999725341797,83.98999786376953,79.69999694824219,27.649999618530273,96.5,89.5,64.51000213623047,72.69999694824219,8.0,9.0,46.130001068115234,,29.389999389648438,83.0,68.05999755859375,88.62000274658203,7.559999942779541,124.0,92.80000305175781,71.19999694824219,2.869999885559082,7.889999866485596
2025-01-29,9.069999694824219,129.13999938964844,148.67999267578125,96.19999694824219,93.98999786376953,17.601999282836914,101.45999908447266,5.28000020980835,71.30000305175781,61.04999923706055,89.0999984741211,92.0,69.72000122070312,94.06999969482422,84.72000122070312,72.22000122070312,74.19999694824219,6.079999923706055,71.30000305175781,73.58000183105469,45.380001068115234,9.199999809265137,111.26000213623047,94.25,99.0,4.590000152587891,52.45000076293945,39.529998779296875,116.37999725341797,9.800000190734863,71.4800033569336,88.29000091552734,28.219999313354492,6.130000114440918,75.75,67.05000305175781,7.910999774932861,7.0,22.229999542236328,82.80000305175781,80.58000183105469,82.75,79.30999755859375,27.850000381469727,96.5,88.66000366210938,64.80000305175781,71.69000244140625,7.96999979019165,8.970000267028809,45.79999923706055,,29.15999984741211,83.05999755859375,67.86000061035156,86.69000244140625,7.579999923706055,124.62000274658203,94.0999984741211,71.54000091552734,2.9200000762939453,7.849999904632568
2025-01-30,9.140000343322754,129.1999969482422,149.89999389648438,97.9800033569336,94.29000091552734,17.591999053955078,102.16000366210938,5.285999774932861,70.8499984741211,62.0,90.0,92.88999938964844,70.25,97.0,85.93000030517578,74.01000213623047,74.43000030517578,6.190000057220459,73.0,73.97000122070312,45.20000076293945,9.3100004196167,111.41999816894531,94.3499984741211,100.0,4.710000038146973,53.130001068115234,39.86000061035156,117.2300033569336,9.817999839782715,72.41999816894531,88.93000030517578,28.139999389648438,6.150000095367432,77.08999633789062,67.5999984741211,7.9730000495910645,7.099999904632568,21.989999771118164,83.06999969482422,81.0,81.66999816894531,80.44999694824219,28.06999969482422,96.5,88.83999633789062,65.0,72.19999694824219,8.079999923706055,8.890000343322754,45.47999954223633,,29.020000457763672,83.30000305175781,67.79000091552734,87.0,7.579999923706055,125.98999786376953,94.19999694824219,71.98999786376953,2.9200000762939453,7.860000133514404
2025-01-31,9.210000038146973,131.0,152.25,97.5,95.9800033569336,17.70199966430664,102.0,5.39900016784668,72.54000091552734,62.11000061035156,91.1500015258789,94.30000305175781,71.9000015258789,99.05000305175781,85.88999938964844,74.11000061035156,74.5,6.289999961853027,75.1500015258789,73.27999877929688,45.380001068115234,9.350000381469727,111.55000305175781,95.23999786376953,100.5199966430664,4.75,53.7400016784668,39.939998626708984,117.5,9.947999954223633,71.61000061035156,89.38999938964844,28.489999771118164,6.210000038146973,78.0,68.30000305175781,8.003000259399414,7.139999866485596,22.829999923706055,83.5,81.27999877929688,81.0,83.5,28.200000762939453,96.5,91.7699966430664,66.01000213623047,73.29000091552734,8.130000114440918,8.989999771118164,45.130001068115234,,29.520000457763672,83.30000305175781,67.97000122070312,87.91999816894531,7.460000038146973,126.48999786376953,94.19999694824219,72.11000061035156,2.940000057220459,7.869999885559082
2025-02-03,9.029999732971191,129.55999755859375,149.60000610351562,97.44999694824219,94.58999633789062,17.45199966430664,100.88999938964844,5.193999767303467,71.5999984741211,62.36000061035156,90.0,92.4800033569336,70.02999877929688,95.0,84.45999908447266,73.73999786376953,74.62999725341797,6.239999771118164,75.20999908447266,71.69000244140625,45.650001525878906,9.229999542236328,111.12000274658203,94.19999694824219,97.76000213623047,4.650000095367432,51.93000030517578,39.939998626708984,113.73999786376953,9.654999732971191,69.77999877929688,88.4000015258789,28.649999618530273,6.190000057220459,76.3499984741211,67.48999786376953,7.888999938964844,7.0,23.079999923706055,80.41000366210938,77.06999969482422,78.5999984741211,83.30000305175781,28.030000686645508,96.5,90.0,64.9000015258789,70.04000091552734,8.300000190734863,9.010000228881836,44.95000076293945,,29.219999313354492,82.98999786376953,67.01000213623047,88.5,7.420000076293945,125.95999908447266,91.12999725341797,70.68000030517578,2.930000066757202,7.800000190734863
2025-02-04,9.0,129.75999450683594,149.7899932861328,96.5,95.0,17.476999282836914,99.62999725341797,5.179999828338623,71.9000015258789,63.29999923706055,91.81999969482422,94.33000183105469,71.08999633789062,95.37999725341797,84.01000213623047,72.95999908447266,75.1500015258789,6.199999809265137,74.52999877929688,71.7300033569336,45.09000015258789,9.220000267028809,111.70999908447266,95.70999908447266,98.30000305175781,4.599999904632568,51.93000030517578,39.630001068115234,114.87000274658203,9.734999656677246,70.48999786376953,88.5,29.09000015258789,6.210000038146973,75.27999877929688,66.0999984741211,7.869999885559082,6.809999942779541,23.889999389648438,79.94999694824219,75.5999984741211,76.23999786376953,82.69000244140625,27.940000534057617,96.5,88.5999984741211,64.30999755859375,70.37999725341797,8.100000381469727,9.020000457763672,44.68000030517578,,28.729999542236328,81.81999969482422,67.16000366210938,89.80999755859375,7.380000114440918,126.0199966430664,88.98999786376953,71.19999694824219,2.9100000858306885,7.820000171661377
2025-02-05,8.970000267028809,130.6699981689453,149.17999267578125,97.94999694824219,94.30999755859375,17.474000930786133,99.94999694824219,5.198999881744385,71.80000305175781,62.810001373291016,89.94000244140625,93.54000091552734,70.77999877929688,95.41999816894531,83.79000091552734,73.51000213623047,75.44999694824219,6.159999847412109,75.30000305175781,71.62000274658203,45.0,9.180000305175781,111.43000030517578,94.93000030517578,98.2300033569336,4.619999885559082,51.54999923706055,39.79999923706055,116.0,9.633000373840332,70.98999786376953,88.08999633789062,28.969999313354492,6.199999809265137,74.66000366210938,65.9000015258789,7.860000133514404,6.71999979019165,23.059999465942383,80.44000244140625,75.93000030517578,75.4000015258789,83.94999694824219,27.799999237060547,96.5,88.0,63.38999938964844,70.44999694824219,8.069999694824219,9.069999694824219,44.45000076293945,,28.729999542236328,81.0,66.56999969482422,88.01000213623047,7.349999904632568,127.12999725341797,90.29000091552734,72.0,2.9200000762939453,7.889999866485596
2025-02-06,8.989999771118164,130.69000244140625,149.6999969482422,97.9800033569336,94.70999908447266,17.399999618530273,100.19000244140625,5.172999858856201,72.0999984741211,61.88999938964844,89.63999938964844,93.69999694824219,71.83999633789062,94.62999725341797,84.19999694824219,73.51000213623047,75.25,6.230000019073486,74.5,72.30000305175781,42.58000183105469,9.180000305175781,111.70999908447266,95.0,98.91999816894531,4.670000076293945,51.279998779296875,39.790000915527344,116.0,9.619999885559082,71.19000244140625,87.5,29.170000076293945,6.25,74.18000030517578,65.69999694824219,7.849999904632568,6.800000190734863,22.760000228881836,80.19000244140625,75.25,73.77999877929688,84.01000213623047,27.31999969482422,96.5,88.95999908447266,63.41999816894531,70.95999908447266,8.109999656677246,9.109999656677246,43.79999923706055,,28.639999389648438,80.5999984741211,65.80999755859375,88.0,7.309999942779541,128.0,89.98999786376953,71.27999877929688,2.930000066757202,7.920000076293945
2025-02-07,8.989999771118164,131.50999450683594,149.10000610351562,97.94000244140625,95.0,17.489999771118164,100.0999984741211,5.195000171661377,72.5199966430664,62.52000045776367,91.0,93.83999633789062,72.36000061035156,95.48999786376953,85.19000244140625,74.6500015258789,76.05000305175781,6.159999847412109,77.19999694824219,73.02999877929688,41.70000076293945,9.119999885559082,111.5999984741211,95.79000091552734,99.3499984741211,4.400000095367432,51.65999984741211,39.81999969482422,116.98999786376953,9.625,72.2300033569336,87.5,29.329999923706055,6.380000114440918,73.80999755859375,66.3499984741211,7.86299991607666,6.860000133514404,22.030000686645508,81.19999694824219,75.31999969482422,73.1500015258789,84.81999969482422,27.559999465942383,96.5,90.47000122070312,63.9900016784668,70.51000213623047,8.119999885559082,9.100000381469727,44.900001525878906,,28.700000762939453,80.16000366210938,66.0,87.75,7.289999961853027,128.3000030517578,90.48999786376953,71.41000366210938,2.930000066757202,7.909999847412109
2025-02-10,8.989999771118164,129.97000122070312,148.02000427246094,98.06999969482422,93.41999816894531,17.54800033569336,99.75,5.107999801635742,72.5199966430664,62.79999923706055,89.55000305175781,94.5,71.80000305175781,94.98999786376953,85.05000305175781,74.19999694824219,76.05000305175781,6.400000095367432,77.0,72.73999786376953,41.70000076293945,9.09000015258789,110.6500015258789,94.61000061035156,97.51000213623047,4.539999961853027,51.939998626708984,39.81999969482422,114.36000061035156,9.619999885559082,71.41999816894531,90.55999755859375,29.329999923706055,6.309999942779541,74.30000305175781,66.9000015258789,7.820000171661377,6.96999979019165,22.030000686645508,82.75,75.8499984741211,73.19999694824219,84.33999633789062,27.559999465942383,96.5,88.87000274658203,64.12000274658203,71.91999816894531,8.109999656677246,9.1899995803833,44.400001525878906,,28.700000762939453,80.70999908447266,67.19999694824219,87.52999877929688,7.269999980926514,127.2300033569336,89.0,72.30000305175781,2.930000066757202,7.909999847412109
2025-02-11,8.960000038146973,129.60000610351562,147.8000030517578,97.80000305175781,94.26000213623047,17.45599937438965,99.6500015258789,5.120999813079834,71.05000305175781,62.5,90.0,94.77999877929688,72.81999969482422,94.70999908447266,85.33000183105469,75.01000213623047,75.44000244140625,6.369999885559082,77.4000015258789,72.22000122070312,39.83000183105469,9.100000381469727,110.97000122070312,94.7300033569336,98.1500015258789,4.739999771118164,51.150001525878906,39.369998931884766,114.29000091552734,9.619999885559082,72.4000015258789,90.1500015258789,27.5,6.320000171661377,74.87000274658203,66.91000366210938,7.7789998054504395,7.010000228881836,21.010000228881836,81.30000305175781,75.4000015258789,72.79000091552734,84.83999633789062,26.959999084472656,96.5,90.05999755859375,64.7300033569336,71.23999786376953,8.050000190734863,9.109999656677246,44.5,,28.479999542236328,80.68000030517578,66.83000183105469,88.61000061035156,7.320000171661377,126.0,89.4800033569336,71.77999877929688,2.890000104904175,7.869999885559082
2025-02-12,8.949999809265137,130.32000732421875,147.99000549316406,98.06999969482422,94.29000091552734,17.5,99.4000015258789,5.139999866485596,70.87999725341797,61.189998626708984,90.30999755859375,94.88999938964844,71.75,95.0,85.94000244140625,75.38999938964844,76.47000122070312,6.139999866485596,77.0,72.80000305175781,40.130001068115234,9.130000114440918,110.30000305175781,94.5,98.19999694824219,4.550000190734863,51.599998474121094,39.400001525878906,114.37000274658203,9.788999557495117,71.62000274658203,90.19000244140625,27.200000762939453,6.309999942779541,74.37999725341797,67.23999786376953,7.715000152587891,7.039999961853027,21.690000534057617,81.0,75.1500015258789,76.0,84.18000030517578,26.899999618530273,96.5,90.22000122070312,64.55999755859375,72.11000061035156,8.100000381469727,9.140000343322754,44.220001220703125,,27.850000381469727,80.69000244140625,66.20999908447266,87.80999755859375,7.300000190734863,128.13999938964844,89.47000122070312,72.37999725341797,2.869999885559082,7.840000152587891
2025-02-13,8.920000076293945,130.0,147.8300018310547,98.0,93.68000030517578,17.49799919128418,99.27999877929688,5.199999809265137,70.30000305175781,60.54999923706055,90.16000366210938,94.11000061035156,71.5,94.86000061035156,86.43000030517578,74.81999969482422,76.0,6.090000152587891,75.80000305175781,72.19999694824219,39.22999954223633,9.149999618530273,110.19999694824219,93.79000091552734,98.0999984741211,4.489999771118164,51.22999954223633,39.2400016784668,114.5,9.800000190734863,71.19999694824219,90.91000366210938,27.149999618530273,6.179999828338623,73.5999984741211,67.16000366210938,7.672999858856201,7.059999942779541,20.979999542236328,81.30000305175781,75.11000061035156,76.22000122070312,83.76000213623047,26.760000228881836,96.5,91.1500015258789,64.7699966430664,71.7300033569336,8.079999923706055,9.020000457763672,45.7599983215332,,28.030000686645508,80.9000015258789,65.77999877929688,88.38999938964844,7.329999923706055,126.55999755859375,89.29000091552734,72.37000274658203,2.880000114440918,7.869999885559082
2025-02-14,9.0,131.74000549316406,149.08999633789062,98.0999984741211,94.69999694824219,17.49799919128418,99.66999816894531,5.2210001945495605,70.30000305175781,60.900001525878906,90.23999786376953,94.80000305175781,72.38999938964844,95.16000366210938,85.93000030517578,75.93000030517578,76.55999755859375,6.119999885559082,76.4000015258789,72.9800033569336,41.900001525878906,9.229999542236328,111.63999938964844,94.12999725341797,98.91999816894531,4.53000020980835,51.79999923706055,39.470001220703125,114.31999969482422,9.88599967956543,71.95999908447266,91.0,27.350000381469727,6.21999979019165,73.79000091552734,68.48999786376953,7.699999809265137,7.159999847412109,21.459999084472656,81.86000061035156,75.5,77.0,84.69999694824219,27.350000381469727,96.5,92.30999755859375,65.47000122070312,73.25,8.109999656677246,9.130000114440918,45.41999816894531,,28.290000915527344,80.69999694824219,65.87000274658203,88.8499984741211,7.489999771118164,126.55999755859375,89.7300033569336,72.68000030517578,2.9000000953674316,7.869999885559082
2025-02-17,9.029999732971191,133.27999877929688,149.88999938964844,98.73999786376953,95.2699966430664,17.53700065612793,99.9800033569336,5.318999767303467,72.25,61.18000030517578,92.2699966430664,94.80000305175781,73.52999877929688,97.94999694824219,86.2699966430664,75.94999694824219,77.37999725341797,6.150000095367432,76.5199966430664,74.0199966430664,41.650001525878906,9.300000190734863,114.33999633789062,94.51000213623047,99.83999633789062,4.550000190734863,52.77000045776367,39.36000061035156,114.5,9.821999549865723,72.9800033569336,93.26000213623047,27.559999465942383,6.25,73.98999786376953,69.83000183105469,7.730000019073486,7.269999980926514,21.700000762939453,82.80000305175781,76.23999786376953,77.11000061035156,85.44000244140625,27.510000228881836,96.5,93.61000061035156,66.87000274658203,75.54000091552734,8.220000267028809,9.15999984741211,46.2599983215332,,28.360000610351562,80.25,67.01000213623047,88.8499984741211,7.420000076293945,128.1999969482422,89.44999694824219,72.9800033569336,2.9000000953674316,7.949999809265137
2025-02-18,9.039999961853027,133.49000549316406,150.02000427246094,98.94999694824219,95.16999816894531,17.594999313354492,100.9800033569336,5.348999977111816,74.05999755859375,61.75,93.18000030517578,94.94000244140625,73.4000015258789,97.62999725341797,87.05000305175781,76.58000183105469,77.97000122070312,6.210000038146973,76.44999694824219,74.0,41.0099983215332,9.3100004196167,115.98999786376953,96.0,99.75,4.570000171661377,53.56999969482422,39.4900016784668,115.27999877929688,9.829000473022461,73.19999694824219,92.36000061035156,27.969999313354492,6.25,74.0,69.9000015258789,7.75600004196167,7.340000152587891,21.920000076293945,83.54000091552734,76.97000122070312,78.44999694824219,86.69999694824219,28.020000457763672,96.5,93.0,68.0,76.4000015258789,8.210000038146973,9.239999771118164,45.0099983215332,,28.6299991607666,80.47000122070312,68.55000305175781,88.19999694824219,7.559999942779541,128.1999969482422,89.2300033569336,72.98999786376953,2.9000000953674316,8.020000457763672
2025-02-19,9.100000381469727,133.91000366210938,149.4199981689453,97.63999938964844,95.88999938964844,17.593000411987305,99.97000122070312,5.289999961853027,74.5,61.91999816894531,93.7699966430664,95.0999984741211,73.56999969482422,97.83999633789062,86.66000366210938,75.37000274658203,78.0,6.099999904632568,76.19000244140625,74.93000030517578,40.060001373291016,9.300000190734863,113.93000030517578,98.23999786376953,100.0,4.559999942779541,54.220001220703125,39.369998931884766,121.91000366210938,9.668000221252441,72.0,93.04000091552734,27.729999542236328,6.179999828338623,73.9800033569336,70.55000305175781,7.72599983215332,7.170000076293945,21.899999618530273,83.77999877929688,77.37999725341797,78.48999786376953,87.0999984741211,29.25,96.5,93.25,68.1500015258789,75.4800033569336,8.270000457763672,9.1899995803833,45.5,,28.420000076293945,80.37999725341797,70.7300033569336,88.01000213623047,7.590000152587891,128.0,89.58000183105469,72.75,2.890000104904175,8.079999923706055
2025-02-20,9.1899995803833,134.83999633789062,149.67999267578125,96.76000213623047,96.66000366210938,17.624000549316406,100.23999786376953,5.300000190734863,75.12000274658203,61.779998779296875,94.19000244140625,95.62999725341797,74.77999877929688,98.4000015258789,86.95999908447266,76.02999877929688,78.2699966430664,6.050000190734863,76.36000061035156,76.88999938964844,40.38999938964844,9.279999732971191,112.80000305175781,99.54000091552734,100.41999816894531,4.53000020980835,54.15999984741211,39.869998931884766,115.4800033569336,9.65999984741211,72.5,94.9000015258789,27.940000534057617,6.170000076293945,74.0999984741211,71.4000015258789,7.781000137329102,7.090000152587891,22.139999389648438,84.05999755859375,79.55000305175781,82.25,87.37000274658203,29.799999237060547,96.5,93.02999877929688,67.0199966430664,77.13999938964844,8.289999961853027,9.220000267028809,47.560001373291016,,28.600000381469727,79.9000015258789,70.0199966430664,88.4000015258789,7.579999923706055,128.11000061035156,89.5999984741211,73.36000061035156,2.890000104904175,8.100000381469727
2025-02-21,9.119999885559082,135.94000244140625,152.1199951171875,97.13999938964844,97.80000305175781,17.878999710083008,101.25,5.349999904632568,75.01000213623047,62.790000915527344,96.26000213623047,96.18000030517578,75.69000244140625,101.0,87.5,78.13999938964844,78.73999786376953,6.099999904632568,76.58999633789062,76.06999969482422,39.9900016784668,9.369999885559082,114.98999786376953,100.69999694824219,100.83999633789062,4.590000152587891,56.70000076293945,40.029998779296875,115.94999694824219,9.652999877929688,72.66999816894531,94.12999725341797,28.489999771118164,6.190000057220459,74.77999877929688,71.8499984741211,7.869999885559082,7.199999809265137,22.600000381469727,84.45999908447266,80.80999755859375,81.5999984741211,88.0,29.959999084472656,96.5,97.62999725341797,67.4000015258789,79.4000015258789,8.550000190734863,9.210000038146973,48.29999923706055,,28.989999771118164,80.41999816894531,70.11000061035156,89.9800033569336,7.710000038146973,128.99000549316406,89.75,73.69000244140625,2.9100000858306885,8.039999961853027
2025-02-24,9.079999923706055,136.11000061035156,152.11000061035156,96.45999908447266,98.5999984741211,17.961000442504883,100.91999816894531,5.348999977111816,75.47000122070312,63.38999938964844,95.5199966430664,96.5999984741211,77.87000274658203,100.8499984741211,87.37000274658203,79.05000305175781,77.69999694824219,6.110000133514404,78.13999938964844,76.95999908447266,40.25,9.300000190734863,114.91999816894531,102.54000091552734,100.80999755859375,4.550000190734863,58.36000061035156,39.7400016784668,115.75,9.694000244140625,74.55999755859375,95.01000213623047,28.549999237060547,6.190000057220459,75.44000244140625,72.95999908447266,7.839000225067139,7.150000095367432,21.940000534057617,85.22000122070312,80.0999984741211,84.0,88.31999969482422,30.399999618530273,96.5,98.44999694824219,68.9000015258789,79.80000305175781,8.5,9.329999923706055,47.22999954223633,,28.5,81.0,70.22000122070312,89.4000015258789,7.679999828338623,127.72000122070312,90.0999984741211,73.66000366210938,2.9000000953674316,8.0600004196167
2025-02-25,9.180000305175781,134.6699981689453,153.44000244140625,96.33999633789062,99.05999755859375,17.979999542236328,100.69000244140625,5.309000015258789,75.30999755859375,63.33000183105469,95.5199966430664,95.7699966430664,78.19999694824219,102.44999694824219,87.0199966430664,80.0999984741211,78.31999969482422,6.139999866485596,77.80000305175781,77.66000366210938,39.75,9.430000305175781,115.2300033569336,101.69999694824219,101.26000213623047,4.590000152587891,57.099998474121094,39.7400016784668,116.51000213623047,9.78499984741211,77.9000015258789,95.5199966430664,28.149999618530273,6.25,75.80000305175781,71.81999969482422,7.889999866485596,7.150000095367432,21.3700008392334,85.01000213623047,80.02999877929688,84.68000030517578,88.13999938964844,30.010000228881836,96.5,99.0,70.5999984741211,80.72000122070312,8.479999542236328,9.289999961853027,48.25,,28.299999237060547,81.29000091552734,70.4000015258789,90.69000244140625,7.639999866485596,128.02999877929688,89.44000244140625,75.0,2.890000104904175,8.050000190734863
2025-02-26,9.130000114440918,134.27999877929688,151.14999389648438,95.69999694824219,98.5999984741211,17.961000442504883,101.37999725341797,5.300000190734863,74.80000305175781,63.4900016784668,93.30000305175781,94.9000015258789,78.30000305175781,102.19999694824219,87.08000183105469,79.16999816894531,78.5,6.110000133514404,78.0999984741211,76.87000274658203,39.029998779296875,9.4399995803833,114.5,101.94999694824219,101.98999786376953,4.630000114440918,55.900001525878906,39.77000045776367,116.0,9.730999946594238,76.43000030517578,96.11000061035156,28.020000457763672,6.230000019073486,76.7300033569336,72.30000305175781,7.818999767303467,7.119999885559082,21.040000915527344,85.43000030517578,79.47000122070312,82.62000274658203,88.26000213623047,30.0,96.5,98.83000183105469,69.12000274658203,79.45999908447266,8.470000267028809,9.220000267028809,48.70000076293945,,28.489999771118164,81.61000061035156,70.12999725341797,90.44000244140625,7.650000095367432,127.93000030517578,90.2699966430664,74.88999938964844,2.869999885559082,8.020000457763672
2025-02-27,9.100000381469727,134.5500030517578,150.66000366210938,95.51000213623047,98.93000030517578,17.900999069213867,101.87999725341797,5.311999797821045,74.83999633789062,63.95000076293945,93.05999755859375,94.91000366210938,78.1500015258789,101.76000213623047,87.20999908447266,78.8499984741211,79.54000091552734,6.139999866485596,78.19999694824219,76.66000366210938,39.70000076293945,9.449999809265137,114.9000015258789,101.9800033569336,102.69000244140625,4.730000019073486,55.97999954223633,39.75,115.72000122070312,9.77400016784668,77.75,95.80999755859375,28.049999237060547,6.28000020980835,78.38999938964844,72.80000305175781,7.828000068664551,7.170000076293945,21.049999237060547,85.3499984741211,80.80000305175781,83.70999908447266,88.4800033569336,30.469999313354492,96.5,98.19999694824219,68.4800033569336,79.13999938964844,8.550000190734863,9.319999694824219,48.90999984741211,,28.559999465942383,81.9000015258789,71.4000015258789,91.30999755859375,7.699999809265137,129.35000610351562,90.06999969482422,74.56999969482422,2.890000104904175,8.010000228881836
2025-02-28,9.079999923706055,133.1199951171875,150.4499969482422,95.25,99.19000244140625,17.959999084472656,102.38999938964844,5.360000133514404,76.19999694824219,63.5,91.8499984741211,94.9800033569336,77.5199966430664,101.9800033569336,87.3499984741211,80.0199966430664,80.16999816894531,6.190000057220459,77.86000061035156,76.69999694824219,40.290000915527344,9.569999694824219,114.68000030517578,101.1500015258789,102.5,4.78000020980835,56.65999984741211,39.470001220703125,116.0,9.770000457763672,77.16999816894531,96.75,28.219999313354492,6.329999923706055,78.83999633789062,71.79000091552734,7.815000057220459,7.289999961853027,21.049999237060547,85.30000305175781,80.80000305175781,84.5,88.98999786376953,30.950000762939453,96.5,97.45999908447266,68.41000366210938,79.7699966430664,8.59000015258789,9.350000381469727,48.790000915527344,,28.299999237060547,81.9000015258789,71.45999908447266,91.37999725341797,7.789999961853027,129.11000061035156,90.4000015258789,74.58000183105469,2.890000104904175,7.989999771118164
2025-03-05,9.020000457763672,133.8699951171875,148.05999755859375,95.80000305175781,98.9000015258789,17.81599998474121,100.80000305175781,5.340000152587891,76.0,63.060001373291016,91.5999984741211,95.0,76.20999908447266,101.0,86.48999786376953,80.30999755859375,79.2300033569336,6.230000019073486,78.94999694824219,76.41000366210938,39.91999816894531,9.5600004196167,114.33999633789062,101.29000091552734,101.22000122070312,4.75,55.15999984741211,39.650001525878906,116.01000213623047,9.760000228881836,75.98999786376953,96.0,28.600000381469727,6.460000038146973,77.0,72.3499984741211,7.675000190734863,7.130000114440918,21.100000381469727,84.86000061035156,79.19999694824219,78.19999694824219,89.83000183105469,32.25,96.5,97.05999755859375,67.7300033569336,78.31999969482422,8.420000076293945,9.3100004196167,48.599998474121094,,28.010000228881836,82.05999755859375,70.5199966430664,92.22000122070312,7.829999923706055,129.89999389648438,89.98999786376953,73.30000305175781,2.8499999046325684,7.96999979019165
2025-03-06,9.020000457763672,134.1699981689453,149.35000610351562,96.30000305175781,98.9000015258789,17.839000701904297,101.66000366210938,5.3460001945495605,75.7699966430664,63.959999084472656,91.61000061035156,95.76000213623047,76.62000274658203,102.5,87.33999633789062,81.01000213623047,79.38999938964844,6.329999923706055,80.12000274658203,76.51000213623047,41.08000183105469,9.850000381469727,114.62000274658203,101.04000091552734,101.5999984741211,4.820000171661377,57.29999923706055,40.09000015258789,120.0,9.810999870300293,75.9000015258789,94.91000366210938,28.690000534057617,6.610000133514404,78.97000122070312,72.9000015258789,7.7210001945495605,7.119999885559082,20.989999771118164,85.5,77.44000244140625,79.30000305175781,89.4000015258789,31.559999465942383,96.5,97.75,67.8499984741211,78.80000305175781,8.520000457763672,9.3100004196167,49.0099983215332,,28.8799991607666,82.69000244140625,70.12999725341797,91.2699966430664,7.789999961853027,129.97999572753906,90.80999755859375,75.77999877929688,2.880000114440918,8.039999961853027
2025-03-07,9.050000190734863,135.97999572753906,150.3800048828125,96.5999984741211,99.02999877929688,17.860000610351562,101.3499984741211,5.428999900817871,75.9000015258789,64.94000244140625,92.0,96.4000015258789,77.5999984741211,102.18000030517578,88.81999969482422,81.0,80.19000244140625,6.5,80.44999694824219,77.97000122070312,41.380001068115234,9.960000038146973,115.0999984741211,101.33000183105469,101.83999633789062,4.940000057220459,57.380001068115234,39.95000076293945,118.58999633789062,9.95199966430664,76.0,94.91000366210938,28.950000762939453,6.650000095367432,79.41000366210938,72.4800033569336,7.73199987411499,7.25,21.0,86.69999694824219,79.80000305175781,81.55000305175781,88.70999908447266,32.099998474121094,96.5,98.06999969482422,67.48999786376953,78.80000305175781,8.619999885559082,9.390000343322754,49.83000183105469,,28.760000228881836,82.79000091552734,70.47000122070312,92.9800033569336,7.789999961853027,130.5,91.48999786376953,75.69999694824219,2.890000104904175,8.100000381469727
2025-03-10,9.039999961853027,135.80999755859375,150.14999389648438,96.6500015258789,100.30000305175781,17.798999786376953,101.48999786376953,5.396999835968018,75.41999816894531,65.0,92.18000030517578,96.0,77.8499984741211,100.51000213623047,88.86000061035156,82.62000274658203,80.83000183105469,6.519999980926514,81.0,78.30000305175781,41.33000183105469,9.819999694824219,115.25,101.5,101.54000091552734,4.889999866485596,55.790000915527344,40.0,117.31999969482422,9.996000289916992,77.2300033569336,93.61000061035156,28.8700008392334,6.690000057220459,79.66000366210938,73.9000015258789,7.85099983215332,7.260000228881836,20.899999618530273,87.4000015258789,79.5,80.62999725341797,89.5,31.850000381469727,96.5,98.69999694824219,66.9000015258789,78.80000305175781,8.5600004196167,9.380000114440918,49.9900016784668,,29.280000686645508,83.19999694824219,70.77999877929688,93.83999633789062,7.78000020980835,129.52999877929688,92.16999816894531,75.0,2.880000114440918,8.130000114440918
2025-03-11,9.039999961853027,134.8000030517578,149.97999572753906,96.1500015258789,100.68000030517578,17.804000854492188,101.66000366210938,5.448999881744385,75.83999633789062,66.02999877929688,92.23999786376953,95.5,78.38999938964844,99.9000015258789,89.44000244140625,82.5999984741211,81.70999908447266,6.539999961853027,83.22000122070312,78.68000030517578,42.5,9.819999694824219,115.0,101.91999816894531,101.3499984741211,4.860000133514404,56.220001220703125,40.25,117.55000305175781,10.006999969482422,77.5999984741211,94.06999969482422,28.889999389648438,6.730000019073486,79.94999694824219,74.05999755859375,7.785999774932861,7.409999847412109,20.649999618530273,86.97000122070312,80.5,80.0,91.4000015258789,32.209999084472656,,96.97000122070312,67.37000274658203,81.16000366210938,8.579999923706055,9.420000076293945,50.5099983215332,,28.719999313354492,83.66000366210938,73.91000366210938,94.13999938964844,7.809999942779541,131.91000366210938,95.0,77.87999725341797,2.869999885559082,8.1899995803833
2025-03-12,9.039999961853027,134.9499969482422,150.1300048828125,97.1500015258789,100.69999694824219,17.875,101.69000244140625,5.460000038146973,74.0999984741211,66.70999908447266,92.69999694824219,95.55000305175781,79.05000305175781,100.01000213623047,90.19999694824219,82.55000305175781,83.94999694824219,6.570000171661377,81.45999908447266,77.56999969482422,42.689998626708984,9.8100004196167,114.69999694824219,102.87000274658203,102.0,4.929999828338623,57.720001220703125,39.9900016784668,117.5,10.012999534606934,77.54000091552734,94.69999694824219,28.469999313354492,6.809999942779541,78.22000122070312,74.30000305175781,7.855000019073486,7.409999847412109,20.079999923706055,87.87999725341797,80.80000305175781,79.80000305175781,90.88999938964844,31.649999618530273,,97.2699966430664,67.11000061035156,81.5,8.600000381469727,9.420000076293945,51.0,,28.989999771118164,84.0,73.0,94.12999725341797,7.789999961853027,131.0,96.19000244140625,76.97000122070312,2.8499999046325684,8.289999961853027
2025-03-13,9.020000457763672,133.97999572753906,150.19000244140625,96.98999786376953,100.16000366210938,18.030000686645508,101.81999969482422,5.454999923706055,74.55999755859375,67.05000305175781,92.79000091552734,95.44000244140625,79.30999755859375,100.76000213623047,90.19999694824219,83.4000015258789,83.04000091552734,6.539999961853027,81.02999877929688,77.52999877929688,44.279998779296875,9.739999771118164,115.0,102.69999694824219,102.5999984741211,4.880000114440918,57.310001373291016,39.599998474121094,118.0,9.970999717712402,77.4000015258789,95.08999633789062,28.350000381469727,6.880000114440918,77.2300033569336,74.19999694824219,7.859000205993652,7.420000076293945,20.030000686645508,87.47000122070312,80.88999938964844,79.51000213623047,90.9000015258789,31.389999389648438,,97.70999908447266,67.30000305175781,81.30000305175781,8.640000343322754,9.380000114440918,51.5099983215332,,28.860000610351562,84.83999633789062,73.31999969482422,94.22000122070312,7.800000190734863,129.3000030517578,92.5,76.62000274658203,2.8299999237060547,8.220000267028809
2025-03-14,9.050000190734863,135.6999969482422,151.08999633789062,97.37000274658203,100.75,18.43000030517578,101.94000244140625,5.488999843597412,75.0,66.30000305175781,92.93000030517578,95.94999694824219,80.54000091552734,103.11000061035156,90.52999877929688,83.5,83.0999984741211,6.53000020980835,81.04000091552734,78.9000015258789,44.720001220703125,9.84000015258789,115.5,103.79000091552734,103.9000015258789,5.0,57.40999984741211,39.84000015258789,118.19999694824219,10.013999938964844,76.94999694824219,95.3499984741211,28.440000534057617,6.96999979019165,78.75,74.75,7.835999965667725,7.559999942779541,20.209999084472656,88.25,83.45999908447266,80.66000366210938,91.4000015258789,31.5,,98.29000091552734,67.80000305175781,81.77999877929688,8.729999542236328,9.380000114440918,53.099998474121094,,28.950000762939453,84.75,75.18000030517578,94.55999755859375,7.96999979019165,131.5,93.9800033569336,78.3499984741211,2.8399999141693115,8.34000015258789
2025-03-17,9.010000228881836,135.97999572753906,150.6999969482422,97.75,101.0,18.489999771118164,101.83999633789062,5.5,75.13999938964844,66.5,94.0,95.2699966430664,80.97000122070312,103.30000305175781,91.0,83.0,83.5,6.510000228881836,79.58999633789062,80.0999984741211,45.0099983215332,9.850000381469727,116.37999725341797,105.94000244140625,103.91999816894531,5.0,57.08000183105469,39.970001220703125,119.0,10.067999839782715,76.5999984741211,95.04000091552734,28.309999465942383,6.960000038146973,78.30000305175781,75.63999938964844,8.031999588012695,7.579999923706055,20.020000457763672,88.5999984741211,84.73999786376953,79.5827865600586,90.87000274658203,31.31999969482422,,99.73999786376953,68.48999786376953,81.6500015258789,8.739999771118164,9.25,52.099998474121094,,28.899999618530273,84.79000091552734,74.98999786376953,94.0999984741211,8.09000015258789,132.32000732421875,94.3499984741211,78.81999969482422,2.819999933242798,8.420000076293945
2025-03-18,9.029999732971191,136.8699951171875,151.85000610351562,98.30000305175781,100.94000244140625,18.677000045776367,102.19999694824219,5.489999771118164,75.5999984741211,66.7300033569336,95.25,95.69999694824219,82.51000213623047,106.9000015258789,90.7699966430664,82.30000305175781,83.7699966430664,6.539999961853027,79.58999633789062,80.0,44.79999923706055,9.859999656677246,116.87999725341797,105.04000091552734,104.05999755859375,5.0,57.56999969482422,39.9900016784668,118.0,10.147000312805176,77.0999984741211,95.18000030517578,28.600000381469727,7.03000020980835,78.68000030517578,75.2699966430664,7.895999908447266,7.75,20.25,88.77999877929688,85.62000274658203,82.94234466552734,92.04000091552734,33.20000076293945,,100.3499984741211,69.04000091552734,82.11000061035156,8.75,9.3100004196167,53.849998474121094,,29.100000381469727,84.0999984741211,75.91000366210938,94.2300033569336,8.020000457763672,132.02999877929688,94.37000274658203,78.41000366210938,2.8499999046325684,8.5
2025-03-19,9.020000457763672,137.67999267578125,151.9499969482422,97.69999694824219,101.68000030517578,18.899999618530273,102.5,5.494999885559082,76.5999984741211,67.11000061035156,95.2300033569336,95.62000274658203,81.80000305175781,107.23999786376953,91.3499984741211,82.9800033569336,84.58000183105469,6.610000133514404,79.80999755859375,80.55000305175781,45.13999938964844,9.850000381469727,117.4000015258789,106.44999694824219,105.23999786376953,5.03000020980835,57.91999816894531,39.93000030517578,118.37999725341797,10.015999794006348,77.27999877929688,95.12000274658203,28.770000457763672,7.070000171661377,79.45999908447266,75.19000244140625,7.9039998054504395,7.900000095367432,20.06999969482422,90.33000183105469,90.5,83.19157409667969,92.98999786376953,33.04999923706055,,101.27999877929688,69.37000274658203,82.98999786376953,8.710000038146973,9.479999542236328,54.29999923706055,,29.350000381469727,84.44999694824219,75.6500015258789,93.55000305175781,8.0600004196167,133.0,94.75,78.58000183105469,2.8499999046325684,8.470000267028809
2025-03-20,9.020000457763672,136.13999938964844,152.0,98.88999938964844,102.61000061035156,19.097999572753906,102.5,5.538000106811523,77.69000244140625,66.75,95.16000366210938,96.41000366210938,81.83000183105469,106.48999786376953,90.66999816894531,83.5,84.5,6.579999923706055,80.2699966430664,80.61000061035156,45.529998779296875,9.859999656677246,117.25,106.0,104.88999938964844,5.03000020980835,58.400001525878906,40.099998474121094,120.0,9.996999740600586,76.87000274658203,94.94999694824219,29.110000610351562,7.079999923706055,79.5999984741211,75.27999877929688,7.910999774932861,7.789999961853027,20.06999969482422,90.77999877929688,92.9000015258789,84.009033203125,92.93000030517578,33.099998474121094,,100.98999786376953,69.4000015258789,82.5999984741211,8.65999984741211,9.550000190734863,54.560001373291016,,30.399999618530273,84.77999877929688,75.94999694824219,93.37999725341797,8.0,131.89999389648438,95.30000305175781,78.30000305175781,2.8399999141693115,8.449999809265137
2025-03-21,9.0600004196167,129.0,151.8000030517578,98.5,103.9000015258789,19.200000762939453,103.19999694824219,5.480999946594238,77.45999908447266,68.0,94.19999694824219,97.48999786376953,82.0999984741211,104.12000274658203,90.91000366210938,83.0999984741211,84.36000061035156,6.550000190734863,81.70999908447266,80.81999969482422,45.709999084472656,9.850000381469727,114.9000015258789,105.0,100.25,5.139999866485596,59.25,40.0,126.5,9.99899959564209,76.80000305175781,94.73999786376953,28.5,7.099999904632568,80.1500015258789,74.61000061035156,7.922999858856201,7.760000228881836,19.110000610351562,89.9800033569336,93.0199966430664,84.726806640625,92.23999786376953,32.959999084472656,,101.7300033569336,69.44000244140625,83.05999755859375,8.550000190734863,9.539999961853027,53.75,,31.010000228881836,84.79000091552734,77.97000122070312,93.4000015258789,8.079999923706055,132.0,95.2699966430664,78.70999908447266,2.8499999046325684,8.460000038146973
2025-03-24,9.010000228881836,132.35000610351562,151.25999450683594,99.83999633789062,103.6500015258789,19.003999710083008,102.8499984741211,5.482999801635742,78.69999694824219,68.02999877929688,94.23999786376953,96.98999786376953,82.02999877929688,105.18000030517578,91.01000213623047,83.19999694824219,84.0999984741211,6.489999771118164,81.94999694824219,80.76000213623047,45.38999938964844,9.920000076293945,117.11000061035156,103.93000030517578,99.94999694824219,5.230000019073486,58.88999938964844,40.0,127.33000183105469,9.975000381469727,76.8499984741211,94.86000061035156,28.959999084472656,7.159999847412109,80.33999633789062,74.5999984741211,8.059000015258789,7.71999979019165,20.0,90.27999877929688,91.01000213623047,85.03584289550781,92.5,33.43000030517578,,101.69999694824219,69.62000274658203,83.4000015258789,8.569999694824219,9.529999732971191,53.0,,31.68000030517578,84.5199966430664,78.61000061035156,93.4000015258789,8.09000015258789,132.00999450683594,94.25,78.55999755859375,2.8399999141693115,8.479999542236328
2025-03-25,9.020000457763672,132.16000366210938,151.55999755859375,99.9000015258789,103.0,19.054000854492188,102.80000305175781,5.460000038146973,79.19999694824219,69.36000061035156,94.5,97.47000122070312,82.44000244140625,104.72000122070312,90.97000122070312,83.54000091552734,83.87000274658203,6.510000228881836,81.79000091552734,80.55000305175781,45.27000045776367,9.920000076293945,117.26000213623047,105.4000015258789,99.87999725341797,5.289999961853027,59.2400016784668,39.93000030517578,126.95999908447266,10.015999794006348,76.66000366210938,94.58999633789062,29.389999389648438,7.210000038146973,80.0,74.87999725341797,8.064000129699707,7.75,20.59000015258789,89.41000366210938,92.0999984741211,85.4000015258789,92.5999984741211,33.15999984741211,,101.88999938964844,68.51000213623047,83.27999877929688,8.59000015258789,9.569999694824219,51.81999969482422,,32.5,85.05000305175781,78.66000366210938,93.48999786376953,8.050000190734863,132.00999450683594,94.98999786376953,78.93000030517578,2.8399999141693115,8.520000457763672
2025-03-26,9.069999694824219,132.5,151.9499969482422,100.5,102.69000244140625,18.871000289916992,103.43000030517578,5.461999893188477,80.26000213623047,69.83000183105469,94.81999969482422,97.5,82.80000305175781,105.86000061035156,90.70999908447266,83.44000244140625,84.0,6.53000020980835,81.30000305175781,81.5999984741211,45.2400016784668,9.949999809265137,117.5199966430664,105.4000015258789,100.18000030517578,5.269999980926514,58.560001373291016,40.06999969482422,129.16000366210938,9.975000381469727,76.81999969482422,95.13999938964844,29.75,7.269999980926514,81.27999877929688,75.05000305175781,8.04699993133545,7.730000019073486,20.65999984741211,90.48999786376953,91.55000305175781,86.9000015258789,93.23999786376953,33.529998779296875,,101.5199966430664,68.83000183105469,83.73999786376953,8.569999694824219,9.5600004196167,52.040000915527344,,32.27000045776367,84.62999725341797,78.38999938964844,93.0999984741211,8.039999961853027,132.89999389648438,94.25,78.44999694824219,2.8399999141693115,8.510000228881836
2025-03-27,9.079999923706055,133.1999969482422,151.89999389648438,100.66999816894531,102.9000015258789,18.909000396728516,104.5,5.453000068664551,81.30000305175781,69.80000305175781,95.80000305175781,97.6500015258789,82.54000091552734,107.27999877929688,91.33000183105469,83.83999633789062,84.5,6.510000228881836,80.73999786376953,81.45999908447266,44.65999984741211,10.09000015258789,118.19999694824219,105.80999755859375,100.55000305175781,5.28000020980835,58.560001373291016,39.9900016784668,129.64999389648438,10.001999855041504,77.43000030517578,95.54000091552734,29.799999237060547,7.260000228881836,82.2699966430664,75.04000091552734,8.255000114440918,7.71999979019165,20.75,90.0,91.5,84.5999984741211,93.88999938964844,33.40999984741211,,103.33000183105469,68.5999984741211,83.9000015258789,8.609999656677246,9.479999542236328,53.709999084472656,,32.95000076293945,84.95999908447266,77.29000091552734,93.63999938964844,8.0600004196167,131.61000061035156,94.80000305175781,79.05000305175781,2.8299999237060547,8.510000228881836
2025-03-28,9.140000343322754,135.1999969482422,152.39999389648438,101.19999694824219,103.4800033569336,19.413999557495117,104.5,5.479000091552734,81.22000122070312,70.77999877929688,97.08000183105469,97.48999786376953,83.66999816894531,109.87999725341797,90.93000030517578,83.76000213623047,84.69000244140625,6.489999771118164,80.91999816894531,83.19000244140625,44.900001525878906,9.960000038146973,118.66000366210938,105.8499984741211,100.87999725341797,5.289999961853027,59.54999923706055,40.290000915527344,131.77999877929688,10.019000053405762,77.80000305175781,95.9000015258789,29.969999313354492,7.21999979019165,83.0,74.87999725341797,8.37399959564209,7.75,20.8700008392334,89.97000122070312,92.25,84.30000305175781,93.41000366210938,33.77000045776367,,105.05000305175781,69.37999725341797,84.45999908447266,8.65999984741211,9.579999923706055,55.619998931884766,,32.599998474121094,86.4000015258789,80.77999877929688,93.19999694824219,8.109999656677246,132.39999389648438,95.0,79.19999694824219,2.8299999237060547,8.600000381469727
2025-03-31,9.15999984741211,135.6999969482422,152.75,102.3499984741211,103.44999694824219,19.583999633789062,104.69999694824219,5.504000186920166,82.5,71.12000274658203,97.80000305175781,97.5,83.25,111.26000213623047,91.3499984741211,83.54000091552734,84.69999694824219,6.590000152587891,81.30999755859375,83.94999694824219,44.7400016784668,9.859999656677246,119.75,106.4800033569336,100.7699966430664,5.309999942779541,59.900001525878906,40.0,130.16000366210938,10.119999885559082,78.72000122070312,96.1500015258789,30.0,7.199999809265137,83.94000244140625,75.75,8.305999755859375,7.760000228881836,20.600000381469727,89.9000015258789,91.80000305175781,83.83999633789062,94.75,33.939998626708984,,104.4000015258789,69.05000305175781,84.5199966430664,8.6899995803833,9.539999961853027,57.20000076293945,,32.0,86.08000183105469,79.5199966430664,93.20999908447266,8.0600004196167,132.35000610351562,95.0,81.0,2.819999933242798,8.649999618530273
2025-04-01,9.050000190734863,135.44000244140625,153.08999633789062,103.30000305175781,101.80000305175781,19.395000457763672,103.5999984741211,5.459000110626221,83.30999755859375,71.19999694824219,96.8499984741211,97.0999984741211,82.5,112.12999725341797,90.30000305175781,83.98999786376953,84.0,6.699999809265137,81.56999969482422,83.33000183105469,44.959999084472656,9.880000114440918,119.69999694824219,105.66999816894531,99.80999755859375,5.03000020980835,58.349998474121094,40.0,131.00999450683594,10.097000122070312,77.5,94.9000015258789,30.049999237060547,7.25,82.04000091552734,75.26000213623047,8.239999771118164,7.619999885559082,21.219999313354492,88.20999908447266,87.80000305175781,82.72000122070312,94.61000061035156,34.13999938964844,,101.5999984741211,68.58000183105469,83.3499984741211,8.720000267028809,9.569999694824219,57.20000076293945,,31.280000686645508,85.1500015258789,77.58999633789062,93.5999984741211,7.949999809265137,132.97999572753906,94.88999938964844,79.05999755859375,2.819999933242798,8.510000228881836
2025-04-02,9.079999923706055,135.97000122070312,153.77999877929688,101.9000015258789,100.25,19.256000518798828,103.36000061035156,5.445000171661377,84.0,71.19000244140625,96.20999908447266,97.5,81.8499984741211,111.97000122070312,90.0999984741211,84.19999694824219,83.94999694824219,6.599999904632568,81.58999633789062,82.23999786376953,45.779998779296875,9.789999961853027,119.95999908447266,105.73999786376953,99.98999786376953,5.03000020980835,58.88999938964844,39.81999969482422,130.6199951171875,9.861000061035156,78.38999938964844,94.5199966430664,30.65999984741211,7.25,82.5,75.0199966430664,8.411999702453613,7.619999885559082,21.270000457763672,88.6500015258789,90.36000061035156,82.20999908447266,94.0199966430664,34.470001220703125,,100.48999786376953,68.77999877929688,83.5,8.630000114440918,9.600000381469727,56.720001220703125,,31.540000915527344,85.22000122070312,76.94999694824219,92.51000213623047,8.069999694824219,132.8300018310547,95.1500015258789,78.25,2.819999933242798,8.460000038146973
2025-04-03,9.020000457763672,136.60000610351562,154.0,103.4000015258789,100.4000015258789,19.320999145507812,103.12999725341797,5.449999809265137,83.61000061035156,71.12000274658203,96.19999694824219,97.48999786376953,80.6500015258789,111.26000213623047,90.11000061035156,84.05000305175781,84.38999938964844,6.550000190734863,80.55999755859375,81.29000091552734,45.11000061035156,9.800000190734863,120.2300033569336,105.08000183105469,100.5,4.989999771118164,59.61000061035156,39.95000076293945,132.0,9.779999732971191,79.25,94.55999755859375,30.899999618530273,7.210000038146973,82.08000183105469,75.69999694824219,8.199000358581543,7.579999923706055,21.549999237060547,88.3499984741211,89.25,82.11000061035156,93.5,33.290000915527344,,100.66000366210938,68.77999877929688,83.0,8.640000343322754,9.609999656677246,57.0,,31.0,85.19999694824219,75.88999938964844,92.16999816894531,7.940000057220459,131.72000122070312,95.86000061035156,78.0999984741211,2.8299999237060547,8.449999809265137
2025-04-04,9.029999732971191,134.60000610351562,153.27999877929688,102.69999694824219,99.6500015258789,19.052000045776367,103.0199966430664,5.429999828338623,82.97000122070312,70.36000061035156,94.80000305175781,96.86000061035156,79.63999938964844,110.83999633789062,89.27999877929688,83.3499984741211,83.08000183105469,6.519999980926514,80.19999694824219,80.4000015258789,44.77000045776367,9.6899995803833,118.51000213623047,103.93000030517578,100.3499984741211,4.940000057220459,59.08000183105469,40.209999084472656,131.85000610351562,9.70300006866455,78.16000366210938,94.58999633789062,30.559999465942383,7.179999828338623,80.9000015258789,73.41000366210938,8.159000396728516,7.46999979019165,21.329999923706055,87.58999633789062,87.56999969482422,82.20999908447266,92.79000091552734,33.13999938964844,,99.29000091552734,68.48999786376953,82.77999877929688,8.630000114440918,9.510000228881836,55.41999816894531,,31.010000228881836,85.66000366210938,75.41000366210938,92.0,7.829999923706055,132.39999389648438,95.5,76.75,2.799999952316284,8.5
2025-04-07,9.020000457763672,133.64999389648438,151.44000244140625,101.12000274658203,98.55000305175781,19.04599952697754,102.69999694824219,5.4070000648498535,81.97000122070312,68.62000274658203,94.6500015258789,96.2300033569336,78.0199966430664,109.25,89.0,83.23999786376953,82.45999908447266,6.480000019073486,80.44999694824219,79.61000061035156,44.7400016784668,9.5,117.37999725341797,103.19000244140625,99.6500015258789,4.949999809265137,59.5,40.40999984741211,122.48999786376953,9.581000328063965,76.76000213623047,94.19000244140625,30.290000915527344,7.170000076293945,79.3499984741211,73.0,8.111000061035156,7.389999866485596,20.899999618530273,87.70999908447266,85.18000030517578,82.25,92.08999633789062,32.06999969482422,,98.0999984741211,66.80999755859375,82.0,8.579999923706055,9.5,55.7400016784668,,31.170000076293945,84.87000274658203,73.7300033569336,91.81999969482422,7.78000020980835,131.75999450683594,94.19999694824219,76.05999755859375,2.7799999713897705,8.520000457763672
2025-04-08,9.010000228881836,132.5,150.0500030517578,100.19999694824219,96.69999694824219,19.01099967956543,102.69999694824219,5.468999862670898,80.55000305175781,68.4800033569336,93.80000305175781,95.5999984741211,77.58999633789062,108.5999984741211,88.37999725341797,83.5999984741211,82.62000274658203,6.480000019073486,79.73999786376953,79.61000061035156,44.150001525878906,9.380000114440918,115.9000015258789,102.81999969482422,99.01000213623047,4.909999847412109,59.7599983215332,39.900001525878906,122.55999755859375,9.640000343322754,76.0,93.27999877929688,28.799999237060547,7.199999809265137,79.0,73.16999816894531,8.053000450134277,7.369999885559082,20.229999542236328,87.4000015258789,86.4000015258789,82.56999969482422,92.51000213623047,31.700000762939453,,98.0999984741211,67.12999725341797,82.0999984741211,8.550000190734863,9.5600004196167,56.220001220703125,,30.889999389648438,85.0,73.58999633789062,91.6500015258789,7.840000152587891,131.99000549316406,94.43000030517578,75.23999786376953,2.7699999809265137,8.460000038146973
2025-04-09,9.020000457763672,133.00999450683594,150.47000122070312,100.08999633789062,98.68000030517578,19.042999267578125,103.0,5.468999862670898,79.58000183105469,67.91000366210938,93.75,95.80999755859375,77.87999725341797,109.4000015258789,89.29000091552734,82.91000366210938,82.75,6.489999771118164,79.19999694824219,79.55999755859375,44.09000015258789,9.350000381469727,115.31999969482422,102.61000061035156,100.25,4.96999979019165,59.20000076293945,40.04999923706055,124.5,9.638999938964844,76.30000305175781,93.75,28.979999542236328,7.159999847412109,79.30000305175781,73.16999816894531,8.133999824523926,7.369999885559082,20.170000076293945,87.0999984741211,85.86000061035156,82.19000244140625,92.04000091552734,31.059999465942383,,97.56999969482422,67.86000061035156,82.1500015258789,8.600000381469727,9.5,57.41999816894531,,30.399999618530273,86.0,73.26000213623047,92.16999816894531,7.789999961853027,131.4600067138672,94.9000015258789,74.4800033569336,2.7300000190734863,8.420000076293945
2025-04-10,9.010000228881836,133.13999938964844,151.11000061035156,100.79000091552734,99.08999633789062,19.0,102.68000030517578,5.479000091552734,79.94999694824219,66.88999938964844,93.66999816894531,96.26000213623047,79.0,108.97000122070312,88.23999786376953,83.0999984741211,82.3499984741211,6.46999979019165,79.26000213623047,79.5,44.08000183105469,9.350000381469727,115.4000015258789,102.7300033569336,100.55000305175781,5.019999980926514,59.40999984741211,40.29999923706055,122.5999984741211,9.678999900817871,75.7300033569336,93.2699966430664,28.940000534057617,7.190000057220459,79.69999694824219,73.0999984741211,8.168000221252441,7.429999828338623,20.15999984741211,86.73999786376953,86.5,82.1500015258789,91.05000305175781,30.5,,96.9000015258789,68.05999755859375,82.26000213623047,8.529999732971191,9.489999771118164,56.04999923706055,,31.110000610351562,85.69999694824219,73.79000091552734,91.37999725341797,7.889999866485596,131.3000030517578,94.33999633789062,74.91999816894531,2.7200000286102295,8.380000114440918
2025-04-11,9.0,134.86000061035156,152.3000030517578,101.30000305175781,99.19999694824219,19.059999465942383,102.66999816894531,5.454999923706055,81.5,66.94000244140625,93.94999694824219,97.48999786376953,79.0999984741211,109.30000305175781,89.30000305175781,82.45999908447266,82.76000213623047,6.480000019073486,78.0,79.44999694824219,44.040000915527344,9.40999984741211,115.0,102.98999786376953,100.33000183105469,5.079999923706055,59.810001373291016,40.04999923706055,123.27999877929688,9.633999824523926,75.37000274658203,93.56999969482422,28.989999771118164,7.090000152587891,80.88999938964844,74.0,8.152999877929688,7.440000057220459,20.360000610351562,86.9000015258789,87.25,81.1500015258789,92.0,30.799999237060547,,96.83999633789062,67.25,83.4800033569336,8.539999961853027,9.300000190734863,54.79999923706055,,31.010000228881836,85.88999938964844,74.69999694824219,91.7300033569336,7.820000171661377,131.27999877929688,94.44999694824219,75.4000015258789,2.740000009536743,8.460000038146973
2025-04-14,9.029999732971191,137.3000030517578,153.32000732421875,103.4800033569336,100.30000305175781,19.25,102.9000015258789,5.5,81.73999786376953,67.30000305175781,94.63999938964844,97.48999786376953,80.2699966430664,110.36000061035156,89.79000091552734,83.68000030517578,82.56999969482422,6.559999942779541,78.66999816894531,79.93000030517578,46.400001525878906,9.520000457763672,115.79000091552734,104.44999694824219,101.73999786376953,5.119999885559082,60.15999984741211,40.119998931884766,124.05999755859375,9.809000015258789,76.19000244140625,94.70999908447266,29.010000228881836,7.099999904632568,81.98999786376953,74.5999984741211,8.291999816894531,7.519999980926514,20.719999313354492,88.5,87.30000305175781,81.94999694824219,91.9800033569336,30.850000381469727,,97.52999877929688,67.69000244140625,83.5999984741211,8.569999694824219,9.279999732971191,54.880001068115234,,31.43000030517578,85.06999969482422,74.68000030517578,92.73999786376953,7.900000095367432,131.58999633789062,95.0999984741211,76.51000213623047,2.700000047683716,8.59000015258789
2025-04-15,9.039999961853027,137.99000549316406,152.8300018310547,103.9000015258789,100.5,19.051000595092773,102.5999984741211,5.540999889373779,82.69999694824219,68.04000091552734,95.9800033569336,98.68000030517578,81.56999969482422,109.18000030517578,89.06999969482422,83.68000030517578,83.18000030517578,6.570000171661377,78.8499984741211,81.08999633789062,45.380001068115234,9.5,116.8499984741211,104.5,101.69999694824219,5.059999942779541,59.529998779296875,40.20000076293945,125.5,9.770999908447266,77.79000091552734,95.0199966430664,29.690000534057617,7.300000190734863,82.36000061035156,78.44999694824219,8.251999855041504,7.519999980926514,20.959999084472656,89.56999969482422,88.12000274658203,85.30999755859375,91.55999755859375,30.25,,98.25,67.9800033569336,83.69999694824219,8.600000381469727,9.260000228881836,56.5,,32.5,85.94999694824219,75.5999984741211,91.54000091552734,7.96999979019165,131.25999450683594,95.27999877929688,77.0,2.690000057220459,8.579999923706055
2025-04-16,9.069999694824219,139.7899932861328,154.60000610351562,104.69999694824219,101.0999984741211,19.184999465942383,103.4000015258789,5.5329999923706055,82.95999908447266,68.54000091552734,97.02999877929688,98.79000091552734,81.87000274658203,110.3499984741211,89.69999694824219,83.5199966430664,83.13999938964844,6.679999828338623,79.6500015258789,81.11000061035156,46.0,9.479999542236328,117.13999938964844,104.55000305175781,102.11000061035156,5.079999923706055,59.959999084472656,40.279998779296875,125.80000305175781,9.770999908447266,77.9800033569336,95.18000030517578,29.670000076293945,7.239999771118164,83.25,77.91999816894531,8.343000411987305,7.5,21.0,89.86000061035156,88.3499984741211,86.01000213623047,92.44999694824219,30.0,,98.72000122070312,67.91999816894531,83.44000244140625,8.630000114440918,9.279999732971191,55.380001068115234,,32.13999938964844,86.43000030517578,77.19000244140625,91.69999694824219,8.029999732971191,131.25,95.33999633789062,79.19999694824219,2.690000057220459,8.550000190734863
2025-04-17,9.130000114440918,142.3000030517578,155.85000610351562,104.72000122070312,102.5,19.382999420166016,103.97000122070312,5.540999889373779,83.8499984741211,68.7699966430664,97.66999816894531,100.02999877929688,82.0199966430664,112.98999786376953,90.06999969482422,83.19000244140625,84.25,6.710000038146973,79.80000305175781,82.62999725341797,46.099998474121094,9.520000457763672,119.4000015258789,106.5,102.47000122070312,5.130000114440918,61.2599983215332,40.38999938964844,127.69999694824219,9.744000434875488,77.86000061035156,96.1500015258789,29.469999313354492,7.320000171661377,83.1500015258789,77.31999969482422,8.467000007629395,7.489999771118164,21.3700008392334,90.30000305175781,88.5999984741211,85.75,93.13999938964844,30.43000030517578,,100.66999816894531,68.73999786376953,84.86000061035156,8.619999885559082,9.25,56.20000076293945,,32.90999984741211,86.88999938964844,76.68000030517578,91.69000244140625,8.140000343322754,131.25999450683594,96.79000091552734,79.36000061035156,2.690000057220459,8.6899995803833
2025-04-22,9.119999885559082,144.9499969482422,158.75,104.0199966430664,102.29000091552734,19.48699951171875,103.83999633789062,5.620999813079834,84.29000091552734,67.7300033569336,99.5,100.11000061035156,83.9800033569336,114.48999786376953,90.5,84.80000305175781,84.44999694824219,6.800000190734863,80.69999694824219,84.25,46.9900016784668,9.600000381469727,120.44999694824219,108.12000274658203,102.44999694824219,5.099999904632568,62.75,40.810001373291016,128.0800018310547,9.751999855041504,77.0199966430664,95.76000213623047,29.59000015258789,7.369999885559082,84.08000183105469,78.0,8.696999549865723,7.519999980926514,21.709999084472656,91.0999984741211,89.19999694824219,86.5999984741211,92.16000366210938,31.059999465942383,,101.30000305175781,68.55000305175781,85.19999694824219,8.670000076293945,9.130000114440918,55.75,,33.0,86.52999877929688,77.72000122070312,92.0,8.199999809265137,132.0,98.43000030517578,80.9800033569336,2.690000057220459,8.760000228881836
2025-04-23,9.180000305175781,147.0,159.89999389648438,104.79000091552734,102.18000030517578,19.489999771118164,103.61000061035156,5.6570000648498535,82.4800033569336,67.69999694824219,99.5,101.08000183105469,83.80000305175781,116.69999694824219,90.68000030517578,84.0199966430664,84.69999694824219,7.0,80.1500015258789,83.69999694824219,47.709999084472656,9.649999618530273,121.33999633789062,109.9000015258789,103.80000305175781,5.190000057220459,62.79999923706055,41.25,128.27000427246094,9.765000343322754,77.5,96.0,29.559999465942383,7.460000038146973,83.70999908447266,77.86000061035156,8.555999755859375,7.590000152587891,21.510000228881836,90.9800033569336,89.62000274658203,87.83999633789062,92.72000122070312,30.530000686645508,,101.25,71.55999755859375,85.4000015258789,8.649999618530273,9.1899995803833,58.20000076293945,,33.04999923706055,87.4000015258789,78.27999877929688,91.95999908447266,8.069999694824219,132.0,98.5999984741211,80.12000274658203,2.690000057220459,8.699999809265137
2025-04-24,9.260000228881836,147.0,159.82000732421875,105.87999725341797,102.3499984741211,19.5,103.47000122070312,5.6570000648498535,82.27999877929688,67.4000015258789,99.44000244140625,100.66000366210938,83.4000015258789,116.29000091552734,90.95999908447266,85.0,84.63999938964844,6.920000076293945,80.66999816894531,84.18000030517578,47.38999938964844,9.84000015258789,121.69999694824219,109.12000274658203,103.80000305175781,5.21999979019165,62.349998474121094,42.29999923706055,128.8800048828125,9.770000457763672,77.5,96.16000366210938,29.649999618530273,7.489999771118164,82.8499984741211,77.47000122070312,8.770000457763672,7.559999942779541,21.690000534057617,91.0,89.26000213623047,90.0,92.66999816894531,30.809999465942383,,101.68000030517578,70.31999969482422,84.81999969482422,8.65999984741211,9.180000305175781,60.0,,33.7599983215332,87.5,78.44999694824219,92.2300033569336,8.1899995803833,132.05999755859375,99.81999969482422,79.58999633789062,2.6700000762939453,8.699999809265137
2025-04-25,9.300000190734863,147.14999389648438,160.41000366210938,106.80999755859375,104.80000305175781,19.73200035095215,103.41999816894531,5.739999771118164,83.25,67.87000274658203,102.94999694824219,100.52999877929688,83.91000366210938,118.98999786376953,90.95999908447266,84.61000061035156,85.0,6.96999979019165,84.08999633789062,85.36000061035156,49.02000045776367,9.869999885559082,123.48999786376953,111.31999969482422,103.4000015258789,5.320000171661377,63.06999969482422,42.959999084472656,130.49000549316406,9.819999694824219,77.93000030517578,96.94999694824219,29.65999984741211,7.590000152587891,82.69999694824219,78.08999633789062,8.670000076293945,7.639999866485596,21.610000610351562,91.5,90.12999725341797,87.19999694824219,93.30000305175781,31.90999984741211,,102.62999725341797,71.75,84.80999755859375,8.680000305175781,9.25,60.5,,33.9900016784668,87.55999755859375,78.56999969482422,92.58000183105469,8.279999732971191,132.39999389648438,101.04000091552734,80.01000213623047,2.680000066757202,8.770000457763672
2025-04-28,9.319999694824219,146.69000244140625,159.5,106.30000305175781,105.0,19.440000534057617,103.0,5.889999866485596,83.62999725341797,68.1500015258789,102.69999694824219,100.38999938964844,86.9800033569336,118.02999877929688,91.12999725341797,85.5,84.86000061035156,6.889999866485596,83.54000091552734,84.5,49.400001525878906,9.84000015258789,122.31999969482422,113.36000061035156,104.5,5.380000114440918,63.0,42.79999923706055,129.97000122070312,9.781000137329102,79.55000305175781,96.80999755859375,29.649999618530273,7.570000171661377,82.98999786376953,79.51000213623047,8.729999542236328,7.659999847412109,21.729999542236328,91.80999755859375,89.95999908447266,86.20999908447266,93.5,33.4900016784668,,101.54000091552734,73.08999633789062,85.0,8.65999984741211,9.3100004196167,60.040000915527344,,34.22999954223633,88.30000305175781,78.94999694824219,92.69999694824219,8.229999542236328,132.0500030517578,100.9800033569336,79.47000122070312,2.690000057220459,8.890000343322754
2025-04-29,9.279999732971191,146.72000122070312,160.0,106.30000305175781,106.16000366210938,19.611000061035156,103.04000091552734,5.920000076293945,84.0,68.0,102.0999984741211,101.0,87.37999725341797,119.0,91.25,85.01000213623047,84.9000015258789,6.900000095367432,83.86000061035156,85.23999786376953,49.40999984741211,9.930000305175781,122.04000091552734,112.5,102.44037628173828,5.380000114440918,63.33000183105469,42.75,131.1999969482422,9.8100004196167,79.19999694824219,96.66999816894531,29.860000610351562,7.570000171661377,83.27999877929688,80.76000213623047,8.824000358581543,7.699999809265137,21.600000381469727,91.29000091552734,90.36000061035156,86.23999786376953,92.98999786376953,33.20000076293945,,102.18000030517578,73.69999694824219,84.97000122070312,8.649999618530273,9.369999885559082,58.630001068115234,,32.720001220703125,88.80000305175781,78.81999969482422,93.0,8.380000114440918,132.05999755859375,100.97000122070312,79.69999694824219,2.690000057220459,8.819999694824219
2025-04-30,9.300000190734863,148.7100067138672,160.8000030517578,106.5,107.16000366210938,19.739999771118164,103.19999694824219,6.03000020980835,84.47000122070312,69.22000122070312,101.19999694824219,100.72000122070312,88.19999694824219,118.72000122070312,91.29000091552734,85.0,84.69999694824219,6.949999809265137,83.8499984741211,85.86000061035156,49.11000061035156,10.010000228881836,123.18000030517578,112.80000305175781,103.6642837524414,5.199999809265137,64.0999984741211,42.560001373291016,136.0,9.79699993133545,80.4000015258789,96.30000305175781,29.6299991607666,7.630000114440918,82.95999908447266,82.1500015258789,8.788000106811523,7.760000228881836,21.670000076293945,90.9000015258789,89.9000015258789,86.69999694824219,93.3499984741211,33.20000076293945,,102.83999633789062,72.73999786376953,85.0,8.670000076293945,9.390000343322754,58.970001220703125,,33.38999938964844,88.9800033569336,78.61000061035156,93.13999938964844,8.399999618530273,132.7899932861328,100.97000122070312,80.30000305175781,2.690000057220459,8.949999809265137
2025-05-02,9.289999961853027,147.47000122070312,159.49000549316406,106.9000015258789,105.33999633789062,19.649999618530273,102.1500015258789,6.0,85.7300033569336,69.9800033569336,100.12999725341797,101.9000015258789,86.4000015258789,116.0199966430664,90.0,84.83000183105469,85.81999969482422,7.179999828338623,83.94999694824219,85.8499984741211,49.099998474121094,10.140000343322754,121.87000274658203,111.05000305175781,103.96279907226562,5.099999904632568,63.470001220703125,43.15999984741211,132.8300018310547,9.89900016784668,77.93000030517578,94.93000030517578,29.950000762939453,7.559999942779541,82.7300033569336,80.80000305175781,8.699999809265137,7.659999847412109,21.989999771118164,91.4800033569336,88.38999938964844,86.1500015258789,93.80000305175781,32.63999938964844,,102.48999786376953,72.4000015258789,84.38999938964844,8.649999618530273,9.4399995803833,59.90999984741211,,33.7599983215332,87.94000244140625,78.25,93.88999938964844,8.210000038146973,133.0,102.80000305175781,78.9000015258789,2.690000057220459,8.949999809265137
2025-05-05,9.260000228881836,144.5399932861328,156.8300018310547,105.1500015258789,102.69000244140625,19.323999404907227,102.73999786376953,5.900000095367432,84.9000015258789,69.98999786376953,98.75,101.05000305175781,86.4800033569336,112.5,89.9800033569336,85.0999984741211,84.69999694824219,7.039999961853027,83.75,85.0999984741211,49.650001525878906,9.880000114440918,120.19000244140625,110.5,101.18660736083984,5.119999885559082,64.19000244140625,42.75,130.0800018310547,9.958000183105469,77.12000274658203,94.27999877929688,30.200000762939453,7.449999809265137,82.06999969482422,79.7300033569336,8.699999809265137,7.579999923706055,21.90999984741211,90.48999786376953,84.22000122070312,84.77999877929688,94.5199966430664,32.36000061035156,,102.01000213623047,72.0,84.33999633789062,8.65999984741211,9.489999771118164,58.97999954223633,,33.709999084472656,89.0,77.86000061035156,93.27999877929688,8.25,133.72999572753906,102.80000305175781,80.31999969482422,2.690000057220459,8.739999771118164
2025-05-06,9.279999732971191,142.3000030517578,158.4600067138672,104.20999908447266,102.44000244140625,19.25200080871582,102.47000122070312,5.900000095367432,85.06999969482422,70.05999755859375,97.5,101.0,85.0999984741211,110.51000213623047,89.97000122070312,85.0999984741211,84.62000274658203,7.059999942779541,83.16999816894531,84.5,49.83000183105469,9.859999656677246,119.4000015258789,109.20999908447266,101.19656372070312,5.010000228881836,64.13999938964844,42.880001068115234,126.72000122070312,9.920000076293945,77.33000183105469,94.1500015258789,30.299999237060547,7.380000114440918,82.0,79.37999725341797,8.682000160217285,7.579999923706055,21.989999771118164,90.75,85.19000244140625,85.13999938964844,94.87000274658203,32.189998626708984,,101.5999984741211,70.9000015258789,85.0999984741211,8.630000114440918,9.569999694824219,58.04999923706055,,32.880001068115234,90.5,77.76000213623047,92.77999877929688,8.15999984741211,133.3000030517578,101.95999908447266,79.87999725341797,2.690000057220459,8.65999984741211
2025-05-07,9.279999732971191,142.74000549316406,158.1999969482422,105.18000030517578,102.45999908447266,19.35099983215332,102.70999908447266,5.948999881744385,84.29000091552734,69.91999816894531,96.94999694824219,101.02999877929688,85.97000122070312,112.20999908447266,90.70999908447266,85.0999984741211,84.5999984741211,7.039999961853027,83.2699966430664,83.0999984741211,49.25,9.90999984741211,120.91999816894531,109.01000213623047,101.49507904052734,5.059999942779541,62.95000076293945,42.97999954223633,126.9000015258789,9.960000038146973,76.77999877929688,94.2300033569336,30.489999771118164,7.400000095367432,80.75,79.69999694824219,8.579000473022461,7.570000171661377,22.200000762939453,91.25,85.22000122070312,85.72000122070312,93.75,32.099998474121094,,100.87000274658203,72.19000244140625,84.93000030517578,8.619999885559082,9.600000381469727,59.0,,32.93000030517578,90.9000015258789,77.55000305175781,92.88999938964844,8.289999961853027,133.0500030517578,103.19000244140625,79.69999694824219,2.690000057220459,8.670000076293945
2025-05-08,9.300000190734863,141.66000366210938,159.52000427246094,105.5199966430664,102.08000183105469,19.301000595092773,102.69999694824219,5.949999809265137,84.76000213623047,69.93000030517578,96.94000244140625,100.36000061035156,86.2699966430664,112.25,90.0,85.0,85.0,7.039999961853027,83.6500015258789,83.27999877929688,49.25,10.039999961853027,119.0999984741211,109.58999633789062,102.0,5.0,62.75,42.9900016784668,128.27999877929688,9.960000038146973,76.93000030517578,94.4000015258789,30.34000015258789,7.480000019073486,80.0,79.0,8.593000411987305,7.570000171661377,22.209999084472656,91.80000305175781,84.88999938964844,85.37999725341797,94.2699966430664,32.0,,100.97000122070312,71.4000015258789,84.38999938964844,8.65999984741211,9.6899995803833,58.540000915527344,,33.56999969482422,90.30000305175781,77.16000366210938,93.4000015258789,8.289999961853027,132.6999969482422,102.5999984741211,79.41000366210938,2.700000047683716,8.800000190734863
2025-05-09,9.350000381469727,143.49000549316406,159.02999877929688,106.83999633789062,103.27999877929688,19.628999710083008,102.91999816894531,5.999000072479248,83.9000015258789,69.7699966430664,98.93000030517578,100.5,86.2300033569336,112.31999969482422,90.77999877929688,85.0999984741211,85.30000305175781,7.099999904632568,83.83999633789062,83.5,49.060001373291016,10.0600004196167,121.0999984741211,110.0,102.30000305175781,5.099999904632568,63.22999954223633,42.86000061035156,128.24000549316406,10.020000457763672,77.51000213623047,95.0,29.809999465942383,7.570000171661377,81.37000274658203,79.80000305175781,8.680000305175781,7.650000095367432,21.68000030517578,92.08999633789062,86.45999908447266,85.0999984741211,94.5,32.41999816894531,,100.87999725341797,71.4000015258789,84.91000366210938,8.680000305175781,9.779999732971191,58.18000030517578,,35.0099983215332,89.41999816894531,77.12000274658203,93.5,8.40999984741211,133.00999450683594,102.68000030517578,79.91999816894531,2.700000047683716,8.869999885559082
2025-05-12,9.3100004196167,145.25999450683594,159.3800048828125,106.4000015258789,103.18000030517578,19.549999237060547,102.63999938964844,5.960000038146973,83.80000305175781,69.7300033569336,97.6500015258789,100.87000274658203,85.98999786376953,113.98999786376953,90.9800033569336,85.0999984741211,85.19999694824219,7.059999942779541,83.25,83.5,48.65999984741211,10.0600004196167,122.55999755859375,109.9000015258789,101.79000091552734,5.070000171661377,63.34000015258789,42.599998474121094,129.89999389648438,9.960000038146973,78.55000305175781,94.47000122070312,29.84000015258789,7.480000019073486,81.80000305175781,79.5999984741211,8.649999618530273,7.630000114440918,21.510000228881836,92.0999984741211,88.0,85.98999786376953,94.88999938964844,32.36000061035156,,100.31999969482422,71.5,84.62000274658203,8.680000305175781,9.770000457763672,57.70000076293945,,34.59000015258789,89.8499984741211,77.9000015258789,93.08999633789062,8.380000114440918,132.00999450683594,102.18000030517578,79.73999786376953,2.690000057220459,8.880000114440918
2025-05-13,9.300000190734863,146.88999938964844,159.39999389648438,105.9800033569336,103.3499984741211,19.829999923706055,102.5,6.039999961853027,83.80000305175781,69.0,97.6500015258789,100.9000015258789,85.88999938964844,112.87999725341797,91.0,84.98999786376953,84.0999984741211,7.039999961853027,83.95999908447266,83.55999755859375,48.65999984741211,10.020000457763672,123.33999633789062,109.88999938964844,102.0,5.130000114440918,63.11000061035156,43.060001373291016,128.39999389648438,10.0,77.75,94.87000274658203,29.959999084472656,7.46999979019165,80.94000244140625,79.0,8.649999618530273,7.699999809265137,21.75,91.62000274658203,89.29000091552734,85.6500015258789,93.41000366210938,32.279998779296875,,102.0,71.70999908447266,84.2300033569336,8.670000076293945,9.720000267028809,57.72999954223633,,35.0,90.29000091552734,78.5,93.37999725341797,8.449999809265137,133.30999755859375,102.83999633789062,79.55000305175781,2.690000057220459,8.8100004196167
2025-05-14,9.34000015258789,145.9600067138672,159.3000030517578,105.62999725341797,102.68000030517578,19.790000915527344,102.4000015258789,5.980000019073486,83.69999694824219,68.72000122070312,97.0,100.56999969482422,85.87999725341797,112.70999908447266,90.6500015258789,84.19999694824219,84.0199966430664,6.989999771118164,81.11000061035156,83.41999816894531,48.650001525878906,10.029999732971191,124.06999969482422,109.33000183105469,101.83999633789062,5.119999885559082,62.880001068115234,42.65999984741211,127.05000305175781,10.069999694824219,77.4000015258789,94.69999694824219,30.09000015258789,7.420000076293945,80.19999694824219,78.94999694824219,8.640000343322754,7.679999828338623,21.799999237060547,91.7699966430664,88.94999694824219,85.12999725341797,93.48999786376953,32.119998931884766,,101.05999755859375,71.87000274658203,84.48999786376953,8.6899995803833,9.550000190734863,57.0,,35.20000076293945,90.79000091552734,78.02999877929688,93.12000274658203,8.300000190734863,133.57000732421875,102.9800033569336,79.51000213623047,2.680000066757202,8.8100004196167
2025-05-15,9.390000343322754,146.99000549316406,159.97000122070312,106.2300033569336,103.33999633789062,19.799999237060547,102.9000015258789,6.0,84.05000305175781,69.30999755859375,98.04000091552734,101.0,86.20999908447266,113.12999725341797,90.52999877929688,85.0,84.05000305175781,7.03000020980835,81.75,84.55999755859375,49.0,10.09000015258789,125.12999725341797,109.29000091552734,102.13999938964844,5.190000057220459,62.79999923706055,43.130001068115234,126.0,10.15999984741211,77.36000061035156,95.04000091552734,30.229999542236328,7.420000076293945,81.33000183105469,79.55000305175781,8.65999984741211,7.75,21.969999313354492,92.16999816894531,90.0,85.4800033569336,93.9800033569336,32.560001373291016,,101.4000015258789,71.83999633789062,84.69000244140625,8.739999771118164,9.609999656677246,56.86000061035156,,35.58000183105469,90.63999938964844,79.0999984741211,93.44000244140625,8.4399995803833,132.67999267578125,103.48999786376953,79.98999786376953,2.690000057220459,8.850000381469727
2025-05-16,9.380000114440918,147.25,159.99000549316406,106.51000213623047,104.0999984741211,20.31999969482422,104.0,5.949999809265137,84.75,69.05999755859375,98.58999633789062,100.62999725341797,86.0999984741211,114.41999816894531,91.30000305175781,85.0999984741211,84.80999755859375,7.010000228881836,82.30000305175781,85.7300033569336,50.209999084472656,10.140000343322754,125.97000122070312,109.94999694824219,102.0,5.239999771118164,63.29999923706055,43.5,128.52999877929688,10.199999809265137,77.4000015258789,95.83999633789062,30.290000915527344,7.460000038146973,81.79000091552734,80.83000183105469,8.699999809265137,7.75,22.149999618530273,92.0999984741211,89.79000091552734,85.45999908447266,93.98999786376953,33.09000015258789,,102.94999694824219,71.58000183105469,84.80000305175781,8.84000015258789,9.670000076293945,55.5,,34.70000076293945,90.86000061035156,78.80000305175781,92.55000305175781,8.380000114440918,132.92999267578125,103.63999938964844,80.30000305175781,2.75,8.869999885559082
2025-05-19,9.350000381469727,146.0,159.66000366210938,106.06999969482422,103.9800033569336,20.100000381469727,103.94000244140625,5.940000057220459,84.98999786376953,68.80999755859375,98.83999633789062,100.30999755859375,86.19999694824219,115.0,91.3499984741211,84.80999755859375,85.66000366210938,7.0,82.26000213623047,84.7300033569336,50.0,10.050000190734863,125.0,109.94000244140625,102.0,5.170000076293945,64.23999786376953,43.75,129.0,9.989999771118164,77.97000122070312,95.48999786376953,30.450000762939453,7.449999809265137,81.83000183105469,80.73999786376953,8.670000076293945,7.710000038146973,22.420000076293945,92.0,90.0199966430664,84.37999725341797,93.54000091552734,33.06999969482422,,103.0999984741211,71.48999786376953,84.66999816894531,8.829999923706055,9.640000343322754,56.689998626708984,,34.88999938964844,90.98999786376953,78.7699966430664,92.73999786376953,8.380000114440918,133.10000610351562,103.18000030517578,80.13999938964844,2.7899999618530273,8.850000381469727
2025-05-20,9.420000076293945,145.5,159.86000061035156,104.4000015258789,103.87000274658203,20.09000015258789,103.44999694824219,5.909999847412109,85.08999633789062,68.51000213623047,99.0,100.2699966430664,86.19999694824219,114.16000366210938,91.0999984741211,85.08000183105469,86.25,7.090000152587891,82.73999786376953,84.94999694824219,50.88999938964844,10.039999961853027,125.0,110.04000091552734,101.88999938964844,5.139999866485596,63.650001525878906,43.650001525878906,125.69999694824219,10.029999732971191,78.11000061035156,95.69000244140625,30.989999771118164,7.449999809265137,81.72000122070312,80.83000183105469,8.699999809265137,7.730000019073486,22.469999313354492,92.19000244140625,90.19999694824219,84.5999984741211,93.25,32.970001220703125,,102.87000274658203,71.37000274658203,85.55999755859375,8.869999885559082,9.6899995803833,55.689998626708984,,34.93000030517578,91.80000305175781,79.5,92.58999633789062,8.380000114440918,133.0500030517578,103.29000091552734,81.25,2.8399999141693115,8.84000015258789
2025-05-21,9.470000267028809,145.0,160.0,104.19000244140625,103.86000061035156,20.0,103.94999694824219,5.889999866485596,85.19000244140625,68.87000274658203,99.29000091552734,100.33999633789062,86.3499984741211,112.23999786376953,91.4800033569336,85.0,85.63999938964844,7.039999961853027,82.51000213623047,84.48999786376953,50.38999938964844,10.029999732971191,124.98999786376953,109.81999969482422,102.05000305175781,5.099999904632568,63.779998779296875,43.63999938964844,128.8000030517578,10.050000190734863,77.86000061035156,95.62999725341797,31.600000381469727,7.429999828338623,82.04000091552734,82.08999633789062,8.699999809265137,7.71999979019165,22.68000030517578,91.80999755859375,90.1500015258789,84.33000183105469,92.86000061035156,33.18000030517578,,102.62999725341797,71.87999725341797,85.4800033569336,8.8100004196167,9.630000114440918,56.0,,34.560001373291016,91.1500015258789,79.16000366210938,92.58999633789062,8.369999885559082,132.9499969482422,102.5,80.58000183105469,2.890000104904175,8.819999694824219
2025-05-22,9.510000228881836,143.69000244140625,159.8300018310547,104.33000183105469,104.13999938964844,19.969999313354492,103.54000091552734,5.900000095367432,85.69999694824219,69.05000305175781,99.98999786376953,100.37000274658203,86.19999694824219,112.2699966430664,91.3499984741211,85.12000274658203,85.86000061035156,7.03000020980835,82.19000244140625,84.4000015258789,50.790000915527344,10.069999694824219,124.9800033569336,109.41000366210938,102.20999908447266,5.099999904632568,63.79999923706055,43.52000045776367,129.08999633789062,10.0,78.55000305175781,95.4000015258789,31.600000381469727,7.46999979019165,81.9000015258789,82.41999816894531,8.6899995803833,7.739999771118164,23.110000610351562,92.0,90.58999633789062,84.5999984741211,92.9000015258789,33.599998474121094,,102.29000091552734,71.88999938964844,85.9000015258789,8.789999961853027,9.59000015258789,57.33000183105469,,35.59000015258789,90.86000061035156,79.33999633789062,92.5999984741211,8.430000305175781,133.1300048828125,102.5999984741211,80.5,2.9700000286102295,8.789999961853027
2025-05-23,9.630000114440918,144.1300048828125,159.72000122070312,104.80000305175781,104.1500015258789,19.959999084472656,103.7300033569336,5.929999828338623,85.36000061035156,69.19999694824219,100.01000213623047,100.19999694824219,86.25,112.38999938964844,90.76000213623047,84.77999877929688,86.80000305175781,7.03000020980835,81.61000061035156,84.47000122070312,50.7599983215332,10.079999923706055,124.94000244140625,108.66000366210938,102.19999694824219,5.110000133514404,64.69000244140625,43.0,129.0,10.069999694824219,79.7699966430664,96.04000091552734,31.530000686645508,7.429999828338623,81.86000061035156,82.05999755859375,8.699999809265137,7.71999979019165,23.079999923706055,93.08000183105469,89.87999725341797,84.8499984741211,92.80999755859375,33.7599983215332,,102.66999816894531,71.4000015258789,86.25,8.869999885559082,9.5600004196167,57.150001525878906,,36.5,90.8499984741211,78.80000305175781,92.79000091552734,8.390000343322754,132.75999450683594,102.16999816894531,80.56999969482422,2.9700000286102295,8.819999694824219
2025-05-26,9.600000381469727,144.38999938964844,159.8000030517578,104.7300033569336,103.26000213623047,19.969999313354492,104.0,5.960000038146973,84.51000213623047,69.33000183105469,99.97000122070312,100.16000366210938,86.0,112.62000274658203,91.0,84.6500015258789,86.88999938964844,7.019999980926514,81.83000183105469,84.7699966430664,50.31999969482422,10.0600004196167,123.30000305175781,109.0,102.2699966430664,5.079999923706055,64.11000061035156,43.060001373291016,129.0,9.989999771118164,78.69000244140625,96.0999984741211,31.479999542236328,7.349999904632568,82.0,81.87000274658203,8.699999809265137,7.690000057220459,23.06999969482422,92.69000244140625,89.51000213623047,84.77999877929688,93.23999786376953,33.70000076293945,,102.30000305175781,70.87000274658203,86.08000183105469,8.920000076293945,9.569999694824219,56.79999923706055,,36.349998474121094,90.13999938964844,78.98999786376953,92.6500015258789,8.300000190734863,133.0,102.4000015258789,80.0999984741211,2.950000047683716,8.800000190734863
2025-05-27,9.579999923706055,144.8000030517578,160.5,104.26000213623047,103.0,19.940000534057617,104.19000244140625,5.96999979019165,84.69999694824219,68.9000015258789,99.98999786376953,100.0999984741211,85.38999938964844,113.29000091552734,91.19999694824219,85.33000183105469,86.41000366210938,7.019999980926514,82.27999877929688,84.44999694824219,50.18000030517578,10.029999732971191,123.5999984741211,109.61000061035156,102.0,5.21999979019165,64.5,43.0099983215332,129.11000061035156,10.020000457763672,78.1500015258789,96.55000305175781,31.899999618530273,7.349999904632568,81.70999908447266,83.25,8.779999732971191,7.730000019073486,23.25,92.2300033569336,90.1500015258789,84.5,93.06999969482422,33.150001525878906,,101.31999969482422,71.38999938964844,85.80999755859375,8.880000114440918,9.550000190734863,56.810001373291016,,36.11000061035156,90.5,79.56999969482422,92.87000274658203,8.369999885559082,132.89999389648438,102.9000015258789,79.8499984741211,2.9200000762939453,8.789999961853027
2025-05-28,9.520000457763672,145.6999969482422,160.22999572753906,104.33999633789062,103.30000305175781,19.989999771118164,104.19000244140625,6.039999961853027,85.0,69.2300033569336,99.69999694824219,100.33000183105469,85.4800033569336,113.5999984741211,91.3499984741211,85.5,86.98999786376953,7.03000020980835,82.30000305175781,84.56999969482422,50.18000030517578,10.039999961853027,123.62999725341797,109.12999725341797,101.94999694824219,5.21999979019165,64.77999877929688,43.400001525878906,128.0,10.020000457763672,78.93000030517578,96.70999908447266,31.860000610351562,7.360000133514404,81.55000305175781,82.9000015258789,8.729999542236328,7.75,23.459999084472656,92.36000061035156,89.75,84.62000274658203,93.5,33.040000915527344,,101.69000244140625,71.66000366210938,85.56999969482422,8.930000305175781,9.550000190734863,56.81999969482422,,35.86000061035156,90.5,80.77999877929688,92.66000366210938,8.399999618530273,132.5,102.0999984741211,79.91000366210938,2.950000047683716,8.760000228881836
2025-05-29,9.529999732971191,146.35000610351562,159.8699951171875,104.4000015258789,102.9800033569336,19.969999313354492,104.3499984741211,6.070000171661377,84.93000030517578,69.37999725341797,100.5999984741211,100.0,86.20999908447266,113.30000305175781,91.3499984741211,85.5,87.05000305175781,7.03000020980835,81.77999877929688,84.69999694824219,49.90999984741211,10.0600004196167,122.55000305175781,109.0,102.0,5.230000019073486,64.5999984741211,43.84000015258789,128.36000061035156,10.010000228881836,78.4800033569336,97.05999755859375,31.969999313354492,7.360000133514404,81.4000015258789,82.86000061035156,8.779999732971191,7.75,24.059999465942383,92.51000213623047,89.94999694824219,84.19000244140625,92.76000213623047,32.650001525878906,,101.58000183105469,71.88999938964844,86.18000030517578,8.949999809265137,9.520000457763672,55.779998779296875,,36.400001525878906,90.87000274658203,80.66999816894531,92.58000183105469,8.390000343322754,133.3000030517578,103.55000305175781,79.94999694824219,2.950000047683716,8.720000267028809
2025-05-30,9.5600004196167,146.36000061035156,161.36000061035156,104.5999984741211,104.30000305175781,20.020000457763672,104.62000274658203,6.090000152587891,85.68000030517578,69.75,101.6500015258789,100.36000061035156,86.95999908447266,114.98999786376953,91.3499984741211,85.48999786376953,87.97000122070312,7.090000152587891,82.48999786376953,85.98999786376953,50.15999984741211,10.100000381469727,122.5,109.30000305175781,102.18000030517578,5.210000038146973,65.0,43.86000061035156,133.0,10.039999961853027,79.69000244140625,96.9800033569336,32.41999816894531,7.389999866485596,80.98999786376953,83.4000015258789,8.760000228881836,7.760000228881836,24.8700008392334,93.98999786376953,89.98999786376953,84.48999786376953,93.38999938964844,33.5,,101.58000183105469,71.95999908447266,85.7300033569336,9.0,9.5600004196167,57.209999084472656,,38.25,91.1500015258789,81.75,92.9000015258789,8.479999542236328,133.0500030517578,103.69999694824219,80.0199966430664,2.9800000190734863,8.819999694824219
2025-06-02,9.359999656677246,143.69000244140625,157.6999969482422,104.25,102.19999694824219,19.479999542236328,103.5,5.929999828338623,85.0,69.0,99.31999969482422,101.0,85.27999877929688,112.62999725341797,90.19000244140625,85.43000030517578,87.20999908447266,7.150000095367432,82.6500015258789,83.9000015258789,50.0,10.09000015258789,121.52999877929688,109.0,101.58999633789062,5.130000114440918,63.369998931884766,43.5,130.0,10.039999961853027,78.0999984741211,95.45999908447266,32.95000076293945,7.349999904632568,80.16999816894531,82.94999694824219,8.600000381469727,7.630000114440918,24.65999984741211,92.94000244140625,88.69999694824219,82.55999755859375,93.01000213623047,32.4900016784668,,101.87000274658203,70.29000091552734,83.52999877929688,8.869999885559082,9.649999618530273,56.90999984741211,,38.0,90.31999969482422,80.30999755859375,92.70999908447266,8.300000190734863,133.10000610351562,102.44999694824219,78.72000122070312,2.9700000286102295,8.75
2025-06-03,9.420000076293945,146.30999755859375,156.0800018310547,103.94999694824219,101.66999816894531,19.299999237060547,103.98999786376953,5.960000038146973,84.8499984741211,69.0,99.51000213623047,101.9000015258789,85.1500015258789,115.55000305175781,90.55000305175781,87.25,88.01000213623047,7.119999885559082,83.52999877929688,85.23999786376953,50.15999984741211,10.029999732971191,121.5999984741211,107.94999694824219,101.0999984741211,5.139999866485596,63.88999938964844,44.220001220703125,127.9000015258789,10.180000305175781,79.0,95.04000091552734,33.2599983215332,7.340000152587891,80.0,83.98999786376953,8.569999694824219,7.630000114440918,24.59000015258789,92.44999694824219,88.83999633789062,82.38999938964844,93.76000213623047,32.4900016784668,,101.23999786376953,70.54000091552734,84.80000305175781,8.949999809265137,9.670000076293945,55.84000015258789,,39.119998931884766,90.3499984741211,79.95999908447266,92.7699966430664,8.329999923706055,133.75999450683594,102.94999694824219,78.70999908447266,3.0,8.75
2025-06-04,9.350000381469727,146.6300048828125,156.1999969482422,103.55999755859375,100.58000183105469,19.329999923706055,103.83999633789062,6.0,84.91000366210938,69.55999755859375,99.45999908447266,101.5,85.20999908447266,114.44999694824219,90.55000305175781,86.94999694824219,87.98999786376953,7.170000076293945,83.19999694824219,84.43000030517578,49.709999084472656,10.010000228881836,122.37000274658203,107.69000244140625,101.3499984741211,5.019999980926514,63.25,44.5,127.80000305175781,10.109999656677246,77.5999984741211,95.18000030517578,33.79999923706055,7.349999904632568,80.0,83.01000213623047,8.550000190734863,7.650000095367432,24.850000381469727,92.43000030517578,88.30000305175781,81.69999694824219,93.5,32.349998474121094,,100.68000030517578,70.94000244140625,84.97000122070312,8.84000015258789,9.720000267028809,56.04999923706055,,39.41999816894531,90.1500015258789,81.48999786376953,92.4000015258789,8.329999923706055,133.3000030517578,103.44999694824219,78.66000366210938,3.0,8.710000038146973
2025-06-05,9.359999656677246,147.39999389648438,156.36000061035156,103.0999984741211,101.86000061035156,19.219999313354492,104.04000091552734,6.059999942779541,84.94999694824219,69.45999908447266,99.01000213623047,101.5999984741211,85.45999908447266,114.0,91.1500015258789,86.58000183105469,87.51000213623047,7.199999809265137,82.5,84.3499984741211,49.72999954223633,9.949999809265137,124.43000030517578,108.31999969482422,101.48999786376953,5.119999885559082,64.04000091552734,45.130001068115234,127.5999984741211,10.100000381469727,77.69000244140625,95.01000213623047,33.29999923706055,7.340000152587891,80.0,82.44999694824219,8.539999961853027,7.650000095367432,24.670000076293945,92.75,88.5,82.33999633789062,93.56999969482422,33.0,,100.5,70.41999816894531,83.87999725341797,8.819999694824219,9.6899995803833,56.20000076293945,,40.529998779296875,90.7300033569336,80.75,92.19000244140625,8.369999885559082,133.49000549316406,102.94999694824219,79.06999969482422,2.9800000190734863,8.6899995803833
2025-06-06,9.399999618530273,147.1699981689453,156.25,103.29000091552734,102.05000305175781,19.299999237060547,103.6500015258789,6.070000171661377,85.33000183105469,69.80000305175781,98.80999755859375,101.2699966430664,84.05999755859375,113.05000305175781,90.9000015258789,87.37000274658203,88.37999725341797,7.170000076293945,82.5,84.30999755859375,49.79999923706055,10.039999961853027,124.81999969482422,108.19000244140625,101.9000015258789,5.110000133514404,63.459999084472656,45.900001525878906,127.30000305175781,10.149999618530273,77.9000015258789,94.5,33.529998779296875,7.369999885559082,79.86000061035156,82.22000122070312,8.529999732971191,7.699999809265137,24.450000762939453,92.80000305175781,88.5999984741211,82.16000366210938,93.9000015258789,33.88999938964844,,101.0,70.0,84.75,8.789999961853027,9.680000305175781,55.27000045776367,,39.95000076293945,90.0999984741211,81.08000183105469,92.0999984741211,8.34000015258789,133.0,103.05000305175781,80.19999694824219,3.0,8.739999771118164
2025-06-09,9.289999961853027,144.2899932861328,155.0,102.18000030517578,101.22000122070312,19.149999618530273,103.45999908447266,6.0,82.66000366210938,68.52999877929688,97.69000244140625,100.51000213623047,82.55000305175781,112.2300033569336,90.0199966430664,85.56999969482422,87.98999786376953,7.059999942779541,82.18000030517578,83.45999908447266,49.20000076293945,9.989999771118164,124.20999908447266,107.9000015258789,101.52999877929688,5.070000171661377,62.33000183105469,44.09000015258789,126.4000015258789,10.079999923706055,76.69999694824219,92.91999816894531,32.189998626708984,7.230000019073486,78.80000305175781,81.3499984741211,8.380000114440918,7.559999942779541,22.799999237060547,92.58999633789062,87.0,81.88999938964844,92.54000091552734,32.52000045776367,,101.19999694824219,70.06999969482422,84.27999877929688,8.720000267028809,9.539999961853027,55.400001525878906,,37.310001373291016,90.1500015258789,80.0,91.8499984741211,8.25,133.50999450683594,101.52999877929688,78.2300033569336,2.940000057220459,8.739999771118164
2025-06-10,9.239999771118164,143.5,155.88999938964844,103.0,101.0199966430664,19.15999984741211,103.0,5.949999809265137,81.4000015258789,68.56999969482422,97.30000305175781,100.76000213623047,82.11000061035156,112.88999938964844,90.0999984741211,85.31999969482422,87.4000015258789,7.070000171661377,82.38999938964844,83.3499984741211,49.20000076293945,10.020000457763672,124.22000122070312,107.23999786376953,100.5999984741211,5.059999942779541,62.20000076293945,44.08000183105469,125.58999633789062,10.109999656677246,76.47000122070312,91.61000061035156,31.450000762939453,7.21999979019165,78.9000015258789,80.05999755859375,8.40999984741211,7.510000228881836,22.31999969482422,91.2300033569336,87.30000305175781,81.38999938964844,91.47000122070312,32.5099983215332,,100.22000122070312,70.4000015258789,83.25,8.6899995803833,9.479999542236328,55.349998474121094,,37.61000061035156,90.48999786376953,80.20999908447266,91.5,8.210000038146973,133.99000549316406,101.9800033569336,78.1500015258789,2.9200000762939453,8.680000305175781
2025-06-11,9.270000457763672,143.25,155.60000610351562,103.5999984741211,101.9000015258789,19.25,102.6500015258789,5.980000019073486,81.30000305175781,67.3499984741211,97.93000030517578,101.0,82.0,113.04000091552734,90.41000366210938,85.54000091552734,86.44000244140625,6.96999979019165,82.83000183105469,84.18000030517578,49.099998474121094,9.949999809265137,124.58999633789062,108.3499984741211,100.87000274658203,5.059999942779541,62.29999923706055,43.52000045776367,125.8499984741211,10.109999656677246,75.70999908447266,91.0,31.850000381469727,7.199999809265137,79.0,79.12999725341797,8.380000114440918,7.5,22.559999465942383,91.01000213623047,87.5,80.87999725341797,90.77999877929688,32.63999938964844,,100.01000213623047,69.66999816894531,82.0,8.670000076293945,9.460000038146973,55.0,,38.650001525878906,90.41999816894531,79.27999877929688,91.94999694824219,8.170000076293945,133.97999572753906,101.55000305175781,78.12000274658203,2.9200000762939453,8.65999984741211
2025-06-12,9.25,141.02000427246094,155.60000610351562,103.05000305175781,101.0999984741211,19.139999389648438,102.2300033569336,5.909999847412109,80.3499984741211,66.22000122070312,97.33000183105469,100.43000030517578,81.98999786376953,111.44999694824219,90.02999877929688,84.33000183105469,86.20999908447266,6.909999847412109,80.02999877929688,83.69999694824219,48.900001525878906,9.9399995803833,124.56999969482422,108.0,100.38999938964844,5.03000020980835,62.31999969482422,42.58000183105469,125.98999786376953,10.09000015258789,74.58999633789062,91.4000015258789,31.649999618530273,7.150000095367432,79.12000274658203,79.95999908447266,8.350000381469727,7.420000076293945,22.600000381469727,90.12999725341797,86.94999694824219,80.5,90.97000122070312,32.689998626708984,,99.75,69.30000305175781,81.1500015258789,8.65999984741211,9.350000381469727,55.5,,37.939998626708984,90.01000213623047,78.8499984741211,91.61000061035156,8.170000076293945,133.99000549316406,102.29000091552734,78.9800033569336,2.9100000858306885,8.609999656677246
2025-06-13,9.380000114440918,144.07000732421875,157.49000549316406,104.18000030517578,102.80000305175781,19.40999984741211,102.69999694824219,5.880000114440918,81.44000244140625,67.12000274658203,98.54000091552734,100.91999816894531,84.05999755859375,113.61000061035156,90.30000305175781,85.0199966430664,85.97000122070312,6.949999809265137,80.8499984741211,84.47000122070312,48.20000076293945,10.039999961853027,124.18000030517578,108.01000213623047,100.75,5.090000152587891,62.52000045776367,42.5,125.31999969482422,10.109999656677246,76.05999755859375,92.0,31.850000381469727,7.239999771118164,79.80000305175781,80.29000091552734,8.420000076293945,7.550000190734863,22.5,90.77999877929688,87.6500015258789,81.31999969482422,91.94999694824219,32.689998626708984,,100.2699966430664,69.80000305175781,81.02999877929688,8.789999961853027,9.399999618530273,55.0,,38.0099983215332,90.05000305175781,79.44000244140625,92.0,8.229999542236328,133.6999969482422,103.02999877929688,79.22000122070312,2.940000057220459,8.65999984741211
2025-06-16,9.430000305175781,145.49000549316406,158.6999969482422,104.12000274658203,103.13999938964844,19.59000015258789,103.44999694824219,5.860000133514404,82.30000305175781,67.63999938964844,98.44000244140625,100.0,84.30000305175781,114.19000244140625,90.51000213623047,85.18000030517578,86.5999984741211,7.0,81.33999633789062,85.19999694824219,47.9900016784668,10.109999656677246,124.75,108.41000366210938,100.62000274658203,5.059999942779541,61.86000061035156,42.400001525878906,126.33000183105469,10.119999885559082,75.98999786376953,92.48999786376953,32.2599983215332,7.25,80.16000366210938,80.47000122070312,8.5,7.559999942779541,22.729999542236328,91.4000015258789,88.41999816894531,81.27999877929688,92.4000015258789,32.29999923706055,,100.5,69.08999633789062,81.80000305175781,8.800000190734863,9.430000305175781,55.599998474121094,,38.5,90.02999877929688,80.0,91.45999908447266,8.25,132.6300048828125,103.54000091552734,78.69999694824219,2.940000057220459,8.739999771118164
2025-06-17,9.359999656677246,144.27000427246094,157.66000366210938,103.70999908447266,103.61000061035156,19.670000076293945,104.19000244140625,5.849999904632568,82.19999694824219,67.56999969482422,97.69999694824219,99.94999694824219,83.9000015258789,114.56999969482422,90.58999633789062,85.4000015258789,86.5,6.980000019073486,80.75,85.0,48.06999969482422,10.050000190734863,124.4000015258789,108.5,100.62999725341797,5.050000190734863,62.380001068115234,42.31999969482422,125.54000091552734,10.1899995803833,76.79000091552734,92.80999755859375,32.7400016784668,7.269999980926514,80.7699966430664,79.9000015258789,8.489999771118164,7.579999923706055,23.239999771118164,91.52999877929688,88.19000244140625,81.19999694824219,92.77999877929688,32.5,,101.2300033569336,68.37000274658203,81.62999725341797,8.829999923706055,9.380000114440918,55.02000045776367,,37.5,89.12999725341797,80.97000122070312,91.69999694824219,8.270000457763672,133.41000366210938,103.02999877929688,78.52999877929688,2.950000047683716,8.670000076293945
2025-06-18,9.369999885559082,145.19000244140625,158.05999755859375,103.25,104.0,19.559999465942383,104.12000274658203,5.840000152587891,83.7300033569336,67.33999633789062,98.0999984741211,100.0,84.5199966430664,115.0999984741211,90.68000030517578,85.94000244140625,87.08999633789062,6.980000019073486,81.94000244140625,85.25,48.040000915527344,10.069999694824219,124.0199966430664,109.23999786376953,100.9000015258789,5.059999942779541,63.38999938964844,42.400001525878906,127.0,10.109999656677246,75.73999786376953,93.91999816894531,32.93000030517578,7.269999980926514,80.83999633789062,79.87999725341797,8.449999809265137,7.679999828338623,23.31999969482422,91.47000122070312,89.95999908447266,81.98999786376953,92.37999725341797,32.22999954223633,,101.7300033569336,67.98999786376953,81.66000366210938,8.850000381469727,9.420000076293945,55.310001373291016,,37.880001068115234,89.25,80.69999694824219,91.55000305175781,8.300000190734863,133.24000549316406,102.97000122070312,79.86000061035156,2.9600000381469727,8.779999732971191
2025-06-20,9.380000114440918,143.6300048828125,157.52000427246094,101.19000244140625,104.97000122070312,19.399999618530273,104.27999877929688,5.889999866485596,83.0,66.80000305175781,97.30999755859375,99.9000015258789,83.11000061035156,117.0999984741211,90.19999694824219,87.02999877929688,87.55000305175781,6.980000019073486,81.81999969482422,84.4000015258789,48.2599983215332,10.079999923706055,123.97000122070312,107.9000015258789,102.0,5.059999942779541,63.5,42.31999969482422,125.05000305175781,10.149999618530273,76.0,93.44999694824219,32.79999923706055,7.400000095367432,81.05999755859375,81.11000061035156,8.5,7.679999828338623,23.299999237060547,91.0199966430664,89.69999694824219,81.4800033569336,93.37999725341797,32.209999084472656,,101.45999908447266,67.0199966430664,81.97000122070312,8.890000343322754,9.5,54.9900016784668,,38.0,89.19999694824219,81.08999633789062,91.87999725341797,8.369999885559082,133.6999969482422,102.97000122070312,78.97000122070312,2.940000057220459,8.789999961853027
2025-06-23,9.359999656677246,142.0500030517578,157.1999969482422,101.08999633789062,102.98999786376953,19.450000762939453,104.25,5.829999923706055,83.7300033569336,67.0,97.79000091552734,99.6500015258789,83.38999938964844,116.08999633789062,90.19000244140625,86.94000244140625,87.54000091552734,6.960000038146973,81.30000305175781,83.1500015258789,48.11000061035156,10.029999732971191,124.48999786376953,108.25,101.5,5.010000228881836,62.70000076293945,42.130001068115234,124.5199966430664,10.050000190734863,74.62000274658203,93.23999786376953,32.9900016784668,7.369999885559082,80.87999725341797,80.2300033569336,8.479999542236328,7.639999866485596,23.190000534057617,92.02999877929688,90.69999694824219,80.9000015258789,93.66999816894531,30.739999771118164,,100.0999984741211,66.93000030517578,81.29000091552734,8.899999618530273,9.489999771118164,55.0,,38.0,89.41000366210938,80.86000061035156,91.9000015258789,8.449999809265137,133.36000061035156,103.88999938964844,79.62999725341797,2.930000066757202,8.770000457763672
2025-06-24,9.40999984741211,142.3000030517578,157.72999572753906,102.41000366210938,102.29000091552734,19.700000762939453,104.0999984741211,5.869999885559082,83.70999908447266,66.4000015258789,97.95999908447266,99.91000366210938,83.80000305175781,115.83000183105469,90.08999633789062,86.45999908447266,87.63999938964844,6.949999809265137,80.44999694824219,84.06999969482422,48.130001068115234,10.029999732971191,124.7300033569336,108.2699966430664,101.69999694824219,5.010000228881836,63.04999923706055,42.0099983215332,127.0,10.0600004196167,75.5,93.4800033569336,33.20000076293945,7.329999923706055,80.83999633789062,79.5199966430664,8.449999809265137,7.599999904632568,23.329999923706055,92.91000366210938,90.98999786376953,81.19000244140625,93.19999694824219,30.75,,100.80000305175781,67.0,81.54000091552734,8.880000114440918,9.489999771118164,54.29999923706055,,37.65999984741211,89.5999984741211,80.25,91.6500015258789,8.420000076293945,133.3300018310547,104.08999633789062,79.66000366210938,2.930000066757202,8.729999542236328
2025-06-25,9.390000343322754,143.33999633789062,157.60000610351562,102.61000061035156,102.7300033569336,19.709999084472656,104.5,5.829999923706055,84.45999908447266,66.80000305175781,98.43000030517578,99.69999694824219,83.30000305175781,116.05999755859375,90.63999938964844,86.75,87.55999755859375,6.949999809265137,80.83000183105469,84.11000061035156,49.15999984741211,10.050000190734863,124.76000213623047,108.73999786376953,102.63999938964844,5.050000190734863,63.20000076293945,41.77000045776367,125.83999633789062,10.0,75.26000213623047,93.44999694824219,33.22999954223633,7.340000152587891,81.19999694824219,80.02999877929688,8.479999542236328,7.639999866485596,23.329999923706055,93.0199966430664,91.33999633789062,81.30999755859375,94.4000015258789,31.290000915527344,,101.05000305175781,67.4000015258789,81.79000091552734,8.850000381469727,9.550000190734863,54.04999923706055,,37.06999969482422,89.80999755859375,80.66000366210938,92.12999725341797,8.479999542236328,133.99000549316406,104.98999786376953,80.0,2.930000066757202,8.789999961853027
2025-06-26,9.4399995803833,143.7100067138672,157.91000366210938,103.38999938964844,103.30999755859375,19.709999084472656,104.26000213623047,5.829999923706055,84.41000366210938,66.8499984741211,99.69999694824219,99.55000305175781,83.69999694824219,116.8499984741211,90.54000091552734,86.70999908447266,88.91999816894531,6.920000076293945,81.37000274658203,83.88999938964844,49.470001220703125,10.09000015258789,124.8499984741211,108.6500015258789,102.5999984741211,5.010000228881836,64.16999816894531,41.52000045776367,128.8000030517578,10.020000457763672,75.9000015258789,94.6500015258789,33.27000045776367,7.340000152587891,81.0999984741211,80.5199966430664,8.470000267028809,7.650000095367432,23.110000610351562,93.44999694824219,91.3499984741211,80.83999633789062,93.80000305175781,31.0,,100.98999786376953,67.7699966430664,80.87999725341797,8.869999885559082,9.520000457763672,54.630001068115234,,37.59000015258789,89.47000122070312,80.79000091552734,92.06999969482422,8.5,134.97999572753906,105.33000183105469,81.41999816894531,2.9000000953674316,8.850000381469727
2025-06-27,9.470000267028809,143.61000061035156,157.5,103.19999694824219,104.11000061035156,19.690000534057617,105.76000213623047,5.78000020980835,85.08999633789062,67.5,100.0,100.0,85.27999877929688,119.30000305175781,91.1500015258789,87.55000305175781,88.5,6.949999809265137,82.4000015258789,84.05999755859375,49.439998626708984,10.039999961853027,124.7300033569336,109.37999725341797,102.94000244140625,5.050000190734863,64.2699966430664,41.709999084472656,129.6300048828125,10.069999694824219,75.6500015258789,93.55999755859375,33.34000015258789,7.340000152587891,81.80000305175781,80.9800033569336,8.470000267028809,7.75,23.219999313354492,94.23999786376953,92.30000305175781,81.0999984741211,93.6500015258789,31.25,,101.5,67.02999877929688,81.30000305175781,8.869999885559082,9.529999732971191,54.310001373291016,,37.849998474121094,89.76000213623047,81.48999786376953,93.0999984741211,8.489999771118164,135.5800018310547,105.5,81.01000213623047,2.9200000762939453,8.930000305175781
2025-06-30,9.520000457763672,144.3000030517578,159.22999572753906,104.1500015258789,103.63999938964844,19.899999618530273,105.19999694824219,5.949999809265137,86.0,68.9000015258789,99.48999786376953,99.94000244140625,85.83000183105469,119.91000366210938,90.98999786376953,89.30000305175781,88.95999908447266,7.010000228881836,81.9000015258789,85.30999755859375,50.66999816894531,10.09000015258789,124.80999755859375,110.19999694824219,102.6500015258789,5.130000114440918,66.48999786376953,42.25,135.0,10.109999656677246,76.18000030517578,94.6500015258789,33.43000030517578,7.46999979019165,81.58999633789062,81.19000244140625,8.520000457763672,7.760000228881836,23.329999923706055,94.98999786376953,92.19999694824219,81.94999694824219,95.43000030517578,31.420000076293945,,102.8499984741211,67.87999725341797,82.30000305175781,8.949999809265137,9.65999984741211,54.84000015258789,,38.0,90.66000366210938,82.44999694824219,92.98999786376953,8.59000015258789,135.0,106.13999938964844,81.27999877929688,2.9100000858306885,8.970000267028809
2025-07-01,9.390000343322754,144.3000030517578,156.1999969482422,104.41000366210938,102.29000091552734,19.520000457763672,103.80000305175781,5.78000020980835,85.44999694824219,68.41000366210938,99.04000091552734,99.91999816894531,83.62999725341797,113.5,89.51000213623047,90.19999694824219,89.3499984741211,7.269999980926514,82.69999694824219,85.12000274658203,50.0,10.0600004196167,124.11000061035156,108.69000244140625,101.13999938964844,5.039999961853027,63.0,42.540000915527344,126.75,10.15999984741211,77.95999908447266,93.69999694824219,33.5099983215332,7.559999942779541,80.41000366210938,79.94999694824219,8.350000381469727,7.690000057220459,23.280000686645508,93.9000015258789,90.01000213623047,80.9800033569336,93.94000244140625,31.8700008392334,,100.66999816894531,66.3499984741211,79.3499984741211,8.859999656677246,9.760000228881836,54.0099983215332,,38.150001525878906,89.05000305175781,80.19000244140625,92.25,8.470000267028809,135.5,105.70999908447266,82.5,2.930000066757202,8.789999961853027
2025-07-02,9.489999771118164,143.11000061035156,156.8000030517578,104.06999969482422,103.0,19.299999237060547,104.1500015258789,5.78000020980835,85.8499984741211,68.52999877929688,99.0999984741211,100.0,82.62000274658203,116.0999984741211,89.11000061035156,88.5999984741211,89.66000366210938,7.199999809265137,83.0,85.0,50.0,10.020000457763672,124.44999694824219,107.26000213623047,101.05000305175781,5.039999961853027,62.86000061035156,42.70000076293945,124.76000213623047,10.199999809265137,76.31999969482422,91.5999984741211,33.849998474121094,7.440000057220459,79.80000305175781,79.94000244140625,8.329999923706055,7.71999979019165,23.59000015258789,93.69000244140625,92.08999633789062,80.41999816894531,93.43000030517578,31.899999618530273,,99.7300033569336,66.12000274658203,79.4000015258789,8.869999885559082,9.680000305175781,54.400001525878906,,39.0,89.0,80.19999694824219,91.98999786376953,8.40999984741211,136.0,106.01000213623047,81.19000244140625,2.9200000762939453,8.899999618530273
2025-07-03,9.470000267028809,144.6300048828125,156.1999969482422,104.48999786376953,103.0,19.3799991607666,104.0199966430664,5.900000095367432,86.0999984741211,68.69999694824219,99.66999816894531,99.94999694824219,82.80000305175781,116.47000122070312,89.7300033569336,88.0,89.9800033569336,7.21999979019165,84.2300033569336,84.44999694824219,50.150001525878906,10.029999732971191,124.97000122070312,108.0,101.31999969482422,5.059999942779541,63.970001220703125,42.470001220703125,126.22000122070312,10.239999771118164,76.5199966430664,92.02999877929688,34.16999816894531,7.440000057220459,79.94000244140625,80.2699966430664,8.350000381469727,7.75,24.040000915527344,93.80000305175781,91.66000366210938,80.18000030517578,94.0,31.969999313354492,,100.91999816894531,66.5,79.44000244140625,8.84000015258789,9.699999809265137,54.65999984741211,,39.9900016784668,88.55000305175781,81.2699966430664,92.1500015258789,8.390000343322754,135.14999389648438,104.37999725341797,81.01000213623047,2.950000047683716,8.979999542236328
2025-07-04,9.5,145.1999969482422,157.5800018310547,105.44000244140625,105.23999786376953,19.510000228881836,104.94999694824219,6.0,86.47000122070312,68.73999786376953,100.5199966430664,100.13999938964844,83.16999816894531,115.83999633789062,89.30999755859375,88.27999877929688,89.83000183105469,7.269999980926514,84.97000122070312,84.56999969482422,50.04999923706055,10.010000228881836,124.19999694824219,108.76000213623047,101.4000015258789,5.079999923706055,65.9000015258789,43.16999816894531,126.5199966430664,10.239999771118164,77.19000244140625,92.44999694824219,34.45000076293945,7.539999961853027,80.0,80.55000305175781,8.430000305175781,7.760000228881836,24.270000457763672,94.20999908447266,91.61000061035156,80.41999816894531,94.25,32.04999923706055,,102.0,67.0,79.97000122070312,8.890000343322754,9.75,55.5,,39.29999923706055,88.69999694824219,80.77999877929688,92.55999755859375,8.470000267028809,135.36000061035156,104.38999938964844,81.16000366210938,2.9600000381469727,8.989999771118164
2025-07-07,9.449999809265137,145.3000030517578,156.64999389648438,105.30999755859375,104.91000366210938,19.479999542236328,104.91000366210938,5.929999828338623,85.87999725341797,68.37000274658203,100.3499984741211,99.98999786376953,82.55000305175781,116.68000030517578,88.79000091552734,87.80000305175781,89.80000305175781,7.210000038146973,84.30000305175781,84.5,50.0,10.020000457763672,124.94999694824219,108.16000366210938,101.12000274658203,5.110000133514404,65.18000030517578,43.310001373291016,125.80000305175781,10.220000267028809,77.43000030517578,92.48999786376953,34.400001525878906,7.510000228881836,79.75,80.16000366210938,8.5,7.760000228881836,24.100000381469727,93.58000183105469,91.69999694824219,80.4000015258789,94.41000366210938,32.45000076293945,,103.05000305175781,66.5,80.63999938964844,8.850000381469727,9.760000228881836,55.349998474121094,,38.79999923706055,89.0,80.69999694824219,92.41999816894531,8.430000305175781,135.99000549316406,102.80000305175781,80.55000305175781,2.950000047683716,9.010000228881836
2025-07-08,9.489999771118164,144.0,156.02999877929688,104.75,104.37999725341797,19.399999618530273,104.52999877929688,5.940000057220459,84.19999694824219,67.95999908447266,100.22000122070312,99.9800033569336,82.5999984741211,115.70999908447266,88.55000305175781,87.19999694824219,89.9000015258789,7.159999847412109,84.25,84.30000305175781,50.0099983215332,10.0,125.0,108.80000305175781,100.69999694824219,5.099999904632568,64.94000244140625,42.95000076293945,125.87000274658203,10.220000267028809,76.81999969482422,92.41999816894531,33.81999969482422,7.510000228881836,79.80000305175781,80.45999908447266,8.479999542236328,7.710000038146973,24.06999969482422,93.9800033569336,91.36000061035156,80.0999984741211,94.23999786376953,32.060001373291016,,103.80000305175781,66.19999694824219,81.5999984741211,8.920000076293945,9.600000381469727,54.650001525878906,,38.0,89.68000030517578,80.04000091552734,92.44000244140625,8.4399995803833,135.8000030517578,101.19999694824219,80.18000030517578,2.9100000858306885,8.989999771118164
2025-07-09,9.489999771118164,144.50999450683594,155.0800018310547,103.91000366210938,104.9000015258789,19.309999465942383,103.80000305175781,5.940000057220459,83.76000213623047,68.08999633789062,100.08000183105469,100.27999877929688,82.27999877929688,115.3499984741211,88.5199966430664,87.20999908447266,90.02999877929688,7.159999847412109,83.97000122070312,83.98999786376953,49.5,10.020000457763672,124.98999786376953,108.69999694824219,100.7699966430664,5.099999904632568,64.6500015258789,43.06999969482422,125.25,10.1899995803833,76.0,92.01000213623047,33.79999923706055,7.46999979019165,79.5999984741211,79.95999908447266,8.520000457763672,7.690000057220459,24.06999969482422,93.81999969482422,90.41000366210938,80.19999694824219,94.33000183105469,31.8700008392334,,109.4000015258789,65.69999694824219,81.4800033569336,8.880000114440918,9.5,54.02000045776367,,38.22999954223633,89.77999877929688,80.18000030517578,92.4000015258789,8.430000305175781,135.14999389648438,100.27999877929688,80.44000244140625,2.9100000858306885,9.029999732971191
2025-07-10,9.460000038146973,144.3000030517578,155.1199951171875,103.45999908447266,104.48999786376953,19.350000381469727,103.20999908447266,5.869999885559082,84.19999694824219,66.88999938964844,100.08000183105469,100.19999694824219,82.80000305175781,115.5,88.05000305175781,87.8499984741211,88.6500015258789,7.03000020980835,84.19000244140625,83.69000244140625,50.119998931884766,10.0,124.9000015258789,109.30000305175781,100.55000305175781,5.070000171661377,64.5999984741211,43.150001525878906,124.02999877929688,10.180000305175781,75.47000122070312,92.27999877929688,33.4900016784668,7.429999828338623,79.0,79.80000305175781,8.579999923706055,7.650000095367432,24.530000686645508,93.51000213623047,89.33999633789062,79.97000122070312,93.27999877929688,31.790000915527344,,107.0,65.6500015258789,81.9000015258789,8.829999923706055,9.479999542236328,54.20000076293945,,37.90999984741211,89.05000305175781,80.88999938964844,91.94000244140625,8.34000015258789,136.99000549316406,101.5,81.0999984741211,2.9200000762939453,8.979999542236328
2025-07-11,9.489999771118164,144.99000549316406,156.3300018310547,104.0,104.5199966430664,19.43000030517578,103.33000183105469,5.849999904632568,84.6500015258789,67.27999877929688,100.13999938964844,100.20999908447266,83.12999725341797,116.30000305175781,88.22000122070312,87.1500015258789,88.70999908447266,7.050000190734863,83.87999725341797,83.4000015258789,50.279998779296875,10.0,125.0,109.69000244140625,100.56999969482422,5.079999923706055,65.25,42.970001220703125,125.5,10.199999809265137,77.2300033569336,92.98999786376953,33.54999923706055,7.349999904632568,79.6500015258789,79.76000213623047,8.479999542236328,7.679999828338623,24.469999313354492,94.19000244140625,89.4000015258789,80.3499984741211,93.22000122070312,31.799999237060547,,104.4000015258789,66.19000244140625,82.25,8.869999885559082,9.4399995803833,53.79999923706055,,37.81999969482422,89.77999877929688,80.48999786376953,92.04000091552734,8.449999809265137,136.05999755859375,101.93000030517578,81.7300033569336,2.9100000858306885,8.920000076293945
2025-07-14,9.5,144.50999450683594,155.88999938964844,103.30000305175781,105.61000061035156,19.510000228881836,103.4000015258789,5.820000171661377,84.98999786376953,66.97000122070312,99.52999877929688,100.88999938964844,83.25,115.30000305175781,88.1500015258789,86.76000213623047,88.94999694824219,7.039999961853027,83.9800033569336,83.5999984741211,50.540000915527344,9.930000305175781,125.0,111.37000274658203,100.56999969482422,5.090000152587891,65.62999725341797,42.9900016784668,124.72000122070312,10.149999618530273,75.6500015258789,93.44000244140625,33.849998474121094,7.369999885559082,80.4000015258789,79.51000213623047,8.449999809265137,7.670000076293945,24.549999237060547,94.44999694824219,88.72000122070312,80.19999694824219,93.26000213623047,31.899999618530273,,104.77999877929688,66.58999633789062,82.0,8.859999656677246,9.520000457763672,54.0,,38.599998474121094,89.5,80.80000305175781,92.70999908447266,8.399999618530273,138.67999267578125,103.18000030517578,82.1500015258789,2.9100000858306885,9.0
2025-07-15,9.539999961853027,144.00999450683594,155.10000610351562,103.0,104.7300033569336,19.3799991607666,103.83999633789062,5.800000190734863,84.43000030517578,66.69000244140625,99.52999877929688,100.77999877929688,82.58999633789062,116.48999786376953,88.3499984741211,86.69999694824219,88.58000183105469,7.03000020980835,83.61000061035156,83.30000305175781,50.83000183105469,9.899999618530273,124.93000030517578,109.5199966430664,100.33000183105469,5.179999828338623,65.41000366210938,42.59000015258789,124.6500015258789,10.199999809265137,75.06999969482422,93.5999984741211,33.849998474121094,7.400000095367432,80.3499984741211,80.26000213623047,8.460000038146973,7.679999828338623,24.450000762939453,94.1500015258789,88.27999877929688,80.30000305175781,92.91000366210938,31.81999969482422,,104.11000061035156,66.13999938964844,82.69999694824219,8.829999923706055,9.5,53.0,,38.400001525878906,89.69000244140625,80.0199966430664,91.81999969482422,8.460000038146973,135.0,103.69000244140625,82.01000213623047,2.9100000858306885,8.989999771118164
2025-07-16,9.569999694824219,144.89999389648438,154.9499969482422,102.9800033569336,104.5999984741211,19.299999237060547,103.69000244140625,5.829999923706055,84.41999816894531,66.5,99.8499984741211,99.79000091552734,82.81999969482422,117.0,87.52999877929688,86.05999755859375,88.2699966430664,7.010000228881836,84.19999694824219,83.18000030517578,50.0099983215332,9.789999961853027,124.76000213623047,109.97000122070312,100.0,5.119999885559082,65.44000244140625,42.720001220703125,124.75,10.220000267028809,74.79000091552734,94.19999694824219,33.52000045776367,7.369999885559082,80.3499984741211,80.66999816894531,8.449999809265137,7.699999809265137,23.959999084472656,93.94999694824219,87.55000305175781,80.33999633789062,93.56999969482422,31.940000534057617,,104.4000015258789,66.77999877929688,82.01000213623047,8.8100004196167,9.649999618530273,53.959999084472656,,38.61000061035156,89.2300033569336,80.30999755859375,91.5999984741211,8.380000114440918,137.05999755859375,103.98999786376953,82.2300033569336,2.9200000762939453,8.899999618530273
2025-07-17,9.579999923706055,144.97999572753906,155.64999389648438,103.0,104.81999969482422,19.3799991607666,103.69999694824219,5.860000133514404,83.98999786376953,64.3499984741211,99.77999877929688,99.87999725341797,82.58000183105469,117.0,88.5,86.18000030517578,88.62999725341797,6.989999771118164,83.5,82.2699966430664,50.29999923706055,9.859999656677246,125.0,109.9800033569336,99.91999816894531,5.199999809265137,65.97000122070312,42.720001220703125,124.44999694824219,10.210000038146973,74.81999969482422,94.5,33.5099983215332,7.369999885559082,79.86000061035156,80.33000183105469,8.430000305175781,7.659999847412109,23.799999237060547,93.7300033569336,87.2300033569336,80.33999633789062,94.0,31.200000762939453,,104.12999725341797,66.30999755859375,82.4800033569336,8.84000015258789,9.649999618530273,53.0,,37.4900016784668,88.48999786376953,80.70999908447266,91.58999633789062,8.380000114440918,135.9499969482422,104.19999694824219,82.0999984741211,2.9200000762939453,8.899999618530273
2025-07-18,9.5,144.72000122070312,156.1199951171875,102.9000015258789,104.3499984741211,19.299999237060547,104.26000213623047,5.840000152587891,83.81999969482422,62.130001068115234,99.79000091552734,99.8499984741211,83.0199966430664,116.69999694824219,87.94000244140625,86.11000061035156,88.8499984741211,6.880000114440918,83.02999877929688,82.1500015258789,50.189998626708984,9.859999656677246,124.72000122070312,110.01000213623047,99.87999725341797,5.130000114440918,65.61000061035156,42.560001373291016,124.75,10.199999809265137,74.4000015258789,94.68000030517578,33.33000183105469,7.340000152587891,79.91999816894531,80.0,8.430000305175781,7.639999866485596,23.399999618530273,92.69999694824219,85.83000183105469,80.30000305175781,93.7300033569336,30.56999969482422,,104.05999755859375,65.94999694824219,82.6500015258789,8.829999923706055,9.630000114440918,53.13999938964844,,38.150001525878906,88.30000305175781,80.44000244140625,91.66000366210938,8.420000076293945,137.88999938964844,104.43000030517578,82.26000213623047,2.9100000858306885,8.899999618530273
2025-07-21,9.470000267028809,142.2100067138672,155.0,101.62999725341797,103.94999694824219,19.1200008392334,103.4800033569336,5.760000228881836,82.83999633789062,60.77000045776367,98.51000213623047,99.87000274658203,82.20999908447266,114.44999694824219,88.08000183105469,86.80000305175781,88.38999938964844,6.78000020980835,81.5,81.2699966430664,50.099998474121094,9.84000015258789,123.51000213623047,110.01000213623047,99.94000244140625,5.099999904632568,64.5,42.34000015258789,124.43000030517578,10.0,73.55000305175781,94.80000305175781,32.900001525878906,7.329999923706055,78.04000091552734,80.3499984741211,8.399999618530273,7.610000133514404,23.5,92.01000213623047,85.01000213623047,80.37999725341797,93.11000061035156,30.31999969482422,,103.72000122070312,65.66999816894531,82.0,8.760000228881836,9.550000190734863,52.959999084472656,,37.70000076293945,87.9000015258789,79.5,91.8499984741211,8.350000381469727,134.8000030517578,103.58999633789062,82.23999786376953,2.890000104904175,8.800000190734863
2025-07-22,9.489999771118164,143.5,154.5500030517578,100.88999938964844,103.56999969482422,19.0,103.7699966430664,5.699999809265137,82.47000122070312,62.5,98.80000305175781,99.8499984741211,82.31999969482422,115.41000366210938,87.69999694824219,85.62999725341797,87.37000274658203,6.739999771118164,80.9000015258789,80.3499984741211,50.119998931884766,9.850000381469727,123.9800033569336,110.1500015258789,99.79000091552734,5.139999866485596,64.16999816894531,41.93000030517578,124.12999725341797,9.960000038146973,73.61000061035156,94.55000305175781,32.939998626708984,7.300000190734863,77.69999694824219,79.98999786376953,8.40999984741211,7.690000057220459,23.399999618530273,91.44999694824219,84.0999984741211,80.5,93.01000213623047,30.309999465942383,,104.69000244140625,65.5,82.4800033569336,8.760000228881836,9.520000457763672,52.849998474121094,,37.470001220703125,87.55000305175781,79.19999694824219,91.75,8.3100004196167,136.14999389648438,104.52999877929688,82.08999633789062,2.890000104904175,8.9399995803833
2025-07-23,9.510000228881836,142.25,154.0,100.62000274658203,103.0,18.729999542236328,103.79000091552734,5.670000076293945,82.37000274658203,62.150001525878906,98.01000213623047,99.73999786376953,81.98999786376953,114.9000015258789,87.16999816894531,86.05000305175781,87.41999816894531,6.730000019073486,81.69999694824219,79.94999694824219,50.150001525878906,9.8100004196167,122.62999725341797,110.30000305175781,99.9000015258789,5.150000095367432,64.38999938964844,41.90999984741211,124.79000091552734,9.979999542236328,73.06999969482422,93.83999633789062,32.400001525878906,7.300000190734863,77.68000030517578,80.12999725341797,8.4399995803833,7.679999828338623,23.399999618530273,91.36000061035156,83.80000305175781,80.12000274658203,92.77999877929688,30.5,,104.48999786376953,65.02999877929688,81.44000244140625,8.739999771118164,9.529999732971191,52.0,,36.04999923706055,89.54000091552734,78.12000274658203,91.5,8.260000228881836,136.0,103.75,81.9000015258789,2.890000104904175,8.979999542236328
2025-07-24,9.600000381469727,143.55999755859375,154.1999969482422,100.9000015258789,103.37000274658203,18.770000457763672,103.9800033569336,5.71999979019165,82.41999816894531,62.11000061035156,98.12000274658203,99.7699966430664,81.83000183105469,114.98999786376953,87.72000122070312,85.5999984741211,87.30000305175781,6.650000095367432,81.61000061035156,80.01000213623047,50.150001525878906,9.800000190734863,124.27999877929688,109.9000015258789,99.98999786376953,5.139999866485596,64.0,41.880001068115234,124.20999908447266,9.979999542236328,74.18000030517578,93.91999816894531,32.40999984741211,7.289999961853027,77.3499984741211,80.0,8.390000343322754,7.690000057220459,23.309999465942383,91.76000213623047,82.41000366210938,80.31999969482422,92.11000061035156,30.600000381469727,,104.2300033569336,65.23999786376953,80.98999786376953,8.819999694824219,9.579999923706055,53.5,,33.75,89.0,79.01000213623047,91.44999694824219,8.329999923706055,136.1999969482422,103.6500015258789,81.70999908447266,2.880000114440918,8.949999809265137
2025-07-25,9.550000190734863,143.99000549316406,155.7100067138672,101.75,103.55000305175781,18.989999771118164,104.30000305175781,5.75,82.80000305175781,61.9900016784668,99.0,99.55000305175781,81.51000213623047,114.9000015258789,87.37000274658203,86.8499984741211,88.3499984741211,6.690000057220459,82.30999755859375,80.4000015258789,49.880001068115234,9.789999961853027,124.80000305175781,109.98999786376953,99.80000305175781,5.159999847412109,64.0,41.70000076293945,124.9000015258789,10.0,73.4000015258789,93.87000274658203,32.400001525878906,7.289999961853027,77.41999816894531,80.01000213623047,8.430000305175781,7.710000038146973,23.389999389648438,91.5999984741211,83.11000061035156,80.3499984741211,93.77999877929688,30.540000915527344,,104.47000122070312,64.72000122070312,80.80000305175781,8.869999885559082,9.649999618530273,53.0,,34.220001220703125,89.33999633789062,78.9000015258789,91.56999969482422,8.319999694824219,136.22000122070312,103.55999755859375,81.73999786376953,2.890000104904175,8.989999771118164
2025-07-28,9.510000228881836,142.30999755859375,154.6999969482422,101.30999755859375,102.9000015258789,18.75,104.2699966430664,5.730000019073486,82.6500015258789,60.93000030517578,98.22000122070312,99.0999984741211,82.19000244140625,114.33000183105469,86.36000061035156,85.77999877929688,87.66999816894531,6.619999885559082,82.41000366210938,79.61000061035156,51.0099983215332,9.829999923706055,124.44000244140625,109.75,99.93000030517578,5.110000133514404,63.709999084472656,41.29999923706055,127.44999694824219,9.9399995803833,73.94000244140625,94.16000366210938,32.29999923706055,7.25,76.83999633789062,79.44999694824219,8.359999656677246,7.690000057220459,23.309999465942383,91.1500015258789,82.44999694824219,80.31999969482422,93.2300033569336,30.969999313354492,,103.94999694824219,64.5,80.94999694824219,8.829999923706055,9.5600004196167,52.310001373291016,,34.0,88.93000030517578,78.56999969482422,91.68000030517578,8.3100004196167,136.67999267578125,103.12999725341797,81.0,2.890000104904175,8.979999542236328
2025-07-29,9.520000457763672,141.63999938964844,154.02999877929688,100.5,103.3499984741211,18.81999969482422,104.0199966430664,5.71999979019165,82.56999969482422,60.75,97.69999694824219,98.86000061035156,81.22000122070312,113.80000305175781,86.30000305175781,85.06999969482422,87.80000305175781,6.559999942779541,81.5,79.33000183105469,51.04999923706055,9.770000457763672,124.79000091552734,109.79000091552734,99.5,5.03000020980835,63.599998474121094,41.119998931884766,129.0,9.930000305175781,73.0,94.05000305175781,32.2599983215332,7.260000228881836,76.5,79.05000305175781,8.4399995803833,7.699999809265137,23.260000228881836,91.02999877929688,81.30999755859375,81.41999816894531,92.93000030517578,30.389999389648438,,101.5999984741211,63.900001525878906,80.94999694824219,8.800000190734863,9.550000190734863,51.91999816894531,,33.959999084472656,88.0199966430664,79.19000244140625,91.52999877929688,8.289999961853027,135.16000366210938,103.54000091552734,80.0199966430664,2.880000114440918,8.970000267028809
2025-07-30,9.529999732971191,141.11000061035156,152.0,100.44999694824219,102.37999725341797,18.459999084472656,104.83000183105469,5.78000020980835,82.0,60.810001373291016,96.91999816894531,98.80999755859375,80.33999633789062,110.69999694824219,86.88999938964844,84.01000213623047,87.5199966430664,6.519999980926514,82.30000305175781,78.94999694824219,50.56999969482422,9.720000267028809,124.0,109.6500015258789,99.48999786376953,5.059999942779541,63.099998474121094,41.77000045776367,129.0,9.930000305175781,73.86000061035156,94.86000061035156,32.310001373291016,7.239999771118164,75.98999786376953,78.5999984741211,8.420000076293945,7.690000057220459,23.209999084472656,91.0,79.69999694824219,81.80999755859375,92.7300033569336,30.100000381469727,,102.18000030517578,64.20999908447266,80.61000061035156,8.789999961853027,9.529999732971191,52.779998779296875,,33.7400016784668,87.5199966430664,77.75,91.4800033569336,8.289999961853027,135.67999267578125,103.5999984741211,80.2300033569336,2.869999885559082,8.949999809265137
2025-07-31,9.600000381469727,142.19000244140625,154.24000549316406,101.79000091552734,103.36000061035156,18.600000381469727,104.98999786376953,5.949999809265137,82.9800033569336,61.310001373291016,98.97000122070312,99.0,81.9800033569336,111.19999694824219,87.6500015258789,85.19999694824219,87.83999633789062,6.559999942779541,81.86000061035156,79.5999984741211,50.939998626708984,9.739999771118164,124.0,109.97000122070312,99.69000244140625,5.130000114440918,64.11000061035156,41.790000915527344,127.83999633789062,10.020000457763672,74.45999908447266,95.06999969482422,32.75,7.28000020980835,77.2300033569336,78.23999786376953,8.449999809265137,7.699999809265137,23.31999969482422,91.19000244140625,82.0,81.1500015258789,93.19999694824219,30.229999542236328,,102.22000122070312,64.5,80.94999694824219,8.859999656677246,9.529999732971191,52.400001525878906,,33.36000061035156,88.54000091552734,78.29000091552734,91.61000061035156,8.350000381469727,136.1300048828125,103.70999908447266,81.30999755859375,2.869999885559082,9.0
2025-08-01,9.399999618530273,141.0,152.1999969482422,102.33999633789062,101.94999694824219,18.389999389648438,102.98999786376953,5.789999961853027,84.04000091552734,61.099998474121094,97.55000305175781,98.5999984741211,81.1500015258789,108.0999984741211,86.08999633789062,86.94999694824219,87.7300033569336,6.699999809265137,81.72000122070312,81.01000213623047,51.09000015258789,9.8100004196167,123.25,108.5,98.75,5.059999942779541,63.380001068115234,41.400001525878906,126.41999816894531,9.989999771118164,74.9000015258789,93.37999725341797,32.599998474121094,7.340000152587891,75.80000305175781,76.58000183105469,8.319999694824219,7.570000171661377,23.329999923706055,88.98999786376953,81.87000274658203,80.19999694824219,93.33999633789062,29.93000030517578,,102.56999969482422,63.790000915527344,79.61000061035156,8.640000343322754,9.59000015258789,52.630001068115234,,33.849998474121094,87.9000015258789,77.0,92.0,8.260000228881836,135.1999969482422,101.94999694824219,82.19999694824219,2.8499999046325684,8.970000267028809
2025-08-04,9.430000305175781,139.2100067138672,152.8699951171875,101.33000183105469,100.98999786376953,18.079999923706055,102.26000213623047,5.820000171661377,83.95999908447266,61.029998779296875,95.30000305175781,98.98999786376953,80.83000183105469,108.33999633789062,85.69999694824219,87.9000015258789,87.7300033569336,6.599999904632568,82.01000213623047,80.20999908447266,50.900001525878906,9.710000038146973,123.18000030517578,106.76000213623047,98.44999694824219,5.019999980926514,63.290000915527344,41.38999938964844,127.95999908447266,10.050000190734863,75.68000030517578,92.58000183105469,32.4900016784668,7.300000190734863,75.58000183105469,76.73999786376953,8.380000114440918,7.519999980926514,23.25,88.80000305175781,85.29000091552734,80.12999725341797,92.0999984741211,30.06999969482422,,100.94999694824219,63.54999923706055,79.69999694824219,8.600000381469727,9.510000228881836,52.599998474121094,,33.63999938964844,86.87999725341797,77.19999694824219,91.4800033569336,8.1899995803833,135.99000549316406,102.20999908447266,81.4000015258789,2.8399999141693115,8.989999771118164
2025-08-05,9.40999984741211,138.6199951171875,151.97999572753906,100.7699966430664,100.54000091552734,18.020000457763672,102.30999755859375,5.800000190734863,83.4000015258789,61.81999969482422,95.30000305175781,98.43000030517578,80.08000183105469,108.23999786376953,86.9800033569336,86.94000244140625,87.76000213623047,6.579999923706055,81.19000244140625,79.5,50.650001525878906,9.699999809265137,122.4000015258789,106.55000305175781,98.30000305175781,5.0,62.58000183105469,41.400001525878906,126.0,10.020000457763672,74.19000244140625,92.01000213623047,32.31999969482422,7.260000228881836,74.19999694824219,76.19999694824219,8.34000015258789,7.489999771118164,23.25,89.0,82.5,79.9000015258789,92.18000030517578,30.260000228881836,,100.77999877929688,63.22999954223633,77.19999694824219,8.630000114440918,9.489999771118164,52.369998931884766,,33.61000061035156,85.1500015258789,77.12000274658203,91.55000305175781,8.180000305175781,135.89999389648438,102.41000366210938,81.20999908447266,2.8299999237060547,9.0
2025-08-06,9.399999618530273,138.41000366210938,152.3699951171875,100.75,99.29000091552734,18.190000534057617,102.19999694824219,5.760000228881836,83.4800033569336,62.0,95.4800033569336,98.5,80.04000091552734,108.19999694824219,86.0,87.19999694824219,87.45999908447266,6.559999942779541,82.5,78.81999969482422,50.83000183105469,9.630000114440918,122.38999938964844,106.26000213623047,98.23999786376953,5.010000228881836,61.400001525878906,41.709999084472656,123.98999786376953,10.050000190734863,72.58999633789062,91.37000274658203,32.349998474121094,7.25,74.30999755859375,76.4000015258789,8.350000381469727,7.489999771118164,23.25,88.75,84.81999969482422,79.33999633789062,92.3499984741211,30.5,,100.23999786376953,63.650001525878906,79.19999694824219,8.510000228881836,9.449999809265137,52.29999923706055,,33.4900016784668,84.26000213623047,76.5,92.38999938964844,8.140000343322754,136.0500030517578,102.43000030517578,80.91999816894531,2.799999952316284,9.029999732971191
2025-08-07,9.40999984741211,139.85000610351562,151.8300018310547,100.5,101.19999694824219,18.299999237060547,102.69999694824219,5.809999942779541,83.25,62.72999954223633,95.5,98.4000015258789,79.41999816894531,107.83999633789062,86.11000061035156,86.72000122070312,87.73999786376953,6.550000190734863,81.4000015258789,80.5,49.209999084472656,9.609999656677246,121.70999908447266,107.38999938964844,98.0,5.010000228881836,62.77000045776367,41.540000915527344,122.80999755859375,9.979999542236328,72.02999877929688,91.5999984741211,31.059999465942383,7.28000020980835,74.87999725341797,75.5,8.359999656677246,7.579999923706055,23.290000915527344,89.4000015258789,84.0,80.04000091552734,92.79000091552734,30.350000381469727,,101.2300033569336,63.47999954223633,79.62999725341797,8.510000228881836,9.5,51.619998931884766,,33.529998779296875,83.66000366210938,77.26000213623047,91.68000030517578,8.130000114440918,135.77000427246094,102.44999694824219,80.29000091552734,2.809999942779541,9.079999923706055
2025-08-08,9.40999984741211,139.3000030517578,151.75,101.0199966430664,101.38999938964844,18.700000762939453,103.29000091552734,5.809999942779541,81.9000015258789,63.04999923706055,96.30000305175781,98.5999984741211,79.5,107.70999908447266,86.30000305175781,86.61000061035156,88.0999984741211,6.559999942779541,82.37000274658203,79.94000244140625,49.65999984741211,9.619999885559082,122.25,107.5,97.8499984741211,5.010000228881836,62.63999938964844,41.150001525878906,121.80999755859375,10.050000190734863,72.55999755859375,91.95999908447266,29.799999237060547,7.28000020980835,75.8499984741211,75.26000213623047,8.350000381469727,7.570000171661377,22.649999618530273,90.81999969482422,84.62000274658203,80.44999694824219,93.19999694824219,30.0,,103.45999908447266,64.25,79.38999938964844,8.489999771118164,9.600000381469727,52.20000076293945,,32.880001068115234,85.16999816894531,77.4000015258789,91.97000122070312,8.140000343322754,135.77000427246094,103.0,80.80999755859375,2.619999885559082,9.09000015258789
2025-08-11,9.399999618530273,138.38999938964844,151.77000427246094,100.81999969482422,102.98999786376953,18.639999389648438,103.29000091552734,5.820000171661377,81.87000274658203,62.619998931884766,96.31999969482422,98.36000061035156,79.16999816894531,107.98999786376953,87.0,86.2699966430664,87.9000015258789,6.550000190734863,82.88999938964844,79.9000015258789,49.5,9.649999618530273,121.87000274658203,107.80000305175781,97.75,4.960000038146973,62.75,41.099998474121094,122.7300033569336,10.029999732971191,72.80000305175781,91.68000030517578,28.5,7.269999980926514,74.9800033569336,76.4800033569336,8.329999923706055,7.579999923706055,22.079999923706055,89.94999694824219,85.48999786376953,80.48999786376953,93.19999694824219,29.770000457763672,,103.69000244140625,63.75,79.44999694824219,8.470000267028809,9.579999923706055,51.619998931884766,,32.63999938964844,84.05000305175781,77.95999908447266,91.5,8.130000114440918,137.00999450683594,103.0,80.01000213623047,2.640000104904175,9.079999923706055
2025-08-12,9.420000076293945,137.75999450683594,151.94000244140625,100.80000305175781,102.77999877929688,18.649999618530273,102.41000366210938,5.880000114440918,81.7699966430664,61.220001220703125,96.62000274658203,98.4000015258789,79.41999816894531,107.62000274658203,86.22000122070312,85.83999633789062,85.87000274658203,6.489999771118164,82.79000091552734,80.25,50.02000045776367,9.640000343322754,121.98999786376953,107.18000030517578,97.80999755859375,4.929999828338623,62.9900016784668,40.790000915527344,122.6500015258789,10.020000457763672,72.12000274658203,91.69000244140625,28.09000015258789,7.28000020980835,74.70999908447266,75.7699966430664,8.40999984741211,7.539999961853027,22.0,89.69999694824219,84.25,79.9800033569336,92.04000091552734,29.969999313354492,,101.77999877929688,63.70000076293945,79.4000015258789,8.479999542236328,9.539999961853027,51.5,,32.0,85.12999725341797,78.19999694824219,91.58000183105469,8.149999618530273,135.8000030517578,103.30000305175781,79.29000091552734,2.5199999809265137,9.0600004196167
2025-08-13,9.399999618530273,137.47999572753906,151.27000427246094,100.47000122070312,102.45999908447266,18.469999313354492,103.43000030517578,5.900000095367432,81.31999969482422,61.33000183105469,97.55000305175781,98.25,79.23999786376953,108.25,86.69000244140625,85.1500015258789,85.0999984741211,6.460000038146973,80.83999633789062,79.29000091552734,50.060001373291016,9.579999923706055,120.88999938964844,106.22000122070312,97.6500015258789,4.900000095367432,62.619998931884766,41.0,123.55000305175781,10.050000190734863,72.5,91.79000091552734,27.950000762939453,7.170000076293945,74.5999984741211,76.23999786376953,8.369999885559082,7.599999904632568,22.110000610351562,89.52999877929688,83.2699966430664,79.88999938964844,92.37999725341797,30.030000686645508,,100.63999938964844,62.0099983215332,78.76000213623047,8.510000228881836,9.420000076293945,51.41999816894531,,31.649999618530273,84.0,78.45999908447266,91.9000015258789,8.130000114440918,134.60000610351562,102.98999786376953,79.51000213623047,2.549999952316284,9.069999694824219
2025-08-14,9.470000267028809,137.80999755859375,151.92999267578125,100.5999984741211,102.52999877929688,18.75,103.8499984741211,5.96999979019165,81.27999877929688,61.0,97.69999694824219,98.37000274658203,79.44000244140625,110.0999984741211,86.94999694824219,84.91999816894531,85.0199966430664,6.5,80.4800033569336,79.75,50.060001373291016,9.569999694824219,122.13999938964844,106.30000305175781,97.88999938964844,4.949999809265137,62.9900016784668,40.9900016784668,125.0,10.0600004196167,72.25,92.0,28.18000030517578,7.179999828338623,75.1500015258789,76.38999938964844,8.359999656677246,7.570000171661377,21.850000381469727,89.52999877929688,84.75,79.83000183105469,91.98999786376953,31.040000915527344,,101.54000091552734,62.20000076293945,78.30000305175781,8.539999961853027,9.420000076293945,51.0,,32.560001373291016,84.48999786376953,78.77999877929688,92.04000091552734,8.130000114440918,135.50999450683594,103.23999786376953,79.63999938964844,2.5199999809265137,9.079999923706055
2025-08-15,9.520000457763672,137.14999389648438,152.0,100.3499984741211,102.9800033569336,18.899999618530273,104.30000305175781,6.0,82.0,61.31999969482422,96.91000366210938,98.30000305175781,80.98999786376953,109.61000061035156,87.7300033569336,85.25,86.0999984741211,6.559999942779541,80.94999694824219,79.94999694824219,49.68000030517578,9.579999923706055,121.47000122070312,107.72000122070312,97.81999969482422,4.920000076293945,63.20000076293945,40.93000030517578,125.30000305175781,10.079999923706055,72.5999984741211,92.16000366210938,28.770000457763672,7.260000228881836,75.91000366210938,77.0,8.399999618530273,7.659999847412109,22.100000381469727,89.5,85.0,79.5999984741211,92.7699966430664,30.899999618530273,,102.54000091552734,62.0099983215332,78.6500015258789,8.640000343322754,9.470000267028809,51.13999938964844,,32.18000030517578,84.01000213623047,78.8499984741211,91.08000183105469,8.109999656677246,135.55999755859375,103.16999816894531,80.73999786376953,2.549999952316284,9.079999923706055
2025-08-18,9.550000190734863,137.47000122070312,151.5,100.5,102.80000305175781,19.030000686645508,104.33999633789062,5.980000019073486,81.66999816894531,61.04999923706055,97.0,97.55000305175781,80.7300033569336,110.22000122070312,87.5,85.05000305175781,86.26000213623047,6.559999942779541,80.68000030517578,79.9000015258789,49.79999923706055,9.600000381469727,122.8499984741211,108.22000122070312,97.79000091552734,4.929999828338623,62.79999923706055,41.02000045776367,126.08999633789062,10.100000381469727,72.94000244140625,92.56999969482422,29.600000381469727,7.300000190734863,75.9000015258789,77.26000213623047,8.420000076293945,7.699999809265137,22.43000030517578,90.30999755859375,84.66000366210938,79.76000213623047,92.7300033569336,31.09000015258789,,102.0,62.380001068115234,79.44999694824219,8.649999618530273,9.5,50.43000030517578,,31.950000762939453,84.22000122070312,78.51000213623047,91.1500015258789,8.109999656677246,135.66000366210938,101.83999633789062,79.98999786376953,2.5399999618530273,9.09000015258789
2025-08-19,9.550000190734863,137.35000610351562,151.0,99.16000366210938,102.54000091552734,18.8799991607666,103.70999908447266,5.900000095367432,81.41000366210938,61.13999938964844,97.16000366210938,98.0,80.68000030517578,110.9000015258789,87.58000183105469,85.19000244140625,86.33999633789062,6.510000228881836,79.5999984741211,79.62000274658203,50.0099983215332,9.5600004196167,122.19000244140625,107.41999816894531,97.69999694824219,4.920000076293945,62.75,40.95000076293945,127.4000015258789,10.010000228881836,73.43000030517578,92.2699966430664,29.350000381469727,7.289999961853027,75.86000061035156,76.6500015258789,8.390000343322754,7.619999885559082,22.260000228881836,90.0,82.91999816894531,79.83000183105469,92.77999877929688,31.059999465942383,,102.76000213623047,62.380001068115234,79.20999908447266,8.649999618530273,9.470000267028809,50.2400016784668,,31.920000076293945,84.01000213623047,78.70999908447266,91.1500015258789,8.100000381469727,136.19000244140625,102.33999633789062,80.16000366210938,2.509999990463257,9.09000015258789
2025-08-20,9.529999732971191,137.4199981689453,151.49000549316406,98.98999786376953,102.54000091552734,18.93000030517578,103.13999938964844,5.900000095367432,81.58000183105469,61.43000030517578,97.16000366210938,97.93000030517578,80.5999984741211,109.47000122070312,86.44999694824219,84.73999786376953,86.1500015258789,6.5,79.9800033569336,79.69999694824219,49.7400016784668,9.569999694824219,122.38999938964844,108.4000015258789,97.47000122070312,4.920000076293945,62.5,40.5,125.44999694824219,10.0,74.5,92.30000305175781,29.209999084472656,7.289999961853027,75.19999694824219,77.19000244140625,8.390000343322754,7.610000133514404,22.15999984741211,89.30999755859375,84.16999816894531,79.7300033569336,92.05999755859375,30.889999389648438,,102.2300033569336,62.380001068115234,79.4000015258789,8.710000038146973,9.460000038146973,50.599998474121094,,32.0099983215332,85.0,78.01000213623047,91.19999694824219,7.869999885559082,135.7100067138672,102.8499984741211,81.44999694824219,2.5,9.09000015258789
2025-08-21,9.520000457763672,137.1300048828125,151.5,98.52999877929688,102.88999938964844,18.829999923706055,103.6500015258789,5.849999904632568,81.41000366210938,61.400001525878906,97.9800033569336,99.0,80.63999938964844,110.69000244140625,86.75,84.31999969482422,86.5199966430664,6.519999980926514,80.80999755859375,79.98999786376953,49.900001525878906,9.569999694824219,122.3499984741211,108.80000305175781,97.06999969482422,4.869999885559082,62.790000915527344,40.380001068115234,125.4000015258789,10.0,74.5,92.80999755859375,28.190000534057617,7.28000020980835,75.69999694824219,76.69999694824219,8.449999809265137,7.679999828338623,22.079999923706055,89.30000305175781,84.4000015258789,80.0,92.4000015258789,31.0,,102.2300033569336,62.380001068115234,79.54000091552734,8.6899995803833,9.510000228881836,50.400001525878906,,31.799999237060547,85.16000366210938,76.98999786376953,91.19999694824219,7.730000019073486,136.22999572753906,102.88999938964844,81.62000274658203,2.5,9.079999923706055
2025-08-22,9.539999961853027,137.2899932861328,152.5,98.5,102.95999908447266,18.969999313354492,103.54000091552734,5.900000095367432,81.83000183105469,61.38999938964844,97.79000091552734,98.76000213623047,80.69999694824219,110.29000091552734,86.69999694824219,85.01000213623047,86.44999694824219,6.519999980926514,80.30999755859375,80.51000213623047,49.88999938964844,9.579999923706055,122.5,109.80999755859375,97.0,4.889999866485596,62.72999954223633,40.52000045776367,125.9000015258789,9.989999771118164,75.0,92.3499984741211,28.100000381469727,7.329999923706055,75.72000122070312,76.55999755859375,8.420000076293945,7.690000057220459,22.280000686645508,89.5199966430664,83.77999877929688,79.93000030517578,92.12000274658203,30.850000381469727,,102.18000030517578,62.380001068115234,79.08000183105469,8.729999542236328,9.5,53.970001220703125,,31.489999771118164,85.9800033569336,77.22000122070312,91.18000030517578,7.710000038146973,136.4499969482422,103.4000015258789,81.88999938964844,2.5399999618530273,9.079999923706055
2025-08-25,9.520000457763672,137.6300048828125,152.5,98.5999984741211,102.97000122070312,19.15999984741211,103.62999725341797,5.949999809265137,81.5,61.45000076293945,97.5999984741211,99.45999908447266,81.22000122070312,110.58000183105469,86.5999984741211,84.94999694824219,86.55000305175781,6.539999961853027,80.19999694824219,79.41000366210938,49.900001525878906,9.630000114440918,122.66999816894531,109.12999725341797,96.91999816894531,4.900000095367432,62.560001373291016,41.0,125.88999938964844,10.0,74.25,92.33999633789062,27.75,7.309999942779541,75.83000183105469,76.9000015258789,8.449999809265137,7.699999809265137,22.200000762939453,89.83999633789062,84.9000015258789,80.6500015258789,93.0999984741211,30.899999618530273,,101.30000305175781,62.380001068115234,79.97000122070312,8.680000305175781,9.470000267028809,51.0,,31.700000762939453,86.0199966430664,77.83000183105469,93.0,7.900000095367432,136.47999572753906,103.7300033569336,82.31999969482422,2.5199999809265137,9.09000015258789
2025-08-26,9.579999923706055,139.35000610351562,152.99000549316406,99.19999694824219,103.08999633789062,19.149999618530273,104.41000366210938,5.900000095367432,81.8499984741211,61.40999984741211,98.5,99.77999877929688,80.8499984741211,110.19999694824219,86.54000091552734,84.86000061035156,86.70999908447266,6.550000190734863,80.38999938964844,79.31999969482422,49.529998779296875,9.630000114440918,124.5,109.66000366210938,97.02999877929688,4.940000057220459,62.58000183105469,41.0,125.79000091552734,10.0,74.76000213623047,92.22000122070312,27.600000381469727,7.309999942779541,75.62999725341797,77.41999816894531,8.479999542236328,7.670000076293945,22.09000015258789,89.80000305175781,84.31999969482422,80.86000061035156,93.0,30.860000610351562,,101.72000122070312,62.380001068115234,79.83000183105469,8.670000076293945,9.479999542236328,50.9900016784668,,31.450000762939453,84.69999694824219,78.30000305175781,92.4000015258789,7.900000095367432,136.00999450683594,103.91999816894531,82.0,2.509999990463257,9.069999694824219
2025-08-27,9.5600004196167,138.8699951171875,153.2899932861328,99.69999694824219,102.79000091552734,18.979999542236328,104.9800033569336,5.840000152587891,81.88999938964844,61.79999923706055,98.68000030517578,99.87999725341797,81.3499984741211,112.33999633789062,86.0999984741211,85.02999877929688,86.94999694824219,6.570000171661377,79.75,79.69999694824219,50.0,9.640000343322754,124.79000091552734,109.29000091552734,97.0999984741211,4.929999828338623,62.540000915527344,40.90999984741211,124.9000015258789,10.020000457763672,73.94000244140625,91.9000015258789,27.110000610351562,7.340000152587891,75.5,77.63999938964844,8.59000015258789,7.690000057220459,22.049999237060547,90.66000366210938,84.55999755859375,81.18000030517578,92.80999755859375,30.889999389648438,,101.48999786376953,62.380001068115234,78.69999694824219,8.6899995803833,9.489999771118164,51.0099983215332,,31.850000381469727,84.8499984741211,78.29000091552734,92.3499984741211,7.900000095367432,136.1999969482422,104.4000015258789,81.72000122070312,2.5199999809265137,9.050000190734863
2025-08-28,9.5600004196167,139.38999938964844,153.80999755859375,100.13999938964844,103.12000274658203,19.1200008392334,104.9000015258789,5.860000133514404,82.19000244140625,62.439998626708984,98.16000366210938,99.98999786376953,82.9800033569336,111.54000091552734,87.13999938964844,85.19999694824219,87.0,6.53000020980835,80.08000183105469,81.5,49.810001373291016,9.729999542236328,125.0,110.02999877929688,97.0,4.929999828338623,62.56999969482422,41.0099983215332,128.3300018310547,10.029999732971191,74.5,92.01000213623047,27.440000534057617,7.369999885559082,75.5,77.94999694824219,8.600000381469727,7.699999809265137,22.200000762939453,90.9000015258789,84.19999694824219,81.5999984741211,93.58000183105469,30.850000381469727,,101.80000305175781,62.380001068115234,78.88999938964844,8.720000267028809,9.550000190734863,51.40999984741211,,31.790000915527344,85.5,78.20999908447266,92.55000305175781,7.889999866485596,136.39999389648438,104.87999725341797,82.37000274658203,2.5399999618530273,9.0
2025-08-29,9.619999885559082,140.5,154.99000549316406,101.9000015258789,104.22000122070312,19.1200008392334,105.4000015258789,5.909999847412109,81.9000015258789,62.20000076293945,99.30000305175781,100.0,83.9000015258789,113.30000305175781,87.38999938964844,86.63999938964844,87.5,6.590000152587891,80.41000366210938,83.0,50.189998626708984,9.829999923706055,125.0,111.08000183105469,97.55999755859375,4.960000038146973,62.400001525878906,41.29999923706055,131.19000244140625,10.140000343322754,76.29000091552734,92.4000015258789,27.940000534057617,7.449999809265137,75.87000274658203,79.33999633789062,8.6899995803833,7.699999809265137,22.520000457763672,91.81999969482422,84.4000015258789,81.75,93.5999984741211,31.100000381469727,,102.68000030517578,62.380001068115234,79.33999633789062,8.800000190734863,9.579999923706055,52.400001525878906,,32.0,85.55999755859375,78.19999694824219,92.6500015258789,7.929999828338623,136.72999572753906,104.5,82.45999908447266,2.5799999237060547,9.029999732971191
2025-09-01,9.520000457763672,139.1999969482422,156.9499969482422,103.55000305175781,103.4000015258789,19.049999237060547,104.19000244140625,5.800000190734863,81.62999725341797,61.5,98.5,99.9800033569336,83.97000122070312,112.80000305175781,85.41000366210938,87.98999786376953,87.94999694824219,6.619999885559082,79.87000274658203,82.55000305175781,49.70000076293945,9.899999618530273,125.0,110.25,97.22000122070312,4.949999809265137,61.79999923706055,41.2599983215332,126.11000061035156,10.140000343322754,75.58000183105469,91.73999786376953,28.18000030517578,7.440000057220459,75.70999908447266,77.80000305175781,8.6899995803833,7.619999885559082,22.729999542236328,90.69999694824219,83.0,80.01000213623047,93.72000122070312,31.309999465942383,,104.69999694824219,62.380001068115234,77.5999984741211,8.670000076293945,9.609999656677246,52.88999938964844,,32.5,83.0999984741211,77.69000244140625,92.12000274658203,7.820000171661377,137.0,103.81999969482422,82.0,2.690000057220459,9.0
2025-09-02,9.510000228881836,141.77999877929688,154.83999633789062,103.66999816894531,102.91000366210938,18.860000610351562,104.22000122070312,5.78000020980835,81.3499984741211,61.5,97.1500015258789,99.81999969482422,82.87999725341797,111.80000305175781,85.80000305175781,88.13999938964844,86.81999969482422,6.630000114440918,79.33000183105469,80.83999633789062,50.150001525878906,9.680000305175781,124.4800033569336,110.33000183105469,97.3499984741211,4.940000057220459,61.54999923706055,41.56999969482422,125.58999633789062,10.180000305175781,75.0999984741211,91.75,28.18000030517578,7.400000095367432,75.5999984741211,77.5999984741211,8.789999961853027,7.590000152587891,22.6200008392334,90.91000366210938,81.55000305175781,79.41000366210938,94.1500015258789,31.600000381469727,,103.62999725341797,62.380001068115234,77.26000213623047,8.65999984741211,9.630000114440918,52.0,,32.31999969482422,83.8499984741211,77.5199966430664,92.0199966430664,7.809999942779541,136.57000732421875,103.98999786376953,81.36000061035156,2.690000057220459,9.029999732971191
2025-09-03,9.510000228881836,144.0500030517578,156.88999938964844,103.72000122070312,103.75,18.920000076293945,104.77999877929688,5.900000095367432,81.88999938964844,61.45000076293945,97.1500015258789,100.0999984741211,83.8499984741211,114.19999694824219,86.63999938964844,88.76000213623047,86.87999725341797,6.590000152587891,79.58000183105469,81.29000091552734,49.869998931884766,9.670000076293945,123.83000183105469,111.16000366210938,97.0999984741211,4.909999847412109,61.959999084472656,41.91999816894531,125.56999969482422,10.180000305175781,74.80999755859375,91.68000030517578,28.100000381469727,7.389999866485596,75.69999694824219,77.9000015258789,8.859999656677246,7.610000133514404,22.719999313354492,91.4000015258789,82.4000015258789,79.55000305175781,94.63999938964844,31.90999984741211,,104.69000244140625,62.380001068115234,77.27999877929688,8.649999618530273,9.579999923706055,54.38999938964844,,37.0,83.91000366210938,77.33000183105469,92.11000061035156,7.809999942779541,136.1999969482422,103.3499984741211,81.27999877929688,2.6600000858306885,9.020000457763672
2025-09-04,9.520000457763672,144.75,155.4600067138672,104.0,103.76000213623047,18.920000076293945,104.98999786376953,5.920000076293945,82.18000030517578,61.45000076293945,97.12999725341797,99.91999816894531,83.30999755859375,114.55999755859375,86.29000091552734,87.91000366210938,87.01000213623047,6.619999885559082,79.38999938964844,81.69999694824219,49.86000061035156,9.640000343322754,123.83999633789062,111.12999725341797,97.1500015258789,4.929999828338623,61.880001068115234,42.0,125.58999633789062,10.149999618530273,74.56999969482422,91.86000061035156,28.010000228881836,7.429999828338623,75.58999633789062,77.80000305175781,8.9399995803833,7.599999904632568,22.649999618530273,91.18000030517578,81.5999984741211,79.54000091552734,95.37000274658203,31.899999618530273,,103.44000244140625,62.380001068115234,77.4000015258789,8.619999885559082,9.619999885559082,54.099998474121094,,36.4900016784668,83.19000244140625,77.26000213623047,92.54000091552734,7.809999942779541,137.0,103.4000015258789,81.01000213623047,2.5999999046325684,9.0
2025-09-05,9.550000190734863,145.2899932861328,155.32000732421875,104.76000213623047,104.31999969482422,19.110000610351562,104.55000305175781,5.900000095367432,81.66999816894531,61.63999938964844,97.63999938964844,100.8499984741211,84.80000305175781,115.4800033569336,86.80000305175781,89.79000091552734,87.83999633789062,6.639999866485596,79.9800033569336,83.30000305175781,49.79999923706055,9.6899995803833,124.69000244140625,112.68000030517578,97.25,4.920000076293945,62.0,42.25,126.97000122070312,10.260000228881836,74.0,92.12000274658203,28.030000686645508,7.449999809265137,76.7300033569336,77.94999694824219,9.0,7.659999847412109,22.780000686645508,92.63999938964844,83.0,79.2699966430664,95.1500015258789,32.04999923706055,,102.94999694824219,62.380001068115234,78.0,8.600000381469727,9.649999618530273,54.5,,34.02000045776367,83.80000305175781,77.48999786376953,92.98999786376953,7.820000171661377,136.25,103.4000015258789,81.0199966430664,2.6500000953674316,9.029999732971191
2025-09-08,9.649999618530273,143.22999572753906,155.47999572753906,104.9000015258789,104.44999694824219,19.229999542236328,105.25,5.940000057220459,80.94999694824219,61.91999816894531,97.41000366210938,101.0,85.63999938964844,115.8499984741211,86.9000015258789,90.16999816894531,87.45999908447266,6.679999828338623,80.38999938964844,83.80000305175781,50.27000045776367,9.729999542236328,124.61000061035156,110.81999969482422,97.0999984741211,4.940000057220459,62.0,42.150001525878906,125.79000091552734,10.380000114440918,75.6500015258789,94.0,26.799999237060547,7.440000057220459,76.51000213623047,78.41999816894531,9.119999885559082,7.679999828338623,22.3700008392334,92.43000030517578,83.75,79.2300033569336,95.26000213623047,31.760000228881836,,105.0,62.380001068115234,78.43000030517578,8.59000015258789,9.710000038146973,54.599998474121094,,33.79999923706055,83.18000030517578,77.68000030517578,92.4000015258789,7.880000114440918,136.27999877929688,103.37999725341797,81.81999969482422,2.609999895095825,9.039999961853027
2025-09-09,9.630000114440918,141.75,155.8699951171875,104.19999694824219,104.69999694824219,19.350000381469727,105.69999694824219,6.0,80.4000015258789,61.810001373291016,97.5999984741211,101.27999877929688,87.0,115.79000091552734,87.12000274658203,89.06999969482422,87.69000244140625,6.599999904632568,79.8499984741211,84.27999877929688,50.7400016784668,9.729999542236328,124.13999938964844,110.94000244140625,97.06999969482422,4.929999828338623,61.79999923706055,42.2400016784668,125.41000366210938,10.430000305175781,74.5,93.54000091552734,26.799999237060547,7.420000076293945,76.1500015258789,79.0999984741211,9.1899995803833,7.630000114440918,22.059999465942383,92.37000274658203,83.4000015258789,78.86000061035156,95.54000091552734,32.2400016784668,,105.19000244140625,62.380001068115234,78.6500015258789,8.649999618530273,9.6899995803833,55.400001525878906,,33.7400016784668,83.66999816894531,77.5999984741211,92.52999877929688,7.880000114440918,136.39999389648438,103.30000305175781,81.23999786376953,2.619999885559082,9.010000228881836
2025-09-10,9.75,143.10000610351562,156.35000610351562,103.9000015258789,104.91999816894531,19.399999618530273,105.68000030517578,5.989999771118164,79.91000366210938,60.5099983215332,97.8499984741211,101.5,88.0,115.8499984741211,86.58999633789062,89.88999938964844,86.9000015258789,6.590000152587891,80.75,84.0199966430664,49.70000076293945,9.789999961853027,123.91000366210938,111.12000274658203,97.08000183105469,4.900000095367432,62.27000045776367,42.869998931884766,126.93000030517578,10.430000305175781,74.38999938964844,93.6500015258789,26.729999542236328,7.440000057220459,76.48999786376953,78.94000244140625,9.180000305175781,7.619999885559082,22.200000762939453,92.58999633789062,86.44000244140625,78.83999633789062,94.5199966430664,32.4900016784668,,105.9800033569336,62.380001068115234,77.91999816894531,8.649999618530273,9.720000267028809,55.04999923706055,,33.130001068115234,84.19000244140625,78.4000015258789,92.94999694824219,7.849999904632568,136.44000244140625,103.27999877929688,81.31999969482422,2.5899999141693115,9.020000457763672
2025-09-11,9.760000228881836,142.0,156.8699951171875,104.19999694824219,105.22000122070312,19.34000015258789,105.83000183105469,5.949999809265137,78.69999694824219,60.209999084472656,98.0199966430664,101.69999694824219,87.44999694824219,115.30000305175781,87.0999984741211,88.63999938964844,86.87999725341797,6.610000133514404,79.80999755859375,84.3499984741211,49.970001220703125,9.760000228881836,124.2699966430664,111.69999694824219,97.05000305175781,4.900000095367432,61.869998931884766,43.0099983215332,127.13999938964844,10.40999984741211,74.6500015258789,93.41000366210938,26.860000610351562,7.349999904632568,76.25,78.94999694824219,9.229999542236328,7.659999847412109,22.489999771118164,92.51000213623047,85.01000213623047,78.48999786376953,94.25,32.5,,104.9800033569336,62.380001068115234,76.97000122070312,8.649999618530273,9.569999694824219,55.650001525878906,,33.060001373291016,84.77999877929688,78.13999938964844,93.02999877929688,7.889999866485596,137.22999572753906,103.77999877929688,81.05999755859375,2.5999999046325684,9.0
2025-09-12,9.779999732971191,144.69000244140625,157.8000030517578,105.0999984741211,105.83000183105469,19.450000762939453,106.19999694824219,6.010000228881836,78.94999694824219,60.7599983215332,98.66000366210938,102.75,87.45999908447266,115.80999755859375,88.30000305175781,89.20999908447266,87.04000091552734,6.659999847412109,79.75,84.68000030517578,50.65999984741211,9.800000190734863,124.4800033569336,112.55999755859375,97.25,4.980000019073486,62.16999816894531,43.439998626708984,127.44000244140625,10.479999542236328,75.66000366210938,93.70999908447266,26.760000228881836,7.360000133514404,76.19999694824219,79.2300033569336,9.260000228881836,7.679999828338623,22.68000030517578,93.0,86.0,78.38999938964844,95.12999725341797,32.4900016784668,,105.38999938964844,62.380001068115234,77.62000274658203,8.699999809265137,9.579999923706055,54.83000183105469,,33.0,84.6500015258789,78.80000305175781,93.33999633789062,7.889999866485596,136.89999389648438,104.0,81.52999877929688,2.5999999046325684,9.039999961853027
2025-09-15,9.770000457763672,146.19000244140625,157.6999969482422,105.80000305175781,106.2300033569336,19.549999237060547,106.87999725341797,6.019999980926514,79.70999908447266,60.689998626708984,100.29000091552734,102.55000305175781,87.25,116.4000015258789,87.25,89.2300033569336,86.97000122070312,6.670000076293945,80.29000091552734,84.75,50.209999084472656,9.869999885559082,124.94999694824219,113.5199966430664,97.4000015258789,5.0,61.970001220703125,43.63999938964844,126.16999816894531,10.579999923706055,75.43000030517578,93.75,26.739999771118164,7.380000114440918,76.75,81.16000366210938,9.390000343322754,7.71999979019165,22.31999969482422,93.5,86.87000274658203,79.25,95.08000183105469,32.70000076293945,,107.0,62.380001068115234,78.37999725341797,8.710000038146973,9.619999885559082,55.0099983215332,,33.400001525878906,84.44999694824219,79.19999694824219,92.12000274658203,7.929999828338623,136.4199981689453,103.02999877929688,82.23999786376953,2.609999895095825,9.039999961853027
2025-09-16,9.770000457763672,146.8300018310547,158.10000610351562,106.0999984741211,106.30000305175781,19.540000915527344,106.01000213623047,6.079999923706055,79.4000015258789,60.5,100.69000244140625,102.43000030517578,87.0,116.44000244140625,88.54000091552734,89.0999984741211,87.56999969482422,6.679999828338623,79.94999694824219,86.5,51.4900016784668,9.899999618530273,124.77999877929688,113.7300033569336,97.51000213623047,5.019999980926514,62.20000076293945,43.790000915527344,125.0999984741211,10.609999656677246,75.38999938964844,93.83999633789062,26.700000762939453,7.429999828338623,77.30000305175781,81.22000122070312,9.34000015258789,7.71999979019165,22.5,92.80999755859375,87.5,79.41000366210938,94.94000244140625,33.380001068115234,,106.55000305175781,62.380001068115234,78.19999694824219,8.779999732971191,9.649999618530273,56.5,,33.61000061035156,85.87999725341797,79.4000015258789,92.41000366210938,7.940000057220459,136.10000610351562,103.1500015258789,82.23999786376953,2.619999885559082,9.039999961853027
2025-09-17,9.770000457763672,147.27000427246094,158.82000732421875,106.9000015258789,106.45999908447266,19.739999771118164,105.69999694824219,6.050000190734863,80.13999938964844,60.56999969482422,100.9000015258789,102.80999755859375,87.36000061035156,116.91999816894531,88.87999725341797,89.38999938964844,87.58999633789062,6.730000019073486,80.44999694824219,86.5,51.36000061035156,9.920000076293945,124.47000122070312,113.69999694824219,97.37999725341797,5.010000228881836,62.130001068115234,43.689998626708984,125.23999786376953,10.630000114440918,75.19999694824219,93.83000183105469,26.639999389648438,7.449999809265137,77.80999755859375,82.9000015258789,9.300000190734863,7.699999809265137,22.360000610351562,92.66000366210938,86.70999908447266,79.91999816894531,95.26000213623047,33.900001525878906,,106.98999786376953,62.380001068115234,78.30000305175781,8.75,9.649999618530273,56.060001373291016,,33.630001068115234,85.86000061035156,76.80000305175781,92.5999984741211,7.949999809265137,136.49000549316406,103.44000244140625,82.0999984741211,2.640000104904175,9.029999732971191
2025-09-18,9.729999542236328,148.35000610351562,158.74000549316406,106.16999816894531,106.25,19.540000915527344,105.1500015258789,6.079999923706055,80.22000122070312,60.15999984741211,100.63999938964844,102.55999755859375,87.44000244140625,117.68000030517578,88.41999816894531,89.0199966430664,87.19999694824219,6.710000038146973,80.05999755859375,86.55999755859375,51.20000076293945,9.880000114440918,125.0,112.62000274658203,97.13999938964844,5.050000190734863,61.9900016784668,42.97999954223633,125.5,10.609999656677246,75.0,93.63999938964844,26.75,7.46999979019165,77.5,81.87000274658203,9.329999923706055,7.699999809265137,22.389999389648438,92.41000366210938,86.51000213623047,79.48999786376953,95.37000274658203,33.54999923706055,,107.43000030517578,62.380001068115234,77.95999908447266,8.720000267028809,9.6899995803833,56.650001525878906,,33.810001373291016,85.69999694824219,76.80000305175781,92.6500015258789,7.920000076293945,136.6199951171875,104.37000274658203,82.2300033569336,2.640000104904175,9.069999694824219
2025-09-19,9.800000190734863,146.60000610351562,159.5,104.9800033569336,108.30000305175781,20.0,103.55000305175781,6.139999866485596,81.98999786376953,61.209999084472656,101.41999816894531,102.04000091552734,87.8499984741211,116.9000015258789,89.69000244140625,89.41000366210938,87.05000305175781,6.760000228881836,80.08999633789062,86.5,51.43000030517578,9.869999885559082,126.29000091552734,112.94999694824219,97.0,5.010000228881836,62.0,43.900001525878906,124.69000244140625,10.489999771118164,76.0,94.5999984741211,26.989999771118164,7.5,78.0,82.41000366210938,9.430000305175781,7.739999771118164,22.489999771118164,92.0,87.66000366210938,80.0,94.94000244140625,33.380001068115234,,108.76000213623047,62.380001068115234,78.69000244140625,8.710000038146973,9.579999923706055,55.689998626708984,,34.13999938964844,86.0,76.8499984741211,93.0999984741211,7.960000038146973,137.35000610351562,104.37000274658203,82.5999984741211,2.640000104904175,9.130000114440918
2025-09-22,9.800000190734863,147.5,159.0,104.8499984741211,108.30000305175781,19.969999313354492,104.3499984741211,6.099999904632568,80.8499984741211,60.0,101.0,101.88999938964844,88.06999969482422,116.69999694824219,88.51000213623047,89.9800033569336,86.69999694824219,6.760000228881836,80.08000183105469,84.80000305175781,51.380001068115234,9.869999885559082,126.79000091552734,112.45999908447266,96.98999786376953,4.96999979019165,62.0,43.5099983215332,127.63999938964844,10.5,75.16999816894531,94.47000122070312,26.549999237060547,7.510000228881836,77.30999755859375,81.12999725341797,9.430000305175781,7.670000076293945,22.329999923706055,92.30000305175781,86.77999877929688,79.58999633789062,95.23999786376953,33.38999938964844,,108.0,62.380001068115234,78.68000030517578,8.699999809265137,9.550000190734863,55.40999984741211,,34.400001525878906,86.80000305175781,75.08000183105469,93.37999725341797,7.980000019073486,136.6999969482422,104.75,82.79000091552734,2.619999885559082,9.09000015258789
2025-09-23,9.789999961853027,148.00999450683594,158.91000366210938,104.58000183105469,108.4000015258789,20.149999618530273,104.12493896484375,6.150000095367432,81.0999984741211,59.900001525878906,101.05000305175781,102.19999694824219,88.5,119.0999984741211,88.08999633789062,90.22000122070312,87.5,6.78000020980835,79.66000366210938,85.80999755859375,51.54999923706055,9.899999618530273,126.18000030517578,113.5,97.05000305175781,5.019999980926514,62.0,43.5,126.7699966430664,10.5,75.93000030517578,94.2699966430664,26.610000610351562,7.53000020980835,77.5999984741211,81.19999694824219,9.5,7.690000057220459,22.520000457763672,92.08999633789062,87.30000305175781,79.62999725341797,95.1500015258789,33.779998779296875,,108.5199966430664,62.380001068115234,78.47000122070312,8.670000076293945,9.539999961853027,55.54999923706055,,33.9900016784668,86.0,75.0999984741211,93.9000015258789,7.949999809265137,137.27000427246094,105.4800033569336,83.4000015258789,2.630000114440918,9.069999694824219
2025-09-24,9.800000190734863,147.5,159.60000610351562,105.0,108.61000061035156,20.079999923706055,104.49385833740234,6.139999866485596,80.61000061035156,59.56999969482422,100.91999816894531,102.80000305175781,88.3499984741211,119.61000061035156,87.3499984741211,89.37999725341797,87.77999877929688,6.769999980926514,79.5,85.72000122070312,52.380001068115234,9.90999984741211,125.94999694824219,114.55999755859375,97.12999725341797,5.019999980926514,61.91999816894531,43.689998626708984,128.49000549316406,10.5,75.56999969482422,94.13999938964844,26.639999389648438,7.590000152587891,77.44999694824219,80.69999694824219,9.529999732971191,7.760000228881836,22.579999923706055,92.06999969482422,87.5199966430664,79.83000183105469,94.83999633789062,34.0,,108.41999816894531,62.380001068115234,77.76000213623047,8.75,9.5,54.45000076293945,,33.58000183105469,86.66999816894531,75.5,93.5,7.929999828338623,136.39999389648438,105.48999786376953,83.62000274658203,2.619999885559082,9.050000190734863
2025-09-25,9.800000190734863,147.5500030517578,160.55999755859375,105.61000061035156,109.23999786376953,20.209999084472656,105.0999984741211,6.139999866485596,81.04000091552734,59.75,100.75,102.9000015258789,88.5,119.2300033569336,87.66999816894531,89.51000213623047,87.12000274658203,6.769999980926514,79.54000091552734,86.29000091552734,52.0,9.90999984741211,125.81999969482422,115.58999633789062,97.0199966430664,5.019999980926514,61.88999938964844,43.29999923706055,127.0999984741211,10.510000228881836,75.98999786376953,94.3499984741211,26.270000457763672,7.590000152587891,77.5199966430664,79.1500015258789,9.489999771118164,7.75,22.34000015258789,92.0999984741211,87.02999877929688,79.44999694824219,96.12000274658203,33.86000061035156,,108.7300033569336,62.380001068115234,78.0,8.739999771118164,9.479999542236328,54.9900016784668,,33.34000015258789,86.77999877929688,75.5,93.0999984741211,7.980000019073486,136.9600067138672,104.94999694824219,84.05999755859375,2.609999895095825,9.039999961853027
2025-09-26,9.789999961853027,147.82000732421875,160.16000366210938,105.83000183105469,109.5,20.09000015258789,104.80000305175781,6.159999847412109,81.80000305175781,59.9900016784668,100.80000305175781,103.1500015258789,87.81999969482422,121.80000305175781,87.55999755859375,90.79000091552734,87.88999938964844,6.769999980926514,80.73999786376953,86.58999633789062,53.099998474121094,9.949999809265137,127.0,116.88999938964844,97.88999938964844,5.039999961853027,61.790000915527344,43.09000015258789,127.0,10.529999732971191,76.8499984741211,94.75,26.299999237060547,7.570000171661377,77.81999969482422,79.4000015258789,9.40999984741211,7.760000228881836,22.600000381469727,92.48999786376953,86.8499984741211,79.36000061035156,96.19999694824219,34.22999954223633,,108.2699966430664,62.380001068115234,78.44999694824219,8.779999732971191,9.520000457763672,55.29999923706055,,33.2400016784668,86.79000091552734,75.5,93.9000015258789,7.989999771118164,136.8000030517578,105.43000030517578,84.13999938964844,2.619999885559082,9.029999732971191
2025-09-29,9.800000190734863,147.75,161.02000427246094,105.0999984741211,109.77999877929688,20.389999389648438,104.94000244140625,6.150000095367432,80.48999786376953,59.900001525878906,101.06999969482422,103.22000122070312,87.94000244140625,122.70999908447266,87.58000183105469,91.0,87.44000244140625,6.739999771118164,80.69999694824219,85.88999938964844,53.0,10.010000228881836,126.94999694824219,116.80999755859375,98.41000366210938,5.059999942779541,61.95000076293945,43.43000030517578,127.86000061035156,10.550000190734863,76.91000366210938,95.0199966430664,26.299999237060547,7.570000171661377,79.2300033569336,79.5999984741211,9.420000076293945,7.769999980926514,22.520000457763672,92.72000122070312,85.8499984741211,79.5,96.11000061035156,34.040000915527344,,108.8499984741211,62.380001068115234,78.98999786376953,8.850000381469727,9.539999961853027,54.5,,33.4900016784668,86.58000183105469,76.02999877929688,94.12000274658203,7.989999771118164,136.50999450683594,104.19000244140625,84.98999786376953,2.619999885559082,9.029999732971191
2025-09-30,9.770000457763672,148.0,162.00999450683594,105.30000305175781,110.61000061035156,20.450000762939453,105.0999984741211,6.150000095367432,80.7300033569336,60.0,101.05999755859375,103.66999816894531,88.6500015258789,123.44000244140625,87.7699966430664,90.88999938964844,87.51000213623047,6.699999809265137,80.45999908447266,86.41000366210938,53.83000183105469,10.029999732971191,126.91000366210938,116.80000305175781,98.66999816894531,5.139999866485596,61.959999084472656,43.59000015258789,127.5,10.600000381469727,78.0,95.30000305175781,26.299999237060547,7.639999866485596,79.30000305175781,79.75,9.270000457763672,7.800000190734863,22.479999542236328,92.9000015258789,85.33000183105469,80.4800033569336,96.20999908447266,34.04999923706055,,108.70999908447266,62.380001068115234,79.0,8.800000190734863,9.5600004196167,54.599998474121094,,33.16999816894531,86.77999877929688,76.0999984741211,93.8499984741211,8.039999961853027,139.13999938964844,105.4800033569336,84.56999969482422,2.609999895095825,9.029999732971191
2025-10-01,9.539999961853027,145.25999450683594,159.75999450683594,105.0999984741211,109.25,20.229999542236328,103.62000274658203,6.119999885559082,79.13999938964844,59.9900016784668,100.47000122070312,103.31999969482422,86.51000213623047,120.58000183105469,86.5999984741211,90.93000030517578,87.13999938964844,6.679999828338623,80.44999694824219,84.5999984741211,53.52000045776367,10.020000457763672,125.55000305175781,114.97000122070312,97.9000015258789,5.039999961853027,61.650001525878906,43.380001068115234,126.51000213623047,10.619999885559082,76.06999969482422,94.12999725341797,26.739999771118164,7.650000095367432,77.06999969482422,77.80000305175781,9.279999732971191,7.599999904632568,22.700000762939453,90.83999633789062,83.5199966430664,78.69999694824219,95.86000061035156,34.060001373291016,,107.52999877929688,62.380001068115234,77.05000305175781,8.65999984741211,9.520000457763672,54.650001525878906,,32.900001525878906,85.87000274658203,75.45999908447266,93.33999633789062,8.010000228881836,137.55999755859375,104.48999786376953,84.04000091552734,2.619999885559082,8.949999809265137
2025-10-02,9.579999923706055,144.30999755859375,160.27000427246094,104.87000274658203,109.25,20.149999618530273,104.16000366210938,6.119999885559082,79.69999694824219,59.90999984741211,99.86000061035156,103.87000274658203,86.0999984741211,118.66999816894531,87.30000305175781,90.44999694824219,87.58000183105469,6.650000095367432,79.98999786376953,83.88999938964844,52.880001068115234,9.970000267028809,126.66999816894531,114.68000030517578,98.2699966430664,5.010000228881836,61.54999923706055,43.099998474121094,126.51000213623047,10.539999961853027,76.75,94.9800033569336,26.5,7.650000095367432,76.68000030517578,78.29000091552734,9.279999732971191,7.570000171661377,22.850000381469727,91.16999816894531,83.91999816894531,77.9800033569336,96.0,34.18000030517578,,106.30000305175781,62.380001068115234,76.69999694824219,8.649999618530273,9.520000457763672,54.68000030517578,,33.04999923706055,86.5999984741211,75.30000305175781,93.9000015258789,8.0,137.75,103.5,84.87000274658203,2.619999885559082,8.930000305175781
2025-10-03,9.680000305175781,145.1999969482422,160.4600067138672,106.0,108.75,20.40999984741211,104.1500015258789,6.190000057220459,80.5,60.099998474121094,100.33000183105469,104.13999938964844,85.5999984741211,118.83999633789062,87.3499984741211,91.69999694824219,87.20999908447266,6.650000095367432,79.98999786376953,83.44999694824219,52.72999954223633,9.989999771118164,126.52999877929688,114.66999816894531,100.06999969482422,5.0,61.619998931884766,43.400001525878906,126.55999755859375,10.630000114440918,76.55999755859375,95.01000213623047,26.5,7.690000057220459,76.5,79.0,9.319999694824219,7.610000133514404,22.920000076293945,91.33000183105469,85.19000244140625,77.31999969482422,95.9800033569336,34.459999084472656,,107.7699966430664,62.380001068115234,77.45999908447266,8.670000076293945,9.539999961853027,54.5,,33.58000183105469,86.16000366210938,75.05000305175781,94.20999908447266,7.980000019073486,137.36000061035156,103.5,84.4800033569336,2.619999885559082,8.949999809265137
2025-10-06,9.609999656677246,144.80999755859375,160.4600067138672,105.5199966430664,108.8499984741211,20.260000228881836,104.05000305175781,6.130000114440918,80.0,59.90999984741211,99.8499984741211,104.25,85.5,118.23999786376953,88.7699966430664,91.6500015258789,87.86000061035156,6.650000095367432,79.7300033569336,83.7300033569336,52.5,9.979999542236328,126.31999969482422,114.75,99.5,4.960000038146973,61.52000045776367,43.400001525878906,127.5,10.579999923706055,76.55999755859375,94.26000213623047,26.549999237060547,7.659999847412109,76.4000015258789,78.70999908447266,9.399999618530273,7.590000152587891,22.8799991607666,91.44999694824219,85.5199966430664,76.9000015258789,95.54000091552734,34.25,,107.87000274658203,62.380001068115234,77.02999877929688,8.670000076293945,9.539999961853027,54.29999923706055,,33.9900016784668,86.58999633789062,74.73999786376953,94.7699966430664,7.989999771118164,137.6999969482422,103.63999938964844,84.1500015258789,2.640000104904175,8.960000038146973
2025-10-07,9.609999656677246,144.35000610351562,160.10000610351562,105.16999816894531,108.8499984741211,20.18000030517578,103.7699966430664,6.170000076293945,79.91000366210938,60.029998779296875,100.16999816894531,103.98999786376953,86.0,117.62999725341797,87.26000213623047,91.55000305175781,87.44999694824219,6.650000095367432,79.94000244140625,83.4000015258789,52.400001525878906,9.989999771118164,126.11000061035156,114.55999755859375,100.0,4.989999771118164,61.83000183105469,42.959999084472656,126.54000091552734,10.550000190734863,76.9800033569336,95.0,26.200000762939453,7.619999885559082,76.33999633789062,77.75,9.319999694824219,7.570000171661377,22.899999618530273,91.62000274658203,85.7699966430664,76.44000244140625,95.58000183105469,33.95000076293945,,108.62000274658203,62.380001068115234,76.55999755859375,8.65999984741211,9.539999961853027,54.5,,33.599998474121094,86.56999969482422,74.5,94.33999633789062,7.949999809265137,137.6999969482422,103.80000305175781,84.16000366210938,2.609999895095825,8.960000038146973
2025-10-08,9.579999923706055,144.60000610351562,159.85000610351562,106.19000244140625,109.16999816894531,20.15999984741211,104.18000030517578,6.150000095367432,77.95999908447266,59.9900016784668,99.69999694824219,103.72000122070312,86.51000213623047,116.91999816894531,88.73999786376953,91.0,87.11000061035156,6.650000095367432,79.37999725341797,83.41999816894531,51.619998931884766,9.960000038146973,126.37000274658203,114.25,100.38999938964844,4.920000076293945,61.5099983215332,42.29999923706055,126.0,10.579999923706055,76.87999725341797,94.12000274658203,25.799999237060547,7.590000152587891,76.0999984741211,78.4800033569336,9.329999923706055,7.599999904632568,22.299999237060547,92.18000030517578,86.37000274658203,76.5,95.69000244140625,33.540000915527344,,107.37999725341797,62.380001068115234,76.97000122070312,8.670000076293945,9.569999694824219,54.959999084472656,,32.599998474121094,86.79000091552734,74.58000183105469,94.7699966430664,8.0,138.07000732421875,103.80999755859375,83.76000213623047,2.5799999237060547,8.949999809265137
2025-10-09,9.600000381469727,144.8800048828125,159.60000610351562,106.13999938964844,108.45999908447266,19.860000610351562,104.37999725341797,6.130000114440918,77.83999633789062,60.040000915527344,100.19999694824219,103.6500015258789,86.19999694824219,116.76000213623047,88.44000244140625,91.19999694824219,86.75,6.650000095367432,79.4000015258789,83.7300033569336,51.0,9.979999542236328,126.5,113.75,100.55000305175781,4.940000057220459,60.91999816894531,41.97999954223633,124.9000015258789,10.529999732971191,76.69000244140625,94.08999633789062,25.739999771118164,7.590000152587891,76.30000305175781,78.52999877929688,9.34000015258789,7.599999904632568,22.299999237060547,92.29000091552734,85.61000061035156,76.5,95.6500015258789,33.22999954223633,,107.08000183105469,62.380001068115234,76.5999984741211,8.729999542236328,9.600000381469727,55.11000061035156,,32.630001068115234,87.45999908447266,74.9000015258789,94.05000305175781,7.980000019073486,140.0,104.0,84.0999984741211,2.569999933242798,8.970000267028809
2025-10-10,9.550000190734863,145.75999450683594,160.0,105.6500015258789,109.08999633789062,19.979999542236328,104.69999694824219,6.130000114440918,77.4000015258789,59.0,100.87000274658203,103.80999755859375,87.13999938964844,116.55999755859375,87.91999816894531,91.41000366210938,85.31999969482422,6.650000095367432,79.79000091552734,84.25,50.900001525878906,9.960000038146973,126.30000305175781,114.20999908447266,100.63999938964844,4.909999847412109,61.279998779296875,41.45000076293945,124.94999694824219,10.539999961853027,76.6500015258789,94.30000305175781,25.6200008392334,7.599999904632568,76.79000091552734,78.7300033569336,9.40999984741211,7.570000171661377,22.09000015258789,92.08999633789062,85.68000030517578,76.91000366210938,95.29000091552734,33.31999969482422,,107.77999877929688,62.380001068115234,77.06999969482422,8.739999771118164,9.59000015258789,54.189998626708984,,32.900001525878906,87.27999877929688,75.5999984741211,94.79000091552734,7.949999809265137,140.0,103.98999786376953,84.27999877929688,2.559999942779541,8.960000038146973
2025-10-13,9.539999961853027,144.61000061035156,160.05999755859375,106.0999984741211,108.48999786376953,20.020000457763672,104.36000061035156,6.159999847412109,77.18000030517578,58.849998474121094,100.25,103.69999694824219,87.83999633789062,116.12999725341797,87.5,88.30000305175781,84.93000030517578,6.650000095367432,78.01000213623047,83.95999908447266,50.900001525878906,9.960000038146973,126.19999694824219,114.75,100.58999633789062,4.920000076293945,61.599998474121094,41.220001220703125,124.91999816894531,10.569999694824219,76.75,93.30999755859375,25.559999465942383,7.489999771118164,76.66000366210938,78.0199966430664,9.430000305175781,7.570000171661377,22.149999618530273,92.19000244140625,84.58999633789062,76.19999694824219,94.69999694824219,34.70000076293945,,107.01000213623047,62.380001068115234,76.05000305175781,8.800000190734863,9.420000076293945,54.88999938964844,,32.650001525878906,87.44999694824219,76.25,94.5,7.960000038146973,138.3300018310547,104.0,83.83000183105469,2.5399999618530273,8.9399995803833
2025-10-14,9.619999885559082,146.00999450683594,159.97999572753906,105.88999938964844,107.79000091552734,19.920000076293945,104.30000305175781,6.130000114440918,77.30999755859375,58.25,101.05000305175781,103.70999908447266,87.4800033569336,116.4000015258789,88.62999725341797,88.30000305175781,84.6500015258789,6.650000095367432,78.4800033569336,83.8499984741211,50.869998931884766,9.970000267028809,126.55000305175781,115.4000015258789,101.0999984741211,4.989999771118164,61.38999938964844,41.34000015258789,124.80999755859375,10.550000190734863,76.79000091552734,93.20999908447266,25.350000381469727,7.519999980926514,76.69000244140625,78.8499984741211,9.390000343322754,7.5,22.06999969482422,91.94999694824219,85.30000305175781,76.79000091552734,95.25,34.459999084472656,,107.69000244140625,62.380001068115234,76.68000030517578,8.779999732971191,9.430000305175781,56.150001525878906,,32.9900016784668,87.51000213623047,76.31999969482422,94.63999938964844,7.96999979019165,139.08999633789062,104.5,84.44999694824219,2.5399999618530273,8.949999809265137
2025-10-15,9.65999984741211,146.3800048828125,160.5,106.9000015258789,109.2699966430664,20.100000381469727,104.3499984741211,6.170000076293945,78.0,59.25,100.73999786376953,103.9000015258789,88.69999694824219,116.80000305175781,89.0,88.0999984741211,84.91999816894531,6.650000095367432,78.58000183105469,84.3499984741211,50.869998931884766,9.949999809265137,126.69999694824219,115.48999786376953,100.86000061035156,4.989999771118164,61.880001068115234,41.0,124.69999694824219,10.600000381469727,76.58000183105469,93.55999755859375,25.399999618530273,7.559999942779541,76.30000305175781,79.05999755859375,9.399999618530273,7.570000171661377,22.139999389648438,92.05000305175781,85.0999984741211,76.19999694824219,95.0199966430664,34.86000061035156,,107.80999755859375,62.380001068115234,77.0,8.779999732971191,9.4399995803833,56.5,,33.36000061035156,87.80999755859375,76.5,93.98999786376953,8.09000015258789,140.97000122070312,105.13999938964844,84.16999816894531,2.5299999713897705,8.949999809265137
2025-10-16,9.640000343322754,146.0,160.5,106.0,108.97000122070312,19.90999984741211,104.4000015258789,6.170000076293945,77.79000091552734,58.59000015258789,101.06999969482422,103.05999755859375,88.61000061035156,116.80000305175781,88.16000366210938,87.43000030517578,84.80000305175781,6.650000095367432,78.5,83.9000015258789,50.900001525878906,9.9399995803833,126.48999786376953,115.30000305175781,100.75,5.010000228881836,62.13999938964844,40.9900016784668,124.91999816894531,10.579999923706055,76.68000030517578,93.4000015258789,25.350000381469727,7.519999980926514,76.16999816894531,79.8499984741211,9.420000076293945,7.53000020980835,22.0,91.9000015258789,84.9000015258789,76.16999816894531,95.04000091552734,33.810001373291016,,107.80999755859375,62.380001068115234,77.37000274658203,8.75,9.430000305175781,55.0,,33.25,87.11000061035156,76.3499984741211,93.5,8.109999656677246,141.75,104.0,84.3499984741211,2.509999990463257,8.9399995803833
2025-10-17,9.670000076293945,145.60000610351562,159.60000610351562,106.16999816894531,108.95999908447266,19.979999542236328,104.6500015258789,6.179999828338623,77.76000213623047,57.79999923706055,101.66000366210938,103.47000122070312,88.11000061035156,116.48999786376953,87.62000274658203,87.69999694824219,84.80000305175781,6.650000095367432,78.2300033569336,83.81999969482422,50.779998779296875,9.949999809265137,126.6500015258789,115.69999694824219,100.8499984741211,5.0,62.150001525878906,40.95000076293945,124.58000183105469,10.579999923706055,76.69999694824219,93.38999938964844,25.31999969482422,7.5,76.05000305175781,79.3499984741211,9.399999618530273,7.579999923706055,22.0,92.36000061035156,85.36000061035156,76.6500015258789,95.0,33.34000015258789,,107.37000274658203,62.380001068115234,77.18000030517578,8.789999961853027,9.430000305175781,58.02000045776367,,34.11000061035156,87.30999755859375,76.31999969482422,93.69000244140625,7.980000019073486,141.14999389648438,104.0,84.94999694824219,2.5399999618530273,8.9399995803833
2025-10-20,9.619999885559082,145.02000427246094,159.3000030517578,104.4000015258789,108.01000213623047,19.93000030517578,104.19000244140625,6.139999866485596,77.4800033569336,57.38999938964844,101.05000305175781,103.08999633789062,88.0,115.98999786376953,87.12999725341797,87.4800033569336,83.80000305175781,6.650000095367432,77.80000305175781,84.2699966430664,50.79999923706055,9.9399995803833,126.08000183105469,115.11000061035156,100.94999694824219,4.989999771118164,61.75,40.75,124.80000305175781,10.5,75.91000366210938,93.58999633789062,25.309999465942383,7.5,76.11000061035156,79.83000183105469,9.390000343322754,7.610000133514404,21.959999084472656,92.3499984741211,86.41999816894531,76.63999938964844,94.98999786376953,33.63999938964844,,107.31999969482422,62.380001068115234,77.08000183105469,8.729999542236328,9.430000305175781,57.66999816894531,,34.0,87.44000244140625,76.4000015258789,93.69999694824219,8.0,141.1999969482422,103.98999786376953,84.69999694824219,2.5199999809265137,8.9399995803833
2025-10-21,9.640000343322754,146.02999877929688,159.60000610351562,104.54000091552734,107.91000366210938,20.0,104.91000366210938,6.170000076293945,77.5,57.36000061035156,101.12999725341797,103.63999938964844,88.45999908447266,114.9800033569336,87.30000305175781,87.97000122070312,83.5,6.650000095367432,77.0,84.31999969482422,50.70000076293945,9.9399995803833,126.5,115.62999725341797,100.97000122070312,4.980000019073486,61.86000061035156,41.040000915527344,125.91999816894531,10.510000228881836,76.70999908447266,93.51000213623047,25.06999969482422,7.570000171661377,76.4800033569336,80.83999633789062,9.470000267028809,7.53000020980835,21.950000762939453,91.9000015258789,85.30999755859375,76.94999694824219,94.91999816894531,33.79999923706055,,107.19000244140625,62.380001068115234,76.69999694824219,8.729999542236328,9.399999618530273,58.5,,33.20000076293945,87.4000015258789,76.0,93.69999694824219,8.050000190734863,141.4600067138672,103.97000122070312,84.0,2.5199999809265137,8.9399995803833
2025-10-22,9.630000114440918,146.0,160.3300018310547,104.5,107.06999969482422,20.0,104.93000030517578,6.150000095367432,76.91999816894531,57.369998931884766,101.37999725341797,103.6500015258789,88.2699966430664,114.51000213623047,86.93000030517578,87.88999938964844,83.95999908447266,6.650000095367432,76.2300033569336,84.73999786376953,51.099998474121094,9.949999809265137,126.55999755859375,115.7699966430664,100.69000244140625,4.989999771118164,61.86000061035156,40.369998931884766,125.80999755859375,10.479999542236328,75.30000305175781,93.44999694824219,25.079999923706055,7.570000171661377,76.19999694824219,80.44999694824219,9.5,7.590000152587891,21.950000762939453,92.12000274658203,85.20999908447266,77.0999984741211,95.13999938964844,34.439998626708984,,106.76000213623047,62.380001068115234,76.62999725341797,8.739999771118164,9.350000381469727,59.68000030517578,,33.939998626708984,87.29000091552734,76.05999755859375,94.0,8.050000190734863,141.3699951171875,103.0,84.2300033569336,2.509999990463257,8.9399995803833
2025-10-23,9.619999885559082,145.0,158.85000610351562,104.94999694824219,107.36000061035156,20.049999237060547,105.0,6.139999866485596,76.75,58.5,101.5,103.72000122070312,88.68000030517578,115.1500015258789,86.62000274658203,87.55000305175781,84.20999908447266,6.650000095367432,76.0,84.63999938964844,50.900001525878906,9.9399995803833,126.27999877929688,115.56999969482422,100.9000015258789,4.940000057220459,61.79999923706055,40.540000915527344,127.0,10.489999771118164,74.68000030517578,93.75,25.0,7.610000133514404,76.19999694824219,80.0199966430664,9.460000038146973,7.559999942779541,22.0,92.19999694824219,86.19999694824219,76.8499984741211,95.25,33.959999084472656,,107.4000015258789,62.380001068115234,76.76000213623047,8.720000267028809,9.329999923706055,58.81999969482422,,33.689998626708984,87.16999816894531,74.5999984741211,94.1500015258789,8.079999923706055,141.42999267578125,103.0,84.22000122070312,2.5299999713897705,8.9399995803833
2025-10-24,9.640000343322754,145.47000122070312,159.3000030517578,104.5,107.44000244140625,20.09000015258789,105.69999694824219,6.179999828338623,77.29000091552734,58.5,101.56999969482422,103.9000015258789,88.75,113.69999694824219,87.31999969482422,87.88999938964844,84.63999938964844,6.650000095367432,76.0999984741211,85.41999816894531,51.29999923706055,9.989999771118164,126.61000061035156,115.94999694824219,101.11000061035156,4.980000019073486,61.7599983215332,39.41999816894531,126.0,10.5600004196167,75.0,94.08999633789062,25.010000228881836,7.639999866485596,76.95999908447266,81.30999755859375,9.5600004196167,7.570000171661377,22.040000915527344,92.33000183105469,86.12999725341797,76.4000015258789,95.0999984741211,33.66999816894531,,107.9800033569336,62.380001068115234,77.08999633789062,8.770000457763672,9.369999885559082,56.150001525878906,,33.400001525878906,87.19999694824219,75.55999755859375,94.4800033569336,8.0600004196167,141.72999572753906,103.05000305175781,83.7699966430664,2.5199999809265137,8.9399995803833
2025-10-27,9.609999656677246,146.85000610351562,158.50999450683594,105.27999877929688,107.38999938964844,20.0,105.77999877929688,6.159999847412109,77.33999633789062,58.5,101.30000305175781,103.26000213623047,90.98999786376953,116.5199966430664,87.5,88.79000091552734,84.80000305175781,6.650000095367432,75.80000305175781,85.5,51.540000915527344,10.0,126.54000091552734,116.5199966430664,100.87000274658203,4.960000038146973,61.66999816894531,40.22999954223633,127.1500015258789,10.579999923706055,74.56999969482422,94.9000015258789,25.100000381469727,7.630000114440918,77.80000305175781,81.19999694824219,9.65999984741211,7.559999942779541,21.959999084472656,92.30000305175781,86.0999984741211,76.30000305175781,95.0,34.15999984741211,,107.80000305175781,62.380001068115234,76.95999908447266,8.75,9.369999885559082,58.16999816894531,,33.70000076293945,87.22000122070312,76.08000183105469,94.33000183105469,8.050000190734863,142.25,103.80000305175781,84.01000213623047,2.509999990463257,8.9399995803833
2025-10-28,9.619999885559082,146.1999969482422,157.74000549316406,104.87999725341797,107.33000183105469,20.020000457763672,105.93000030517578,6.170000076293945,77.0,58.5,101.3499984741211,103.0999984741211,90.98999786376953,115.79000091552734,87.5,90.0,85.0,6.650000095367432,75.80000305175781,85.69999694824219,52.0,9.989999771118164,126.5999984741211,116.08000183105469,101.38999938964844,4.929999828338623,62.810001373291016,40.33000183105469,128.0,10.59000015258789,74.11000061035156,94.7699966430664,25.049999237060547,7.599999904632568,77.69999694824219,81.27999877929688,9.640000343322754,7.610000133514404,21.969999313354492,92.75,86.05000305175781,76.48999786376953,95.3499984741211,33.9900016784668,,107.79000091552734,62.380001068115234,76.88999938964844,8.779999732971191,9.369999885559082,60.41999816894531,,33.529998779296875,87.4000015258789,76.12000274658203,94.4000015258789,8.09000015258789,141.50999450683594,103.80999755859375,84.22000122070312,2.5199999809265137,8.930000305175781
2025-10-29,9.630000114440918,148.0,159.10000610351562,105.4000015258789,107.36000061035156,20.1200008392334,106.37000274658203,6.170000076293945,77.79000091552734,58.5,100.80000305175781,103.2699966430664,90.02999877929688,117.0,88.0,89.80000305175781,84.01000213623047,6.650000095367432,74.80000305175781,86.29000091552734,51.70000076293945,9.979999542236328,126.19999694824219,115.70999908447266,101.19000244140625,4.940000057220459,62.86000061035156,40.689998626708984,127.95999908447266,10.520000457763672,74.01000213623047,94.62000274658203,25.049999237060547,7.559999942779541,77.54000091552734,82.23999786376953,9.609999656677246,7.599999904632568,22.0,92.79000091552734,85.93000030517578,76.9000015258789,95.25,33.61000061035156,,105.44999694824219,62.380001068115234,77.30999755859375,8.800000190734863,9.399999618530273,60.779998779296875,,33.0,87.4000015258789,76.19999694824219,94.81999969482422,8.069999694824219,143.0,103.55000305175781,84.08000183105469,2.490000009536743,8.989999771118164
2025-10-30,9.609999656677246,147.58999633789062,159.75,105.27999877929688,106.95999908447266,19.93000030517578,105.72000122070312,6.190000057220459,78.54000091552734,58.5,100.88999938964844,103.4000015258789,90.87999725341797,116.88999938964844,88.13999938964844,89.33000183105469,84.0,6.650000095367432,75.25,85.77999877929688,52.029998779296875,9.979999542236328,126.68000030517578,116.19999694824219,100.69999694824219,4.980000019073486,62.95000076293945,40.38999938964844,128.32000732421875,10.510000228881836,73.47000122070312,93.93000030517578,25.040000915527344,7.559999942779541,77.77999877929688,81.0,9.630000114440918,7.639999866485596,21.940000534057617,92.3499984741211,85.01000213623047,76.37999725341797,95.04000091552734,34.20000076293945,,105.12999725341797,62.380001068115234,77.12999725341797,8.779999732971191,9.430000305175781,58.0,,32.630001068115234,87.48999786376953,76.16000366210938,94.5999984741211,8.050000190734863,141.0500030517578,103.52999877929688,83.69999694824219,2.509999990463257,9.010000228881836
2025-10-31,9.649999618530273,148.60000610351562,158.5,105.5,106.91000366210938,19.920000076293945,106.0,6.190000057220459,77.4000015258789,58.5,101.88999938964844,102.94000244140625,91.38999938964844,116.87000274658203,88.0,88.88999938964844,84.56999969482422,6.650000095367432,75.69999694824219,85.87999725341797,52.279998779296875,10.029999732971191,126.44999694824219,116.69000244140625,101.22000122070312,4.980000019073486,63.349998474121094,40.7599983215332,127.72000122070312,10.5,73.81999969482422,95.05999755859375,24.899999618530273,7.610000133514404,77.98999786376953,81.05000305175781,9.6899995803833,7.599999904632568,21.950000762939453,92.75,85.83000183105469,77.27999877929688,95.47000122070312,34.09000015258789,,105.9800033569336,62.380001068115234,77.30000305175781,8.789999961853027,9.449999809265137,58.36000061035156,,32.33000183105469,88.0,76.08999633789062,94.7699966430664,8.100000381469727,141.2100067138672,106.11000061035156,83.18000030517578,2.5199999809265137,9.09000015258789
2025-11-03,9.569999694824219,145.8000030517578,156.1999969482422,106.2300033569336,105.8499984741211,19.899999618530273,104.51000213623047,6.099999904632568,55.312469482421875,58.5,100.37999725341797,103.5199966430664,89.86000061035156,117.58999633789062,87.18000030517578,88.26000213623047,85.45999908447266,6.650000095367432,75.5999984741211,85.2300033569336,51.84000015258789,10.020000457763672,126.06999969482422,115.5999984741211,100.91999816894531,4.900000095367432,63.43000030517578,40.869998931884766,128.6999969482422,10.489999771118164,74.79000091552734,92.38999938964844,25.84000015258789,7.590000152587891,76.30999755859375,80.8499984741211,9.539999961853027,7.28000020980835,21.950000762939453,91.7300033569336,84.69999694824219,75.9800033569336,96.0999984741211,26.351770401000977,,105.12999725341797,62.380001068115234,76.20999908447266,8.6899995803833,9.390000343322754,58.709999084472656,,32.5,86.94999694824219,74.12000274658203,94.8499984741211,7.989999771118164,141.11000061035156,103.91000366210938,81.94999694824219,2.509999990463257,8.979999542236328
